-- MySQL dump 10.13  Distrib 5.5.44, for debian-linux-gnu (x86_64)
--
-- Host: localhost    Database: TESTERP
-- ------------------------------------------------------
-- Server version	5.5.44-0ubuntu0.14.04.1

/*!40101 SET @OLD_CHARACTER_SET_CLIENT=@@CHARACTER_SET_CLIENT */;
/*!40101 SET @OLD_CHARACTER_SET_RESULTS=@@CHARACTER_SET_RESULTS */;
/*!40101 SET @OLD_COLLATION_CONNECTION=@@COLLATION_CONNECTION */;
/*!40101 SET NAMES utf8 */;
/*!40103 SET @OLD_TIME_ZONE=@@TIME_ZONE */;
/*!40103 SET TIME_ZONE='+00:00' */;
/*!40014 SET @OLD_UNIQUE_CHECKS=@@UNIQUE_CHECKS, UNIQUE_CHECKS=0 */;
/*!40014 SET @OLD_FOREIGN_KEY_CHECKS=@@FOREIGN_KEY_CHECKS, FOREIGN_KEY_CHECKS=0 */;
/*!40101 SET @OLD_SQL_MODE=@@SQL_MODE, SQL_MODE='NO_AUTO_VALUE_ON_ZERO' */;
/*!40111 SET @OLD_SQL_NOTES=@@SQL_NOTES, SQL_NOTES=0 */;

--
-- Table structure for table `auth_group`
--

DROP TABLE IF EXISTS `auth_group`;
/*!40101 SET @saved_cs_client     = @@character_set_client */;
/*!40101 SET character_set_client = utf8 */;
CREATE TABLE `auth_group` (
  `id` int(11) NOT NULL AUTO_INCREMENT,
  `name` varchar(80) NOT NULL,
  PRIMARY KEY (`id`),
  UNIQUE KEY `name` (`name`)
) ENGINE=InnoDB DEFAULT CHARSET=utf8;
/*!40101 SET character_set_client = @saved_cs_client */;

--
-- Dumping data for table `auth_group`
--

LOCK TABLES `auth_group` WRITE;
/*!40000 ALTER TABLE `auth_group` DISABLE KEYS */;
/*!40000 ALTER TABLE `auth_group` ENABLE KEYS */;
UNLOCK TABLES;

--
-- Table structure for table `auth_group_permissions`
--

DROP TABLE IF EXISTS `auth_group_permissions`;
/*!40101 SET @saved_cs_client     = @@character_set_client */;
/*!40101 SET character_set_client = utf8 */;
CREATE TABLE `auth_group_permissions` (
  `id` int(11) NOT NULL AUTO_INCREMENT,
  `group_id` int(11) NOT NULL,
  `permission_id` int(11) NOT NULL,
  PRIMARY KEY (`id`),
  UNIQUE KEY `group_id` (`group_id`,`permission_id`),
  KEY `auth_group_permissions_bda51c3c` (`group_id`),
  KEY `auth_group_permissions_1e014c8f` (`permission_id`),
  CONSTRAINT `group_id_refs_id_3cea63fe` FOREIGN KEY (`group_id`) REFERENCES `auth_group` (`id`),
  CONSTRAINT `permission_id_refs_id_a7792de1` FOREIGN KEY (`permission_id`) REFERENCES `auth_permission` (`id`)
) ENGINE=InnoDB DEFAULT CHARSET=utf8;
/*!40101 SET character_set_client = @saved_cs_client */;

--
-- Dumping data for table `auth_group_permissions`
--

LOCK TABLES `auth_group_permissions` WRITE;
/*!40000 ALTER TABLE `auth_group_permissions` DISABLE KEYS */;
/*!40000 ALTER TABLE `auth_group_permissions` ENABLE KEYS */;
UNLOCK TABLES;

--
-- Table structure for table `auth_permission`
--

DROP TABLE IF EXISTS `auth_permission`;
/*!40101 SET @saved_cs_client     = @@character_set_client */;
/*!40101 SET character_set_client = utf8 */;
CREATE TABLE `auth_permission` (
  `id` int(11) NOT NULL AUTO_INCREMENT,
  `name` varchar(50) NOT NULL,
  `content_type_id` int(11) NOT NULL,
  `codename` varchar(100) NOT NULL,
  PRIMARY KEY (`id`),
  UNIQUE KEY `content_type_id` (`content_type_id`,`codename`),
  KEY `auth_permission_e4470c6e` (`content_type_id`),
  CONSTRAINT `content_type_id_refs_id_728de91f` FOREIGN KEY (`content_type_id`) REFERENCES `django_content_type` (`id`)
) ENGINE=InnoDB AUTO_INCREMENT=772 DEFAULT CHARSET=utf8;
/*!40101 SET character_set_client = @saved_cs_client */;

--
-- Dumping data for table `auth_permission`
--

LOCK TABLES `auth_permission` WRITE;
/*!40000 ALTER TABLE `auth_permission` DISABLE KEYS */;
INSERT INTO `auth_permission` VALUES (1,'Can add permission',1,'add_permission'),(2,'Can change permission',1,'change_permission'),(3,'Can delete permission',1,'delete_permission'),(4,'Can add group',2,'add_group'),(5,'Can change group',2,'change_group'),(6,'Can delete group',2,'delete_group'),(7,'Can add user',3,'add_user'),(8,'Can change user',3,'change_user'),(9,'Can delete user',3,'delete_user'),(10,'Can add content type',4,'add_contenttype'),(11,'Can change content type',4,'change_contenttype'),(12,'Can delete content type',4,'delete_contenttype'),(13,'Can add session',5,'add_session'),(14,'Can change session',5,'change_session'),(15,'Can delete session',5,'delete_session'),(16,'Can add site',6,'add_site'),(17,'Can change site',6,'change_site'),(18,'Can delete site',6,'delete_site'),(19,'Can add log entry',7,'add_logentry'),(20,'Can change log entry',7,'change_logentry'),(21,'Can delete log entry',7,'delete_logentry'),(22,'Can add 标单',8,'add_bidform'),(23,'Can change 标单',8,'change_bidform'),(24,'Can delete 标单',8,'delete_bidform'),(25,'Can add 标单状态',9,'add_bidformstatus'),(26,'Can change 标单状态',9,'change_bidformstatus'),(27,'Can delete 标单状态',9,'delete_bidformstatus'),(31,'Can add migration history',11,'add_migrationhistory'),(32,'Can change migration history',11,'change_migrationhistory'),(33,'Can delete migration history',11,'delete_migrationhistory'),(34,'Can add 到货检验',12,'add_arrivalinspection'),(35,'Can change 到货检验',12,'change_arrivalinspection'),(36,'Can delete 到货检验',12,'delete_arrivalinspection'),(37,'Can add 工作令',13,'add_workorder'),(38,'Can change 工作令',13,'change_workorder'),(39,'Can delete 工作令',13,'delete_workorder'),(40,'Can add 供应商',14,'add_supplier'),(41,'Can change 供应商',14,'change_supplier'),(42,'Can delete 供应商',14,'delete_supplier'),(43,'Can add 文件上传',15,'add_supplierfile'),(44,'Can change 文件上传',15,'change_supplierfile'),(45,'Can delete 文件上传',15,'delete_supplierfile'),(46,'Can add 标单申请表',16,'add_bidapply'),(47,'Can change 标单申请表',16,'change_bidapply'),(48,'Can delete 标单申请表',16,'delete_bidapply'),(49,'Can add 标单申请表',17,'add_qualitypricecard'),(50,'Can change 标单申请表',17,'change_qualitypricecard'),(51,'Can delete 标单申请表',17,'delete_qualitypricecard'),(52,'Can add 材料',18,'add_material'),(53,'Can change 材料',18,'change_material'),(54,'Can delete 材料',18,'delete_material'),(55,'Can add 物料',19,'add_materiel'),(56,'Can change 物料',19,'change_materiel'),(57,'Can delete 物料',19,'delete_materiel'),(64,'Can add 明细表类别',22,'add_inventorytype'),(65,'Can change 明细表类别',22,'change_inventorytype'),(66,'Can delete 明细表类别',22,'delete_inventorytype'),(73,'Can add 物料采购状态',25,'add_materielpurchasingstatus'),(74,'Can change 物料采购状态',25,'change_materielpurchasingstatus'),(75,'Can delete 物料采购状态',25,'delete_materielpurchasingstatus'),(85,'Can add 订购单状态',29,'add_orderformstatus'),(86,'Can change 订购单状态',29,'change_orderformstatus'),(87,'Can delete 订购单状态',29,'delete_orderformstatus'),(91,'Can add 供应商选择',31,'add_supplierselect'),(92,'Can change 供应商选择',31,'change_supplierselect'),(93,'Can delete 供应商选择',31,'delete_supplierselect'),(94,'Can add 订购单',32,'add_orderform'),(95,'Can change 订购单',32,'change_orderform'),(96,'Can delete 订购单',32,'delete_orderform'),(100,'Can add 材料代用申请单',34,'add_materialsubapply'),(101,'Can change 材料代用申请单',34,'change_materialsubapply'),(102,'Can delete 材料代用申请单',34,'delete_materialsubapply'),(103,'Can add 材料代用申请条目',35,'add_materialsubapplyitems'),(104,'Can change 材料代用申请条目',35,'change_materialsubapplyitems'),(105,'Can delete 材料代用申请条目',35,'delete_materialsubapplyitems'),(106,'Can add 材料执行表',36,'add_materielexecute'),(107,'Can change 材料执行表',36,'change_materielexecute'),(108,'Can delete 材料执行表',36,'delete_materielexecute'),(112,'Can add 物料——采购——关联表',38,'add_materielformconnection'),(113,'Can change 物料——采购——关联表',38,'change_materielformconnection'),(114,'Can delete 物料——采购——关联表',38,'delete_materielformconnection'),(115,'Can add 过程跟踪记录',39,'add_processfollowinginfo'),(116,'Can change 过程跟踪记录',39,'change_processfollowinginfo'),(117,'Can delete 过程跟踪记录',39,'delete_processfollowinginfo'),(121,'Can add 标单评审意见',41,'add_bidcomment'),(122,'Can change 标单评审意见',41,'change_bidcomment'),(123,'Can delete 标单评审意见',41,'delete_bidcomment'),(124,'Can add 实施类别',42,'add_implementclasschoices'),(125,'Can change 实施类别',42,'change_implementclasschoices'),(126,'Can delete 实施类别',42,'delete_implementclasschoices'),(139,'Can add 状态更改',47,'add_statuschange'),(140,'Can change 状态更改',47,'change_statuschange'),(141,'Can delete 状态更改',47,'delete_statuschange'),(142,'Can add 状态回溯原因',48,'add_statuschangereason'),(143,'Can change 状态回溯原因',48,'change_statuschangereason'),(144,'Can delete 状态回溯原因',48,'delete_statuschangereason'),(145,'Can add test',49,'add_test'),(146,'Can change test',49,'change_test'),(147,'Can delete test',49,'delete_test'),(148,'Can add 超级管理员',50,'add_superadmin'),(149,'Can change 超级管理员',50,'change_superadmin'),(150,'Can delete 超级管理员',50,'delete_superadmin'),(151,'Can add 群组',51,'add_group'),(152,'Can change 群组',51,'change_group'),(153,'Can delete 群组',51,'delete_group'),(154,'Can add 页面权限',52,'add_authority'),(155,'Can change 页面权限',52,'change_authority'),(156,'Can delete 页面权限',52,'delete_authority'),(157,'Can add 头衔',53,'add_title'),(158,'Can change 头衔',53,'change_title'),(159,'Can delete 头衔',53,'delete_title'),(160,'Can add 超级管理员',54,'add_superadmin'),(161,'Can change 超级管理员',54,'change_superadmin'),(162,'Can delete 超级管理员',54,'delete_superadmin'),(163,'Can add 群组',55,'add_group'),(164,'Can change 群组',55,'change_group'),(165,'Can delete 群组',55,'delete_group'),(166,'Can add 页面权限',56,'add_authority'),(167,'Can change 页面权限',56,'change_authority'),(168,'Can delete 页面权限',56,'delete_authority'),(169,'Can add 头衔',57,'add_title'),(170,'Can change 头衔',57,'change_title'),(171,'Can delete 头衔',57,'delete_title'),(172,'Can add 材料执行表详细',58,'add_materielexecutedetail'),(173,'Can change 材料执行表详细',58,'change_materielexecutedetail'),(174,'Can delete 材料执行表详细',58,'delete_materielexecutedetail'),(181,'Can add 新闻类型',61,'add_newscategory'),(182,'Can change 新闻类型',61,'change_newscategory'),(183,'Can delete 新闻类型',61,'delete_newscategory'),(184,'Can add 新闻',62,'add_news'),(185,'Can change 新闻',62,'change_news'),(186,'Can delete 新闻',62,'delete_news'),(187,'Can add 文件',63,'add_documentfile'),(188,'Can change 文件',63,'change_documentfile'),(189,'Can delete 文件',63,'delete_documentfile'),(190,'Can add 消息',64,'add_message'),(191,'Can change 消息',64,'change_message'),(192,'Can delete 消息',64,'delete_message'),(193,'Can add 信箱',65,'add_messagebox'),(194,'Can change 信箱',65,'change_messagebox'),(195,'Can delete 信箱',65,'delete_messagebox'),(196,'Can add 焊材领用卡',66,'add_weldingmaterialapplycard'),(197,'Can change 焊材领用卡',66,'change_weldingmaterialapplycard'),(198,'Can delete 焊材领用卡',66,'delete_weldingmaterialapplycard'),(199,'Can add 焊材领用卡',67,'add_weldingmaterialapplycard'),(200,'Can change 焊材领用卡',67,'change_weldingmaterialapplycard'),(201,'Can delete 焊材领用卡',67,'delete_weldingmaterialapplycard'),(202,'Can add 库房',68,'add_storeroom'),(203,'Can change 库房',68,'change_storeroom'),(204,'Can delete 库房',68,'delete_storeroom'),(205,'Can add 用户信息',69,'add_userinfo'),(206,'Can change 用户信息',69,'change_userinfo'),(207,'Can delete 用户信息',69,'delete_userinfo'),(214,'Can add 焊材库温湿度记录卡',72,'add_weldingmaterialhumiturerecord'),(215,'Can change 焊材库温湿度记录卡',72,'change_weldingmaterialhumiturerecord'),(216,'Can delete 焊材库温湿度记录卡',72,'delete_weldingmaterialhumiturerecord'),(217,'Can add 合同金额明细',73,'add_contractdetail'),(218,'Can change 合同金额明细',73,'change_contractdetail'),(219,'Can delete 合同金额明细',73,'delete_contractdetail'),(220,'Can add 焊接材料退库卡',74,'add_weldrefund'),(221,'Can change 焊接材料退库卡',74,'change_weldrefund'),(222,'Can delete 焊接材料退库卡',74,'delete_weldrefund'),(250,'Can add 焊材烘焙记录卡',84,'add_weldingmaterialbakerecord'),(251,'Can change 焊材烘焙记录卡',84,'change_weldingmaterialbakerecord'),(252,'Can delete 焊材烘焙记录卡',84,'delete_weldingmaterialbakerecord'),(307,'Can add 辅助材料领用卡',103,'add_auxiliarytoolapplycard'),(308,'Can change 辅助材料领用卡',103,'change_auxiliarytoolapplycard'),(309,'Can delete 辅助材料领用卡',103,'delete_auxiliarytoolapplycard'),(310,'Can add 焊材库存清单',104,'add_weldstorelist'),(311,'Can change 焊材库存清单',104,'change_weldstorelist'),(312,'Can delete 焊材库存清单',104,'delete_weldstorelist'),(313,'Can add 入库单',105,'add_weldmaterialentry'),(314,'Can change 入库单',105,'change_weldmaterialentry'),(315,'Can delete 入库单',105,'delete_weldmaterialentry'),(316,'Can add 入库材料',106,'add_weldmaterialentryitems'),(317,'Can change 入库材料',106,'change_weldmaterialentryitems'),(318,'Can delete 入库材料',106,'delete_weldmaterialentryitems'),(322,'Can add 焊材库存安全量',108,'add_weldstorethread'),(323,'Can change 焊材库存安全量',108,'change_weldstorethread'),(324,'Can delete 焊材库存安全量',108,'delete_weldstorethread'),(352,'Can add 外购件入库单',118,'add_outsidestandardentry'),(353,'Can change 外购件入库单',118,'change_outsidestandardentry'),(354,'Can delete 外购件入库单',118,'delete_outsidestandardentry'),(379,'Can add 工艺性审查表',127,'add_processreview'),(380,'Can change 工艺性审查表',127,'change_processreview'),(381,'Can delete 工艺性审查表',127,'delete_processreview'),(382,'Can add 工序',128,'add_processing'),(383,'Can change 工序',128,'change_processing'),(384,'Can delete 工序',128,'delete_processing'),(385,'Can add 流转名称',129,'add_circulationname'),(386,'Can change 流转名称',129,'change_circulationname'),(387,'Can delete 流转名称',129,'delete_circulationname'),(388,'Can add 流转路线',130,'add_circulationroute'),(389,'Can change 流转路线',130,'change_circulationroute'),(390,'Can delete 流转路线',130,'delete_circulationroute'),(391,'Can add 焊缝',131,'add_weldseam'),(392,'Can change 焊缝',131,'change_weldseam'),(393,'Can delete 焊缝',131,'delete_weldseam'),(394,'Can add 焊缝类型',132,'add_weldseamtype'),(395,'Can change 焊缝类型',132,'change_weldseamtype'),(396,'Can delete 焊缝类型',132,'delete_weldseamtype'),(397,'Can add 焊接方法',133,'add_weldmethod'),(398,'Can change 焊接方法',133,'change_weldmethod'),(399,'Can delete 焊接方法',133,'delete_weldmethod'),(400,'Can add 无损探伤',134,'add_nondestructiveinspection'),(401,'Can change 无损探伤',134,'change_nondestructiveinspection'),(402,'Can delete 无损探伤',134,'delete_nondestructiveinspection'),(403,'Can add 焊缝明细签章',135,'add_weldlistpagemark'),(404,'Can change 焊缝明细签章',135,'change_weldlistpagemark'),(405,'Can delete 焊缝明细签章',135,'delete_weldlistpagemark'),(406,'Can add 流转卡',136,'add_transfercard'),(407,'Can change 流转卡',136,'change_transfercard'),(408,'Can delete 流转卡',136,'delete_transfercard'),(409,'Can add 流转卡签章',137,'add_transfercardmark'),(410,'Can change 流转卡签章',137,'change_transfercardmark'),(411,'Can delete 流转卡签章',137,'delete_transfercardmark'),(418,'Can add 工艺库签章',141,'add_processbompagemark'),(419,'Can change 工艺库签章',141,'change_processbompagemark'),(420,'Can delete 工艺库签章',141,'delete_processbompagemark'),(430,'Can add 编程套料图',145,'add_program'),(431,'Can change 编程套料图',145,'change_program'),(432,'Can delete 编程套料图',145,'delete_program'),(439,'Can add 装箱外构件明细签章',148,'add_boxoutboughtmark'),(440,'Can change 装箱外构件明细签章',148,'change_boxoutboughtmark'),(441,'Can delete 装箱外构件明细签章',148,'delete_boxoutboughtmark'),(442,'Can add 热处理工艺卡',149,'add_heattreatmenttechcard'),(443,'Can change 热处理工艺卡',149,'change_heattreatmenttechcard'),(444,'Can delete 热处理工艺卡',149,'delete_heattreatmenttechcard'),(445,'Can add 热处理件',150,'add_heattreatmentmateriel'),(446,'Can change 热处理件',150,'change_heattreatmentmateriel'),(447,'Can delete 热处理件',150,'delete_heattreatmentmateriel'),(448,'Can add 热处理测温点布置',151,'add_heattreatmentarrangement'),(449,'Can change 热处理测温点布置',151,'change_heattreatmentarrangement'),(450,'Can delete 热处理测温点布置',151,'delete_heattreatmentarrangement'),(451,'Can add 设计库签章',152,'add_designbommark'),(452,'Can change 设计库签章',152,'change_designbommark'),(453,'Can delete 设计库签章',152,'delete_designbommark'),(460,'Can add 技术准备计划',155,'add_techplan'),(461,'Can change 技术准备计划',155,'change_techplan'),(462,'Can delete 技术准备计划',155,'delete_techplan'),(463,'Can add 焊材明细签章',156,'add_weldquotapagemark'),(464,'Can change 焊材明细签章',156,'change_weldquotapagemark'),(465,'Can delete 焊材明细签章',156,'delete_weldquotapagemark'),(466,'Can add 管口方位图',157,'add_connectorientation'),(467,'Can change 管口方位图',157,'change_connectorientation'),(468,'Can delete 管口方位图',157,'delete_connectorientation'),(472,'Can add materiel copy',159,'add_materielcopy'),(473,'Can change materiel copy',159,'change_materielcopy'),(474,'Can delete materiel copy',159,'delete_materielcopy'),(475,'Can add 焊工持证项目',160,'add_weldcertification'),(476,'Can change 焊工持证项目',160,'change_weldcertification'),(477,'Can delete 焊工持证项目',160,'delete_weldcertification'),(478,'Can add 焊接工艺评定编号',161,'add_procedurequalificationindex'),(479,'Can change 焊接工艺评定编号',161,'change_procedurequalificationindex'),(480,'Can delete 焊接工艺评定编号',161,'delete_procedurequalificationindex'),(484,'Can add 工序名称',163,'add_processingname'),(485,'Can change 工序名称',163,'change_processingname'),(486,'Can delete 工序名称',163,'delete_processingname'),(490,'Can add 焊接接头',165,'add_weldjointtechdetail'),(491,'Can change 焊接接头',165,'change_weldjointtechdetail'),(492,'Can delete 焊接接头',165,'delete_weldjointtechdetail'),(493,'Can add 生产工作组',166,'add_productionworkgroup'),(494,'Can change 生产工作组',166,'change_productionworkgroup'),(495,'Can delete 生产工作组',166,'delete_productionworkgroup'),(499,'Can add 焊接位置',168,'add_weldpositiontype'),(500,'Can change 焊接位置',168,'change_weldpositiontype'),(501,'Can delete 焊接位置',168,'delete_weldpositiontype'),(502,'Can add 辅助材料入库单',169,'add_auxiliarytoolentry'),(503,'Can change 辅助材料入库单',169,'change_auxiliarytoolentry'),(504,'Can delete 辅助材料入库单',169,'delete_auxiliarytoolentry'),(505,'Can add 辅助材料入库材料',170,'add_auxiliarytoolentryitems'),(506,'Can change 辅助材料入库材料',170,'change_auxiliarytoolentryitems'),(507,'Can delete 辅助材料入库材料',170,'delete_auxiliarytoolentryitems'),(508,'Can add 辅助库存材料',171,'add_auxiliarytoolstorelist'),(509,'Can change 辅助库存材料',171,'change_auxiliarytoolstorelist'),(510,'Can delete 辅助库存材料',171,'delete_auxiliarytoolstorelist'),(514,'Can add 焊材定额',173,'add_weldquota'),(515,'Can change 焊材定额',173,'change_weldquota'),(516,'Can delete 焊材定额',173,'delete_weldquota'),(517,'Can add 招标申请状态',174,'add_commentstatus'),(518,'Can change 招标申请状态',174,'change_commentstatus'),(519,'Can delete 招标申请状态',174,'delete_commentstatus'),(520,'Can add 外购件',175,'add_outpurchaseditem'),(521,'Can change 外购件',175,'change_outpurchaseditem'),(522,'Can delete 外购件',175,'delete_outpurchaseditem'),(523,'Can add 子工作令',176,'add_subworkorder'),(524,'Can change 子工作令',176,'change_subworkorder'),(525,'Can delete 子工作令',176,'delete_subworkorder'),(580,'Can add 生产人员账户',195,'add_productionuser'),(581,'Can change 生产人员账户',195,'change_productionuser'),(582,'Can delete 生产人员账户',195,'delete_productionuser'),(583,'Can add 工序性外些明细签章',196,'add_cooperantmark'),(584,'Can change 工序性外些明细签章',196,'change_cooperantmark'),(585,'Can delete 工序性外些明细签章',196,'delete_cooperantmark'),(586,'Can add 工序性外协件',197,'add_cooperantitem'),(587,'Can change 工序性外协件',197,'change_cooperantitem'),(588,'Can delete 工序性外协件',197,'delete_cooperantitem'),(589,'Can add 先投件明细签章',198,'add_firstfeedingmark'),(590,'Can change 先投件明细签章',198,'change_firstfeedingmark'),(591,'Can delete 先投件明细签章',198,'delete_firstfeedingmark'),(592,'Can add 先投件',199,'add_firstfeedingitem'),(593,'Can change 先投件',199,'change_firstfeedingitem'),(594,'Can delete 先投件',199,'delete_firstfeedingitem'),(595,'Can add 外购件明细签章',200,'add_outpurchasedmark'),(596,'Can change 外购件明细签章',200,'change_outpurchasedmark'),(597,'Can delete 外购件明细签章',200,'delete_outpurchasedmark'),(598,'Can add 主材定额签章',203,'add_principalmark'),(599,'Can change 主材定额签章',203,'change_principalmark'),(600,'Can delete 主材定额签章',203,'delete_principalmark'),(601,'Can add 主材',204,'add_principalitem'),(602,'Can change 主材',204,'change_principalitem'),(603,'Can delete 主材',204,'delete_principalitem'),(604,'Can add 钢材入库单',202,'add_steelmaterialentry'),(605,'Can change 钢材入库单',202,'change_steelmaterialentry'),(606,'Can delete 钢材入库单',202,'delete_steelmaterialentry'),(613,'Can add 供应商审核',206,'add_suppliercheck'),(614,'Can change 供应商审核',206,'change_suppliercheck'),(615,'Can delete 供应商审核',206,'delete_suppliercheck'),(616,'Can add 产品',207,'add_product'),(617,'Can change 产品',207,'change_product'),(618,'Can delete 产品',207,'delete_product'),(619,'Can add 招标文件',208,'add_bidfile'),(620,'Can change 招标文件',208,'change_bidfile'),(621,'Can delete 招标文件',208,'delete_bidfile'),(646,'Can add 中标通知书',217,'add_bidacceptance'),(647,'Can change 中标通知书',217,'change_bidacceptance'),(648,'Can delete 中标通知书',217,'delete_bidacceptance'),(661,'Can add sub materiel',224,'add_submateriel'),(662,'Can change sub materiel',224,'change_submateriel'),(663,'Can delete sub materiel',224,'delete_submateriel'),(664,'Can add 工序详细信息',225,'add_processdetail'),(665,'Can change 工序详细信息',225,'change_processdetail'),(666,'Can delete 工序详细信息',225,'delete_processdetail'),(667,'Can add 综合工部',226,'add_synthesizefileliststatus'),(668,'Can change 综合工部',226,'change_synthesizefileliststatus'),(669,'Can delete 综合工部',226,'delete_synthesizefileliststatus'),(673,'Can add 辅材定额明细签章',221,'add_auxiliarymark'),(674,'Can change 辅材定额明细签章',221,'change_auxiliarymark'),(675,'Can delete 辅材定额明细签章',221,'delete_auxiliarymark'),(676,'Can add 辅材',218,'add_auxiliaryitem'),(677,'Can change 辅材',218,'change_auxiliaryitem'),(678,'Can delete 辅材',218,'delete_auxiliaryitem'),(679,'Can add 生产计划',228,'add_productionplan'),(680,'Can change 生产计划',228,'change_productionplan'),(681,'Can delete 生产计划',228,'delete_productionplan'),(682,'Can add 外购件库存材料',229,'add_outsidestoragelist'),(683,'Can change 外购件库存材料',229,'change_outsidestoragelist'),(684,'Can delete 外购件库存材料',229,'delete_outsidestoragelist'),(685,'Can add 外购件领用单',230,'add_outsideapplycard'),(686,'Can change 外购件领用单',230,'change_outsideapplycard'),(687,'Can delete 外购件领用单',230,'delete_outsideapplycard'),(691,'Can add 外购件入库材料',232,'add_outsidestandarditems'),(692,'Can change 外购件入库材料',232,'change_outsidestandarditems'),(693,'Can delete 外购件入库材料',232,'delete_outsidestandarditems'),(694,'Can add 外购件领用单材料',233,'add_outsideapplycarditems'),(695,'Can change 外购件领用单材料',233,'change_outsideapplycarditems'),(696,'Can delete 外购件领用单材料',233,'delete_outsideapplycarditems'),(709,'Can add 报价单',238,'add_quotingprice'),(710,'Can change 报价单',238,'change_quotingprice'),(711,'Can delete 报价单',238,'delete_quotingprice'),(718,'Can add 外购件退库单',242,'add_outsiderefundcard'),(719,'Can change 外购件退库单',242,'change_outsiderefundcard'),(720,'Can delete 外购件退库单',242,'delete_outsiderefundcard'),(721,'Can add 外购件退库单材料',243,'add_outsiderefundcarditems'),(722,'Can change 外购件退库单材料',243,'change_outsiderefundcarditems'),(723,'Can delete 外购件退库单材料',243,'delete_outsiderefundcarditems'),(724,'Can add 钢材入库材料',245,'add_steelmaterialentryitems'),(725,'Can change 钢材入库材料',245,'change_steelmaterialentryitems'),(726,'Can delete 钢材入库材料',245,'delete_steelmaterialentryitems'),(727,'Can add 钢材库存材料',246,'add_steelmaterialstorelist'),(728,'Can change 钢材库存材料',246,'change_steelmaterialstorelist'),(729,'Can delete 钢材库存材料',246,'delete_steelmaterialstorelist'),(730,'Can add 钢材领用单',247,'add_steelmaterialapplycard'),(731,'Can change 钢材领用单',247,'change_steelmaterialapplycard'),(732,'Can delete 钢材领用单',247,'delete_steelmaterialapplycard'),(733,'Can add 钢材领用单材料',248,'add_steelmaterialapplycarditems'),(734,'Can change 钢材领用单材料',248,'change_steelmaterialapplycarditems'),(735,'Can delete 钢材领用单材料',248,'delete_steelmaterialapplycarditems'),(736,'Can add 钢材退库单',249,'add_steelmaterialrefundcard'),(737,'Can change 钢材退库单',249,'change_steelmaterialrefundcard'),(738,'Can delete 钢材退库单',249,'delete_steelmaterialrefundcard'),(739,'Can add 板材退库材料',250,'add_boardsteelmaterialrefunditems'),(740,'Can change 板材退库材料',250,'change_boardsteelmaterialrefunditems'),(741,'Can delete 板材退库材料',250,'delete_boardsteelmaterialrefunditems'),(742,'Can add 型材退库单材料',251,'add_barsteelmaterialrefunditems'),(743,'Can change 型材退库单材料',251,'change_barsteelmaterialrefunditems'),(744,'Can delete 型材退库单材料',251,'delete_barsteelmaterialrefunditems'),(745,'Can add 焊接工艺规程',252,'add_weldingprocessspecification'),(746,'Can change 焊接工艺规程',252,'change_weldingprocessspecification'),(747,'Can delete 焊接工艺规程',252,'delete_weldingprocessspecification'),(748,'Can add 流转卡工序',244,'add_transfercardprocess'),(749,'Can change 流转卡工序',244,'change_transfercardprocess'),(750,'Can delete 流转卡工序',244,'delete_transfercardprocess'),(751,'Can add 焊接作业指导书',253,'add_weldingworkinstruction'),(752,'Can change 焊接作业指导书',253,'change_weldingworkinstruction'),(753,'Can delete 焊接作业指导书',253,'delete_weldingworkinstruction'),(754,'Can add 材料代用评审意见',254,'add_subapplycomment'),(755,'Can change 材料代用评审意见',254,'change_subapplycomment'),(756,'Can delete 材料代用评审意见',254,'delete_subapplycomment'),(757,'Can add 焊接作业指导书工序',255,'add_weldingworkinstructionprocess'),(758,'Can change 焊接作业指导书工序',255,'change_weldingworkinstructionprocess'),(759,'Can delete 焊接作业指导书工序',255,'delete_weldingworkinstructionprocess'),(760,'Can add 焊接层道卡',256,'add_weldingstep'),(761,'Can change 焊接层道卡',256,'change_weldingstep'),(762,'Can delete 焊接层道卡',256,'delete_weldingstep'),(766,'Can add 单据终止记录',258,'add_cardstatusstoprecord'),(767,'Can change 单据终止记录',258,'change_cardstatusstoprecord'),(768,'Can delete 单据终止记录',258,'delete_cardstatusstoprecord'),(769,'Can add 焊接作业检验',259,'add_weldingworkinstructiontest'),(770,'Can change 焊接作业检验',259,'change_weldingworkinstructiontest'),(771,'Can delete 焊接作业检验',259,'delete_weldingworkinstructiontest');
/*!40000 ALTER TABLE `auth_permission` ENABLE KEYS */;
UNLOCK TABLES;

--
-- Table structure for table `auth_user`
--

DROP TABLE IF EXISTS `auth_user`;
/*!40101 SET @saved_cs_client     = @@character_set_client */;
/*!40101 SET character_set_client = utf8 */;
CREATE TABLE `auth_user` (
  `id` int(11) NOT NULL AUTO_INCREMENT,
  `username` varchar(30) NOT NULL,
  `first_name` varchar(30) NOT NULL,
  `last_name` varchar(30) NOT NULL,
  `email` varchar(75) NOT NULL,
  `password` varchar(128) NOT NULL,
  `is_staff` tinyint(1) NOT NULL,
  `is_active` tinyint(1) NOT NULL,
  `is_superuser` tinyint(1) NOT NULL,
  `last_login` datetime NOT NULL,
  `date_joined` datetime NOT NULL,
  PRIMARY KEY (`id`),
  UNIQUE KEY `username` (`username`)
) ENGINE=InnoDB AUTO_INCREMENT=75 DEFAULT CHARSET=utf8;
/*!40101 SET character_set_client = @saved_cs_client */;

--
-- Dumping data for table `auth_user`
--

LOCK TABLES `auth_user` WRITE;
/*!40000 ALTER TABLE `auth_user` DISABLE KEYS */;
INSERT INTO `auth_user` VALUES (1,'root','','','asd@asd.com','pbkdf2_sha256$10000$QcW3PbYbWpaI$ESS4k2rcbU66xqb/J+xRWwcem0Qiw7paPI1tlNWE4tI=',1,1,1,'2016-05-21 13:09:08','2015-09-22 14:57:32'),(2,'123','','','','pbkdf2_sha256$10000$jRosfrWwUpk9$zOQ0O+yOOTEFIQuayySQXeSt155S0kGrzum3IitcrRU=',0,1,0,'2016-05-21 07:04:31','2015-09-26 09:17:20'),(3,'12','','','','pbkdf2_sha256$10000$QnN9HqpZc3W0$oMurJ+mkCMn6h00AwlMIqC5wvs8tw0ZwaJh6HogCOIk=',0,1,0,'2015-11-14 07:57:44','2015-11-03 07:49:38'),(74,'333','','','','pbkdf2_sha256$10000$hyQYyr0L1oUk$uOotq1zVxaA37x6ZOObLsQ8Bss5VAqGCC/tg6ineVUI=',0,1,0,'2015-11-14 08:12:40','2015-11-14 08:12:34');
/*!40000 ALTER TABLE `auth_user` ENABLE KEYS */;
UNLOCK TABLES;

--
-- Table structure for table `auth_user_groups`
--

DROP TABLE IF EXISTS `auth_user_groups`;
/*!40101 SET @saved_cs_client     = @@character_set_client */;
/*!40101 SET character_set_client = utf8 */;
CREATE TABLE `auth_user_groups` (
  `id` int(11) NOT NULL AUTO_INCREMENT,
  `user_id` int(11) NOT NULL,
  `group_id` int(11) NOT NULL,
  PRIMARY KEY (`id`),
  UNIQUE KEY `user_id` (`user_id`,`group_id`),
  KEY `auth_user_groups_fbfc09f1` (`user_id`),
  KEY `auth_user_groups_bda51c3c` (`group_id`),
  CONSTRAINT `group_id_refs_id_f0ee9890` FOREIGN KEY (`group_id`) REFERENCES `auth_group` (`id`),
  CONSTRAINT `user_id_refs_id_831107f1` FOREIGN KEY (`user_id`) REFERENCES `auth_user` (`id`)
) ENGINE=InnoDB DEFAULT CHARSET=utf8;
/*!40101 SET character_set_client = @saved_cs_client */;

--
-- Dumping data for table `auth_user_groups`
--

LOCK TABLES `auth_user_groups` WRITE;
/*!40000 ALTER TABLE `auth_user_groups` DISABLE KEYS */;
/*!40000 ALTER TABLE `auth_user_groups` ENABLE KEYS */;
UNLOCK TABLES;

--
-- Table structure for table `auth_user_user_permissions`
--

DROP TABLE IF EXISTS `auth_user_user_permissions`;
/*!40101 SET @saved_cs_client     = @@character_set_client */;
/*!40101 SET character_set_client = utf8 */;
CREATE TABLE `auth_user_user_permissions` (
  `id` int(11) NOT NULL AUTO_INCREMENT,
  `user_id` int(11) NOT NULL,
  `permission_id` int(11) NOT NULL,
  PRIMARY KEY (`id`),
  UNIQUE KEY `user_id` (`user_id`,`permission_id`),
  KEY `auth_user_user_permissions_fbfc09f1` (`user_id`),
  KEY `auth_user_user_permissions_1e014c8f` (`permission_id`),
  CONSTRAINT `permission_id_refs_id_67e79cb` FOREIGN KEY (`permission_id`) REFERENCES `auth_permission` (`id`),
  CONSTRAINT `user_id_refs_id_f2045483` FOREIGN KEY (`user_id`) REFERENCES `auth_user` (`id`)
) ENGINE=InnoDB DEFAULT CHARSET=utf8;
/*!40101 SET character_set_client = @saved_cs_client */;

--
-- Dumping data for table `auth_user_user_permissions`
--

LOCK TABLES `auth_user_user_permissions` WRITE;
/*!40000 ALTER TABLE `auth_user_user_permissions` DISABLE KEYS */;
/*!40000 ALTER TABLE `auth_user_user_permissions` ENABLE KEYS */;
UNLOCK TABLES;

--
-- Table structure for table `const_bidformstatus`
--

DROP TABLE IF EXISTS `const_bidformstatus`;
/*!40101 SET @saved_cs_client     = @@character_set_client */;
/*!40101 SET character_set_client = utf8 */;
CREATE TABLE `const_bidformstatus` (
  `id` int(11) NOT NULL AUTO_INCREMENT,
  `main_status` int(11) NOT NULL,
  `part_status` int(11) NOT NULL,
  `next_part_status_id` int(11) DEFAULT NULL,
  PRIMARY KEY (`id`),
  UNIQUE KEY `part_status` (`part_status`)
) ENGINE=InnoDB AUTO_INCREMENT=33 DEFAULT CHARSET=utf8;
/*!40101 SET character_set_client = @saved_cs_client */;

--
-- Dumping data for table `const_bidformstatus`
--

LOCK TABLES `const_bidformstatus` WRITE;
/*!40000 ALTER TABLE `const_bidformstatus` DISABLE KEYS */;
INSERT INTO `const_bidformstatus` VALUES (10,10,10,22),(12,-1,-1,NULL),(13,60,130,NULL),(14,50,120,13),(15,50,110,NULL),(16,40,100,15),(21,30,50,24),(22,20,40,21),(24,30,55,29),(29,30,95,30),(30,30,97,16);
/*!40000 ALTER TABLE `const_bidformstatus` ENABLE KEYS */;
UNLOCK TABLES;

--
-- Table structure for table `const_circulationname`
--

DROP TABLE IF EXISTS `const_circulationname`;
/*!40101 SET @saved_cs_client     = @@character_set_client */;
/*!40101 SET character_set_client = utf8 */;
CREATE TABLE `const_circulationname` (
  `id` int(11) NOT NULL AUTO_INCREMENT,
  `name` varchar(10) NOT NULL,
  `full_name` varchar(10) DEFAULT NULL,
  PRIMARY KEY (`id`)
) ENGINE=InnoDB AUTO_INCREMENT=33 DEFAULT CHARSET=utf8;
/*!40101 SET character_set_client = @saved_cs_client */;

--
-- Dumping data for table `const_circulationname`
--

LOCK TABLES `const_circulationname` WRITE;
/*!40000 ALTER TABLE `const_circulationname` DISABLE KEYS */;
INSERT INTO `const_circulationname` VALUES (26,'0',''),(27,'2',''),(28,'4',''),(29,'3',''),(30,'5',''),(31,'6',''),(32,'7','');
/*!40000 ALTER TABLE `const_circulationname` ENABLE KEYS */;
UNLOCK TABLES;

--
-- Table structure for table `const_implementclasschoices`
--

DROP TABLE IF EXISTS `const_implementclasschoices`;
/*!40101 SET @saved_cs_client     = @@character_set_client */;
/*!40101 SET character_set_client = utf8 */;
CREATE TABLE `const_implementclasschoices` (
  `id` int(11) NOT NULL AUTO_INCREMENT,
  `category` int(11) NOT NULL,
  PRIMARY KEY (`id`)
) ENGINE=InnoDB AUTO_INCREMENT=3 DEFAULT CHARSET=utf8;
/*!40101 SET character_set_client = @saved_cs_client */;

--
-- Dumping data for table `const_implementclasschoices`
--

LOCK TABLES `const_implementclasschoices` WRITE;
/*!40000 ALTER TABLE `const_implementclasschoices` DISABLE KEYS */;
INSERT INTO `const_implementclasschoices` VALUES (1,0),(2,1);
/*!40000 ALTER TABLE `const_implementclasschoices` ENABLE KEYS */;
UNLOCK TABLES;

--
-- Table structure for table `const_inventorytype`
--

DROP TABLE IF EXISTS `const_inventorytype`;
/*!40101 SET @saved_cs_client     = @@character_set_client */;
/*!40101 SET character_set_client = utf8 */;
CREATE TABLE `const_inventorytype` (
  `id` int(11) NOT NULL AUTO_INCREMENT,
  `name` varchar(50) NOT NULL,
  PRIMARY KEY (`id`)
) ENGINE=InnoDB AUTO_INCREMENT=21 DEFAULT CHARSET=utf8;
/*!40101 SET character_set_client = @saved_cs_client */;

--
-- Dumping data for table `const_inventorytype`
--

LOCK TABLES `const_inventorytype` WRITE;
/*!40000 ALTER TABLE `const_inventorytype` DISABLE KEYS */;
INSERT INTO `const_inventorytype` VALUES (14,'auxiliary_materiel'),(15,'first_feeding'),(16,'out_purchased'),(18,'cooperant'),(19,'weld_material'),(20,'main_materiel');
/*!40000 ALTER TABLE `const_inventorytype` ENABLE KEYS */;
UNLOCK TABLES;

--
-- Table structure for table `const_material`
--

DROP TABLE IF EXISTS `const_material`;
/*!40101 SET @saved_cs_client     = @@character_set_client */;
/*!40101 SET character_set_client = utf8 */;
CREATE TABLE `const_material` (
  `id` int(11) NOT NULL AUTO_INCREMENT,
  `name` varchar(50) NOT NULL,
  `material_id` varchar(20) DEFAULT NULL,
  `categories` varchar(20) DEFAULT NULL,
  PRIMARY KEY (`id`)
) ENGINE=InnoDB AUTO_INCREMENT=49 DEFAULT CHARSET=utf8;
/*!40101 SET character_set_client = @saved_cs_client */;

--
-- Dumping data for table `const_material`
--

LOCK TABLES `const_material` WRITE;
/*!40000 ALTER TABLE `const_material` DISABLE KEYS */;
INSERT INTO `const_material` VALUES (1,'焊剂b','R1402H-3','weld_flux'),(2,'螺母','G23131','weld_wire'),(3,'焊材','R1407H-6','weld_wire'),(4,'焊条a','R1402H-3','weld_rod'),(5,'Q245R',NULL,NULL),(6,'S30408',NULL,NULL),(7,'R307','','weld_rod'),(8,'T Phoenix Cr1Mo SC','','weld_rod'),(9,'ENi6625','','weld_rod'),(10,'E347LT1-1','','weld_wire'),(11,'E309LT1-1','','weld_wire'),(12,'H309L-15','','weld_ribbon'),(13,'H347-15','','weld_ribbon'),(14,'SJ15B','','weld_flux'),(15,'SJ101','','weld_flux'),(16,'紧固件','','purchased'),(19,'15CrMoR','','sheet'),(20,'Q345R','','sheet'),(21,'部件','','other'),(22,'20MnMoIV','','sheet'),(23,'T Union SA Cr1Mo SC','','weld_rod'),(24,'H08CrMoA','','weld_rod'),(25,'E347LT1-1','','weld_rod'),(26,'H08Mn2SiA','','weld_rod'),(27,'J507RH','','weld_rod'),(28,'Q345R','','sheet'),(29,'16MnⅢ',NULL,NULL),(30,'35CrMo',NULL,NULL),(31,'30CrMo',NULL,NULL),(33,'16Mn',NULL,NULL),(34,'Q345',NULL,NULL),(35,'Q235A',NULL,NULL),(37,'10级',NULL,NULL),(38,'35CrMoA',NULL,NULL),(39,'4级',NULL,NULL),(40,'100HV',NULL,NULL),(41,'Q235B',NULL,NULL),(42,'304',NULL,NULL),(43,'20',NULL,NULL),(44,'JG-50','','weld_ribbon'),(45,'H08mn2siA','','weld_wire'),(46,'J507RH','','weld_rod'),(47,'SJ101','','weld_flux'),(48,'JG-50','','weld_wire');
/*!40000 ALTER TABLE `const_material` ENABLE KEYS */;
UNLOCK TABLES;

--
-- Table structure for table `const_materiel`
--

DROP TABLE IF EXISTS `const_materiel`;
/*!40101 SET @saved_cs_client     = @@character_set_client */;
/*!40101 SET character_set_client = utf8 */;
CREATE TABLE `const_materiel` (
  `id` int(11) NOT NULL AUTO_INCREMENT,
  `order_id` int(11) DEFAULT NULL,
  `index` varchar(20) DEFAULT NULL,
  `schematic_index` varchar(50) DEFAULT NULL,
  `parent_schematic_index` varchar(50) DEFAULT NULL,
  `material_id` int(11) DEFAULT NULL,
  `name` varchar(100) NOT NULL,
  `count` varchar(20) DEFAULT NULL,
  `net_weight` double DEFAULT NULL,
  `total_weight` double DEFAULT NULL,
  `remark` varchar(100) DEFAULT NULL,
  `specification` varchar(20) DEFAULT NULL,
  `standard` varchar(20) DEFAULT NULL,
  `unit` varchar(20) DEFAULT NULL,
  `status` varchar(20) DEFAULT NULL,
  `quota` double DEFAULT NULL,
  `quota_coefficient` double DEFAULT NULL,
  `press` varchar(20) DEFAULT NULL,
  `recheck` varchar(20) DEFAULT NULL,
  `detection_level` varchar(20) DEFAULT NULL,
  `sub_index` varchar(20) DEFAULT NULL,
  `parent_name` varchar(100) DEFAULT NULL,
  `complete_plandate` date DEFAULT NULL,
  `complete_date` date DEFAULT NULL,
  PRIMARY KEY (`id`),
  KEY `const_materiel_8337030b` (`order_id`),
  KEY `const_materiel_fab9ba43` (`material_id`),
  CONSTRAINT `material_id_refs_id_96c60f9f` FOREIGN KEY (`material_id`) REFERENCES `const_material` (`id`),
  CONSTRAINT `order_id_refs_id_315a3c68` FOREIGN KEY (`order_id`) REFERENCES `const_workorder` (`id`)
) ENGINE=InnoDB AUTO_INCREMENT=1895 DEFAULT CHARSET=utf8;
/*!40101 SET character_set_client = @saved_cs_client */;

--
-- Dumping data for table `const_materiel`
--

LOCK TABLES `const_materiel` WRITE;
/*!40000 ALTER TABLE `const_materiel` DISABLE KEYS */;
INSERT INTO `const_materiel` VALUES (239,NULL,'4','','',19,'筒体','2',NULL,3435.01,'##','4','GB713-2014','','正火+回火',NULL,NULL,'△△','F','UTⅠ级','','','2016-05-05','2016-05-05'),(245,NULL,'4','','',19,'hebing','1',NULL,543,'##','4','GB713-2014','','正火+回火',NULL,NULL,'△△','F','UTⅠ级','','','2016-05-05','2016-05-05'),(247,NULL,'',NULL,NULL,19,'345345','',NULL,NULL,'#100#','345345345','GB713-2014',NULL,'正火+回火',NULL,NULL,'△△','F','UTⅠ级',NULL,NULL,NULL,NULL),(250,NULL,'','','',19,'封头','3',NULL,12,'##','-64x2445-9100','GB713-2014','','正火+回火',NULL,NULL,'△△','F','UTⅠ级','','',NULL,NULL),(252,NULL,'','','',19,'封头','3',NULL,334,'#100#','-64x2445-9100','GB713-2014','','正火+回火',NULL,NULL,'△△','F','UTⅠ级','','',NULL,NULL),(1658,31,'1','R3041.00',NULL,21,'中高压氮气储罐','1',10045,NULL,'S',NULL,NULL,NULL,NULL,NULL,NULL,NULL,NULL,NULL,'0',NULL,NULL,NULL),(1659,31,'2','R3041.01','R3041.00',6,'接地板','1',0.2,NULL,'',NULL,NULL,NULL,NULL,NULL,NULL,NULL,NULL,NULL,'1','中高压氮气储罐',NULL,NULL),(1660,31,'3','R3041.01.00','R3041.00',21,'铭牌','1',2.2,NULL,'DL',NULL,NULL,NULL,NULL,NULL,NULL,NULL,NULL,NULL,'2','中高压氮气储罐',NULL,NULL),(1661,31,'4','R3041.02','R3041.00',20,'下封头','1',426,NULL,'△△',NULL,NULL,NULL,NULL,NULL,NULL,NULL,NULL,NULL,'3','中高压氮气储罐',NULL,NULL),(1662,31,'5','R3041.02.00','R3041.00',21,'人孔','1',1558,NULL,'DL',NULL,NULL,NULL,NULL,NULL,NULL,NULL,NULL,NULL,'4','中高压氮气储罐',NULL,NULL),(1663,31,'6','R3041.03','R3041.00',20,'筒体DN1200 t=46 H=4708','1',6654,NULL,'△△',NULL,NULL,NULL,NULL,NULL,NULL,NULL,NULL,NULL,'5','中高压氮气储罐',NULL,NULL),(1664,31,'7','HG/T20615-2009','R3041.00',29,'法兰 WN25-900 RJ Sch160','2',3.86,NULL,'△',NULL,NULL,NULL,NULL,NULL,NULL,NULL,NULL,NULL,'6','中高压氮气储罐',NULL,NULL),(1665,31,'8','HG/T20615-2009','R3041.00',29,'法兰盖 BL 25-900 RJ','2',4.09,NULL,'△',NULL,NULL,NULL,NULL,NULL,NULL,NULL,NULL,NULL,'7','中高压氮气储罐',NULL,NULL),(1666,31,'9','R3041.04','R3041.00',29,'锻管 DN25','1',4,NULL,'△',NULL,NULL,NULL,NULL,NULL,NULL,NULL,NULL,NULL,'8','中高压氮气储罐',NULL,NULL),(1667,31,'10','HG/T20634-2009','R3041.00',30,'全螺纹螺柱M24X140','8',0.5,NULL,'△',NULL,NULL,NULL,NULL,NULL,NULL,NULL,NULL,NULL,'9','中高压氮气储罐',NULL,NULL),(1668,31,'11','HG/T20634-2009','R3041.00',31,'螺母M24','16',0.088,NULL,'△',NULL,NULL,NULL,NULL,NULL,NULL,NULL,NULL,NULL,'10','中高压氮气储罐',NULL,NULL),(1669,31,'12','HG/T20633-2009','R3041.00',42,'椭圆垫 25-900','2',NULL,NULL,'WG',NULL,NULL,NULL,NULL,NULL,NULL,NULL,NULL,NULL,'11','中高压氮气储罐',NULL,NULL),(1670,31,'13','R3041.05','R3041.00',20,'上封头','1',426,NULL,'△△',NULL,NULL,NULL,NULL,NULL,NULL,NULL,NULL,NULL,'12','中高压氮气储罐',NULL,NULL),(1671,31,'14','HG/T20615-2009','R3041.00',29,'法兰 WN100-900 RJ Sch120','1',23,NULL,'△',NULL,NULL,NULL,NULL,NULL,NULL,NULL,NULL,NULL,'13','中高压氮气储罐',NULL,NULL),(1672,31,'15','R3041.06','R3041.00',29,'锻管 DN100','1',13,NULL,'△',NULL,NULL,NULL,NULL,NULL,NULL,NULL,NULL,NULL,'14','中高压氮气储罐',NULL,NULL),(1673,31,'16','R3041.03.00','R3041.00',21,'吊耳 AXA-200-20','2',45.3,NULL,'DL',NULL,NULL,NULL,NULL,NULL,NULL,NULL,NULL,NULL,'15','中高压氮气储罐',NULL,NULL),(1674,31,'17','R3041.07','R3041.00',29,'锻管 DN25','1',3.5,NULL,'△',NULL,NULL,NULL,NULL,NULL,NULL,NULL,NULL,NULL,'16','中高压氮气储罐',NULL,NULL),(1675,31,'18','HG/T20615-2009','R3041.00',29,'法兰 WN100-900 RJ Sch120','1',23,NULL,'△',NULL,NULL,NULL,NULL,NULL,NULL,NULL,NULL,NULL,'17','中高压氮气储罐',NULL,NULL),(1676,31,'19','R3041.08','R3041.00',29,'锻管 DN100','1',13.5,NULL,'△',NULL,NULL,NULL,NULL,NULL,NULL,NULL,NULL,NULL,'18','中高压氮气储罐',NULL,NULL),(1677,31,'20','R3041.09','R3041.00',29,'锻管 DN50','1',4.57,NULL,'△',NULL,NULL,NULL,NULL,NULL,NULL,NULL,NULL,NULL,'19','中高压氮气储罐',NULL,NULL),(1678,31,'21','GB/T12459-2005','R3041.00',33,'弯头DN50-Sch120 90E（L）','1',1.5,NULL,'△',NULL,NULL,NULL,NULL,NULL,NULL,NULL,NULL,NULL,'20','中高压氮气储罐',NULL,NULL),(1679,31,'22','R3041.11','R3041.00',34,'接管 %%C60.3X8.8-592','1',6,NULL,'△',NULL,NULL,NULL,NULL,NULL,NULL,NULL,NULL,NULL,'21','中高压氮气储罐',NULL,NULL),(1680,31,'23','','R3041.00',35,'挡片-6X71-100','3',0.33,NULL,'',NULL,NULL,NULL,NULL,NULL,NULL,NULL,NULL,NULL,'22','中高压氮气储罐',NULL,NULL),(1681,31,'24','HG/T20615-2009','R3041.00',29,'法兰 WN50-900 RJ Sch160','1',10.9,NULL,'△',NULL,NULL,NULL,NULL,NULL,NULL,NULL,NULL,NULL,'23','中高压氮气储罐',NULL,NULL),(1682,31,'25','HG/T20615-2009','R3041.00',29,'法兰盖 BL 50-900 RJ','1',11.35,NULL,'△',NULL,NULL,NULL,NULL,NULL,NULL,NULL,NULL,NULL,'24','中高压氮气储罐',NULL,NULL),(1683,31,'26','HG/T20634-2009','R3041.00',30,'全螺纹螺柱M24X160','8',0.576,NULL,'△',NULL,NULL,NULL,NULL,NULL,NULL,NULL,NULL,NULL,'25','中高压氮气储罐',NULL,NULL),(1684,31,'27','HG/T20634-2009','R3041.00',31,'螺母M24','16',0.088,NULL,'△',NULL,NULL,NULL,NULL,NULL,NULL,NULL,NULL,NULL,'26','中高压氮气储罐',NULL,NULL),(1685,31,'28','HG/T20633-2009','R3041.00',42,'椭圆垫 50-900','1',NULL,NULL,'WG',NULL,NULL,NULL,NULL,NULL,NULL,NULL,NULL,NULL,'27','中高压氮气储罐',NULL,NULL),(1686,31,'29','','R3041.00',43,'排气孔%%C89X6 L=50','4',0.6,NULL,'',NULL,NULL,NULL,NULL,NULL,NULL,NULL,NULL,NULL,'28','中高压氮气储罐',NULL,NULL),(1687,31,'30','R3041.12','R3041.00',20,'检查孔 DN450X10 L=250','2',27,NULL,'',NULL,NULL,NULL,NULL,NULL,NULL,NULL,NULL,NULL,'29','中高压氮气储罐',NULL,NULL),(1688,31,'31','','R3041.00',43,'引出管 %%C219X6 L=150','1',4.7,NULL,'',NULL,NULL,NULL,NULL,NULL,NULL,NULL,NULL,NULL,'30','中高压氮气储罐',NULL,NULL),(1689,31,'32','R3041.13','R3041.00',20,'裙座筒体 DN1200 t=10 H=1770','1',528,NULL,'△',NULL,NULL,NULL,NULL,NULL,NULL,NULL,NULL,NULL,'31','中高压氮气储罐',NULL,NULL),(1690,31,'33','R3041.14','R3041.00',20,'筋板 t=16','16',0.23,NULL,'',NULL,NULL,NULL,NULL,NULL,NULL,NULL,NULL,NULL,'32','中高压氮气储罐',NULL,NULL),(1691,31,'34','R3041.15','R3041.00',20,'基础环板 t=16','1',106,NULL,'',NULL,NULL,NULL,NULL,NULL,NULL,NULL,NULL,NULL,'33','中高压氮气储罐',NULL,NULL),(1692,31,'35','R3041.16','R3041.00',35,'模板','1',47,NULL,'',NULL,NULL,NULL,NULL,NULL,NULL,NULL,NULL,NULL,'34','中高压氮气储罐',NULL,NULL),(1693,31,'36','R3041.04.00','R3041.00',21,'备件','1',NULL,NULL,'DL',NULL,NULL,NULL,NULL,NULL,NULL,NULL,NULL,NULL,'35','中高压氮气储罐',NULL,NULL),(1694,31,'37','R3041.05.00','R3041.00',21,'配对法兰及紧固件','1',64,NULL,'DL',NULL,NULL,NULL,NULL,NULL,NULL,NULL,NULL,NULL,'36','中高压氮气储罐',NULL,NULL),(1695,31,'0','R3041.01.00','R3041.00',21,'铭牌','1',1.34,NULL,'',NULL,NULL,NULL,NULL,NULL,NULL,NULL,NULL,NULL,'0','中高压氮气储罐',NULL,NULL),(1696,31,'38','R3041.01.01','R3041.01.00',20,'铭牌座','1',1.21,NULL,'△',NULL,NULL,NULL,NULL,NULL,NULL,NULL,NULL,NULL,'1','铭牌',NULL,NULL),(1697,31,'39','GB/T12618.1-2006','R3041.01.00',37,'抽芯铆钉3*12','4',NULL,NULL,'WG',NULL,NULL,NULL,NULL,NULL,NULL,NULL,NULL,NULL,'2','铭牌',NULL,NULL),(1698,31,'40','R3041.01.02','R3041.01.00',6,'铭牌本体','1',0.13,NULL,'按图WG',NULL,NULL,NULL,NULL,NULL,NULL,NULL,NULL,NULL,'3','铭牌',NULL,NULL),(1699,31,'0','R3041.02.00','R3041.00',21,'人孔','1',1558,NULL,'DL',NULL,NULL,NULL,NULL,NULL,NULL,NULL,NULL,NULL,'0','中高压氮气储罐',NULL,NULL),(1700,31,'41','HG/T20615-2009','R3041.02.00',29,'法兰盖 BL 500-900 RJ','1',502,NULL,'△△',NULL,NULL,NULL,NULL,NULL,NULL,NULL,NULL,NULL,'1','人孔',NULL,NULL),(1701,31,'42','HG/T20633-2009','R3041.02.00',42,'椭圆垫 500-900','1',NULL,NULL,'WG',NULL,NULL,NULL,NULL,NULL,NULL,NULL,NULL,NULL,'2','人孔',NULL,NULL),(1702,31,'43','HG/T20615-2009','R3041.02.00',29,'法兰 WN500-900 RJ Sch80','1',528,NULL,'△△',NULL,NULL,NULL,NULL,NULL,NULL,NULL,NULL,NULL,'3','人孔',NULL,NULL),(1703,31,'44','HG/T20634-2009','R3041.02.00',38,'双头螺柱M52X3X375','20',6.225,NULL,'△△',NULL,NULL,NULL,NULL,NULL,NULL,NULL,NULL,NULL,'4','人孔',NULL,NULL),(1704,31,'45','HG/T20634-2009','R3041.02.00',31,'螺母 M52X3','40',1.267,NULL,'△△',NULL,NULL,NULL,NULL,NULL,NULL,NULL,NULL,NULL,'5','人孔',NULL,NULL),(1705,31,'46','R3041.02.01','R3041.02.00',29,'锻管DN500','1',330,NULL,'△△',NULL,NULL,NULL,NULL,NULL,NULL,NULL,NULL,NULL,'6','人孔',NULL,NULL),(1706,31,'47','R3041.02.02','R3041.02.00',35,'把手','2',0.66,NULL,'△',NULL,NULL,NULL,NULL,NULL,NULL,NULL,NULL,NULL,'7','人孔',NULL,NULL),(1707,31,'48','R3041.02.03','R3041.02.00',35,'吊环','1',0.28,NULL,'',NULL,NULL,NULL,NULL,NULL,NULL,NULL,NULL,NULL,'8','人孔',NULL,NULL),(1708,31,'49','R3041.02.04','R3041.02.00',35,'吊钩','1',1.5,NULL,'',NULL,NULL,NULL,NULL,NULL,NULL,NULL,NULL,NULL,'9','人孔',NULL,NULL),(1709,31,'50','GB/T41-2000','R3041.02.00',39,'螺母 M30','2',0.234,NULL,'',NULL,NULL,NULL,NULL,NULL,NULL,NULL,NULL,NULL,'10','人孔',NULL,NULL),(1710,31,'51','GB/T95-2002','R3041.02.00',40,'垫圈 30','1',0.2,NULL,'',NULL,NULL,NULL,NULL,NULL,NULL,NULL,NULL,NULL,'11','人孔',NULL,NULL),(1711,31,'52','R3041.02.05','R3041.02.00',35,'转臂','1',15.2,NULL,'',NULL,NULL,NULL,NULL,NULL,NULL,NULL,NULL,NULL,'12','人孔',NULL,NULL),(1712,31,'53','R3041.02.06','R3041.02.00',35,'环','1',0.33,NULL,'',NULL,NULL,NULL,NULL,NULL,NULL,NULL,NULL,NULL,'13','人孔',NULL,NULL),(1713,31,'54','','R3041.02.00',43,'无缝钢管 %%C76X7.1 L=200','1',2.41,NULL,'',NULL,NULL,NULL,NULL,NULL,NULL,NULL,NULL,NULL,'14','人孔',NULL,NULL),(1714,31,'55','R3041.02.07','R3041.02.00',35,'支承板','1',1.6,NULL,'△',NULL,NULL,NULL,NULL,NULL,NULL,NULL,NULL,NULL,'15','人孔',NULL,NULL),(1715,31,'0','R3041.03.00','R3041.00',21,'吊耳 AXA-200-20','2',45.3,NULL,'DL',NULL,NULL,NULL,NULL,NULL,NULL,NULL,NULL,NULL,'0','中高压氮气储罐',NULL,NULL),(1716,31,'56','R3041.03.01','R3041.03.00',41,'挡板-20XD320','2',12.6,NULL,'',NULL,NULL,NULL,NULL,NULL,NULL,NULL,NULL,NULL,'1','吊耳 AXA-200-20',NULL,NULL),(1717,31,'57','R3041.03.02','R3041.03.00',43,'管轴','2',12.7,NULL,'',NULL,NULL,NULL,NULL,NULL,NULL,NULL,NULL,NULL,'2','吊耳 AXA-200-20',NULL,NULL),(1718,31,'58','R3041.03.03','R3041.03.00',20,'垫板','2',20,NULL,'△',NULL,NULL,NULL,NULL,NULL,NULL,NULL,NULL,NULL,'3','吊耳 AXA-200-20',NULL,NULL),(1719,31,'0','R3041.04.00','R3041.00',21,'备件','1',23.7,NULL,'',NULL,NULL,NULL,NULL,NULL,NULL,NULL,NULL,NULL,'0','中高压氮气储罐',NULL,NULL),(1720,31,'59','HG/T20634-2009','R3041.04.00',30,'全螺纹螺柱M24X140','2',0.5,NULL,'△',NULL,NULL,NULL,NULL,NULL,NULL,NULL,NULL,NULL,'1','备件',NULL,NULL),(1721,31,'60','HG/T20634-2009','R3041.04.00',31,'螺母M24','4',0.088,NULL,'△',NULL,NULL,NULL,NULL,NULL,NULL,NULL,NULL,NULL,'2','备件',NULL,NULL),(1722,31,'61','HG/T20633-2009','R3041.04.00',42,'椭圆垫 25-900','4',NULL,NULL,'WG',NULL,NULL,NULL,NULL,NULL,NULL,NULL,NULL,NULL,'3','备件',NULL,NULL),(1723,31,'62','HG/T20634-2009','R3041.04.00',30,'全螺纹螺柱M24X160','2',0.576,NULL,'△',NULL,NULL,NULL,NULL,NULL,NULL,NULL,NULL,NULL,'4','备件',NULL,NULL),(1724,31,'63','HG/T20634-2009','R3041.04.00',31,'螺母M24','4',0.088,NULL,'△',NULL,NULL,NULL,NULL,NULL,NULL,NULL,NULL,NULL,'5','备件',NULL,NULL),(1725,31,'64','HG/T20633-2009','R3041.04.00',42,'椭圆垫 50-900','2',NULL,NULL,'WG',NULL,NULL,NULL,NULL,NULL,NULL,NULL,NULL,NULL,'6','备件',NULL,NULL),(1726,31,'65','HG/T20633-2009','R3041.04.00',42,'椭圆垫 500-900','2',NULL,NULL,'WG',NULL,NULL,NULL,NULL,NULL,NULL,NULL,NULL,NULL,'7','备件',NULL,NULL),(1727,31,'66','HG/T20634-2009','R3041.04.00',38,'双头螺柱M52X3X375','2',6.225,NULL,'△△',NULL,NULL,NULL,NULL,NULL,NULL,NULL,NULL,NULL,'8','备件',NULL,NULL),(1728,31,'67','HG/T20634-2009','R3041.04.00',31,'螺母 M52X3','4',1.267,NULL,'△△',NULL,NULL,NULL,NULL,NULL,NULL,NULL,NULL,NULL,'9','备件',NULL,NULL),(1729,31,'68','HG/T20634-2009','R3041.04.00',30,'全螺纹螺柱M30X190','2',1.06,NULL,'△',NULL,NULL,NULL,NULL,NULL,NULL,NULL,NULL,NULL,'10','备件',NULL,NULL),(1730,31,'69','HG/T20634-2009','R3041.04.00',31,'螺母M30','4',0.3,NULL,'△',NULL,NULL,NULL,NULL,NULL,NULL,NULL,NULL,NULL,'11','备件',NULL,NULL),(1731,31,'70','HG/T20633-2009','R3041.04.00',42,'椭圆垫 100-900','4',NULL,NULL,'WG',NULL,NULL,NULL,NULL,NULL,NULL,NULL,NULL,NULL,'12','备件',NULL,NULL),(1732,31,'0','R3041.05.00','R3041.00',21,'配对法兰及紧固件','1',64,NULL,'DL',NULL,NULL,NULL,NULL,NULL,NULL,NULL,NULL,NULL,'0','中高压氮气储罐',NULL,NULL),(1733,31,'71','HG/T20634-2009','R3041.05.00',30,'全螺纹螺柱M30X190','16',1.06,NULL,'△',NULL,NULL,NULL,NULL,NULL,NULL,NULL,NULL,NULL,'1','配对法兰及紧固件',NULL,NULL),(1734,31,'72','HG/T20634-2009','R3041.05.00',31,'螺母M30','32',0.3,NULL,'△',NULL,NULL,NULL,NULL,NULL,NULL,NULL,NULL,NULL,'2','配对法兰及紧固件',NULL,NULL),(1735,31,'73','HG/T20633-2009','R3041.05.00',42,'椭圆垫 100-900','2',NULL,NULL,'WG',NULL,NULL,NULL,NULL,NULL,NULL,NULL,NULL,NULL,'3','配对法兰及紧固件',NULL,NULL),(1736,31,'74','HG/T20615-2009','R3041.05.00',29,'法兰WN100-900RJ Sch120','2',23,NULL,'△',NULL,NULL,NULL,NULL,NULL,NULL,NULL,NULL,NULL,'4','配对法兰及紧固件',NULL,NULL),(1737,NULL,'10','HG/T20634-2009','R3041.00',30,'全螺纹螺柱M24X140','8',0.5,NULL,'△',NULL,NULL,NULL,NULL,NULL,NULL,NULL,NULL,NULL,'9','中高压氮气储罐',NULL,NULL),(1738,NULL,'11','HG/T20634-2009','R3041.00',31,'螺母M24','16',0.088,NULL,'△',NULL,NULL,NULL,NULL,NULL,NULL,NULL,NULL,NULL,'10','中高压氮气储罐',NULL,NULL),(1739,NULL,'12','HG/T20633-2009','R3041.00',42,'椭圆垫 25-900','2',NULL,NULL,'WG',NULL,NULL,NULL,NULL,NULL,NULL,NULL,NULL,NULL,'11','中高压氮气储罐',NULL,NULL),(1740,NULL,'21','GB/T12459-2005','R3041.00',33,'弯头DN50-Sch120 90E（L）','1',1.5,NULL,'△',NULL,NULL,NULL,NULL,NULL,NULL,NULL,NULL,NULL,'20','中高压氮气储罐',NULL,NULL),(1741,NULL,'26','HG/T20634-2009','R3041.00',30,'全螺纹螺柱M24X160','8',0.576,NULL,'△',NULL,NULL,NULL,NULL,NULL,NULL,NULL,NULL,NULL,'25','中高压氮气储罐',NULL,NULL),(1742,NULL,'27','HG/T20634-2009','R3041.00',31,'螺母M24','16',0.088,NULL,'△',NULL,NULL,NULL,NULL,NULL,NULL,NULL,NULL,NULL,'26','中高压氮气储罐',NULL,NULL),(1743,NULL,'28','HG/T20633-2009','R3041.00',42,'椭圆垫 50-900','1',NULL,NULL,'WG',NULL,NULL,NULL,NULL,NULL,NULL,NULL,NULL,NULL,'27','中高压氮气储罐',NULL,NULL),(1744,NULL,'39','GB/T12618.1-2006','R3041.01.00',37,'抽芯铆钉3*12','4',NULL,NULL,'WG',NULL,NULL,NULL,NULL,NULL,NULL,NULL,NULL,NULL,'2','铭牌',NULL,NULL),(1745,NULL,'40','R3041.01.02','R3041.01.00',6,'铭牌本体','1',0.13,NULL,'按图WG',NULL,NULL,NULL,NULL,NULL,NULL,NULL,NULL,NULL,'3','铭牌',NULL,NULL),(1746,NULL,'42','HG/T20633-2009','R3041.02.00',42,'椭圆垫 500-900','1',NULL,NULL,'WG',NULL,NULL,NULL,NULL,NULL,NULL,NULL,NULL,NULL,'2','人孔',NULL,NULL),(1747,NULL,'44','HG/T20634-2009','R3041.02.00',38,'双头螺柱M52X3X375','20',6.225,NULL,'△△',NULL,NULL,NULL,NULL,NULL,NULL,NULL,NULL,NULL,'4','人孔',NULL,NULL),(1748,NULL,'45','HG/T20634-2009','R3041.02.00',31,'螺母 M52X3','40',1.267,NULL,'△△',NULL,NULL,NULL,NULL,NULL,NULL,NULL,NULL,NULL,'5','人孔',NULL,NULL),(1749,NULL,'50','GB/T41-2000','R3041.02.00',39,'螺母 M30','2',0.234,NULL,'',NULL,NULL,NULL,NULL,NULL,NULL,NULL,NULL,NULL,'10','人孔',NULL,NULL),(1750,NULL,'51','GB/T95-2002','R3041.02.00',40,'垫圈 30','1',0.2,NULL,'',NULL,NULL,NULL,NULL,NULL,NULL,NULL,NULL,NULL,'11','人孔',NULL,NULL),(1751,NULL,'59','HG/T20634-2009','R3041.04.00',30,'全螺纹螺柱M24X140','2',0.5,NULL,'△',NULL,NULL,NULL,NULL,NULL,NULL,NULL,NULL,NULL,'1','备件',NULL,NULL),(1752,NULL,'60','HG/T20634-2009','R3041.04.00',31,'螺母M24','4',0.088,NULL,'△',NULL,NULL,NULL,NULL,NULL,NULL,NULL,NULL,NULL,'2','备件',NULL,NULL),(1753,NULL,'61','HG/T20633-2009','R3041.04.00',42,'椭圆垫 25-900','4',NULL,NULL,'WG',NULL,NULL,NULL,NULL,NULL,NULL,NULL,NULL,NULL,'3','备件',NULL,NULL),(1754,NULL,'62','HG/T20634-2009','R3041.04.00',30,'全螺纹螺柱M24X160','2',0.576,NULL,'△',NULL,NULL,NULL,NULL,NULL,NULL,NULL,NULL,NULL,'4','备件',NULL,NULL),(1755,NULL,'63','HG/T20634-2009','R3041.04.00',31,'螺母M24','4',0.088,NULL,'△',NULL,NULL,NULL,NULL,NULL,NULL,NULL,NULL,NULL,'5','备件',NULL,NULL),(1756,NULL,'64','HG/T20633-2009','R3041.04.00',42,'椭圆垫 50-900','2',NULL,NULL,'WG',NULL,NULL,NULL,NULL,NULL,NULL,NULL,NULL,NULL,'6','备件',NULL,NULL),(1757,NULL,'65','HG/T20633-2009','R3041.04.00',42,'椭圆垫 500-900','2',NULL,NULL,'WG',NULL,NULL,NULL,NULL,NULL,NULL,NULL,NULL,NULL,'7','备件',NULL,NULL),(1758,NULL,'66','HG/T20634-2009','R3041.04.00',38,'双头螺柱M52X3X375','2',6.225,NULL,'△△',NULL,NULL,NULL,NULL,NULL,NULL,NULL,NULL,NULL,'8','备件',NULL,NULL),(1759,NULL,'67','HG/T20634-2009','R3041.04.00',31,'螺母 M52X3','4',1.267,NULL,'△△',NULL,NULL,NULL,NULL,NULL,NULL,NULL,NULL,NULL,'9','备件',NULL,NULL),(1760,NULL,'68','HG/T20634-2009','R3041.04.00',30,'全螺纹螺柱M30X190','2',1.06,NULL,'△',NULL,NULL,NULL,NULL,NULL,NULL,NULL,NULL,NULL,'10','备件',NULL,NULL),(1761,NULL,'69','HG/T20634-2009','R3041.04.00',31,'螺母M30','4',0.3,NULL,'△',NULL,NULL,NULL,NULL,NULL,NULL,NULL,NULL,NULL,'11','备件',NULL,NULL),(1762,NULL,'70','HG/T20633-2009','R3041.04.00',42,'椭圆垫 100-900','4',NULL,NULL,'WG',NULL,NULL,NULL,NULL,NULL,NULL,NULL,NULL,NULL,'12','备件',NULL,NULL),(1763,NULL,'71','HG/T20634-2009','R3041.05.00',30,'全螺纹螺柱M30X190','16',1.06,NULL,'△',NULL,NULL,NULL,NULL,NULL,NULL,NULL,NULL,NULL,'1','配对法兰及紧固件',NULL,NULL),(1764,NULL,'72','HG/T20634-2009','R3041.05.00',31,'螺母M30','32',0.3,NULL,'△',NULL,NULL,NULL,NULL,NULL,NULL,NULL,NULL,NULL,'2','配对法兰及紧固件',NULL,NULL),(1765,NULL,'73','HG/T20633-2009','R3041.05.00',42,'椭圆垫 100-900','2',NULL,NULL,'WG',NULL,NULL,NULL,NULL,NULL,NULL,NULL,NULL,NULL,'3','配对法兰及紧固件',NULL,NULL),(1766,NULL,'10','HG/T20634-2009','R3041.00',30,'全螺纹螺柱M24X140','8',0.5,NULL,'△',NULL,NULL,NULL,NULL,NULL,NULL,NULL,NULL,NULL,'9','中高压氮气储罐',NULL,NULL),(1767,NULL,'11','HG/T20634-2009','R3041.00',31,'螺母M24','16',0.088,NULL,'△',NULL,NULL,NULL,NULL,NULL,NULL,NULL,NULL,NULL,'10','中高压氮气储罐',NULL,NULL),(1768,NULL,'12','HG/T20633-2009','R3041.00',42,'椭圆垫 25-900','2',NULL,NULL,'WG',NULL,NULL,NULL,NULL,NULL,NULL,NULL,NULL,NULL,'11','中高压氮气储罐',NULL,NULL),(1769,NULL,'21','GB/T12459-2005','R3041.00',33,'弯头DN50-Sch120 90E（L）','1',1.5,NULL,'△',NULL,NULL,NULL,NULL,NULL,NULL,NULL,NULL,NULL,'20','中高压氮气储罐',NULL,NULL),(1770,NULL,'26','HG/T20634-2009','R3041.00',30,'全螺纹螺柱M24X160','8',0.576,NULL,'△',NULL,NULL,NULL,NULL,NULL,NULL,NULL,NULL,NULL,'25','中高压氮气储罐',NULL,NULL),(1771,NULL,'27','HG/T20634-2009','R3041.00',31,'螺母M24','16',0.088,NULL,'△',NULL,NULL,NULL,NULL,NULL,NULL,NULL,NULL,NULL,'26','中高压氮气储罐',NULL,NULL),(1772,NULL,'28','HG/T20633-2009','R3041.00',42,'椭圆垫 50-900','1',NULL,NULL,'WG',NULL,NULL,NULL,NULL,NULL,NULL,NULL,NULL,NULL,'27','中高压氮气储罐',NULL,NULL),(1773,NULL,'39','GB/T12618.1-2006','R3041.01.00',37,'抽芯铆钉3*12','4',NULL,NULL,'WG',NULL,NULL,NULL,NULL,NULL,NULL,NULL,NULL,NULL,'2','铭牌',NULL,NULL),(1774,NULL,'40','R3041.01.02','R3041.01.00',6,'铭牌本体','1',0.13,NULL,'按图WG',NULL,NULL,NULL,NULL,NULL,NULL,NULL,NULL,NULL,'3','铭牌',NULL,NULL),(1775,NULL,'42','HG/T20633-2009','R3041.02.00',42,'椭圆垫 500-900','1',NULL,NULL,'WG',NULL,NULL,NULL,NULL,NULL,NULL,NULL,NULL,NULL,'2','人孔',NULL,NULL),(1776,NULL,'44','HG/T20634-2009','R3041.02.00',38,'双头螺柱M52X3X375','20',6.225,NULL,'△△',NULL,NULL,NULL,NULL,NULL,NULL,NULL,NULL,NULL,'4','人孔',NULL,NULL),(1777,NULL,'45','HG/T20634-2009','R3041.02.00',31,'螺母 M52X3','40',1.267,NULL,'△△',NULL,NULL,NULL,NULL,NULL,NULL,NULL,NULL,NULL,'5','人孔',NULL,NULL),(1778,NULL,'50','GB/T41-2000','R3041.02.00',39,'螺母 M30','2',0.234,NULL,'',NULL,NULL,NULL,NULL,NULL,NULL,NULL,NULL,NULL,'10','人孔',NULL,NULL),(1779,NULL,'51','GB/T95-2002','R3041.02.00',40,'垫圈 30','1',0.2,NULL,'',NULL,NULL,NULL,NULL,NULL,NULL,NULL,NULL,NULL,'11','人孔',NULL,NULL),(1780,NULL,'59','HG/T20634-2009','R3041.04.00',30,'全螺纹螺柱M24X140','2',0.5,NULL,'△',NULL,NULL,NULL,NULL,NULL,NULL,NULL,NULL,NULL,'1','备件',NULL,NULL),(1781,NULL,'60','HG/T20634-2009','R3041.04.00',31,'螺母M24','4',0.088,NULL,'△',NULL,NULL,NULL,NULL,NULL,NULL,NULL,NULL,NULL,'2','备件',NULL,NULL),(1782,NULL,'61','HG/T20633-2009','R3041.04.00',42,'椭圆垫 25-900','4',NULL,NULL,'WG',NULL,NULL,NULL,NULL,NULL,NULL,NULL,NULL,NULL,'3','备件',NULL,NULL),(1783,NULL,'62','HG/T20634-2009','R3041.04.00',30,'全螺纹螺柱M24X160','2',0.576,NULL,'△',NULL,NULL,NULL,NULL,NULL,NULL,NULL,NULL,NULL,'4','备件',NULL,NULL),(1784,NULL,'63','HG/T20634-2009','R3041.04.00',31,'螺母M24','4',0.088,NULL,'△',NULL,NULL,NULL,NULL,NULL,NULL,NULL,NULL,NULL,'5','备件',NULL,NULL),(1785,NULL,'64','HG/T20633-2009','R3041.04.00',42,'椭圆垫 50-900','2',NULL,NULL,'WG',NULL,NULL,NULL,NULL,NULL,NULL,NULL,NULL,NULL,'6','备件',NULL,NULL),(1786,NULL,'65','HG/T20633-2009','R3041.04.00',42,'椭圆垫 500-900','2',NULL,NULL,'WG',NULL,NULL,NULL,NULL,NULL,NULL,NULL,NULL,NULL,'7','备件',NULL,NULL),(1787,NULL,'66','HG/T20634-2009','R3041.04.00',38,'双头螺柱M52X3X375','2',6.225,NULL,'△△',NULL,NULL,NULL,NULL,NULL,NULL,NULL,NULL,NULL,'8','备件',NULL,NULL),(1788,NULL,'67','HG/T20634-2009','R3041.04.00',31,'螺母 M52X3','4',1.267,NULL,'△△',NULL,NULL,NULL,NULL,NULL,NULL,NULL,NULL,NULL,'9','备件',NULL,NULL),(1789,NULL,'68','HG/T20634-2009','R3041.04.00',30,'全螺纹螺柱M30X190','2',1.06,NULL,'△',NULL,NULL,NULL,NULL,NULL,NULL,NULL,NULL,NULL,'10','备件',NULL,NULL),(1790,NULL,'69','HG/T20634-2009','R3041.04.00',31,'螺母M30','4',0.3,NULL,'△',NULL,NULL,NULL,NULL,NULL,NULL,NULL,NULL,NULL,'11','备件',NULL,NULL),(1791,NULL,'70','HG/T20633-2009','R3041.04.00',42,'椭圆垫 100-900','4',NULL,NULL,'WG',NULL,NULL,NULL,NULL,NULL,NULL,NULL,NULL,NULL,'12','备件',NULL,NULL),(1792,NULL,'71','HG/T20634-2009','R3041.05.00',30,'全螺纹螺柱M30X190','16',1.06,NULL,'△',NULL,NULL,NULL,NULL,NULL,NULL,NULL,NULL,NULL,'1','配对法兰及紧固件',NULL,NULL),(1793,NULL,'72','HG/T20634-2009','R3041.05.00',31,'螺母M30','32',0.3,NULL,'△',NULL,NULL,NULL,NULL,NULL,NULL,NULL,NULL,NULL,'2','配对法兰及紧固件',NULL,NULL),(1794,NULL,'73','HG/T20633-2009','R3041.05.00',42,'椭圆垫 100-900','2',NULL,NULL,'WG',NULL,NULL,NULL,NULL,NULL,NULL,NULL,NULL,NULL,'3','配对法兰及紧固件',NULL,NULL),(1795,NULL,'4','R3041.02','R3041.00',20,'下封头','1',426,NULL,'△△',NULL,NULL,NULL,NULL,NULL,NULL,NULL,NULL,NULL,'3','中高压氮气储罐',NULL,NULL),(1796,NULL,'7','HG/T20615-2009','R3041.00',29,'法兰 WN25-900 RJ Sch160','2',3.86,NULL,'△',NULL,NULL,NULL,NULL,NULL,NULL,NULL,NULL,NULL,'6','中高压氮气储罐',NULL,NULL),(1797,NULL,'8','HG/T20615-2009','R3041.00',29,'法兰盖 BL 25-900 RJ','2',4.09,NULL,'△',NULL,NULL,NULL,NULL,NULL,NULL,NULL,NULL,NULL,'7','中高压氮气储罐',NULL,NULL),(1798,NULL,'9','R3041.04','R3041.00',29,'锻管 DN25','1',4,NULL,'△',NULL,NULL,NULL,NULL,NULL,NULL,NULL,NULL,NULL,'8','中高压氮气储罐',NULL,NULL),(1799,NULL,'13','R3041.05','R3041.00',20,'上封头','1',426,NULL,'△△',NULL,NULL,NULL,NULL,NULL,NULL,NULL,NULL,NULL,'12','中高压氮气储罐',NULL,NULL),(1800,NULL,'14','HG/T20615-2009','R3041.00',29,'法兰 WN100-900 RJ Sch120','1',23,NULL,'△',NULL,NULL,NULL,NULL,NULL,NULL,NULL,NULL,NULL,'13','中高压氮气储罐',NULL,NULL),(1801,NULL,'15','R3041.06','R3041.00',29,'锻管 DN100','1',13,NULL,'△',NULL,NULL,NULL,NULL,NULL,NULL,NULL,NULL,NULL,'14','中高压氮气储罐',NULL,NULL),(1802,NULL,'17','R3041.07','R3041.00',29,'锻管 DN25','1',3.5,NULL,'△',NULL,NULL,NULL,NULL,NULL,NULL,NULL,NULL,NULL,'16','中高压氮气储罐',NULL,NULL),(1803,NULL,'18','HG/T20615-2009','R3041.00',29,'法兰 WN100-900 RJ Sch120','1',23,NULL,'△',NULL,NULL,NULL,NULL,NULL,NULL,NULL,NULL,NULL,'17','中高压氮气储罐',NULL,NULL),(1804,NULL,'19','R3041.08','R3041.00',29,'锻管 DN100','1',13.5,NULL,'△',NULL,NULL,NULL,NULL,NULL,NULL,NULL,NULL,NULL,'18','中高压氮气储罐',NULL,NULL),(1805,NULL,'20','R3041.09','R3041.00',29,'锻管 DN50','1',4.57,NULL,'△',NULL,NULL,NULL,NULL,NULL,NULL,NULL,NULL,NULL,'19','中高压氮气储罐',NULL,NULL),(1806,NULL,'24','HG/T20615-2009','R3041.00',29,'法兰 WN50-900 RJ Sch160','1',10.9,NULL,'△',NULL,NULL,NULL,NULL,NULL,NULL,NULL,NULL,NULL,'23','中高压氮气储罐',NULL,NULL),(1807,NULL,'25','HG/T20615-2009','R3041.00',29,'法兰盖 BL 50-900 RJ','1',11.35,NULL,'△',NULL,NULL,NULL,NULL,NULL,NULL,NULL,NULL,NULL,'24','中高压氮气储罐',NULL,NULL),(1808,NULL,'41','HG/T20615-2009','R3041.02.00',29,'法兰盖 BL 500-900 RJ','1',502,NULL,'△△',NULL,NULL,NULL,NULL,NULL,NULL,NULL,NULL,NULL,'1','人孔',NULL,NULL),(1809,NULL,'43','HG/T20615-2009','R3041.02.00',29,'法兰 WN500-900 RJ Sch80','1',528,NULL,'△△',NULL,NULL,NULL,NULL,NULL,NULL,NULL,NULL,NULL,'3','人孔',NULL,NULL),(1810,NULL,'46','R3041.02.01','R3041.02.00',29,'锻管DN500','1',330,NULL,'△△',NULL,NULL,NULL,NULL,NULL,NULL,NULL,NULL,NULL,'6','人孔',NULL,NULL),(1811,NULL,'74','HG/T20615-2009','R3041.05.00',29,'法兰WN100-900RJ Sch120','2',23,NULL,'△',NULL,NULL,NULL,NULL,NULL,NULL,NULL,NULL,NULL,'4','配对法兰及紧固件',NULL,NULL),(1812,NULL,'4','R3041.02','R3041.00',20,'下封头','1',426,NULL,'△△',NULL,NULL,NULL,NULL,NULL,NULL,NULL,NULL,NULL,'3','中高压氮气储罐',NULL,NULL),(1813,NULL,'7','HG/T20615-2009','R3041.00',29,'法兰 WN25-900 RJ Sch160','2',3.86,NULL,'△',NULL,NULL,NULL,NULL,NULL,NULL,NULL,NULL,NULL,'6','中高压氮气储罐',NULL,NULL),(1814,NULL,'8','HG/T20615-2009','R3041.00',29,'法兰盖 BL 25-900 RJ','2',4.09,NULL,'△',NULL,NULL,NULL,NULL,NULL,NULL,NULL,NULL,NULL,'7','中高压氮气储罐',NULL,NULL),(1815,NULL,'9','R3041.04','R3041.00',29,'锻管 DN25','1',4,NULL,'△',NULL,NULL,NULL,NULL,NULL,NULL,NULL,NULL,NULL,'8','中高压氮气储罐',NULL,NULL),(1816,NULL,'13','R3041.05','R3041.00',20,'上封头','1',426,NULL,'△△',NULL,NULL,NULL,NULL,NULL,NULL,NULL,NULL,NULL,'12','中高压氮气储罐',NULL,NULL),(1817,NULL,'14','HG/T20615-2009','R3041.00',29,'法兰 WN100-900 RJ Sch120','1',23,NULL,'△',NULL,NULL,NULL,NULL,NULL,NULL,NULL,NULL,NULL,'13','中高压氮气储罐',NULL,NULL),(1818,NULL,'15','R3041.06','R3041.00',29,'锻管 DN100','1',13,NULL,'△',NULL,NULL,NULL,NULL,NULL,NULL,NULL,NULL,NULL,'14','中高压氮气储罐',NULL,NULL),(1819,NULL,'17','R3041.07','R3041.00',29,'锻管 DN25','1',3.5,NULL,'△',NULL,NULL,NULL,NULL,NULL,NULL,NULL,NULL,NULL,'16','中高压氮气储罐',NULL,NULL),(1820,NULL,'18','HG/T20615-2009','R3041.00',29,'法兰 WN100-900 RJ Sch120','1',23,NULL,'△',NULL,NULL,NULL,NULL,NULL,NULL,NULL,NULL,NULL,'17','中高压氮气储罐',NULL,NULL),(1821,NULL,'19','R3041.08','R3041.00',29,'锻管 DN100','1',13.5,NULL,'△',NULL,NULL,NULL,NULL,NULL,NULL,NULL,NULL,NULL,'18','中高压氮气储罐',NULL,NULL),(1822,NULL,'20','R3041.09','R3041.00',29,'锻管 DN50','1',4.57,NULL,'△',NULL,NULL,NULL,NULL,NULL,NULL,NULL,NULL,NULL,'19','中高压氮气储罐',NULL,NULL),(1823,NULL,'24','HG/T20615-2009','R3041.00',29,'法兰 WN50-900 RJ Sch160','1',10.9,NULL,'△',NULL,NULL,NULL,NULL,NULL,NULL,NULL,NULL,NULL,'23','中高压氮气储罐',NULL,NULL),(1824,NULL,'25','HG/T20615-2009','R3041.00',29,'法兰盖 BL 50-900 RJ','1',11.35,NULL,'△',NULL,NULL,NULL,NULL,NULL,NULL,NULL,NULL,NULL,'24','中高压氮气储罐',NULL,NULL),(1825,NULL,'41','HG/T20615-2009','R3041.02.00',29,'法兰盖 BL 500-900 RJ','1',502,NULL,'△△',NULL,NULL,NULL,NULL,NULL,NULL,NULL,NULL,NULL,'1','人孔',NULL,NULL),(1826,NULL,'43','HG/T20615-2009','R3041.02.00',29,'法兰 WN500-900 RJ Sch80','1',528,NULL,'△△',NULL,NULL,NULL,NULL,NULL,NULL,NULL,NULL,NULL,'3','人孔',NULL,NULL),(1827,NULL,'46','R3041.02.01','R3041.02.00',29,'锻管DN500','1',330,NULL,'△△',NULL,NULL,NULL,NULL,NULL,NULL,NULL,NULL,NULL,'6','人孔',NULL,NULL),(1828,NULL,'74','HG/T20615-2009','R3041.05.00',29,'法兰WN100-900RJ Sch120','2',23,NULL,'△',NULL,NULL,NULL,NULL,NULL,NULL,NULL,NULL,NULL,'4','配对法兰及紧固件',NULL,NULL),(1829,NULL,'49','R3041.02.04','R3041.02.00',35,'吊钩','1',1.5,NULL,'机加工',NULL,NULL,NULL,NULL,NULL,NULL,NULL,NULL,NULL,'9','人孔',NULL,NULL),(1830,NULL,'52','R3041.02.05','R3041.02.00',35,'转臂','1',15.2,NULL,'机加工',NULL,NULL,NULL,NULL,NULL,NULL,NULL,NULL,NULL,'12','人孔',NULL,NULL),(1831,NULL,'49','R3041.02.04','R3041.02.00',35,'吊钩','1',1.5,NULL,'机加工',NULL,NULL,NULL,NULL,NULL,NULL,NULL,NULL,NULL,'9','人孔',NULL,NULL),(1832,NULL,'52','R3041.02.05','R3041.02.00',35,'转臂','1',15.2,NULL,'机加工',NULL,NULL,NULL,NULL,NULL,NULL,NULL,NULL,NULL,'12','人孔',NULL,NULL),(1833,NULL,'',NULL,NULL,28,'','1',1826.9,NULL,'','-34×1850-3700',NULL,NULL,'正火',NULL,NULL,NULL,NULL,NULL,NULL,NULL,NULL,NULL),(1834,NULL,'',NULL,NULL,28,'','1',1826.9,NULL,'','-46×2390-8490',NULL,NULL,'正火',NULL,NULL,NULL,NULL,NULL,NULL,NULL,NULL,NULL),(1835,NULL,'',NULL,NULL,28,'','1',578.9,NULL,'','-10×1830-4030',NULL,NULL,'热轧',NULL,NULL,NULL,NULL,NULL,NULL,NULL,NULL,NULL),(1836,NULL,'',NULL,NULL,28,'','1',1826.9,NULL,'','-34×1850-3700',NULL,NULL,'正火',NULL,NULL,NULL,NULL,NULL,NULL,NULL,NULL,NULL),(1837,NULL,'',NULL,NULL,28,'','1',1826.9,NULL,'','-46×2390-8490',NULL,NULL,'正火',NULL,NULL,NULL,NULL,NULL,NULL,NULL,NULL,NULL),(1838,NULL,'',NULL,NULL,28,'','1',578.9,NULL,'','-10×1830-4030',NULL,NULL,'热轧',NULL,NULL,NULL,NULL,NULL,NULL,NULL,NULL,NULL),(1839,NULL,'2','R3041.01','R3041.00',6,'接地板','1',0.2,NULL,'',NULL,NULL,NULL,NULL,1,NULL,NULL,NULL,NULL,'1','中高压氮气储罐',NULL,NULL),(1840,NULL,'4','R3041.02','R3041.00',20,'下封头','1',426,NULL,'△△',NULL,NULL,NULL,NULL,NULL,NULL,NULL,NULL,NULL,'3','中高压氮气储罐',NULL,NULL),(1841,NULL,'6','R3041.03','R3041.00',20,'筒体DN1200 t=46 H=4708','1',6654,NULL,'△△',NULL,NULL,NULL,NULL,NULL,NULL,NULL,NULL,NULL,'5','中高压氮气储罐',NULL,NULL),(1842,NULL,'13','R3041.05','R3041.00',20,'上封头','1',426,NULL,'△△',NULL,NULL,NULL,NULL,NULL,NULL,NULL,NULL,NULL,'12','中高压氮气储罐',NULL,NULL),(1843,NULL,'22','R3041.11','R3041.00',34,'接管 %%C60.3X8.8-592','1',6,NULL,'△',NULL,NULL,NULL,NULL,NULL,NULL,NULL,NULL,NULL,'21','中高压氮气储罐',NULL,NULL),(1844,NULL,'23','','R3041.00',35,'挡片-6X71-100','3',0.33,NULL,'',NULL,NULL,NULL,NULL,NULL,NULL,NULL,NULL,NULL,'22','中高压氮气储罐',NULL,NULL),(1845,NULL,'29','','R3041.00',43,'排气孔%%C89X6 L=50','4',0.6,NULL,'',NULL,NULL,NULL,NULL,NULL,NULL,NULL,NULL,NULL,'28','中高压氮气储罐',NULL,NULL),(1846,NULL,'30','R3041.12','R3041.00',20,'检查孔 DN450X10 L=250','2',27,NULL,'',NULL,NULL,NULL,NULL,NULL,NULL,NULL,NULL,NULL,'29','中高压氮气储罐',NULL,NULL),(1847,NULL,'31','','R3041.00',43,'引出管 %%C219X6 L=150','1',4.7,NULL,'',NULL,NULL,NULL,NULL,NULL,NULL,NULL,NULL,NULL,'30','中高压氮气储罐',NULL,NULL),(1848,NULL,'32','R3041.13','R3041.00',20,'裙座筒体 DN1200 t=10 H=1770','1',528,NULL,'△',NULL,NULL,NULL,NULL,NULL,NULL,NULL,NULL,NULL,'31','中高压氮气储罐',NULL,NULL),(1849,NULL,'33','R3041.14','R3041.00',20,'筋板 t=16','16',0.23,NULL,'',NULL,NULL,NULL,NULL,NULL,NULL,NULL,NULL,NULL,'32','中高压氮气储罐',NULL,NULL),(1850,NULL,'34','R3041.15','R3041.00',20,'基础环板 t=16','1',106,NULL,'',NULL,NULL,NULL,NULL,NULL,NULL,NULL,NULL,NULL,'33','中高压氮气储罐',NULL,NULL),(1851,NULL,'35','R3041.16','R3041.00',35,'模板','1',47,NULL,'',NULL,NULL,NULL,NULL,NULL,NULL,NULL,NULL,NULL,'34','中高压氮气储罐',NULL,NULL),(1852,NULL,'38','R3041.01.01','R3041.01.00',20,'铭牌座','1',1.21,NULL,'△',NULL,NULL,NULL,NULL,NULL,NULL,NULL,NULL,NULL,'1','铭牌',NULL,NULL),(1853,NULL,'47','R3041.02.02','R3041.02.00',35,'把手','2',0.66,NULL,'△',NULL,NULL,NULL,NULL,NULL,NULL,NULL,NULL,NULL,'7','人孔',NULL,NULL),(1854,NULL,'48','R3041.02.03','R3041.02.00',35,'吊环','1',0.28,NULL,'',NULL,NULL,NULL,NULL,NULL,NULL,NULL,NULL,NULL,'8','人孔',NULL,NULL),(1855,NULL,'49','R3041.02.04','R3041.02.00',35,'吊钩','1',1.5,NULL,'',NULL,NULL,NULL,NULL,NULL,NULL,NULL,NULL,NULL,'9','人孔',NULL,NULL),(1856,NULL,'52','R3041.02.05','R3041.02.00',35,'转臂','1',15.2,NULL,'',NULL,NULL,NULL,NULL,NULL,NULL,NULL,NULL,NULL,'12','人孔',NULL,NULL),(1857,NULL,'53','R3041.02.06','R3041.02.00',35,'环','1',0.33,NULL,'',NULL,NULL,NULL,NULL,NULL,NULL,NULL,NULL,NULL,'13','人孔',NULL,NULL),(1858,NULL,'54','','R3041.02.00',43,'无缝钢管 %%C76X7.1 L=200','1',2.41,NULL,'',NULL,NULL,NULL,NULL,NULL,NULL,NULL,NULL,NULL,'14','人孔',NULL,NULL),(1859,NULL,'55','R3041.02.07','R3041.02.00',35,'支承板','1',1.6,NULL,'△',NULL,NULL,NULL,NULL,NULL,NULL,NULL,NULL,NULL,'15','人孔',NULL,NULL),(1860,NULL,'56','R3041.03.01','R3041.03.00',41,'挡板-20XD320','2',12.6,NULL,'',NULL,NULL,NULL,NULL,NULL,NULL,NULL,NULL,NULL,'1','吊耳 AXA-200-20',NULL,NULL),(1861,NULL,'57','R3041.03.02','R3041.03.00',43,'管轴','2',12.7,NULL,'',NULL,NULL,NULL,NULL,NULL,NULL,NULL,NULL,NULL,'2','吊耳 AXA-200-20',NULL,NULL),(1862,NULL,'58','R3041.03.03','R3041.03.00',20,'垫板','2',20,NULL,'△',NULL,NULL,NULL,NULL,NULL,NULL,NULL,NULL,NULL,'3','吊耳 AXA-200-20',NULL,NULL),(1863,NULL,'2','R3041.01','R3041.00',6,'接地板','1',0.2,NULL,'',NULL,NULL,NULL,NULL,1,NULL,NULL,NULL,NULL,'1','中高压氮气储罐',NULL,NULL),(1864,NULL,'4','R3041.02','R3041.00',20,'下封头','1',426,NULL,'△△',NULL,NULL,NULL,NULL,NULL,NULL,NULL,NULL,NULL,'3','中高压氮气储罐',NULL,NULL),(1865,NULL,'6','R3041.03','R3041.00',20,'筒体DN1200 t=46 H=4708','1',6654,NULL,'△△',NULL,NULL,NULL,NULL,NULL,NULL,NULL,NULL,NULL,'5','中高压氮气储罐',NULL,NULL),(1866,NULL,'13','R3041.05','R3041.00',20,'上封头','1',426,NULL,'△△',NULL,NULL,NULL,NULL,NULL,NULL,NULL,NULL,NULL,'12','中高压氮气储罐',NULL,NULL),(1867,NULL,'22','R3041.11','R3041.00',34,'接管 %%C60.3X8.8-592','1',6,NULL,'△',NULL,NULL,NULL,NULL,NULL,NULL,NULL,NULL,NULL,'21','中高压氮气储罐',NULL,NULL),(1868,NULL,'23','','R3041.00',35,'挡片-6X71-100','3',0.33,NULL,'',NULL,NULL,NULL,NULL,NULL,NULL,NULL,NULL,NULL,'22','中高压氮气储罐',NULL,NULL),(1869,NULL,'29','','R3041.00',43,'排气孔%%C89X6 L=50','4',0.6,NULL,'',NULL,NULL,NULL,NULL,NULL,NULL,NULL,NULL,NULL,'28','中高压氮气储罐',NULL,NULL),(1870,NULL,'30','R3041.12','R3041.00',20,'检查孔 DN450X10 L=250','2',27,NULL,'',NULL,NULL,NULL,NULL,NULL,NULL,NULL,NULL,NULL,'29','中高压氮气储罐',NULL,NULL),(1871,NULL,'31','','R3041.00',43,'引出管 %%C219X6 L=150','1',4.7,NULL,'',NULL,NULL,NULL,NULL,NULL,NULL,NULL,NULL,NULL,'30','中高压氮气储罐',NULL,NULL),(1872,NULL,'32','R3041.13','R3041.00',20,'裙座筒体 DN1200 t=10 H=1770','1',528,NULL,'△',NULL,NULL,NULL,NULL,NULL,NULL,NULL,NULL,NULL,'31','中高压氮气储罐',NULL,NULL),(1873,NULL,'33','R3041.14','R3041.00',20,'筋板 t=16','16',0.23,NULL,'',NULL,NULL,NULL,NULL,NULL,NULL,NULL,NULL,NULL,'32','中高压氮气储罐',NULL,NULL),(1874,NULL,'34','R3041.15','R3041.00',20,'基础环板 t=16','1',106,NULL,'',NULL,NULL,NULL,NULL,NULL,NULL,NULL,NULL,NULL,'33','中高压氮气储罐',NULL,NULL),(1875,NULL,'35','R3041.16','R3041.00',35,'模板','1',47,NULL,'',NULL,NULL,NULL,NULL,NULL,NULL,NULL,NULL,NULL,'34','中高压氮气储罐',NULL,NULL),(1876,NULL,'38','R3041.01.01','R3041.01.00',20,'铭牌座','1',1.21,NULL,'△',NULL,NULL,NULL,NULL,NULL,NULL,NULL,NULL,NULL,'1','铭牌',NULL,NULL),(1877,NULL,'47','R3041.02.02','R3041.02.00',35,'把手','2',0.66,NULL,'△',NULL,NULL,NULL,NULL,NULL,NULL,NULL,NULL,NULL,'7','人孔',NULL,NULL),(1878,NULL,'48','R3041.02.03','R3041.02.00',35,'吊环','1',0.28,NULL,'',NULL,NULL,NULL,NULL,NULL,NULL,NULL,NULL,NULL,'8','人孔',NULL,NULL),(1879,NULL,'49','R3041.02.04','R3041.02.00',35,'吊钩','1',1.5,NULL,'',NULL,NULL,NULL,NULL,NULL,NULL,NULL,NULL,NULL,'9','人孔',NULL,NULL),(1880,NULL,'52','R3041.02.05','R3041.02.00',35,'转臂','1',15.2,NULL,'',NULL,NULL,NULL,NULL,NULL,NULL,NULL,NULL,NULL,'12','人孔',NULL,NULL),(1881,NULL,'53','R3041.02.06','R3041.02.00',35,'环','1',0.33,NULL,'',NULL,NULL,NULL,NULL,NULL,NULL,NULL,NULL,NULL,'13','人孔',NULL,NULL),(1882,NULL,'54','','R3041.02.00',43,'无缝钢管 %%C76X7.1 L=200','1',2.41,NULL,'',NULL,NULL,NULL,NULL,NULL,NULL,NULL,NULL,NULL,'14','人孔',NULL,NULL),(1883,NULL,'55','R3041.02.07','R3041.02.00',35,'支承板','1',1.6,NULL,'△',NULL,NULL,NULL,NULL,NULL,NULL,NULL,NULL,NULL,'15','人孔',NULL,NULL),(1884,NULL,'56','R3041.03.01','R3041.03.00',41,'挡板-20XD320','2',12.6,NULL,'',NULL,NULL,NULL,NULL,NULL,NULL,NULL,NULL,NULL,'1','吊耳 AXA-200-20',NULL,NULL),(1885,NULL,'57','R3041.03.02','R3041.03.00',43,'管轴','2',12.7,NULL,'',NULL,NULL,NULL,NULL,NULL,NULL,NULL,NULL,NULL,'2','吊耳 AXA-200-20',NULL,NULL),(1886,NULL,'58','R3041.03.03','R3041.03.00',20,'垫板','2',20,NULL,'△',NULL,NULL,NULL,NULL,NULL,NULL,NULL,NULL,NULL,'3','吊耳 AXA-200-20',NULL,NULL),(1887,NULL,'',NULL,NULL,26,'',NULL,NULL,NULL,NULL,'1.2',NULL,NULL,NULL,0,NULL,NULL,NULL,NULL,NULL,NULL,NULL,NULL),(1888,NULL,'',NULL,NULL,10,'',NULL,NULL,NULL,NULL,'2.4',NULL,NULL,NULL,0,NULL,NULL,NULL,NULL,NULL,NULL,NULL,NULL),(1889,NULL,'',NULL,NULL,27,'',NULL,NULL,NULL,NULL,'4.0',NULL,NULL,NULL,0,NULL,NULL,NULL,NULL,NULL,NULL,NULL,NULL),(1890,NULL,'',NULL,NULL,26,'',NULL,NULL,NULL,NULL,'4.0',NULL,NULL,NULL,0,NULL,NULL,NULL,NULL,NULL,NULL,NULL,NULL),(1891,NULL,'',NULL,NULL,26,'',NULL,NULL,NULL,NULL,'1.2',NULL,NULL,NULL,0,NULL,NULL,NULL,NULL,NULL,NULL,NULL,NULL),(1892,NULL,'',NULL,NULL,10,'',NULL,NULL,NULL,NULL,'2.4',NULL,NULL,NULL,0,NULL,NULL,NULL,NULL,NULL,NULL,NULL,NULL),(1893,NULL,'',NULL,NULL,27,'',NULL,NULL,NULL,NULL,'4.0',NULL,NULL,NULL,0,NULL,NULL,NULL,NULL,NULL,NULL,NULL,NULL),(1894,NULL,'',NULL,NULL,26,'',NULL,NULL,NULL,NULL,'4.0',NULL,NULL,NULL,0,NULL,NULL,NULL,NULL,NULL,NULL,NULL,NULL);
/*!40000 ALTER TABLE `const_materiel` ENABLE KEYS */;
UNLOCK TABLES;

--
-- Table structure for table `const_orderformstatus`
--

DROP TABLE IF EXISTS `const_orderformstatus`;
/*!40101 SET @saved_cs_client     = @@character_set_client */;
/*!40101 SET character_set_client = utf8 */;
CREATE TABLE `const_orderformstatus` (
  `id` int(11) NOT NULL AUTO_INCREMENT,
  `status` int(11) NOT NULL,
  `next_status_id` int(11) DEFAULT NULL,
  PRIMARY KEY (`id`),
  KEY `const_orderformstatus_5b57cfb9` (`next_status_id`),
  CONSTRAINT `next_status_id_refs_id_11a10293` FOREIGN KEY (`next_status_id`) REFERENCES `const_orderformstatus` (`id`)
) ENGINE=InnoDB AUTO_INCREMENT=6 DEFAULT CHARSET=utf8;
/*!40101 SET character_set_client = @saved_cs_client */;

--
-- Dumping data for table `const_orderformstatus`
--

LOCK TABLES `const_orderformstatus` WRITE;
/*!40000 ALTER TABLE `const_orderformstatus` DISABLE KEYS */;
INSERT INTO `const_orderformstatus` VALUES (1,0,2),(2,1,3),(3,2,NULL),(4,3,5),(5,4,NULL);
/*!40000 ALTER TABLE `const_orderformstatus` ENABLE KEYS */;
UNLOCK TABLES;

--
-- Table structure for table `const_processreview`
--

DROP TABLE IF EXISTS `const_processreview`;
/*!40101 SET @saved_cs_client     = @@character_set_client */;
/*!40101 SET character_set_client = utf8 */;
CREATE TABLE `const_processreview` (
  `id` int(11) NOT NULL AUTO_INCREMENT,
  `meteriel_id` int(11) NOT NULL,
  `problem_statement` varchar(200) DEFAULT NULL,
  `advice_statement` varchar(200) DEFAULT NULL,
  PRIMARY KEY (`id`),
  KEY `const_processreview_581b0c55` (`meteriel_id`),
  CONSTRAINT `meteriel_id_refs_id_14ddc980` FOREIGN KEY (`meteriel_id`) REFERENCES `const_materiel` (`id`)
) ENGINE=InnoDB DEFAULT CHARSET=utf8;
/*!40101 SET character_set_client = @saved_cs_client */;

--
-- Dumping data for table `const_processreview`
--

LOCK TABLES `const_processreview` WRITE;
/*!40000 ALTER TABLE `const_processreview` DISABLE KEYS */;
/*!40000 ALTER TABLE `const_processreview` ENABLE KEYS */;
UNLOCK TABLES;

--
-- Table structure for table `const_subworkorder`
--

DROP TABLE IF EXISTS `const_subworkorder`;
/*!40101 SET @saved_cs_client     = @@character_set_client */;
/*!40101 SET character_set_client = utf8 */;
CREATE TABLE `const_subworkorder` (
  `id` int(11) NOT NULL AUTO_INCREMENT,
  `order_id` int(11) NOT NULL,
  `index` varchar(100) NOT NULL,
  `name` varchar(100) NOT NULL,
  `is_finish` tinyint(1) NOT NULL,
  PRIMARY KEY (`id`),
  KEY `const_subworkorder_8337030b` (`order_id`),
  CONSTRAINT `order_id_refs_id_6adf9418` FOREIGN KEY (`order_id`) REFERENCES `const_workorder` (`id`)
) ENGINE=InnoDB AUTO_INCREMENT=49 DEFAULT CHARSET=utf8;
/*!40101 SET character_set_client = @saved_cs_client */;

--
-- Dumping data for table `const_subworkorder`
--

LOCK TABLES `const_subworkorder` WRITE;
/*!40000 ALTER TABLE `const_subworkorder` DISABLE KEYS */;
INSERT INTO `const_subworkorder` VALUES (47,31,'1','03015007B-1',0),(48,31,'2','03015007B-2',0);
/*!40000 ALTER TABLE `const_subworkorder` ENABLE KEYS */;
UNLOCK TABLES;

--
-- Table structure for table `const_workorder`
--

DROP TABLE IF EXISTS `const_workorder`;
/*!40101 SET @saved_cs_client     = @@character_set_client */;
/*!40101 SET character_set_client = utf8 */;
CREATE TABLE `const_workorder` (
  `id` int(11) NOT NULL AUTO_INCREMENT,
  `order_index` varchar(20) NOT NULL,
  `sell_type` int(11) NOT NULL,
  `client_name` varchar(100) NOT NULL,
  `product_name` varchar(100) NOT NULL,
  `count` varchar(20) NOT NULL,
  `is_finish` tinyint(1) NOT NULL,
  `project_name` varchar(100) NOT NULL,
  PRIMARY KEY (`id`),
  UNIQUE KEY `order_index` (`order_index`)
) ENGINE=InnoDB AUTO_INCREMENT=32 DEFAULT CHARSET=utf8;
/*!40101 SET character_set_client = @saved_cs_client */;

--
-- Dumping data for table `const_workorder`
--

LOCK TABLES `const_workorder` WRITE;
/*!40000 ALTER TABLE `const_workorder` DISABLE KEYS */;
INSERT INTO `const_workorder` VALUES (31,'03015007B',1,'XX','中高压氮气储罐','2',0,'华鲁恒升四期工程');
/*!40000 ALTER TABLE `const_workorder` ENABLE KEYS */;
UNLOCK TABLES;

--
-- Table structure for table `django_admin_log`
--

DROP TABLE IF EXISTS `django_admin_log`;
/*!40101 SET @saved_cs_client     = @@character_set_client */;
/*!40101 SET character_set_client = utf8 */;
CREATE TABLE `django_admin_log` (
  `id` int(11) NOT NULL AUTO_INCREMENT,
  `action_time` datetime NOT NULL,
  `user_id` int(11) NOT NULL,
  `content_type_id` int(11) DEFAULT NULL,
  `object_id` longtext,
  `object_repr` varchar(200) NOT NULL,
  `action_flag` smallint(5) unsigned NOT NULL,
  `change_message` longtext NOT NULL,
  PRIMARY KEY (`id`),
  KEY `django_admin_log_fbfc09f1` (`user_id`),
  KEY `django_admin_log_e4470c6e` (`content_type_id`),
  CONSTRAINT `content_type_id_refs_id_288599e6` FOREIGN KEY (`content_type_id`) REFERENCES `django_content_type` (`id`),
  CONSTRAINT `user_id_refs_id_c8665aa` FOREIGN KEY (`user_id`) REFERENCES `auth_user` (`id`)
) ENGINE=InnoDB AUTO_INCREMENT=4260 DEFAULT CHARSET=utf8;
/*!40101 SET character_set_client = @saved_cs_client */;

--
-- Dumping data for table `django_admin_log`
--

LOCK TABLES `django_admin_log` WRITE;
/*!40000 ALTER TABLE `django_admin_log` DISABLE KEYS */;
INSERT INTO `django_admin_log` VALUES (1,'2015-09-22 14:58:21',1,9,'1','标单创建',1,''),(2,'2015-09-22 14:58:29',1,9,'2','标单编制',1,''),(3,'2015-09-22 14:58:31',1,9,'3','标单审批',1,''),(4,'2015-09-22 14:58:33',1,9,'4','供应商选择',1,''),(5,'2015-09-22 14:58:36',1,9,'5','招标',1,''),(6,'2015-09-22 14:58:38',1,9,'6','过程跟踪',1,''),(7,'2015-09-22 14:58:41',1,9,'7','检查入库',1,''),(8,'2015-09-22 14:58:43',1,9,'8','标单完成',1,''),(9,'2015-09-22 14:58:45',1,9,'9','标单终止',1,''),(10,'2015-09-22 14:59:05',1,8,'1','1111',1,''),(11,'2015-09-22 14:59:21',1,8,'2','222',1,''),(12,'2015-09-22 14:59:43',1,8,'3','333',1,''),(13,'2015-09-22 14:59:55',1,8,'4','444',1,''),(15,'2015-09-26 09:17:20',1,3,'2','123',1,''),(16,'2015-09-26 09:17:29',1,3,'2','123',2,'已修改 password 。'),(17,'2015-09-26 09:18:14',1,9,'10','标单创建',1,''),(18,'2015-09-26 09:18:29',1,9,'11','标单编制',1,''),(19,'2015-09-26 09:18:36',1,9,'10','标单创建',2,'已修改 next_part_status 。'),(20,'2015-09-26 09:18:43',1,9,'12','标单终止',1,''),(21,'2015-09-26 09:18:54',1,9,'13','标单完成',1,''),(22,'2015-09-26 09:21:08',1,9,'14','标单入库',1,''),(23,'2015-09-26 09:22:19',1,9,'15','标单检验',1,''),(24,'2015-09-26 09:22:36',1,9,'16','进程跟踪',1,''),(25,'2015-09-26 09:23:09',1,9,'17','中标通知书',1,''),(26,'2015-09-26 09:23:17',1,9,'18','滨海招标办领导批准',1,''),(27,'2015-09-26 09:23:23',1,9,'19','滨海公司领导批准',1,''),(28,'2015-09-26 09:23:30',1,9,'20','分公司领导批准',1,''),(29,'2015-09-26 09:23:40',1,9,'21','招标申请',1,''),(30,'2015-09-26 09:23:50',1,9,'22','供应商选择',1,''),(31,'2015-09-26 09:24:01',1,9,'23','标单审批',1,''),(32,'2015-09-26 09:24:47',1,9,'11','标单编制',2,'已修改 next_part_status 。'),(33,'2015-09-26 10:18:47',1,8,'5','111',1,''),(34,'2015-09-26 10:19:08',1,8,'6','2222',1,''),(35,'2015-09-26 10:19:21',1,8,'7','333',1,''),(36,'2015-09-26 10:19:34',1,8,'8','444',1,''),(37,'2015-09-26 03:06:42',1,12,'2','111',1,''),(38,'2015-09-26 03:06:47',1,12,'3','2222',1,''),(39,'2015-09-26 03:06:50',1,12,'4','333',1,''),(40,'2015-09-26 03:06:53',1,12,'5','444',1,''),(41,'2015-09-29 03:31:38',1,13,'1','20150001',1,''),(42,'2015-09-29 03:31:52',1,13,'2','20150002',1,''),(43,'2015-09-28 15:58:29',1,14,'1','胡骏红薯店',1,''),(44,'2015-09-28 17:42:48',1,15,'1','11',1,''),(45,'2015-09-28 17:50:27',1,15,'2','22',1,''),(46,'2015-09-28 17:57:19',1,15,'3','33',1,''),(47,'2015-09-30 02:14:21',1,22,'1','主材定额表',1,''),(48,'2015-09-30 02:15:15',1,22,'2','辅料定额',1,''),(49,'2015-09-30 02:15:26',1,22,'1','主材定额',2,'已修改 name 。'),(50,'2015-09-30 02:15:40',1,22,'3','先投件明细',1,''),(51,'2015-09-30 02:15:55',1,22,'4','外购件明细',1,''),(52,'2015-09-30 02:16:03',1,22,'5','铸锻件明细',1,''),(53,'2015-09-29 08:02:18',1,12,'4','444',2,'已修改 bidform 。'),(54,'2015-09-29 08:02:23',1,12,'3','444',2,'已修改 bidform 。'),(55,'2015-09-30 08:35:36',1,18,'1','螺母',1,''),(56,'2015-09-30 08:35:50',1,18,'2','螺母',1,''),(57,'2015-09-30 08:36:27',1,19,'1','螺母20',1,''),(58,'2015-09-30 08:37:33',1,12,'1','444(螺母20)',1,''),(59,'2015-09-30 08:56:42',1,19,'2','螺柱',1,''),(60,'2015-09-30 08:56:57',1,12,'2','444(螺柱)',1,''),(65,'2015-10-06 07:40:29',1,25,'5','MaterielPurchasingStatus object',1,''),(66,'2015-10-06 07:40:36',1,25,'6','MaterielPurchasingStatus object',1,''),(67,'2015-10-06 07:48:39',1,25,'6','螺柱',2,'已修改 add_to_detail 。'),(68,'2015-10-05 16:19:51',1,15,'5','4.txt',3,''),(69,'2015-10-05 16:19:59',1,15,'4','',3,''),(72,'2015-10-06 08:19:25',1,25,'6','螺柱',2,'已修改 add_to_detail 。'),(73,'2015-10-06 08:19:30',1,25,'5','螺母20',2,'已修改 add_to_detail 。'),(74,'2015-10-06 08:21:00',1,25,'6','螺柱',2,'已修改 add_to_detail 。'),(75,'2015-10-06 08:21:03',1,25,'5','螺母20',2,'已修改 add_to_detail 。'),(76,'2015-10-07 08:31:32',1,29,'1','订购单创建',1,''),(77,'2015-10-07 08:31:35',1,29,'2','订购单完成',1,''),(78,'2015-10-07 08:31:39',1,29,'3','订购单终止',1,''),(79,'2015-10-07 08:31:46',1,29,'1','订购单创建',2,'已修改 next_status 。'),(80,'2015-10-07 08:32:01',1,29,'2','订购单完成',2,'已修改 next_status 。'),(81,'2015-10-06 08:31:00',1,25,'6','螺柱',2,'已修改 add_to_detail 。'),(82,'2015-10-06 08:31:03',1,25,'5','螺母20',2,'已修改 add_to_detail 。'),(83,'2015-10-06 08:43:29',1,25,'6','螺柱',2,'已修改 add_to_detail 。'),(84,'2015-10-06 08:43:32',1,25,'5','螺母20',2,'已修改 add_to_detail 。'),(85,'2015-10-06 08:47:56',1,25,'6','螺柱',2,'已修改 add_to_detail 。'),(86,'2015-10-06 08:48:00',1,25,'5','螺母20',2,'已修改 add_to_detail 。'),(87,'2015-10-06 08:48:43',1,25,'6','螺柱',2,'已修改 add_to_detail 。'),(88,'2015-10-06 08:48:47',1,25,'5','螺母20',2,'已修改 add_to_detail 。'),(90,'2015-10-06 09:03:33',1,25,'6','螺柱',2,'没有字段被修改。'),(91,'2015-10-06 09:03:37',1,25,'5','螺母20',2,'已修改 add_to_detail 。'),(94,'2015-10-06 11:33:22',1,34,'1','1111',1,''),(95,'2015-10-06 11:41:14',1,25,'6','螺柱',2,'已修改 add_to_detail 。'),(96,'2015-10-06 11:33:30',1,34,'1','1111',2,'没有字段被修改。'),(97,'2015-10-06 11:41:19',1,25,'5','螺母20',2,'已修改 add_to_detail 。'),(98,'2015-10-06 11:33:36',1,34,'1','1111',2,'已修改 is_approval 。'),(99,'2015-10-06 11:33:42',1,34,'1','1111',2,'已修改 is_approval 。'),(100,'2015-10-06 12:04:17',1,25,'5','螺母20',2,'已修改 add_to_detail 。'),(101,'2015-10-06 20:35:39',1,31,'1','111 select 胡骏裁缝店1',3,''),(102,'2015-10-07 01:23:45',1,25,'5','螺母20',2,'已修改 add_to_detail 。'),(103,'2015-10-07 03:18:59',1,35,'1','1111(11)',1,''),(104,'2015-10-07 08:47:48',1,25,'6','螺柱',2,'没有字段被修改。'),(105,'2015-10-07 08:47:52',1,25,'5','螺母20',2,'没有字段被修改。'),(106,'2015-10-07 08:49:44',1,25,'5','螺母20',2,'没有字段被修改。'),(107,'2015-10-07 08:49:47',1,25,'6','螺柱',2,'没有字段被修改。'),(108,'2015-10-07 09:03:49',1,25,'6','螺柱',2,'已修改 add_to_detail 。'),(109,'2015-10-07 09:05:54',1,25,'6','螺柱',2,'已修改 add_to_detail 。'),(110,'2015-10-07 09:10:46',1,25,'6','螺柱',2,'已修改 add_to_detail 。'),(111,'2015-10-07 09:10:50',1,25,'5','螺母20',2,'已修改 add_to_detail 。'),(112,'2015-10-07 19:33:16',1,39,'1','2222',1,''),(113,'2015-10-07 19:34:17',1,39,'1','111',2,'已修改 bidform 。'),(114,'2015-10-07 19:34:17',1,39,'1','111',2,'没有字段被修改。'),(115,'2015-10-07 13:06:15',1,32,'1','1111',1,''),(116,'2015-10-07 21:42:42',1,39,'2','111',1,''),(117,'2015-10-08 07:52:31',1,25,'6','螺柱',2,'已修改 add_to_detail 。'),(118,'2015-10-08 07:52:35',1,25,'5','螺母20',2,'已修改 add_to_detail 。'),(119,'2015-10-08 15:34:28',1,39,'3','111',3,''),(120,'2015-10-09 10:27:44',1,32,'16','11',2,'已修改 order_status 。'),(123,'2015-10-09 10:51:58',1,36,'3','CEDC',1,''),(124,'2015-10-09 10:52:19',1,36,'2','EDF321',2,'已修改 materiel_choice 。'),(125,'2015-10-09 10:52:25',1,36,'1','ABC123',2,'已修改 materiel_choice 。'),(126,'2015-10-10 03:34:24',1,8,'9','23232323',1,''),(127,'2015-10-10 03:34:35',1,8,'10','32323232',1,''),(129,'2015-10-09 14:58:39',1,38,'1','螺柱',1,''),(130,'2015-10-10 13:05:08',1,31,'7','111 select 胡骏红薯店',3,''),(131,'2015-10-10 13:05:37',1,8,'5','111',2,'已修改 bid_status 。'),(132,'2015-10-10 13:09:01',1,8,'5','111',2,'已修改 bid_status 。'),(133,'2015-10-10 13:09:01',1,8,'5','111',2,'已修改 bid_status 。'),(134,'2015-10-10 13:10:36',1,8,'5','111',2,'已修改 bid_status 。'),(135,'2015-10-10 13:10:36',1,8,'5','111',2,'已修改 bid_status 。'),(136,'2015-10-11 08:00:50',1,38,'1','螺柱',2,'已修改 order_form 。'),(137,'2015-10-11 08:12:43',1,38,'2','螺母20',1,''),(138,'2015-10-10 18:40:56',1,8,'5','111',2,'已修改 bid_status 。'),(139,'2015-10-10 18:40:56',1,8,'5','111',2,'没有字段被修改。'),(140,'2015-10-11 15:34:18',1,36,'4','LGD',1,''),(141,'2015-10-11 18:37:53',1,36,'4','LGD',3,''),(142,'2015-10-11 13:06:17',1,48,'4','from 进程跟踪 to  标单检验',1,''),(143,'2015-10-12 08:10:33',1,47,'12','from 标单检验 to 标单完成',1,''),(144,'2015-10-12 12:38:32',1,38,'1','螺柱',2,'已修改 order_form 。'),(145,'2015-10-14 01:59:18',1,38,'1','螺柱',2,'已修改 order_form 。'),(146,'2015-10-14 03:39:00',1,38,'1','螺柱',2,'已修改 bid_form 。'),(147,'2015-10-14 05:52:26',1,8,'20','20150015',3,''),(148,'2015-10-13 14:07:48',1,8,'5','111',2,'已修改 bid_status 。'),(149,'2015-10-13 14:24:30',1,8,'5','111',2,'已修改 bid_status 。'),(150,'2015-10-13 14:29:56',1,8,'5','111',2,'已修改 bid_status 。'),(151,'2015-10-13 14:31:28',1,8,'5','111',2,'已修改 bid_status 。'),(152,'2015-10-14 03:10:14',1,8,'8','444',2,'已修改 bid_status 。'),(153,'2015-10-15 08:39:10',1,38,'2','螺母20',2,'已修改 bid_form 。'),(154,'2015-10-15 08:39:15',1,38,'1','螺柱',2,'已修改 bid_form 。'),(155,'2015-10-14 11:00:17',1,38,'2','螺母20',2,'已修改 order_form 。'),(156,'2015-10-14 11:00:22',1,38,'1','螺柱',2,'已修改 order_form 。'),(157,'2015-10-15 09:35:19',1,38,'2','螺母20',2,'已修改 order_form 。'),(158,'2015-10-15 09:35:23',1,38,'1','螺柱',2,'已修改 order_form 。'),(159,'2015-10-15 09:37:48',1,38,'2','螺母20',2,'已修改 order_form 。'),(160,'2015-10-15 09:37:52',1,38,'1','螺柱',2,'已修改 order_form 。'),(161,'2015-10-15 09:52:41',1,38,'2','螺母20',2,'已修改 order_form 。'),(162,'2015-10-15 09:52:48',1,38,'1','螺柱',2,'已修改 order_form 。'),(163,'2015-10-15 09:55:56',1,38,'2','螺母20',2,'已修改 order_form 。'),(164,'2015-10-15 09:56:00',1,38,'1','螺柱',2,'已修改 order_form 。'),(165,'2015-10-15 09:59:41',1,38,'2','螺母20',2,'没有字段被修改。'),(166,'2015-10-15 09:59:44',1,38,'1','螺柱',2,'没有字段被修改。'),(167,'2015-10-15 10:00:16',1,38,'2','螺母20',2,'已修改 order_form 。'),(168,'2015-10-15 10:00:22',1,38,'1','螺柱',2,'已修改 order_form 。'),(169,'2015-10-15 10:10:34',1,38,'2','螺母20',2,'已修改 order_form 。'),(170,'2015-10-15 10:10:37',1,38,'1','螺柱',2,'已修改 order_form 。'),(171,'2015-10-15 10:15:05',1,38,'2','螺母20',2,'已修改 order_form 。'),(172,'2015-10-15 10:15:10',1,38,'1','螺柱',2,'已修改 order_form 。'),(173,'2015-10-15 10:16:22',1,38,'2','螺母20',2,'已修改 order_form 。'),(174,'2015-10-15 10:16:29',1,38,'1','螺柱',2,'已修改 order_form 。'),(175,'2015-10-15 10:26:55',1,38,'2','螺母20',2,'已修改 order_form 。'),(176,'2015-10-16 07:57:54',1,8,'5','111',2,'已修改 bid_status 。'),(177,'2015-10-16 07:59:20',1,8,'5','111',2,'已修改 bid_status 。'),(178,'2015-10-16 08:18:01',1,8,'5','111',2,'已修改 bid_status 。'),(179,'2015-10-16 08:07:19',1,8,'8','444',2,'已修改 bid_status 。'),(180,'2015-10-16 08:07:57',1,8,'8','444',2,'已修改 bid_status 。'),(181,'2015-10-16 08:08:26',1,8,'8','444',2,'已修改 bid_status 。'),(182,'2015-10-16 08:30:21',1,8,'5','111',2,'已修改 bid_status 。'),(183,'2015-10-16 08:30:31',1,8,'5','111',2,'已修改 bid_status 。'),(184,'2015-10-16 08:33:57',1,8,'5','111',2,'已修改 bid_status 。'),(185,'2015-10-16 08:35:27',1,8,'5','111',2,'已修改 bid_status 。'),(186,'2015-10-16 08:35:28',1,8,'5','111',2,'没有字段被修改。'),(187,'2015-10-16 08:54:12',1,8,'8','444',2,'已修改 bid_status 。'),(188,'2015-10-16 08:55:14',1,8,'8','444',2,'已修改 bid_status 。'),(189,'2015-10-16 09:00:53',1,8,'8','444',2,'已修改 bid_status 。'),(190,'2015-10-16 11:47:30',1,8,'8','444',2,'已修改 bid_status 。'),(191,'2015-10-16 11:47:34',1,8,'8','444',2,'没有字段被修改。'),(192,'2015-10-16 12:24:20',1,8,'8','444',2,'已修改 bid_status 。'),(193,'2015-10-17 07:15:41',1,8,'8','444',2,'已修改 bid_status 。'),(194,'2015-10-18 05:06:37',1,42,'1','招标',1,''),(195,'2015-10-18 05:06:39',1,42,'2','议标',1,''),(196,'2015-10-18 13:35:40',1,8,'5','111',2,'已修改 bid_status 。'),(197,'2015-10-19 07:16:32',1,8,'5','111',2,'已修改 bid_status 。'),(198,'2015-10-19 07:30:38',1,8,'5','111',2,'已修改 bid_status 。'),(199,'2015-10-19 07:35:00',1,8,'5','111',2,'已修改 bid_status 。'),(200,'2015-11-03 02:56:16',1,55,'1','生产科',1,''),(201,'2015-11-03 02:56:30',1,55,'2','采购科',1,''),(202,'2015-11-03 02:56:42',1,55,'3','外协科',1,''),(203,'2015-11-03 02:56:52',1,55,'4','仓库',1,''),(204,'2015-11-03 03:12:11',1,55,'1','生产科',2,'已修改 admin 。'),(205,'2015-11-02 10:44:49',1,32,'88','201500087',3,''),(206,'2015-11-02 10:44:49',1,32,'86','201500086',3,''),(207,'2015-11-02 10:44:49',1,32,'85','201500085',3,''),(208,'2015-11-02 10:44:49',1,32,'84','201500084',3,''),(209,'2015-11-02 10:44:49',1,32,'83','201500083',3,''),(210,'2015-11-02 10:44:49',1,32,'82','201500082',3,''),(211,'2015-11-02 10:44:49',1,32,'81','201500081',3,''),(212,'2015-11-02 10:44:49',1,32,'80','201500080',3,''),(213,'2015-11-02 10:44:49',1,32,'79','201500079',3,''),(214,'2015-11-02 10:44:50',1,32,'78','201500075',3,''),(215,'2015-11-02 10:44:50',1,32,'74','201500074',3,''),(216,'2015-11-02 10:44:50',1,32,'73','201500073',3,''),(217,'2015-11-02 10:44:50',1,32,'72','201500072',3,''),(218,'2015-11-02 10:44:50',1,32,'71','201500071',3,''),(219,'2015-11-02 10:44:50',1,32,'70','201500070',3,''),(220,'2015-11-02 10:44:50',1,32,'69','201500069',3,''),(221,'2015-11-02 10:44:50',1,32,'68','201500068',3,''),(222,'2015-11-02 10:44:50',1,32,'67','201500067',3,''),(223,'2015-11-02 10:44:50',1,32,'66','201500066',3,''),(224,'2015-11-02 10:44:50',1,32,'65','201500065',3,''),(225,'2015-11-02 10:44:50',1,32,'64','201500064',3,''),(226,'2015-11-02 10:44:50',1,32,'63','201500063',3,''),(227,'2015-11-02 10:44:50',1,32,'62','201500062',3,''),(228,'2015-11-02 10:44:50',1,32,'61','201500061',3,''),(229,'2015-11-02 10:44:50',1,32,'60','201500060',3,''),(230,'2015-11-02 10:44:50',1,32,'59','201500059',3,''),(231,'2015-11-02 10:44:50',1,32,'58','201500058',3,''),(232,'2015-11-02 10:44:50',1,32,'57','201500057',3,''),(233,'2015-11-02 10:44:50',1,32,'56','201500056',3,''),(234,'2015-11-02 10:44:50',1,32,'55','201500055',3,''),(235,'2015-11-02 10:44:50',1,32,'54','201500054',3,''),(236,'2015-11-02 10:44:50',1,32,'53','201500053',3,''),(237,'2015-11-02 10:44:50',1,32,'52','201500052',3,''),(238,'2015-11-02 10:44:50',1,32,'51','201500051',3,''),(239,'2015-11-02 10:44:50',1,32,'50','201500050',3,''),(240,'2015-11-02 10:44:51',1,32,'49','201500049',3,''),(241,'2015-11-02 10:44:51',1,32,'48','201500048',3,''),(242,'2015-11-02 10:44:51',1,32,'47','201500047',3,''),(243,'2015-11-02 10:44:51',1,32,'46','201500046',3,''),(244,'2015-11-02 10:44:51',1,32,'45','201500045',3,''),(245,'2015-11-02 10:44:51',1,32,'44','201500044',3,''),(246,'2015-11-02 10:44:51',1,32,'43','201500043',3,''),(247,'2015-11-02 10:44:51',1,32,'42','201500042',3,''),(248,'2015-11-02 10:44:51',1,32,'41','201500041',3,''),(249,'2015-11-02 10:44:51',1,32,'40','201500040',3,''),(250,'2015-11-02 10:44:51',1,32,'39','201500039',3,''),(251,'2015-11-02 10:44:51',1,32,'38','201500033',3,''),(252,'2015-11-02 10:44:51',1,32,'32','20150016',3,''),(253,'2015-11-02 10:44:51',1,32,'31','20150020',3,''),(254,'2015-11-02 10:44:51',1,32,'30','20150019',3,''),(255,'2015-11-02 10:44:51',1,32,'28','20150017',3,''),(256,'2015-11-02 10:44:51',1,32,'23','20150012',3,''),(257,'2015-11-02 10:44:51',1,32,'21','20150011',3,''),(258,'2015-11-02 10:44:51',1,32,'20','20150010',3,''),(259,'2015-11-02 10:44:52',1,32,'19','20150009',3,''),(260,'2015-11-02 10:44:52',1,32,'18','20150008',3,''),(261,'2015-11-02 10:44:52',1,32,'15','0000',3,''),(262,'2015-11-02 10:44:52',1,32,'14','123',3,''),(263,'2015-11-02 10:44:52',1,32,'3','222222222',3,''),(264,'2015-11-03 07:49:38',1,3,'3','12',1,''),(265,'2015-11-02 15:20:17',1,32,'92','201500092',3,''),(266,'2015-11-02 15:20:17',1,32,'91','201500091',3,''),(267,'2015-11-04 06:25:06',1,57,'1','科长',1,''),(268,'2015-11-04 06:25:27',1,57,'2','科员',1,''),(269,'2015-11-03 15:38:09',1,18,'3','fefefe',1,''),(270,'2015-11-03 15:39:10',1,19,'3','12312',1,''),(271,'2015-11-03 18:51:02',1,36,'1','111',3,''),(272,'2015-11-04 11:15:53',1,19,'3','12312',2,'已修改 count 。'),(273,'2015-11-04 11:16:09',1,38,'3','12312',3,''),(274,'2015-11-04 11:17:00',1,19,'4','312',1,''),(275,'2015-11-04 11:19:15',1,13,'3','987654',1,''),(276,'2015-11-04 11:19:29',1,19,'4','312',2,'已修改 order 。'),(279,'2015-11-04 14:12:41',1,38,'4','12312',3,''),(280,'2015-11-04 18:53:49',1,38,'5','12312',3,''),(281,'2015-11-04 19:05:28',1,38,'6','12312',3,''),(288,'2015-11-05 10:44:15',1,58,'1','123123',3,''),(289,'2015-11-05 10:44:26',1,38,'7','12312',3,''),(290,'2015-11-05 10:56:02',1,58,'2','123123',3,''),(291,'2015-11-05 10:56:28',1,58,'3','123123',3,''),(292,'2015-11-05 14:04:48',1,61,'1','公司新闻',1,''),(293,'2015-11-05 14:04:54',1,61,'2','重要通知',1,''),(294,'2015-11-05 14:11:29',1,38,'2','螺母20',3,''),(295,'2015-11-05 15:33:50',1,62,'6','34534',3,''),(296,'2015-11-05 15:33:50',1,62,'5','1231',3,''),(297,'2015-11-05 15:33:50',1,62,'4','各',3,''),(298,'2015-11-05 15:33:50',1,62,'3','11',3,''),(299,'2015-11-05 15:33:50',1,62,'2','胡骏',3,''),(300,'2015-11-05 15:33:51',1,62,'1','胡骏',3,''),(301,'2015-11-05 15:39:51',1,63,'1','menu_list.html',3,''),(302,'2015-11-05 15:40:01',1,62,'8','反对很多',3,''),(303,'2015-11-05 15:40:01',1,62,'7','发撒方式',3,''),(304,'2015-11-05 15:35:46',1,58,'4','123123',3,''),(305,'2015-11-05 15:36:41',1,38,'8','12312',3,''),(306,'2015-11-05 15:43:36',1,63,'3','<div class=\"menu-list\">\n',3,''),(307,'2015-11-05 15:43:36',1,63,'2','\n',3,''),(308,'2015-11-05 15:43:48',1,62,'9','是公司的',3,''),(309,'2015-11-05 15:55:25',1,63,'6','menu_list.html',3,''),(310,'2015-11-05 15:55:25',1,63,'5','import_info.html',3,''),(311,'2015-11-05 15:58:58',1,63,'2','import_info.html',3,''),(312,'2015-11-05 15:58:58',1,63,'1','company_news.html',3,''),(313,'2015-11-05 08:28:12',1,64,'1','毛日犬',1,''),(314,'2015-11-05 08:28:54',1,65,'1','',1,''),(315,'2015-11-05 09:33:55',1,18,'1','螺母２',2,'已修改 name 。'),(316,'2015-11-06 01:22:49',1,67,'9','10086',1,''),(317,'2015-11-06 01:23:48',1,67,'9','10010',2,'已修改 department，index，workorder，weld_bead_number，weld_material_number，model，standard，apply_weight，apply_quantity，material_number 和 applicant 。'),(318,'2015-11-06 01:24:24',1,67,'10','10086',1,''),(319,'2015-11-06 09:53:24',1,36,'3','1231',3,''),(320,'2015-11-06 09:53:24',1,36,'2','123',3,''),(321,'2015-11-06 14:02:10',1,36,'5','1231',3,''),(322,'2015-11-06 14:02:10',1,36,'4','123',3,''),(323,'2015-11-06 14:09:12',1,36,'6','123123',2,'已修改 is_save 。'),(324,'2015-11-07 07:26:20',1,56,'1','待处理工作令',1,''),(325,'2015-11-07 08:15:54',1,57,'5','采购科科长',2,'已修改 users 和 authorities 。'),(326,'2015-11-06 08:34:33',1,67,'10','10086',2,'已修改 auditor，inspector 和 commit_user 。'),(327,'2015-11-06 18:28:25',1,62,'15','指导来了',2,'已修改 news_date 。'),(328,'2015-11-06 18:28:33',1,62,'13','回复电话',2,'已修改 news_date 。'),(329,'2015-11-06 18:29:21',1,62,'15','指导来了',3,''),(330,'2015-11-06 18:29:53',1,62,'14','指导来了',2,'已修改 news_date 。'),(332,'2015-11-06 19:00:04',1,38,'10','12312',3,''),(333,'2015-11-06 19:00:04',1,38,'9','螺母10',3,''),(334,'2015-11-06 19:00:04',1,38,'1','螺柱',3,''),(335,'2015-11-06 20:15:14',1,36,'7','123',3,''),(336,'2015-11-06 20:15:14',1,36,'6','123123',3,''),(337,'2015-11-06 20:15:39',1,36,'8','321',3,''),(338,'2015-11-06 20:19:59',1,36,'10','321',3,''),(339,'2015-11-06 20:19:59',1,36,'9','123',3,''),(340,'2015-11-07 02:35:41',1,38,'13','螺柱',2,'已修改 order_form 。'),(341,'2015-11-07 02:36:41',1,38,'12','螺母10',2,'已修改 order_form 。'),(342,'2015-11-07 02:36:46',1,38,'11','12312',2,'已修改 order_form 。'),(344,'2015-11-07 05:26:05',1,68,'1','焊材库',1,''),(345,'2015-11-07 05:28:12',1,68,'2','钢材',1,''),(346,'2015-11-07 05:28:20',1,68,'2','钢材库',2,'已修改 name 。'),(348,'2015-11-08 06:54:52',1,69,'1','',1,''),(349,'2015-11-08 06:54:55',1,69,'2','',1,''),(350,'2015-11-08 06:54:58',1,69,'3','',1,''),(351,'2015-11-08 06:55:01',1,69,'4','',1,''),(352,'2015-11-08 06:55:04',1,69,'5','',1,''),(353,'2015-11-08 06:55:07',1,69,'6','',1,''),(354,'2015-11-08 06:55:10',1,69,'7','',1,''),(355,'2015-11-08 06:55:13',1,69,'8','',1,''),(356,'2015-11-08 06:55:16',1,69,'9','',1,''),(360,'2015-11-07 14:50:07',1,36,'13','1234',3,''),(361,'2015-11-07 14:50:07',1,36,'12','321',3,''),(362,'2015-11-07 14:50:07',1,36,'11','123',3,''),(363,'2015-11-07 14:53:56',1,36,'14','123',3,''),(364,'2015-11-07 15:06:51',1,58,'5','123123',2,'已修改 materiel_execute 。'),(365,'2015-11-07 15:07:14',1,36,'18','432',3,''),(366,'2015-11-07 15:07:14',1,36,'17','1234',3,''),(367,'2015-11-07 15:07:14',1,36,'16','321',3,''),(368,'2015-11-07 15:07:14',1,36,'15','123',3,''),(369,'2015-11-07 15:11:18',1,36,'19','213',2,'已修改 is_save 。'),(370,'2015-11-08 07:55:12',1,69,'9','',3,''),(371,'2015-11-08 07:55:12',1,69,'8','',3,''),(372,'2015-11-08 07:55:12',1,69,'7','',3,''),(373,'2015-11-08 07:55:13',1,69,'6','',3,''),(374,'2015-11-08 07:55:13',1,69,'5','',3,''),(375,'2015-11-08 07:55:13',1,69,'4','',3,''),(376,'2015-11-08 07:55:13',1,69,'3','',3,''),(377,'2015-11-08 07:55:13',1,69,'2','',3,''),(378,'2015-11-08 07:55:13',1,69,'1','',3,''),(379,'2015-11-08 07:55:42',1,69,'10','胡骏',1,''),(380,'2015-11-08 07:56:00',1,69,'11','毛小龙',1,''),(381,'2015-11-08 07:56:18',1,69,'12','郇正杰',1,''),(384,'2015-11-07 20:38:11',1,36,'19','213',2,'已修改 is_save 。'),(385,'2015-11-07 13:48:56',1,65,'2','',1,''),(386,'2015-11-07 21:21:22',1,58,'5','123123',2,'已修改 materiel_execute 。'),(387,'2015-11-07 21:45:59',1,58,'5','123123',2,'已修改 materiel_execute 。'),(388,'2015-11-08 09:41:25',1,65,'1','',1,''),(389,'2015-11-08 09:41:57',1,65,'1','',1,''),(390,'2015-11-09 10:47:36',1,36,'21','1234',2,'已修改 is_save 。'),(391,'2015-11-09 10:53:48',1,62,'19','blablabla',3,''),(392,'2015-11-09 10:53:53',1,62,'18','欢迎莅临指导',3,''),(393,'2015-11-09 10:54:46',1,36,'21','1234',2,'已修改 is_save 。'),(394,'2015-11-09 11:21:18',1,58,'5','123123',2,'已修改 materiel_execute 。'),(395,'2015-11-09 15:53:08',1,36,'21','1234',2,'已修改 is_save 。'),(396,'2015-11-09 21:24:32',1,68,'3','外购件',1,''),(397,'2015-11-10 14:17:54',1,57,'1','生产科科长',2,'已修改 authorities 。'),(398,'2015-11-10 14:48:29',1,72,'5','2015-11-10',3,''),(399,'2015-11-10 14:48:34',1,72,'4','2015-11-10',3,''),(400,'2015-11-10 14:42:12',1,36,'21','1234',2,'已修改 is_save 。'),(401,'2015-11-10 14:51:35',1,36,'22','890',3,''),(402,'2015-11-10 14:56:51',1,36,'24','654',3,''),(403,'2015-11-10 14:56:51',1,36,'23','345',3,''),(404,'2015-11-10 16:19:00',1,57,'2','生产科科员',2,'已修改 users 。'),(405,'2015-11-10 16:19:39',1,57,'3','生产科焊接员工',2,'已修改 users 。'),(407,'2015-11-10 16:49:00',1,72,'7','2015-11-11',3,''),(408,'2015-11-10 16:49:04',1,72,'8','2015-11-11',3,''),(409,'2015-11-10 16:49:08',1,72,'9','2015-11-11',3,''),(410,'2015-11-10 14:03:41',1,58,'5','123123',2,'已修改 quota，part，oddments 和 remark 。'),(413,'2015-11-11 03:03:15',1,67,'1','10086',1,''),(414,'2015-11-11 03:04:00',1,67,'2','10010',1,''),(415,'2015-11-11 03:45:02',1,8,'90','2222222222222',1,''),(416,'2015-11-11 03:50:30',1,67,'2','10010',2,'已修改 material_number，actual_weight 和 actual_quantity 。'),(417,'2015-11-11 03:51:11',1,67,'2','10010',2,'已修改 actual_weight 和 actual_quantity 。'),(418,'2015-11-11 12:31:22',1,57,'10','质检科检查员',2,'已修改 users 。'),(419,'2015-11-11 12:31:29',1,57,'9','采购科采购员',2,'已修改 users 。'),(420,'2015-11-11 12:31:35',1,57,'8','仓库库管员',2,'已修改 users 。'),(421,'2015-11-11 12:32:45',1,57,'8','仓库库管员',2,'已修改 users 。'),(422,'2015-11-11 12:50:01',1,73,'9','20',2,'已修改 amount 。'),(423,'2015-11-11 12:50:21',1,73,'10','111',1,''),(424,'2015-11-11 14:13:06',1,58,'5','123123',2,'已修改 recheck 。'),(425,'2015-11-11 14:18:55',1,58,'5','123123',2,'已修改 recheck 。'),(426,'2015-11-12 02:54:40',1,74,'1','223123',1,''),(427,'2015-11-12 03:20:33',1,74,'1','223123',2,'已修改 weldrfund_status 。'),(428,'2015-11-12 05:42:23',1,58,'5','123123',2,'已修改 recheck，quota，part，oddments 和 remark 。'),(429,'2015-11-12 05:46:46',1,58,'5','123123',2,'已修改 quota，part，oddments 和 remark 。'),(430,'2015-11-12 05:49:36',1,58,'5','123123',2,'已修改 quota，part，oddments 和 remark 。'),(431,'2015-11-12 05:55:12',1,58,'5','123123',2,'已修改 quota，part，oddments 和 remark 。'),(432,'2015-11-12 06:52:23',1,58,'6','3132131',1,''),(433,'2015-11-12 06:59:32',1,58,'7','321',1,''),(434,'2015-11-12 14:52:19',1,8,'89','201500089',3,''),(435,'2015-11-12 14:52:19',1,8,'88','201500088',3,''),(436,'2015-11-12 14:52:19',1,8,'87','201500087',3,''),(437,'2015-11-12 14:52:19',1,8,'86','201500084',3,''),(438,'2015-11-12 14:52:19',1,8,'83','201500083',3,''),(439,'2015-11-12 14:52:19',1,8,'82','201500082',3,''),(440,'2015-11-12 14:52:19',1,8,'81','201500081',3,''),(441,'2015-11-12 14:52:19',1,8,'80','201500080',3,''),(442,'2015-11-12 14:52:19',1,8,'79','201500079',3,''),(443,'2015-11-12 14:52:19',1,8,'78','201500078',3,''),(444,'2015-11-12 14:52:19',1,8,'77','201500077',3,''),(445,'2015-11-12 14:52:19',1,8,'76','201500076',3,''),(446,'2015-11-12 14:52:19',1,8,'75','201500075',3,''),(447,'2015-11-12 14:52:19',1,8,'74','201500074',3,''),(448,'2015-11-12 14:52:19',1,8,'73','201500073',3,''),(449,'2015-11-12 14:52:19',1,8,'72','201500072',3,''),(450,'2015-11-12 14:52:19',1,8,'71','201500071',3,''),(451,'2015-11-12 14:52:19',1,8,'70','201500070',3,''),(452,'2015-11-12 14:52:19',1,8,'69','201500069',3,''),(453,'2015-11-12 14:52:19',1,8,'68','201500068',3,''),(454,'2015-11-12 14:52:19',1,8,'67','201500067',3,''),(455,'2015-11-12 14:52:19',1,8,'66','201500066',3,''),(456,'2015-11-12 14:52:19',1,8,'65','201500065',3,''),(457,'2015-11-12 14:52:19',1,8,'64','201500064',3,''),(458,'2015-11-12 14:52:19',1,8,'63','201500063',3,''),(459,'2015-11-12 14:52:20',1,8,'62','201500062',3,''),(460,'2015-11-12 14:52:20',1,8,'61','201500061',3,''),(461,'2015-11-12 14:52:20',1,8,'60','201500060',3,''),(462,'2015-11-12 14:52:20',1,8,'59','201500059',3,''),(463,'2015-11-12 14:52:20',1,8,'58','201500058',3,''),(464,'2015-11-12 14:52:20',1,8,'57','201500057',3,''),(465,'2015-11-12 14:52:20',1,8,'56','201500056',3,''),(466,'2015-11-12 14:52:20',1,8,'55','201500055',3,''),(467,'2015-11-12 14:52:20',1,8,'54','201500054',3,''),(468,'2015-11-12 14:52:20',1,8,'53','201500053',3,''),(469,'2015-11-12 14:52:20',1,8,'42','20150037',3,''),(470,'2015-11-12 14:52:20',1,8,'40','20150035',3,''),(471,'2015-11-12 14:52:20',1,8,'39','20150034',3,''),(472,'2015-11-12 14:52:20',1,8,'38','20150033',3,''),(473,'2015-11-12 14:52:20',1,8,'37','20150032',3,''),(474,'2015-11-12 14:52:20',1,8,'36','20150031',3,''),(475,'2015-11-12 14:52:20',1,8,'35','20150030',3,''),(476,'2015-11-12 14:52:20',1,8,'34','20150029',3,''),(477,'2015-11-12 14:52:20',1,8,'33','20150028',3,''),(478,'2015-11-12 14:52:20',1,8,'32','20150027',3,''),(479,'2015-11-12 14:52:20',1,8,'31','20150026',3,''),(480,'2015-11-12 14:52:20',1,8,'30','20150025',3,''),(481,'2015-11-12 14:52:20',1,8,'29','20150024',3,''),(482,'2015-11-12 14:52:20',1,8,'28','20150023',3,''),(483,'2015-11-12 14:52:20',1,8,'27','20150022',3,''),(484,'2015-11-12 14:52:20',1,8,'26','20150021',3,''),(485,'2015-11-12 14:52:20',1,8,'25','20150020',3,''),(486,'2015-11-12 14:52:20',1,8,'24','20150019',3,''),(487,'2015-11-12 14:52:21',1,8,'23','20150018',3,''),(488,'2015-11-12 14:52:21',1,8,'22','20150017',3,''),(489,'2015-11-12 14:52:21',1,8,'19','20150014',3,''),(490,'2015-11-12 14:52:21',1,8,'18','20150013',3,''),(491,'2015-11-12 14:52:21',1,8,'17','20150012',3,''),(492,'2015-11-12 14:52:21',1,8,'16','20150011',3,''),(493,'2015-11-12 14:52:21',1,8,'14','20150009',3,''),(494,'2015-11-12 14:52:21',1,8,'13','20150008',3,''),(495,'2015-11-12 14:52:21',1,8,'10','32323232',3,''),(496,'2015-11-12 14:52:21',1,8,'9','23232323',3,''),(497,'2015-11-12 14:52:45',1,8,'5','111',2,'已修改 bid_status 。'),(498,'2015-11-12 15:24:53',1,38,'13','螺柱',2,'已修改 order_form 和 bid_form 。'),(499,'2015-11-12 15:35:16',1,8,'7','333',2,'已修改 bid_status 。'),(500,'2015-11-12 08:28:14',1,56,'2','库管员权',1,''),(501,'2015-11-12 09:22:31',1,57,'8','仓库库管员',2,'已修改 authorities 。'),(510,'2015-11-14 07:02:00',1,54,'3','胡骏',1,''),(511,'2015-11-13 08:40:51',1,74,'1','2222',1,''),(512,'2015-11-13 08:56:54',1,8,'6','2222',2,'已修改 billing_amount 。'),(513,'2015-11-13 19:35:31',1,84,'1','1',1,''),(514,'2015-11-13 12:37:08',1,74,'1','111122',1,''),(515,'2015-11-13 12:58:14',1,74,'1','22222',1,''),(516,'2015-11-13 12:59:17',1,74,'1','22222',2,'已修改 keeper 。'),(520,'2015-11-14 10:49:23',1,69,'10','胡骏',2,'已修改 phone 和 mobile 。'),(521,'2015-11-14 10:55:11',1,69,'10','胡骏',2,'已修改 phone，mobile 和 sex 。'),(522,'2015-11-14 10:56:07',1,69,'10','胡骏',2,'已修改 sex 。'),(523,'2015-11-14 10:56:22',1,69,'10','胡骏',2,'已修改 sex 。'),(524,'2015-11-14 10:56:36',1,69,'10','胡骏',2,'已修改 sex 。'),(525,'2015-11-14 11:02:12',1,84,'1','0108',1,''),(528,'2015-11-14 06:29:27',1,103,'1','110014',1,''),(529,'2015-11-14 06:29:43',1,103,'1','110014',2,'已修改 applicant 。'),(530,'2015-11-14 06:29:54',1,103,'1','110014',2,'已修改 actual_item，actual_quantity 和 commit_user 。'),(533,'2015-11-14 13:05:31',1,105,'1','22222',1,''),(534,'2015-11-14 13:06:26',1,106,'2','螺柱(22222)',1,''),(535,'2015-11-14 13:06:36',1,106,'3','12312(22222)',1,''),(536,'2015-11-14 13:09:35',1,19,'2','螺柱',2,'已修改 specification，standard，unit 和 status 。'),(537,'2015-11-14 13:57:42',1,18,'2','螺母',2,'已修改 material_id 和 categories 。'),(538,'2015-11-15 13:44:57',1,18,'3','fefefe',2,'已修改 material_id 和 categories 。'),(539,'2015-11-15 13:47:43',1,19,'3','12312',2,'已修改 specification 。'),(541,'2015-11-16 16:43:06',1,69,'11','杰克毛',2,'已修改 name 。'),(542,'2015-11-16 14:18:37',1,108,'1','Φ2',1,''),(543,'2015-11-17 01:56:09',1,103,'1','6109500',2,'已修改 actual_item，actual_quantity，applicant 和 commit_user 。'),(544,'2015-11-17 03:09:09',1,104,'3','∮1.2(锦泰)',1,''),(545,'2015-11-17 03:09:52',1,104,'4','∮1.2(锦泰)',1,''),(546,'2015-11-17 03:38:57',1,108,'1','Φ2',2,'没有字段被修改。'),(547,'2015-11-17 03:39:11',1,108,'2','∮1.2',1,''),(548,'2015-11-17 03:39:19',1,108,'2','∮1.2',2,'已修改 count 。'),(568,'2015-11-19 16:07:59',1,67,'3','1',1,''),(569,'2015-11-19 16:09:39',1,74,'2','002',1,''),(589,'2015-11-20 07:25:52',1,68,'2','钢材库',2,'已修改 material_type 。'),(590,'2015-11-20 15:27:40',1,62,'38','download',3,''),(591,'2015-11-20 15:27:40',1,62,'37','罗森还是能力强',3,''),(592,'2015-11-20 15:27:40',1,62,'36','胡老师私密file',3,''),(593,'2015-11-20 15:27:40',1,62,'35','nononop',3,''),(594,'2015-11-20 15:27:40',1,62,'34','特斯特',3,''),(595,'2015-11-20 15:27:40',1,62,'33','啦啦啦拉二胡',3,''),(596,'2015-11-20 15:27:40',1,62,'32','拉二胡',3,''),(597,'2015-11-20 15:27:40',1,62,'31','璨璨璨～～～璨哥',3,''),(598,'2015-11-20 15:27:40',1,62,'30','提提提提他',3,''),(599,'2015-11-20 15:27:40',1,62,'29','符合符合',3,''),(600,'2015-11-20 15:27:40',1,62,'28','催泪长文',3,''),(601,'2015-11-20 15:27:40',1,62,'26','wr',3,''),(602,'2015-11-20 15:27:40',1,62,'25','sdf',3,''),(603,'2015-11-20 15:27:40',1,62,'24','wer',3,''),(604,'2015-11-20 15:27:40',1,62,'22','安抚',3,''),(605,'2015-11-20 15:27:40',1,62,'21','blabla',3,''),(606,'2015-11-20 15:27:40',1,62,'20','blablabla',3,''),(607,'2015-11-20 15:27:40',1,62,'17','testtest2',3,''),(608,'2015-11-20 15:27:40',1,62,'16','test',3,''),(609,'2015-11-20 15:27:40',1,62,'14','指导来了',3,''),(610,'2015-11-20 15:27:41',1,62,'12','胡骏',3,''),(611,'2015-11-20 15:27:41',1,62,'11','的广东省的',3,''),(612,'2015-11-20 15:27:41',1,62,'10','晚上服务反而是个反而的',3,''),(615,'2015-11-22 06:21:48',1,105,'2','123456',1,''),(616,'2015-11-22 07:56:48',1,105,'2','123456',2,'已修改 entry_status 。'),(617,'2015-11-22 10:26:59',1,106,'3','12312(222222222)',2,'没有字段被修改。'),(627,'2015-11-25 01:40:15',1,105,'2','20151102',2,'已修改 bidform，entry_code 和 entry_status 。'),(629,'2015-11-25 01:41:31',1,103,'1','20151117001',2,'已修改 index 。'),(630,'2015-11-25 01:41:54',1,105,'2','2015110200',2,'已修改 entry_code 。'),(631,'2015-11-25 01:43:38',1,103,'1','2015111701',2,'已修改 index 。'),(632,'2015-11-25 01:42:42',1,105,'2','2015110200',2,'没有字段被修改。'),(633,'2015-11-25 01:43:46',1,103,'2','2015111702',2,'已修改 index 。'),(634,'2015-11-25 01:43:51',1,103,'3','2015111703',2,'已修改 index 。'),(635,'2015-11-25 01:43:02',1,105,'1','2015110401',2,'已修改 entry_code 。'),(636,'2015-11-25 01:42:34',1,68,'4','华本长板1区',1,''),(637,'2015-11-25 01:45:07',1,103,'4','2015111704',2,'已修改 index 和 status 。'),(638,'2015-11-25 01:45:27',1,103,'5','2015111705',2,'已修改 index 。'),(639,'2015-11-25 01:45:33',1,103,'6','2015111706',2,'已修改 index 。'),(640,'2015-11-25 01:45:49',1,103,'7','2015111707',2,'已修改 index 。'),(641,'2015-11-25 01:46:00',1,103,'8','2015111708',2,'已修改 index 。'),(642,'2015-11-25 01:45:07',1,105,'2','2015110201',2,'已修改 entry_code 。'),(643,'2015-11-25 01:46:12',1,103,'9','2015112402',2,'已修改 index 和 status 。'),(644,'2015-11-25 01:43:50',1,68,'5','华本短板1区',1,''),(645,'2015-11-25 01:46:21',1,103,'10','2015112403',2,'已修改 index 和 status 。'),(646,'2015-11-25 01:46:29',1,103,'11','2015112404',2,'已修改 index 和 status 。'),(647,'2015-11-25 01:46:46',1,103,'12','2015112501',2,'已修改 index 和 status 。'),(648,'2015-11-25 01:47:07',1,103,'11','2015112502',2,'已修改 index 和 status 。'),(649,'2015-11-25 01:44:46',1,68,'6','薄板混放区 ',1,''),(650,'2015-11-25 01:47:34',1,103,'9','2015112404',2,'已修改 index 和 status 。'),(651,'2015-11-25 01:47:40',1,103,'10','2015112402',2,'已修改 index 和 status 。'),(652,'2015-11-25 01:47:45',1,103,'9','2015112403',2,'已修改 index 和 status 。'),(653,'2015-11-25 01:45:32',1,68,'7','Q245R厚板2区',1,''),(655,'2015-11-25 01:48:06',1,13,'4','201500003',1,''),(656,'2015-11-25 01:48:14',1,13,'4','20150003',2,'已修改 order_index 。'),(657,'2015-11-25 01:48:22',1,13,'3','987654',3,''),(658,'2015-11-25 01:48:53',1,13,'5','20150004',1,''),(661,'2015-11-25 01:58:06',1,105,'3','2015110601',1,''),(662,'2015-11-25 01:58:19',1,105,'4','2015110801',1,''),(663,'2015-11-25 01:58:21',1,105,'4','2015110801',2,'没有字段被修改。'),(664,'2015-11-25 01:58:54',1,105,'5','2015111201',1,''),(665,'2015-11-25 01:58:58',1,105,'5','2015111201',2,'没有字段被修改。'),(666,'2015-11-25 01:59:19',1,105,'6','2015111401',1,''),(667,'2015-11-25 01:59:45',1,105,'7','2015111601',1,''),(668,'2015-11-25 02:01:32',1,103,'2','2015111702',2,'已修改 applicant 。'),(669,'2015-11-25 02:01:36',1,103,'3','2015111703',2,'已修改 applicant 。'),(670,'2015-11-25 02:01:40',1,103,'4','2015111704',2,'已修改 status 和 applicant 。'),(671,'2015-11-25 02:01:43',1,103,'4','2015111704',2,'已修改 status 。'),(672,'2015-11-25 02:01:48',1,103,'5','2015111705',2,'已修改 applicant 。'),(673,'2015-11-25 02:01:51',1,103,'5','2015111705',2,'没有字段被修改。'),(674,'2015-11-25 02:01:55',1,103,'6','2015111706',2,'已修改 applicant 。'),(675,'2015-11-25 02:01:58',1,103,'6','2015111706',2,'没有字段被修改。'),(676,'2015-11-25 02:02:02',1,103,'7','2015111707',2,'已修改 applicant 。'),(677,'2015-11-25 02:02:07',1,103,'8','2015111708',2,'已修改 applicant 。'),(678,'2015-11-25 02:02:12',1,103,'9','2015112403',2,'已修改 status 和 applicant 。'),(679,'2015-11-25 02:02:16',1,103,'10','2015112402',2,'已修改 status 和 applicant 。'),(680,'2015-11-25 02:02:20',1,103,'11','2015112502',2,'已修改 status 和 applicant 。'),(681,'2015-11-25 02:02:23',1,103,'12','2015112501',2,'已修改 status 和 applicant 。'),(682,'2015-11-25 02:01:28',1,69,'17','赵云',2,'已修改 name 。'),(683,'2015-11-25 02:17:04',1,18,'3','焊材',2,'已修改 name 和 material_id 。'),(684,'2015-11-25 02:18:56',1,19,'3','12312',2,'已修改 specification，standard，unit 和 status 。'),(685,'2015-11-25 10:17:59',1,13,'1','20150001',2,'已修改 product_name 。'),(687,'2015-11-25 03:22:04',1,74,'2','2015111901',2,'已修改 code，specification，refund_weight 和 refund_status 。'),(688,'2015-11-25 03:26:25',1,13,'2','20150002',2,'已修改 product_name 。'),(689,'2015-11-25 03:26:33',1,13,'1','20150001',2,'已修改 product_name 。'),(690,'2015-11-25 03:53:51',1,108,'1','Φ2',2,'已修改 count 。'),(691,'2015-11-25 11:30:30',1,8,'5','111',2,'已修改 bid_status 。'),(715,'2015-11-25 12:30:36',1,38,'12','螺母10',2,'已修改 order_form 和 bid_form 。'),(716,'2015-11-25 12:30:44',1,38,'13','螺柱',2,'已修改 bid_form 。'),(717,'2015-11-25 05:11:05',1,105,'1','2015110401',2,'已修改 entry_status 。'),(718,'2015-11-25 05:12:14',1,19,'3','焊材',2,'已修改 name 。'),(719,'2015-11-25 05:54:04',1,67,'1','2015111101',2,'已修改 status 。'),(720,'2015-11-25 06:39:34',1,67,'3','2015112001',2,'已修改 apply_quantity，actual_weight 和 actual_quantity 。'),(721,'2015-12-02 15:20:41',1,32,'90','201500017',2,'已修改 order_status 。'),(722,'2015-12-02 15:32:28',1,32,'90','201500017',2,'已修改 order_status 。'),(723,'2015-12-02 16:01:32',1,8,'6','2222',2,'已修改 bid_status 。'),(724,'2015-12-02 16:02:33',1,8,'90','2222222222222',2,'已修改 bid_status 。'),(725,'2015-12-02 16:14:06',1,8,'5','111',2,'已修改 bid_status 。'),(726,'2015-12-03 10:00:37',1,32,'90','201500017',2,'已修改 order_status 。'),(727,'2015-12-03 10:35:30',1,8,'5','111',2,'已修改 bid_status 。'),(728,'2015-12-18 13:30:10',1,12,'6','333(螺柱)',1,''),(729,'2015-12-18 13:30:14',1,12,'7','333(焊材)',1,''),(730,'2015-12-18 13:30:18',1,12,'8','333(螺母10)',1,''),(731,'2015-12-18 13:30:24',1,12,'9','333(螺柱)',1,''),(732,'2015-12-22 10:05:41',1,38,'13','螺柱',3,''),(733,'2015-12-22 10:05:41',1,38,'12','螺母10',3,''),(743,'2015-12-22 06:53:32',1,13,'6','03015001B',1,''),(744,'2015-12-22 14:47:23',1,38,'15','螺柱',3,''),(745,'2015-12-22 14:47:23',1,38,'14','螺母10',3,''),(746,'2015-12-22 14:50:52',1,38,'17','螺柱',3,''),(747,'2015-12-22 14:50:52',1,38,'16','螺母10',3,''),(748,'2015-12-22 14:54:52',1,38,'19','螺柱',3,''),(749,'2015-12-22 14:54:52',1,38,'18','螺母10',3,''),(750,'2015-12-22 14:57:30',1,38,'21','螺柱',3,''),(751,'2015-12-22 14:57:30',1,38,'20','螺母10',3,''),(752,'2015-12-22 07:28:04',1,108,'3','a1',1,''),(753,'2015-12-22 15:04:25',1,38,'23','螺柱',3,''),(754,'2015-12-22 15:04:25',1,38,'22','螺母10',3,''),(755,'2015-12-22 08:20:53',1,18,'4','部件',1,''),(756,'2015-12-22 08:21:32',1,19,'5','洗涤塔',1,''),(757,'2015-12-22 08:44:43',1,13,'7','011012A',1,''),(769,'2015-12-24 16:07:53',1,108,'4','Φ2',1,''),(770,'2015-12-24 16:08:08',1,108,'5','$222',1,''),(771,'2015-12-24 16:09:34',1,108,'6','$222',1,''),(772,'2015-12-24 16:09:45',1,108,'7','Φ2',1,''),(773,'2015-12-24 16:09:57',1,108,'8','∮1.2',1,''),(774,'2015-12-24 16:10:04',1,108,'9','a1',1,''),(775,'2015-12-24 16:20:12',1,108,'10','∮1.2',1,''),(776,'2015-12-24 16:20:23',1,108,'11','Φ2',1,''),(777,'2015-12-24 14:32:27',1,118,'1','2222222',1,''),(778,'2015-12-24 14:33:32',1,118,'1','2222222',2,'没有字段被修改。'),(779,'2015-12-24 14:33:41',1,118,'2','2',1,''),(781,'2015-12-25 02:55:03',1,118,'2','2',2,'已修改 purchaser 和 inspector 。'),(845,'2015-12-30 12:55:24',1,129,'1','H1',1,''),(846,'2015-12-30 12:55:26',1,129,'2','J',1,''),(847,'2015-12-30 12:55:29',1,129,'3','ZM',1,''),(848,'2015-12-30 12:55:31',1,129,'4','R',1,''),(849,'2015-12-30 12:55:36',1,129,'5','GY',1,''),(850,'2015-12-30 12:55:39',1,129,'6','DY',1,''),(851,'2015-12-30 12:55:41',1,129,'7','XZ',1,''),(859,'2015-12-31 02:59:34',1,133,'1','焊条 +埋弧焊',1,''),(860,'2015-12-31 02:59:43',1,133,'2','CO2气体保护焊',1,''),(861,'2015-12-31 02:59:57',1,133,'3','焊条电弧焊',1,''),(862,'2015-12-31 03:00:05',1,133,'4','氩弧焊',1,''),(863,'2015-12-31 03:00:22',1,133,'5','DH',1,''),(864,'2015-12-31 03:00:47',1,132,'1','X',1,''),(865,'2015-12-31 03:00:54',1,132,'2','U',1,''),(866,'2015-12-31 03:01:02',1,132,'3','△6',1,''),(867,'2015-12-31 03:01:10',1,132,'4','△5',1,''),(868,'2015-12-31 03:01:20',1,132,'5','△13',1,''),(869,'2015-12-31 03:01:27',1,132,'6','△12',1,''),(870,'2015-12-31 03:01:35',1,132,'7','△10',1,''),(871,'2015-12-31 03:01:46',1,132,'8','△3',1,''),(872,'2015-12-31 03:02:13',1,132,'9','DH',1,''),(873,'2015-12-31 03:02:25',1,132,'10','△△7',1,''),(874,'2015-12-31 03:02:35',1,132,'11','△20',1,''),(875,'2015-12-31 03:02:46',1,132,'12','V32MM',1,''),(876,'2015-12-31 03:03:00',1,132,'13','△11',1,''),(877,'2015-12-31 03:03:08',1,132,'14','△40',1,''),(878,'2015-12-31 03:03:15',1,132,'15','△30',1,''),(879,'2015-12-31 06:31:23',1,18,'7','R307',1,''),(880,'2015-12-31 06:31:32',1,18,'8','T Phoenix Cr1Mo SC',1,''),(881,'2015-12-31 06:31:45',1,18,'9','ENi6625',1,''),(882,'2015-12-31 06:32:40',1,18,'10','E347LT1-1',1,''),(883,'2015-12-31 06:32:47',1,18,'11','E309LT1-1',1,''),(884,'2015-12-31 06:32:54',1,18,'12','H309L-15',1,''),(885,'2015-12-31 06:33:04',1,18,'13','H347-15',1,''),(886,'2015-12-31 06:33:14',1,18,'14','SJ15B',1,''),(887,'2015-12-31 06:33:25',1,18,'15','SJ101',1,''),(892,'2016-01-02 07:15:23',1,134,'1','RT',1,''),(893,'2016-01-02 07:15:25',1,134,'2','UT',1,''),(894,'2016-01-02 07:15:28',1,134,'3','MT',1,''),(895,'2016-01-02 07:15:31',1,134,'4','PT',1,''),(896,'2016-01-02 07:15:34',1,134,'5','VT',1,''),(897,'2016-01-02 08:18:45',1,130,'22','洗涤塔',2,'已修改 L1，L2 和 L3 。'),(898,'2016-01-02 08:28:16',1,127,'1','螺母10',1,''),(899,'2016-01-02 08:28:21',1,127,'2','螺柱',1,''),(900,'2016-01-05 04:14:54',1,128,'33','螺母10(Z)',2,'已修改 instruction，index 和 hour 。'),(901,'2016-01-15 06:45:31',1,135,'1','20150001',1,''),(902,'2016-01-15 06:49:17',1,135,'1','20150001',1,''),(903,'2016-01-15 06:58:10',1,135,'1','20150001',3,''),(904,'2016-01-15 07:11:34',1,135,'2','20150001',2,'已修改 writer 。'),(905,'2016-01-15 07:14:50',1,135,'2','20150001',2,'已修改 reviewer 。'),(906,'2016-01-15 07:15:26',1,135,'2','20150001',2,'已修改 reviewer 。'),(907,'2016-01-15 07:16:11',1,135,'2','20150001',2,'已修改 reviewer 。'),(908,'2016-01-15 07:16:37',1,135,'2','20150001',2,'已修改 reviewer 。'),(909,'2016-01-15 07:26:28',1,135,'2','20150001',2,'已修改 reviewer 。'),(910,'2016-01-15 07:26:39',1,135,'2','20150001',2,'已修改 reviewer 。'),(911,'2016-01-15 07:27:52',1,135,'3','20150002',1,''),(912,'2016-01-15 07:27:55',1,135,'4','20150003',1,''),(913,'2016-01-15 07:27:58',1,135,'5','20150004',1,''),(914,'2016-01-15 07:28:01',1,135,'6','03015001B',1,''),(915,'2016-01-15 07:28:04',1,135,'7','011012A',1,''),(916,'2016-01-15 07:44:24',1,135,'3','20150002',2,'已修改 reviewer 。'),(917,'2016-01-15 07:45:19',1,135,'3','20150002',2,'已修改 reviewer 。'),(921,'2016-01-15 12:33:30',1,19,'24','铁片吧',1,''),(925,'2016-01-16 08:30:34',1,135,'2','20150001',2,'已修改 writer 和 reviewer 。'),(926,'2016-01-17 06:45:17',1,136,'1','螺柱',3,''),(927,'2016-01-17 06:46:33',1,136,'2','螺柱',3,''),(928,'2016-01-17 06:48:18',1,136,'3','螺柱',3,''),(929,'2016-01-17 07:07:39',1,137,'1','螺柱',2,'已修改 proofreader 。'),(930,'2016-01-17 07:07:56',1,137,'1','螺柱',2,'已修改 reviewer 。'),(931,'2016-01-17 07:13:05',1,137,'1','螺柱',3,''),(932,'2016-01-17 07:13:29',1,136,'4','螺柱',3,''),(933,'2016-01-17 07:16:47',1,136,'5','螺柱',3,''),(934,'2016-01-17 07:20:39',1,136,'6','螺柱',3,''),(935,'2016-01-17 07:23:34',1,136,'7','螺柱',3,''),(936,'2016-01-17 07:25:22',1,136,'8','螺柱',3,''),(937,'2016-01-17 09:32:06',1,136,'9','螺柱',3,''),(942,'2016-01-18 02:11:00',1,136,'11','焊材',3,''),(943,'2016-01-18 02:11:00',1,136,'10','螺柱',3,''),(944,'2016-01-18 02:13:58',1,136,'15','螺母10',3,''),(945,'2016-01-18 02:13:58',1,136,'12','焊材',3,''),(946,'2016-01-18 02:31:02',1,136,'19','螺母10',3,''),(947,'2016-01-18 02:31:42',1,136,'20','螺母10',3,''),(948,'2016-01-18 02:33:42',1,136,'21','螺母10',3,''),(949,'2016-01-18 02:34:52',1,136,'22','螺母10',3,''),(950,'2016-01-18 02:36:05',1,136,'23','螺母10',3,''),(951,'2016-01-18 02:37:33',1,103,'22','4878310',2,'已修改 status 。'),(952,'2016-01-18 02:38:09',1,103,'22','4878310',2,'已修改 status 。'),(953,'2016-01-18 02:52:05',1,103,'23','10023123',2,'已修改 index 。'),(954,'2016-01-18 03:25:27',1,135,'7','011012A',3,''),(955,'2016-01-18 03:25:27',1,135,'6','03015001B',3,''),(956,'2016-01-18 03:25:27',1,135,'5','20150004',3,''),(957,'2016-01-18 03:25:27',1,135,'4','20150003',3,''),(958,'2016-01-18 03:25:28',1,135,'3','20150002',3,''),(959,'2016-01-18 03:25:28',1,135,'2','20150001',3,''),(960,'2016-01-18 03:25:55',1,135,'8','20150001',1,''),(961,'2016-01-18 03:25:58',1,135,'9','20150002',1,''),(962,'2016-01-18 03:26:01',1,135,'10','20150003',1,''),(963,'2016-01-18 03:26:04',1,135,'11','20150004',1,''),(964,'2016-01-18 03:26:06',1,135,'12','03015001B',1,''),(965,'2016-01-18 03:26:08',1,135,'13','011012A',1,''),(966,'2016-01-18 11:14:49',1,38,'11','焊材',2,'已修改 bid_form 。'),(974,'2016-01-18 16:22:54',1,19,'24','铁片吧',2,'已修改 specification 。'),(975,'2016-01-18 16:23:33',1,19,'19','三通管',2,'已修改 specification 。'),(995,'2016-01-19 09:57:33',1,19,'1','螺母10',2,'已修改 index，parent_schematic_index 和 count 。'),(997,'2016-01-19 10:13:28',1,19,'1','螺母10',2,'已修改 index，parent_schematic_index，count，quota，quota_coefficient，specification，standard，unit 和 status 。'),(999,'2016-01-19 02:58:36',1,145,'3','附件一：2016年研究生寒假去向信息统计表.xlsx',3,''),(1000,'2016-01-19 10:58:01',1,19,'1','螺母10',2,'已修改 quota 。'),(1001,'2016-01-19 10:58:31',1,19,'2','螺柱',2,'没有字段被修改。'),(1002,'2016-01-19 10:58:49',1,19,'3','焊材',2,'已修改 total_weight 和 quota 。'),(1019,'2016-01-19 11:20:41',1,19,'2','螺柱',2,'已修改 quota 和 quota_coefficient 。'),(1020,'2016-01-19 11:21:07',1,19,'3','焊材',2,'已修改 net_weight 和 quota_coefficient 。'),(1022,'2016-01-19 12:49:04',1,19,'23','洗涤冷却器支座',2,'已修改 quota 。'),(1023,'2016-01-19 12:50:14',1,19,'1','螺母10',2,'已修改 parent_schematic_index，material 和 count 。'),(1024,'2016-01-19 12:51:28',1,19,'1','螺母10',2,'已修改 parent_schematic_index，material 和 count 。'),(1025,'2016-01-19 13:11:47',1,19,'2','螺柱',2,'已修改 material 和 count 。'),(1026,'2016-01-19 13:12:06',1,19,'2','螺柱',2,'已修改 parent_schematic_index，specification，standard，unit 和 status 。'),(1027,'2016-01-19 13:12:19',1,19,'2','螺柱',2,'已修改 index 。'),(1028,'2016-01-19 13:12:55',1,19,'1','螺母10',2,'已修改 index，parent_schematic_index，material，count，quota，quota_coefficient，standard，unit 和 status 。'),(1029,'2016-01-19 13:19:05',1,19,'1','螺母10',2,'已修改 index，material，standard，unit 和 status 。'),(1030,'2016-01-19 13:19:45',1,19,'1','螺母10',2,'已修改 index，material，standard，unit 和 status 。'),(1031,'2016-01-19 13:20:53',1,19,'1','螺母10',2,'已修改 index，parent_schematic_index，material，standard，unit 和 status 。'),(1032,'2016-01-19 13:36:30',1,19,'1','螺母10',2,'已修改 index，parent_schematic_index，material，standard，unit 和 status 。'),(1033,'2016-01-19 05:47:18',1,145,'7','Python程序设计与应用教程.docx',3,''),(1034,'2016-01-19 05:47:18',1,145,'6','Python程序设计与应用教程.docx',3,''),(1035,'2016-01-19 05:47:18',1,145,'5','Python程序设计与应用教程.docx',3,''),(1036,'2016-01-19 05:47:18',1,145,'4','Python程序设计与应用教程.docx',3,''),(1037,'2016-01-19 13:39:48',1,19,'1','螺母10',2,'已修改 index，parent_schematic_index，material，standard，unit 和 status 。'),(1038,'2016-01-19 14:29:43',1,19,'1','螺母10',2,'已修改 index，parent_schematic_index，material，count，standard，unit 和 status 。'),(1039,'2016-01-19 14:29:58',1,19,'2','螺柱',2,'已修改 index，parent_schematic_index，material，count，standard，unit 和 status 。'),(1040,'2016-01-19 07:08:23',1,128,'35','螺母10(W2)',2,'已修改 next_processing，hour，operator，operate_date，inspector 和 inspect_date 。'),(1041,'2016-01-19 07:08:38',1,128,'33','螺母10(Z)',2,'已修改 operator，operate_date，inspector 和 inspect_date 。'),(1042,'2016-01-19 07:08:59',1,128,'32','螺柱(R)',2,'已修改 next_processing，operator，operate_date，inspector 和 inspect_date 。'),(1043,'2016-01-19 07:09:10',1,128,'29','螺母10(W)',2,'已修改 operator，operate_date，inspector 和 inspect_date 。'),(1044,'2016-01-19 07:09:29',1,128,'28','螺柱(W)',2,'已修改 technical_requirement，operator，operate_date，inspector 和 inspect_date 。'),(1045,'2016-01-19 07:09:42',1,128,'22','螺母10(Z)',2,'已修改 operator，operate_date，inspector 和 inspect_date 。'),(1046,'2016-01-19 15:02:16',1,19,'2','螺柱',2,'没有字段被修改。'),(1047,'2016-01-19 15:02:32',1,19,'2','螺柱',2,'没有字段被修改。'),(1048,'2016-01-19 15:04:06',1,19,'1','螺母10',2,'已修改 parent_schematic_index，net_weight，total_weight，quota，quota_coefficient，specification，standard，unit 和 status 。'),(1049,'2016-01-19 15:04:25',1,19,'2','螺柱',2,'已修改 parent_schematic_index，net_weight，total_weight，quota，quota_coefficient，specification，standard，unit 和 status 。'),(1050,'2016-01-19 15:11:12',1,19,'2','螺柱',2,'已修改 net_weight，total_weight，quota 和 quota_coefficient 。'),(1051,'2016-01-19 15:11:36',1,19,'1','螺母10',2,'已修改 parent_schematic_index，net_weight，total_weight，quota，quota_coefficient，specification，standard，unit 和 status 。'),(1052,'2016-01-19 15:12:54',1,19,'1','螺母10',2,'已修改 parent_schematic_index，net_weight，total_weight，quota，quota_coefficient，specification，standard，unit 和 status 。'),(1053,'2016-01-19 15:13:39',1,19,'1','螺母10',2,'已修改 parent_schematic_index，net_weight，total_weight，quota，quota_coefficient，specification，standard，unit 和 status 。'),(1054,'2016-01-19 15:15:06',1,19,'1','螺母10',2,'已修改 parent_schematic_index，net_weight，total_weight，quota，quota_coefficient，specification，standard，unit 和 status 。'),(1055,'2016-01-19 15:20:59',1,19,'1','螺母10',2,'已修改 parent_schematic_index，net_weight，total_weight，quota，quota_coefficient，specification，standard，unit 和 status 。'),(1056,'2016-01-19 15:22:06',1,19,'1','螺母10',2,'已修改 parent_schematic_index，net_weight，total_weight，quota，quota_coefficient，specification，standard，unit 和 status 。'),(1057,'2016-01-19 15:24:25',1,19,'1','螺母10',2,'已修改 parent_schematic_index，net_weight，total_weight，quota，quota_coefficient，specification，standard，unit 和 status 。'),(1058,'2016-01-19 15:30:05',1,19,'1','螺母10',2,'已修改 parent_schematic_index，net_weight，total_weight，quota，quota_coefficient，specification，standard，unit 和 status 。'),(1059,'2016-01-19 15:30:49',1,19,'1','螺母10',2,'已修改 parent_schematic_index，net_weight，total_weight，quota，quota_coefficient，specification，standard，unit 和 status 。'),(1060,'2016-01-19 15:31:56',1,19,'1','螺母10',2,'已修改 parent_schematic_index，net_weight，total_weight，quota，quota_coefficient，specification，standard，unit 和 status 。'),(1061,'2016-01-19 15:36:41',1,19,'1','螺母10',2,'已修改 parent_schematic_index，net_weight，total_weight，quota，quota_coefficient，specification，standard，unit 和 status 。'),(1062,'2016-01-19 15:37:22',1,19,'1','螺母10',2,'已修改 parent_schematic_index，net_weight，total_weight，quota，quota_coefficient，standard，unit 和 status 。'),(1063,'2016-01-19 15:46:19',1,19,'1','焊材',2,'已修改 parent_schematic_index，material，net_weight，total_weight，quota，quota_coefficient，standard，unit 和 status 。'),(1064,'2016-01-19 15:46:40',1,19,'1','焊材',2,'已修改 net_weight，total_weight，quota 和 quota_coefficient 。'),(1065,'2016-01-19 15:50:34',1,19,'1','焊材',2,'已修改 net_weight，total_weight，quota 和 quota_coefficient 。'),(1066,'2016-01-19 15:52:00',1,19,'2','螺柱',2,'没有字段被修改。'),(1067,'2016-01-19 15:54:00',1,19,'1','焊材',2,'已修改 index 。'),(1068,'2016-01-19 08:14:25',1,19,'3','焊材',2,'已修改 index 。'),(1069,'2016-01-19 08:14:38',1,19,'5','洗涤塔',2,'已修改 index 。'),(1070,'2016-01-19 08:14:48',1,19,'14','气化炉下部',2,'已修改 index 。'),(1071,'2016-01-19 08:15:20',1,19,'23','洗涤冷却器支座',2,'已修改 index 。'),(1072,'2016-01-19 08:15:28',1,19,'24','铁片吧',2,'已修改 index 。'),(1073,'2016-01-19 08:17:11',1,19,'2','螺柱',2,'已修改 order 。'),(1074,'2016-01-19 08:17:31',1,19,'5','洗涤塔',2,'没有字段被修改。'),(1075,'2016-01-19 08:17:38',1,19,'3','焊材',2,'已修改 order 。'),(1076,'2016-01-19 08:17:51',1,19,'24','铁片吧',2,'已修改 order 。'),(1077,'2016-01-19 16:04:50',1,18,'3','焊材',2,'已修改 categories 。'),(1078,'2016-01-19 16:04:58',1,18,'2','螺母',2,'已修改 categories 。'),(1079,'2016-01-19 16:05:28',1,18,'3','焊材',2,'已修改 categories 。'),(1080,'2016-01-19 16:05:42',1,18,'3','焊材',2,'已修改 categories 。'),(1081,'2016-01-19 16:06:32',1,19,'1','焊材',2,'已修改 inventory_type 。'),(1082,'2016-01-19 16:06:52',1,19,'2','螺柱',2,'已修改 inventory_type 。'),(1083,'2016-01-19 08:21:05',1,19,'5','洗涤塔',2,'已修改 order 。'),(1084,'2016-01-19 08:21:18',1,19,'13','气化炉',2,'已修改 order 。'),(1085,'2016-01-19 08:21:25',1,19,'14','气化炉下部',2,'已修改 order 。'),(1086,'2016-01-19 08:23:10',1,19,'5','焊材',2,'已修改 index 。'),(1087,'2016-01-19 08:23:21',1,19,'13','气化炉',2,'已修改 index 。'),(1088,'2016-01-19 16:16:36',1,19,'2','螺柱',2,'没有字段被修改。'),(1089,'2016-01-19 16:17:01',1,19,'2','螺柱',2,'没有字段被修改。'),(1090,'2016-01-19 08:31:24',1,128,'36','焊材(W25)',1,''),(1091,'2016-01-19 16:23:37',1,19,'1','焊材',2,'已修改 index，schematic_index，parent_schematic_index，count，remark，standard，unit 和 status 。'),(1092,'2016-01-19 16:23:58',1,19,'2','螺柱',2,'已修改 index，schematic_index，parent_schematic_index 和 count 。'),(1093,'2016-01-19 16:25:05',1,19,'3','焊材',2,'已修改 parent_schematic_index，material，count，inventory_type，remark，specification，standard，unit 和 status 。'),(1094,'2016-01-19 16:25:37',1,19,'5','焊材',2,'已修改 parent_schematic_index，remark，standard，unit 和 status 。'),(1095,'2016-01-19 16:26:03',1,19,'5','焊材',2,'已修改 index 。'),(1096,'2016-01-19 08:50:41',1,19,'5','焊材',2,'已修改 index 。'),(1097,'2016-01-19 08:50:57',1,19,'3','焊材',2,'已修改 index 。'),(1098,'2016-01-19 08:51:14',1,19,'5','焊材',2,'已修改 index 。'),(1099,'2016-01-19 08:51:55',1,128,'37','气化炉(R2)',1,''),(1100,'2016-01-19 16:40:19',1,19,'5','焊材',2,'已修改 schematic_index，count，standard，unit 和 status 。'),(1101,'2016-01-19 16:40:41',1,19,'2','螺柱',2,'已修改 order 。'),(1102,'2016-01-19 16:41:39',1,19,'3','焊材',2,'已修改 order 。'),(1103,'2016-01-19 16:46:48',1,18,'1','螺母２',2,'已修改 categories 。'),(1104,'2016-01-19 16:48:20',1,19,'1','焊材',2,'已修改 parent_schematic_index 。'),(1105,'2016-01-19 16:48:25',1,19,'2','螺柱',2,'已修改 parent_schematic_index 。'),(1106,'2016-01-19 16:48:30',1,19,'3','焊材',2,'已修改 parent_schematic_index 。'),(1107,'2016-01-19 16:48:34',1,19,'5','焊材',2,'已修改 parent_schematic_index 。'),(1108,'2016-01-19 16:48:51',1,18,'1','螺母２',2,'没有字段被修改。'),(1109,'2016-01-19 16:48:55',1,18,'2','螺母',2,'已修改 categories 。'),(1110,'2016-01-19 16:48:57',1,18,'3','焊材',2,'没有字段被修改。'),(1111,'2016-01-19 16:49:02',1,18,'4','部件',2,'已修改 categories 。'),(1112,'2016-01-19 17:36:22',1,19,'3','焊材',2,'已修改 parent_schematic_index 。'),(1113,'2016-01-19 17:36:30',1,19,'2','螺柱',2,'已修改 parent_schematic_index 。'),(1114,'2016-01-19 17:36:41',1,19,'1','焊材',2,'已修改 parent_schematic_index 。'),(1121,'2016-01-19 18:38:30',1,18,'3','焊材',2,'已修改 categories 。'),(1122,'2016-01-19 18:38:46',1,18,'4','部件',2,'已修改 categories 。'),(1123,'2016-01-19 18:38:52',1,18,'2','螺母',2,'已修改 categories 。'),(1124,'2016-01-19 18:39:19',1,19,'5','焊材',2,'没有字段被修改。'),(1125,'2016-01-19 18:39:30',1,19,'5','焊材',2,'已修改 inventory_type 。'),(1126,'2016-01-19 18:39:37',1,19,'1','焊材',2,'没有字段被修改。'),(1127,'2016-01-19 18:39:47',1,19,'5','焊材',2,'已修改 remark 。'),(1128,'2016-01-19 18:39:52',1,19,'5','焊材',2,'没有字段被修改。'),(1129,'2016-01-19 18:44:17',1,19,'17','气化炉上部',2,'已修改 inventory_type 。'),(1130,'2016-01-19 18:51:01',1,38,'26','气化炉上部',2,'已修改 order_form 。'),(1131,'2016-01-19 18:51:31',1,58,'8','7',3,''),(1132,'2016-01-19 19:05:01',1,32,'110','201500110',3,''),(1133,'2016-01-19 19:05:01',1,32,'108','201500108',3,''),(1134,'2016-01-19 19:05:01',1,32,'107','201500105',3,''),(1135,'2016-01-19 19:26:26',1,18,'1','螺母２',2,'已修改 categories 。'),(1136,'2016-01-19 19:26:31',1,18,'2','螺母',2,'已修改 categories 。'),(1137,'2016-01-19 19:26:36',1,18,'4','部件',2,'已修改 categories 。'),(1138,'2016-01-19 19:26:41',1,18,'3','焊材',2,'已修改 categories 。'),(1139,'2016-01-19 19:26:46',1,18,'2','螺母',2,'已修改 categories 。'),(1140,'2016-01-19 19:26:50',1,18,'1','螺母２',2,'已修改 categories 。'),(1141,'2016-01-19 19:27:47',1,19,'5','焊材',2,'已修改 net_weight，total_weight 和 quota 。'),(1142,'2016-01-19 19:24:29',1,38,'26','气化炉上部',2,'已修改 count 。'),(1143,'2016-01-19 13:05:45',1,128,'37','气化炉(R2)',3,''),(1144,'2016-01-19 13:05:45',1,128,'36','焊材(W25)',3,''),(1145,'2016-01-19 13:05:45',1,128,'35','焊材(W2)',3,''),(1146,'2016-01-19 13:05:45',1,128,'33','焊材(Z)',3,''),(1147,'2016-01-19 13:05:45',1,128,'32','螺柱(R)',3,''),(1148,'2016-01-19 13:05:45',1,128,'30','焊材(W)',3,''),(1149,'2016-01-19 13:05:45',1,128,'29','焊材(W)',3,''),(1150,'2016-01-19 13:05:45',1,128,'28','螺柱(W)',3,''),(1151,'2016-01-19 13:05:45',1,128,'26','焊材(W)',3,''),(1152,'2016-01-19 13:05:46',1,128,'22','焊材(Z)',3,''),(1153,'2016-01-19 13:05:46',1,128,'20','焊材(W4)',3,''),(1154,'2016-01-19 13:05:57',1,128,'39','洗涤冷却器支座(W)',3,''),(1155,'2016-01-19 13:05:57',1,128,'38','洗涤冷却器支座(W)',3,''),(1163,'2016-01-20 02:13:18',1,150,'1','<class \'const.models.Materiel\'>',1,''),(1164,'2016-01-20 02:14:39',1,150,'2','筒节 DN4222 t=38 H=300',1,''),(1165,'2016-01-20 02:17:54',1,128,'56','焊材(Y)',2,'已修改 operate_date 。'),(1166,'2016-01-20 02:18:08',1,128,'50','焊材(W1)',2,'已修改 operate_date 。'),(1167,'2016-01-20 02:18:19',1,128,'43','焊材(W)',2,'已修改 operate_date 。'),(1168,'2016-01-20 02:48:22',1,128,'54','焊材(P02)',2,'已修改 operate_date 。'),(1169,'2016-01-20 02:43:29',1,149,'3','RR01-None',3,''),(1170,'2016-01-20 02:43:29',1,149,'2','RR01-None',3,''),(1171,'2016-01-20 02:43:29',1,149,'1','RR01-None',3,''),(1172,'2016-01-20 02:44:21',1,149,'4','RR01-None',3,''),(1173,'2016-01-20 02:45:44',1,149,'6','RR01-None',3,''),(1174,'2016-01-20 02:45:44',1,149,'5','RR01-None',3,''),(1175,'2016-01-20 02:46:39',1,149,'7','RR01-None',3,''),(1178,'2016-01-20 04:56:21',1,19,'1','焊材1',2,'已修改 name 。'),(1179,'2016-01-20 04:56:28',1,19,'3','焊材2',2,'已修改 name 。'),(1180,'2016-01-20 04:56:33',1,19,'5','焊材3',2,'已修改 name 。'),(1183,'2016-01-20 14:06:24',1,135,'8','20150001',3,''),(1184,'2016-01-20 14:07:30',1,135,'14','20150001',1,''),(1185,'2016-01-20 14:11:48',1,131,'5','气化炉下部',1,''),(1186,'2016-01-20 14:12:08',1,131,'5','气化炉上部',2,'已修改 materiel_belong 。'),(1187,'2016-01-20 14:22:51',1,105,'18','RC04',2,'已修改 entry_status 。'),(1188,'2016-01-20 14:39:09',1,19,'2','螺柱',2,'已修改 material 和 inventory_type 。'),(1189,'2016-01-20 14:39:15',1,19,'1','焊材1',2,'已修改 material 和 inventory_type 。'),(1190,'2016-01-20 14:39:34',1,19,'1','焊材1',2,'已修改 material 。'),(1192,'2016-01-20 07:38:23',1,128,'40','焊材1(W)',2,'已修改 operator 。'),(1194,'2016-01-20 08:56:16',1,128,'40','焊材1(W)',2,'已修改 operate_date 。'),(1195,'2016-01-20 08:56:28',1,128,'41','焊材1(W)',2,'已修改 operator 和 operate_date 。'),(1196,'2016-01-20 08:56:40',1,128,'42','焊材1(W)',2,'已修改 operator 和 operate_date 。'),(1197,'2016-01-20 11:06:18',1,128,'43','焊材1(W)',2,'已修改 operator 和 operate_date 。'),(1198,'2016-01-20 11:06:30',1,128,'44','焊材1(W)',2,'已修改 operator 和 operate_date 。'),(1215,'2016-01-20 14:19:52',1,18,'16','紧固件',1,''),(1216,'2016-01-20 14:20:20',1,18,'17','紧固件',1,''),(1217,'2016-01-20 14:21:06',1,18,'18','紧固件',1,''),(1218,'2016-01-20 14:21:40',1,18,'18','紧固件',3,''),(1219,'2016-01-20 14:21:40',1,18,'17','紧固件',3,''),(1220,'2016-01-20 14:23:23',1,19,'25','外购件1',1,''),(1221,'2016-01-20 14:24:05',1,19,'26','外购件2',1,''),(1222,'2016-01-20 14:24:29',1,12,'10','333(外购件1)',1,''),(1223,'2016-01-20 14:24:38',1,12,'11','333(外购件2)',1,''),(1224,'2016-01-20 14:24:43',1,12,'11','333(外购件2)',2,'没有字段被修改。'),(1225,'2016-01-21 02:46:06',1,68,'8','1区',1,''),(1226,'2016-01-21 11:10:38',1,135,'12','03015001B',2,'已修改 writer 和 reviewer 。'),(1227,'2016-01-21 11:11:12',1,135,'11','20150004',2,'已修改 writer 和 reviewer 。'),(1228,'2016-01-21 03:58:56',1,128,'42','焊材1(W)',2,'已修改 inspector 。'),(1229,'2016-01-21 15:05:50',1,155,'5','20150001()',2,'已修改 planCompleteDate 。'),(1231,'2016-01-21 15:41:55',1,155,'6','20150001(今晚征服世界)',3,''),(1232,'2016-01-21 18:15:10',1,155,'7','20150001(dshhsh)',1,''),(1233,'2016-01-21 11:10:12',1,68,'6','薄板混放区 ',2,'已修改 material_type 。'),(1234,'2016-01-21 11:32:19',1,128,'40','焊材1(W)',2,'已修改 operate_date 。'),(1235,'2016-01-21 11:32:35',1,128,'42','焊材1(W)',2,'已修改 operate_date 。'),(1236,'2016-01-21 11:32:41',1,128,'42','焊材1(W)',2,'没有字段被修改。'),(1237,'2016-01-21 11:32:51',1,128,'43','焊材1(W)',2,'已修改 operate_date 。'),(1238,'2016-01-21 11:33:00',1,128,'44','焊材1(W)',2,'已修改 operate_date 。'),(1239,'2016-01-21 11:34:11',1,128,'45','螺柱(W)',2,'已修改 operator 和 operate_date 。'),(1240,'2016-01-21 11:34:29',1,128,'46','螺柱(W1)',2,'已修改 operator 和 operate_date 。'),(1241,'2016-01-21 11:34:50',1,128,'55','焊材3(Z)',2,'已修改 operator 和 operate_date 。'),(1242,'2016-01-21 11:35:00',1,128,'53','焊材3(W1)',2,'已修改 operator 和 operate_date 。'),(1243,'2016-01-21 11:42:28',1,128,'56','焊材3(Y)',2,'已修改 operate_date 。'),(1244,'2016-01-21 12:05:34',1,128,'54','焊材3(P02)',2,'已修改 technical_requirement 和 operator 。'),(1245,'2016-01-21 12:06:36',1,128,'56','焊材3(Y)',2,'已修改 operator 。'),(1246,'2016-01-21 12:07:51',1,128,'52','焊材2(M)',2,'已修改 operator 和 operate_date 。'),(1247,'2016-01-21 12:08:20',1,128,'51','焊材2(Z)',2,'已修改 operator 和 operate_date 。'),(1248,'2016-01-21 12:08:40',1,128,'50','焊材2(W1)',2,'已修改 operator 。'),(1249,'2016-01-21 12:09:17',1,128,'49','螺柱(R1)',2,'已修改 operator 和 operate_date 。'),(1250,'2016-01-21 12:09:57',1,128,'48','螺柱(W25)',2,'已修改 operator 和 operate_date 。'),(1251,'2016-01-21 12:10:26',1,128,'47','螺柱(W3)',2,'已修改 operator 和 operate_date 。'),(1252,'2016-01-21 12:10:42',1,128,'46','螺柱(W1)',2,'没有字段被修改。'),(1253,'2016-01-21 12:10:57',1,128,'45','螺柱(W)',2,'没有字段被修改。'),(1254,'2016-01-21 12:11:20',1,128,'44','焊材1(W)',2,'没有字段被修改。'),(1255,'2016-01-21 12:11:45',1,128,'42','焊材1(W)',2,'没有字段被修改。'),(1256,'2016-01-21 12:12:00',1,128,'41','焊材1(W)',2,'没有字段被修改。'),(1258,'2016-01-21 13:30:00',1,68,'9','kad',3,''),(1259,'2016-01-21 13:30:04',1,68,'10','kad',3,''),(1260,'2016-01-21 13:30:07',1,68,'11','kad',3,''),(1261,'2016-01-21 13:30:10',1,68,'12','kad',3,''),(1262,'2016-01-21 13:55:24',1,128,'40','焊材1(W)',2,'已修改 operator 。'),(1263,'2016-01-21 13:55:32',1,128,'41','焊材1(W)',2,'已修改 operator 。'),(1264,'2016-01-21 13:55:37',1,128,'42','焊材1(W)',2,'没有字段被修改。'),(1265,'2016-01-21 13:55:42',1,128,'43','焊材1(W)',2,'已修改 operator 。'),(1266,'2016-01-21 13:55:47',1,128,'44','焊材1(W)',2,'没有字段被修改。'),(1267,'2016-01-21 13:55:52',1,128,'45','螺柱(W)',2,'没有字段被修改。'),(1268,'2016-01-21 13:55:58',1,128,'46','螺柱(W1)',2,'已修改 operator 。'),(1269,'2016-01-21 13:56:17',1,128,'47','螺柱(W3)',2,'已修改 operator 。'),(1270,'2016-01-22 10:09:59',1,18,'19','15CrMoR',1,''),(1271,'2016-01-22 10:10:20',1,18,'20','Q345R',1,''),(1272,'2016-01-22 10:12:46',1,19,'27','钢板',1,''),(1273,'2016-01-22 10:18:26',1,155,'2','20150001(看看看看)',3,''),(1275,'2016-01-22 10:25:30',1,19,'27','筒体',2,'已修改 name 和 remark 。'),(1276,'2016-01-22 10:26:58',1,19,'28','筒体',1,''),(1277,'2016-01-22 10:28:31',1,19,'29','筒体',1,''),(1278,'2016-01-22 10:30:39',1,19,'30','封头',1,''),(1279,'2016-01-22 10:31:02',1,19,'28','筒体',2,'已修改 status 。'),(1281,'2016-01-22 10:31:07',1,19,'29','筒体',2,'已修改 status 。'),(1282,'2016-01-22 10:31:16',1,19,'30','封头',2,'已修改 unit 和 status 。'),(1283,'2016-01-22 02:57:18',1,150,'3','搅拌器冷却水进口',1,''),(1284,'2016-01-22 02:57:31',1,150,'3','搅拌器冷却水进口',3,''),(1285,'2016-01-22 02:57:44',1,150,'4','筒节 DN4222 t=38 H=300',1,''),(1287,'2016-01-22 10:39:54',1,19,'29','筒体',2,'已修改 press，recheck 和 detection_level 。'),(1288,'2016-01-22 10:40:22',1,19,'30','封头',2,'已修改 press，recheck 和 detection_level 。'),(1289,'2016-01-22 10:40:41',1,19,'27','筒体',2,'已修改 press，recheck 和 detection_level 。'),(1290,'2016-01-22 10:41:04',1,19,'28','筒体',2,'已修改 press，recheck 和 detection_level 。'),(1291,'2016-01-22 10:47:28',1,155,'4','20150001(这是二月份)',1,''),(1296,'2016-01-22 03:21:21',1,106,'15','焊材1(2015110401)',2,'已修改 material 。'),(1297,'2016-01-22 03:21:32',1,106,'2','焊材3(2015110401)',2,'已修改 material 。'),(1300,'2016-01-22 13:25:32',1,131,'4','焊材1',2,'已修改 weight_1 。'),(1301,'2016-01-22 13:26:16',1,131,'1','焊材1',2,'已修改 weight_1 。'),(1302,'2016-01-22 13:26:47',1,131,'1','焊材1',2,'已修改 weight_1 。'),(1303,'2016-01-22 05:35:03',1,19,'1','焊材1',2,'已修改 specification，standard，unit 和 status 。'),(1304,'2016-01-22 05:35:20',1,19,'1','焊材1',2,'已修改 schematic_index 和 parent_schematic_index 。'),(1305,'2016-01-22 05:37:11',1,19,'3','焊材2',2,'已修改 schematic_index，parent_schematic_index，standard，unit 和 status 。'),(1306,'2016-01-22 05:38:18',1,19,'5','焊材3',2,'已修改 schematic_index，parent_schematic_index，specification，standard 和 unit 。'),(1307,'2016-01-22 05:38:24',1,19,'5','焊材3',2,'已修改 status 。'),(1308,'2016-01-22 13:31:29',1,131,'1','焊材1',2,'已修改 weight_1 。'),(1309,'2016-01-22 05:38:43',1,19,'3','焊材2',2,'已修改 specification 。'),(1310,'2016-01-22 05:39:34',1,18,'1','螺母２',2,'已修改 material_id 。'),(1311,'2016-01-22 05:39:57',1,18,'1','焊剂',2,'已修改 name 。'),(1312,'2016-01-22 05:40:26',1,18,'4','焊条',2,'已修改 name 和 material_id 。'),(1313,'2016-01-22 05:41:04',1,19,'3','焊材2',2,'已修改 material 。'),(1314,'2016-01-22 14:09:13',1,152,'1','20150001',2,'已修改 writer 和 reviewer 。'),(1315,'2016-01-22 14:13:12',1,152,'1','20150001',2,'已修改 writer 和 reviewer 。'),(1316,'2016-01-22 14:32:23',1,131,'1','焊材1',2,'已修改 weight_1 。'),(1317,'2016-01-22 14:32:35',1,131,'4','焊材1',2,'已修改 weight_1 。'),(1318,'2016-01-22 14:54:11',1,131,'5','气化炉上部',2,'已修改 weld_material_2 。'),(1319,'2016-01-22 14:55:07',1,131,'5','气化炉上部',2,'已修改 weld_material_1 和 weld_material_2 。'),(1320,'2016-01-22 14:55:57',1,131,'5','气化炉上部',2,'已修改 weld_material_2 。'),(1321,'2016-01-22 14:58:37',1,131,'5','气化炉上部',2,'已修改 weld_material_2 。'),(1322,'2016-01-22 14:58:54',1,131,'5','气化炉上部',2,'已修改 weld_material_2 。'),(1323,'2016-01-22 15:02:49',1,15,'15','ERP系统设计方案.docx',3,''),(1324,'2016-01-22 15:02:49',1,15,'14','ERP系统设计方案.docx',3,''),(1325,'2016-01-22 15:02:49',1,15,'13','ERP系统设计方案.docx',3,''),(1326,'2016-01-22 15:14:24',1,8,'5','201500023',2,'已修改 bid_id 。'),(1327,'2016-01-22 15:14:43',1,8,'6','201500029',2,'已修改 bid_id 。'),(1328,'2016-01-22 15:15:08',1,8,'7','201500036',2,'已修改 bid_id 。'),(1329,'2016-01-22 15:15:26',1,8,'90','201500038',2,'已修改 bid_id 。'),(1330,'2016-01-22 15:50:30',1,41,'17','17',3,''),(1331,'2016-01-22 15:50:30',1,41,'16','16',3,''),(1332,'2016-01-22 15:50:30',1,41,'15','15',3,''),(1333,'2016-01-22 15:50:30',1,41,'14','14',3,''),(1334,'2016-01-22 15:50:30',1,41,'13','13',3,''),(1335,'2016-01-22 15:50:30',1,41,'12','12',3,''),(1336,'2016-01-22 15:50:30',1,41,'11','11',3,''),(1337,'2016-01-22 15:50:30',1,41,'10','10',3,''),(1338,'2016-01-22 15:50:30',1,41,'9','9',3,''),(1339,'2016-01-22 15:50:30',1,41,'8','8',3,''),(1340,'2016-01-22 15:50:30',1,41,'7','7',3,''),(1341,'2016-01-22 15:50:30',1,41,'6','6',3,''),(1342,'2016-01-22 15:50:30',1,41,'5','5',3,''),(1343,'2016-01-22 15:50:30',1,41,'4','4',3,''),(1344,'2016-01-22 15:50:30',1,41,'3','3',3,''),(1345,'2016-01-22 15:50:30',1,41,'2','2',3,''),(1346,'2016-01-22 15:50:30',1,41,'1','1',3,''),(1371,'2016-01-23 10:45:51',1,135,'12','03015001B',2,'已修改 writer 。'),(1372,'2016-01-23 10:55:16',1,135,'12','03015001B',2,'已修改 writer 。'),(1373,'2016-01-23 10:55:41',1,135,'14','20150001',2,'已修改 writer 和 reviewer 。'),(1374,'2016-01-23 10:56:40',1,135,'14','20150001',2,'没有字段被修改。'),(1375,'2016-01-23 10:57:29',1,135,'14','20150001',2,'没有字段被修改。'),(1376,'2016-01-23 11:33:28',1,156,'1','20150001',2,'没有字段被修改。'),(1377,'2016-01-23 08:22:10',1,108,'46','封头3200*(3+11)',2,'已修改 type 。'),(1378,'2016-01-23 08:22:15',1,108,'46','封头3200*(3+11)',2,'已修改 type 。'),(1379,'2016-01-23 08:22:30',1,108,'11','Φ2',2,'已修改 type 。'),(1380,'2016-01-23 08:22:41',1,108,'44','a2',2,'已修改 type 。'),(1381,'2016-01-23 08:22:50',1,108,'19','a1',2,'已修改 type 。'),(1382,'2016-01-25 11:09:21',1,41,'20','20',3,''),(1383,'2016-01-25 11:09:21',1,41,'19','19',3,''),(1384,'2016-01-25 11:09:21',1,41,'18','18',3,''),(1385,'2016-01-27 02:03:46',1,62,'40','印度公司客人来访',2,'已修改 news_title 和 news_content 。'),(1386,'2016-01-27 02:05:42',1,63,'44','基于互联网的社交网络研究_吴保来.caj',3,''),(1387,'2016-01-27 02:10:19',1,63,'49','附件.txt',2,'已修改 message 。'),(1388,'2016-01-27 02:10:51',1,64,'102','lkjg',3,''),(1389,'2016-01-27 02:10:51',1,64,'101','sdf',3,''),(1402,'2016-01-27 09:26:04',1,105,'7','2015111601',2,'已修改 entry_status 。'),(1403,'2016-01-27 09:26:09',1,105,'6','2015111401',2,'已修改 entry_status 。'),(1404,'2016-01-27 09:26:15',1,105,'5','2015111201',2,'已修改 entry_status 。'),(1410,'2016-01-27 10:12:19',1,118,'3','RK141025-1B',2,'已修改 entry_status 。'),(1411,'2016-01-27 10:12:26',1,118,'2','RK141026-1A',2,'已修改 entry_status 。'),(1412,'2016-01-28 02:28:12',1,105,'7','2015111601',2,'没有字段被修改。'),(1413,'2016-01-28 02:28:15',1,105,'6','2015111401',2,'没有字段被修改。'),(1414,'2016-01-28 02:28:19',1,105,'5','2015111201',2,'没有字段被修改。'),(1416,'2016-01-29 06:59:32',1,105,'5','2015111201',2,'已修改 entry_status 。'),(1417,'2016-01-29 07:01:25',1,105,'6','2015111401',2,'没有字段被修改。'),(1418,'2016-01-29 07:02:34',1,105,'1','2015110401',2,'已修改 entry_status 。'),(1419,'2016-01-29 07:02:49',1,105,'6','2015111401',2,'已修改 entry_status 。'),(1420,'2016-01-29 08:32:26',1,105,'1','2015110401',2,'已修改 entry_status 。'),(1421,'2016-01-30 03:35:14',1,105,'1','2015110401',2,'已修改 entry_status 。'),(1426,'2016-01-30 06:53:44',1,105,'1','2015110401',2,'已修改 entry_status 。'),(1427,'2016-01-30 06:53:50',1,105,'6','2015111401',2,'已修改 entry_status 。'),(1432,'2016-01-30 06:54:54',1,118,'3','RK141025-1B',2,'已修改 entry_status 。'),(1433,'2016-01-30 06:54:58',1,118,'2','RK141026-1A',2,'已修改 entry_status 。'),(1434,'2016-01-30 06:55:03',1,118,'1','RK141025-1A',2,'已修改 entry_status 。'),(1447,'2016-01-30 08:19:09',1,105,'1','2015110401',2,'已修改 entry_status 。'),(1448,'2016-01-30 08:19:14',1,105,'2','2015110201',2,'已修改 entry_status 。'),(1450,'2016-01-30 08:19:52',1,118,'3','RK141025-1B',2,'已修改 entry_status 。'),(1451,'2016-01-30 08:19:56',1,118,'2','RK141026-1A',2,'已修改 entry_status 。'),(1453,'2016-03-08 02:51:39',1,67,'4','20160308',1,''),(1454,'2016-03-08 02:52:08',1,74,'3','2016030801',1,''),(1455,'2016-03-08 15:59:26',1,157,'6','附件六 学术型硕士论文中期报告_2014102292943.docx',3,''),(1459,'2016-03-10 16:21:31',1,128,'57','气化炉上部(W)',2,'没有字段被修改。'),(1460,'2016-03-10 16:21:50',1,128,'57','气化炉上部(W)',2,'没有字段被修改。'),(1461,'2016-03-10 16:35:06',1,128,'57','气化炉上部(W)',2,'已修改 inspect_date 。'),(1462,'2016-03-10 16:35:21',1,128,'57','气化炉上部(W)',2,'已修改 inspect_date 。'),(1463,'2016-03-10 17:06:47',1,128,'56','焊材3(Y)',2,'没有字段被修改。'),(1464,'2016-03-11 15:29:37',1,128,'58','筒节 DN4222 t=38 H=300(H)',1,''),(1465,'2016-03-11 15:30:14',1,128,'58','搅拌器冷却水进口(H)',2,'已修改 materiel_belong 。'),(1466,'2016-03-11 15:30:34',1,128,'58','焊材1(H)',2,'已修改 materiel_belong 。'),(1467,'2016-03-11 15:30:46',1,128,'58','外购件1(H)',2,'已修改 materiel_belong 。'),(1468,'2016-03-11 15:30:59',1,128,'58','筒体(H)',2,'已修改 materiel_belong 。'),(1469,'2016-03-11 15:31:12',1,128,'58','铁片吧(H)',2,'已修改 materiel_belong 。'),(1470,'2016-03-11 15:31:32',1,128,'58','铁片吧(H)',2,'没有字段被修改。'),(1471,'2016-03-11 15:31:41',1,128,'58','铁片吧(H)',2,'已修改 hour 。'),(1472,'2016-03-11 16:15:15',1,128,'58','铁片吧(H)',2,'没有字段被修改。'),(1473,'2016-03-11 16:15:34',1,128,'59','铁片吧(W25)',1,''),(1474,'2016-03-11 16:15:53',1,128,'60','炉衬(Z)',1,''),(1475,'2016-03-15 17:46:45',1,128,'58','铁片吧(H)',2,'已修改 operate_date 。'),(1476,'2016-03-15 17:53:51',1,128,'57','气化炉上部(W)',2,'已修改 operate_date 。'),(1477,'2016-03-15 10:51:52',1,128,'60','炉衬(Z)',2,'已修改 hour 。'),(1478,'2016-03-16 16:28:45',1,128,'57','气化炉上部(W)',2,'已修改 operator 和 operate_date 。'),(1479,'2016-03-16 16:28:54',1,128,'58','铁片吧(H)',2,'已修改 operator 和 operate_date 。'),(1480,'2016-03-17 15:50:02',1,128,'57','气化炉上部(W)',2,'已修改 operate_date 。'),(1481,'2016-03-17 15:50:49',1,128,'57','气化炉上部(W)',2,'已修改 operate_date 。'),(1482,'2016-03-17 08:25:36',1,56,'3','设计库',1,''),(1483,'2016-03-17 08:25:41',1,56,'4','工艺库',1,''),(1484,'2016-03-17 08:25:46',1,56,'5','流转卡编辑',1,''),(1485,'2016-03-17 08:25:52',1,56,'6','流转卡编辑',1,''),(1486,'2016-03-17 08:25:58',1,56,'7','焊缝表',1,''),(1487,'2016-03-17 08:26:20',1,56,'8','热处理列表',1,''),(1488,'2016-03-17 08:26:27',1,56,'9','工艺技术文件目录',1,''),(1489,'2016-03-17 08:26:35',1,56,'5','流转卡编辑',3,''),(1490,'2016-03-17 16:22:41',1,128,'57','气化炉上部(W)',2,'已修改 operate_date 。'),(1491,'2016-03-18 02:44:28',1,18,'21','部件',1,''),(1492,'2016-03-18 03:01:11',1,19,'14','气化炉下部',2,'已修改 order 。'),(1493,'2016-03-18 03:02:27',1,19,'13','气化炉',2,'已修改 order 和 material 。'),(1494,'2016-03-18 03:02:43',1,19,'14','气化炉下部',2,'已修改 material 。'),(1495,'2016-03-18 03:04:04',1,19,'12','',3,''),(1496,'2016-03-18 03:04:04',1,19,'11','',3,''),(1497,'2016-03-18 03:04:04',1,19,'10','',3,''),(1498,'2016-03-18 03:04:04',1,19,'9','',3,''),(1499,'2016-03-18 03:04:04',1,19,'8','',3,''),(1500,'2016-03-18 03:04:04',1,19,'7','',3,''),(1501,'2016-03-18 03:04:04',1,19,'6','',3,''),(1503,'2016-03-18 03:12:29',1,13,'8','011012C',1,''),(1504,'2016-03-18 03:13:22',1,19,'31','连接短节',1,''),(1505,'2016-03-18 03:14:01',1,19,'32','排放管',1,''),(1506,'2016-03-18 03:14:31',1,19,'33','下法兰',1,''),(1507,'2016-03-18 03:15:39',1,19,'34','筒节DN1680 t=50 H=890',1,''),(1508,'2016-03-18 03:16:08',1,19,'35','炉膛冷却水进出口',1,''),(1509,'2016-03-18 03:17:30',1,19,'36','上法兰',1,''),(1510,'2016-03-18 03:18:00',1,18,'22','20MnMoIV',1,''),(1511,'2016-03-18 03:23:02',1,19,'37','排渣口支撑板',1,''),(1512,'2016-03-18 03:23:42',1,19,'38','空气环',1,''),(1513,'2016-03-18 03:24:48',1,19,'39','燃烧器连接管',1,''),(1514,'2016-03-18 03:25:33',1,19,'40','排渣口冷却水进出口',1,''),(1515,'2016-03-18 03:26:47',1,19,'41','压力容器铭牌',1,''),(1516,'2016-03-21 05:12:11',1,131,'5','气化炉上部',3,''),(1517,'2016-03-21 05:12:11',1,131,'4','焊材1',3,''),(1518,'2016-03-21 05:12:11',1,131,'3','螺柱',3,''),(1519,'2016-03-21 05:12:11',1,131,'2','焊材1',3,''),(1520,'2016-03-21 05:12:11',1,131,'1','焊材1',3,''),(1521,'2016-03-21 05:14:20',1,18,'23','T Union SA Cr1Mo SC',1,''),(1522,'2016-03-21 05:15:23',1,131,'6','筒节DN1680 t=50 H=890',2,'已修改 weld_material_2 。'),(1523,'2016-03-21 05:19:41',1,135,'15','011012C',1,''),(1524,'2016-03-21 05:24:32',1,18,'24','H08CrMoA',1,''),(1525,'2016-03-21 05:27:05',1,18,'25','E347LT1-1',1,''),(1526,'2016-03-21 05:27:30',1,132,'16','V',1,''),(1527,'2016-03-21 05:32:23',1,18,'26','H08Mn2SiA',1,''),(1528,'2016-04-17 09:37:02',1,105,'9','123456',2,'已修改 entry_code 和 entry_status 。'),(1529,'2016-05-01 07:16:27',1,106,'1','焊材1(123456)',1,''),(1530,'2016-05-02 08:16:00',1,106,'1','焊材1(123456)',2,'没有字段被修改。'),(1531,'2016-05-02 08:16:10',1,106,'2','焊材2(123456)',1,''),(1532,'2016-05-02 08:16:18',1,106,'2','焊材2(123456)',2,'没有字段被修改。'),(1533,'2016-05-02 08:16:24',1,106,'3','焊材3(123456)',1,''),(1534,'2016-05-02 09:19:08',1,106,'3','焊材3(123456)',2,'没有字段被修改。'),(1535,'2016-05-02 09:19:19',1,106,'4','螺柱(123456)',1,''),(1536,'2016-05-03 15:26:14',1,38,'30','封头',3,''),(1537,'2016-05-03 15:26:14',1,38,'29','筒体',3,''),(1538,'2016-05-03 15:26:14',1,38,'28','筒体',3,''),(1539,'2016-05-03 15:26:14',1,38,'27','筒体',3,''),(1540,'2016-05-03 15:51:04',1,58,'16','',3,''),(1541,'2016-05-03 15:51:04',1,58,'15','',3,''),(1542,'2016-05-03 15:51:04',1,58,'14','',3,''),(1543,'2016-05-03 15:51:04',1,58,'13','',3,''),(1544,'2016-05-03 09:18:35',1,13,'9','03015007B',1,''),(1545,'2016-05-03 11:38:16',1,105,'9','123456',2,'已修改 purchaser 。'),(1546,'2016-05-03 13:31:01',1,19,'1','焊条',2,'已修改 name 。'),(1547,'2016-05-03 13:31:12',1,19,'3','焊剂',2,'已修改 name 。'),(1548,'2016-05-03 13:38:41',1,19,'3','焊剂',2,'没有字段被修改。'),(1549,'2016-05-03 13:57:57',1,106,'2','焊剂(123456)',2,'已修改 count 。'),(1550,'2016-05-03 13:58:09',1,106,'4','螺柱(123456)',2,'已修改 count 。'),(1553,'2016-05-04 06:19:06',1,13,'9','03015007B',3,''),(1554,'2016-05-04 06:20:09',1,13,'10','03015007B',1,''),(1555,'2016-05-04 14:40:56',1,159,'29','筒体',2,'已修改 index 和 relate_material 。'),(1556,'2016-05-04 15:03:15',1,160,'1','SMAW-Fell-5FG-12/60-Fef3J',1,''),(1557,'2016-05-04 15:03:20',1,160,'2','GMAW-Fell-3G-14-FefS-11/15',1,''),(1558,'2016-05-04 07:31:05',1,13,'10','03015007B',3,''),(1559,'2016-05-04 07:32:01',1,13,'11','03015007B',1,''),(1560,'2016-05-04 15:54:29',1,160,'1','SMAW-Fell-5FG-12/60-Fef3J',1,''),(1561,'2016-05-04 15:54:33',1,160,'2','GMAW-Fell-3G-14-FefS-11/15',1,''),(1562,'2016-05-04 08:31:37',1,159,'41','压力容器铭牌',3,''),(1563,'2016-05-04 08:31:37',1,159,'40','排渣口冷却水进出口',3,''),(1564,'2016-05-04 08:31:37',1,159,'39','燃烧器连接管',3,''),(1565,'2016-05-04 08:31:37',1,159,'38','空气环',3,''),(1566,'2016-05-04 08:31:37',1,159,'37','排渣口支撑板',3,''),(1567,'2016-05-04 08:31:37',1,159,'36','上法兰',3,''),(1568,'2016-05-04 08:32:24',1,159,'35','炉膛冷却水进出口',3,''),(1569,'2016-05-04 08:32:24',1,159,'34','筒节DN1680 t=50 H=890',3,''),(1570,'2016-05-04 08:32:25',1,159,'33','下法兰',3,''),(1571,'2016-05-04 08:32:25',1,159,'32','排放管',3,''),(1572,'2016-05-04 08:32:25',1,159,'31','连接短节',3,''),(1573,'2016-05-04 08:32:25',1,159,'26','外购件2',3,''),(1574,'2016-05-04 08:32:25',1,159,'25','外购件1',3,''),(1575,'2016-05-04 08:32:25',1,159,'24','铁片吧',3,''),(1576,'2016-05-04 08:32:25',1,159,'23','洗涤冷却器支座',3,''),(1577,'2016-05-04 08:32:25',1,159,'22','洗涤冷却器支座',3,''),(1578,'2016-05-04 08:32:25',1,159,'21','炉衬',3,''),(1579,'2016-05-04 08:32:25',1,159,'20','搅拌器冷却水进口',3,''),(1580,'2016-05-04 08:32:25',1,159,'19','三通管',3,''),(1581,'2016-05-04 08:32:25',1,159,'18','吊耳 SP-150',3,''),(1582,'2016-05-04 08:32:25',1,159,'17','气化炉上部',3,''),(1583,'2016-05-04 08:32:25',1,159,'16','筒节 DN4222 t=38 H=300',3,''),(1584,'2016-05-04 08:32:25',1,159,'15','压力容器铭牌',3,''),(1585,'2016-05-04 08:32:25',1,159,'14','气化炉下部',3,''),(1586,'2016-05-04 08:32:25',1,159,'13','气化炉',3,''),(1587,'2016-05-04 08:32:25',1,159,'12','',3,''),(1588,'2016-05-04 08:32:25',1,159,'11','',3,''),(1589,'2016-05-04 08:32:25',1,159,'10','',3,''),(1590,'2016-05-04 08:32:25',1,159,'9','',3,''),(1591,'2016-05-04 08:32:25',1,159,'8','',3,''),(1592,'2016-05-04 08:32:25',1,159,'7','',3,''),(1593,'2016-05-04 08:32:25',1,159,'6','',3,''),(1594,'2016-05-04 09:00:58',1,67,'1','H1604-279',1,''),(1595,'2016-05-04 09:04:41',1,163,'1','H',1,''),(1596,'2016-05-04 09:04:46',1,163,'2','Z',1,''),(1597,'2016-05-04 09:04:52',1,163,'3','M',1,''),(1598,'2016-05-04 09:05:00',1,163,'4','J',1,''),(1599,'2016-05-04 09:05:03',1,163,'5','X',1,''),(1600,'2016-05-04 09:05:09',1,163,'6','G',1,''),(1601,'2016-05-04 09:05:13',1,163,'7','G1',1,''),(1602,'2016-05-04 09:05:15',1,163,'8','G2',1,''),(1603,'2016-05-04 09:05:46',1,163,'9','W',1,''),(1604,'2016-05-04 09:06:17',1,163,'10','R',1,''),(1605,'2016-05-04 09:06:24',1,163,'11','Z',1,''),(1606,'2016-05-04 09:06:32',1,163,'12','L',1,''),(1607,'2016-05-04 16:41:06',1,38,'31','筒体',2,'已修改 order_form 。'),(1608,'2016-05-04 16:46:58',1,159,'29','筒体',2,'已修改 recheck 。'),(1609,'2016-05-04 16:47:44',1,38,'33','筒体',2,'已修改 order_form 。'),(1610,'2016-05-04 16:48:47',1,38,'33','筒体',2,'已修改 order_form 。'),(1611,'2016-05-04 18:21:02',1,159,'237','筒体',3,''),(1612,'2016-05-04 18:21:08',1,159,'238','筒体',3,''),(1613,'2016-05-04 18:21:53',1,159,'35','炉膛冷却水进出口',3,''),(1614,'2016-05-04 18:22:07',1,159,'12','',3,''),(1615,'2016-05-04 18:22:07',1,159,'11','',3,''),(1616,'2016-05-04 18:22:08',1,159,'10','',3,''),(1617,'2016-05-04 18:22:08',1,159,'9','',3,''),(1618,'2016-05-04 18:22:08',1,159,'8','',3,''),(1619,'2016-05-04 18:22:08',1,159,'7','',3,''),(1620,'2016-05-04 18:22:08',1,159,'6','',3,''),(1621,'2016-05-04 20:18:11',1,32,'101','201500101',2,'已修改 order_status 。'),(1622,'2016-05-04 20:29:57',1,58,'18','4',3,''),(1623,'2016-05-04 20:33:39',1,159,'245','hebing',2,'已修改 inventory_type 。'),(1624,'2016-05-04 20:34:22',1,159,'239','hebing',2,'已修改 inventory_type 。'),(1625,'2016-05-04 13:09:42',1,67,'1','H1604-279',2,'已修改 model_number 。'),(1626,'2016-05-04 21:21:25',1,29,'4','批准通过订购单',1,''),(1627,'2016-05-04 21:21:33',1,29,'5','已终止历史订购单',1,''),(1628,'2016-05-04 21:21:40',1,29,'4','批准通过订购单',2,'已修改 next_status 。'),(1629,'2016-05-05 09:55:57',1,32,'101','201500101',2,'已修改 order_status 。'),(1630,'2016-05-05 10:01:09',1,32,'101','201500101',2,'已修改 establishment_user，chief，approve_user，work_order，number 和 revised_id 。'),(1631,'2016-05-05 02:32:11',1,67,'1','H1604-279',2,'已修改 actual_quantity 和 remark 。'),(1632,'2016-05-05 10:06:41',1,32,'101','201500101',2,'已修改 order_status 。'),(1633,'2016-05-05 10:11:20',1,32,'101','201500101',2,'已修改 order_status 。'),(1634,'2016-05-05 10:11:54',1,32,'101','201500101',2,'已修改 order_status 。'),(1635,'2016-05-05 10:14:26',1,32,'101','201500101',2,'已修改 order_status 。'),(1636,'2016-05-05 10:19:57',1,32,'101','201500101',2,'已修改 order_status 。'),(1637,'2016-05-05 10:24:49',1,32,'101','201500101',2,'已修改 order_status 。'),(1638,'2016-05-05 10:41:57',1,32,'101','201500101',2,'已修改 order_status 。'),(1639,'2016-05-05 10:48:38',1,32,'101','201500101',2,'已修改 number 。'),(1640,'2016-05-05 05:40:56',1,135,'16','03015007B',1,''),(1641,'2016-05-05 06:37:12',1,168,'1','FLUSH_WELD',1,''),(1642,'2016-05-05 06:37:14',1,168,'2','HORIZONTAL_WELD',1,''),(1643,'2016-05-05 06:37:17',1,168,'3','OVERHEAD_WELD',1,''),(1644,'2016-05-05 06:37:19',1,168,'4','VERTICAL_WELD',1,''),(1645,'2016-05-05 06:37:22',1,168,'5','WIDE_WELD',1,''),(1646,'2016-05-05 14:18:14',1,32,'101','201500101',2,'已修改 tech_requirement 。'),(1647,'2016-05-05 14:19:12',1,32,'101','201500101',2,'已修改 tech_requirement 。'),(1648,'2016-05-05 14:24:15',1,32,'101','201500101',2,'已修改 tech_requirement 。'),(1649,'2016-05-05 07:01:03',1,133,'1','焊条 +埋弧焊',3,''),(1650,'2016-05-05 07:01:33',1,133,'6','焊条焊',1,''),(1651,'2016-05-05 07:01:51',1,133,'7','气保焊',1,''),(1652,'2016-05-05 07:02:14',1,133,'8','埋弧焊',1,''),(1653,'2016-05-05 07:12:25',1,18,'27','J507RH',1,''),(1654,'2016-05-05 07:18:58',1,104,'48','螺柱(2016-05-03)',2,'已修改 deadline 和 item_status 。'),(1655,'2016-05-05 07:19:07',1,104,'48','螺柱(2016-05-03)',2,'已修改 deadline 。'),(1656,'2016-05-05 14:55:05',1,32,'101','201500101',2,'已修改 establishment_time，order_status 和 tech_requirement 。'),(1657,'2016-05-05 15:17:58',1,160,'1','SMAW-Fell-5FG-12/60-Fef3J',1,''),(1658,'2016-05-05 15:18:00',1,160,'2','GMAW-Fell-3G-14-FefS-11/15',1,''),(1659,'2016-05-05 15:18:02',1,160,'3','SAW-1G07/09/19',1,''),(1660,'2016-05-05 15:18:47',1,161,'1','RH24-13-09',1,''),(1661,'2016-05-05 15:18:50',1,161,'2','RH24-13-36',1,''),(1662,'2016-05-05 15:29:23',1,32,'101','201500101',2,'已修改 order_status 。'),(1663,'2016-05-05 15:33:18',1,32,'101','201500101',2,'已修改 order_status 。'),(1664,'2016-05-05 15:44:28',1,32,'101','201500101',2,'已修改 order_status 。'),(1665,'2016-05-05 08:54:57',1,128,'118','封头',2,'已修改 GX1，GX2，GX3，GX4，GX5，GX6，GX7，GX8，GX9，GX10，GX11 和 GX12 。'),(1666,'2016-05-05 09:05:35',1,19,'246','封头',2,'已修改 index 。'),(1667,'2016-05-05 09:06:30',1,19,'246','封头',2,'没有字段被修改。'),(1668,'2016-05-05 09:07:42',1,19,'246','封头',2,'没有字段被修改。'),(1669,'2016-05-05 09:08:14',1,19,'246','封头',2,'已修改 order 。'),(1670,'2016-05-05 09:09:48',1,128,'79','椭圆垫 500-900',2,'已修改 GX1，GX2，GX3，GX4，GX5，GX6，GX7，GX8，GX9，GX10，GX11，GX12，GS1，GS2，GS3，GS4，GS5，GS6，GS7，GS8，GS9，GS10，GS11 和 GS12 。'),(1682,'2016-05-05 18:19:56',1,32,'101','201500101',2,'已修改 order_status 。'),(1683,'2016-05-05 18:49:24',1,160,'1','SMAW-Fell-5FG-12/60-Fef3J',1,''),(1684,'2016-05-05 18:49:26',1,160,'2','GMAW-Fell-3G-14-FefS-11/15',1,''),(1685,'2016-05-05 18:49:29',1,160,'3','SAW-1G07/09/19',1,''),(1686,'2016-05-05 19:00:32',1,159,'30','封头',2,'已修改 work_order 。'),(1687,'2016-05-05 19:00:46',1,159,'246','封头',2,'已修改 work_order 。'),(1688,'2016-05-05 19:00:59',1,159,'27','筒体',2,'已修改 work_order 。'),(1689,'2016-05-05 19:01:28',1,159,'244','封头',2,'已修改 work_order 。'),(1690,'2016-05-05 19:24:33',1,38,'38','封头',2,'已修改 order_form 。'),(1691,'2016-05-05 19:24:46',1,38,'37','筒体',2,'已修改 order_form 。'),(1692,'2016-05-05 19:24:52',1,38,'31','筒体',2,'已修改 order_form 。'),(1693,'2016-05-05 19:25:04',1,38,'36','hebing',2,'已修改 bid_form 。'),(1694,'2016-05-05 19:32:55',1,38,'37','筒体',2,'已修改 order_form 。'),(1695,'2016-05-05 19:33:03',1,38,'34','封头',2,'已修改 order_form 。'),(1696,'2016-05-05 19:33:09',1,38,'31','筒体',2,'已修改 order_form 。'),(1697,'2016-05-05 19:49:11',1,32,'101','201500101',2,'没有字段被修改。'),(1698,'2016-05-05 19:53:55',1,38,'39','封头',2,'已修改 order_form 。'),(1699,'2016-05-05 19:54:35',1,38,'39','封头',3,''),(1700,'2016-05-05 20:02:21',1,38,'41','封头',3,''),(1701,'2016-05-05 20:02:21',1,38,'40','筒体',3,''),(1702,'2016-05-05 20:02:21',1,38,'38','封头',3,''),(1703,'2016-05-05 20:02:21',1,38,'37','筒体',3,''),(1704,'2016-05-05 20:02:21',1,38,'34','封头',3,''),(1705,'2016-05-05 20:02:21',1,38,'31','筒体',3,''),(1706,'2016-05-05 20:04:47',1,159,'244','封头',2,'已修改 relate_material 。'),(1707,'2016-05-05 20:06:12',1,159,'30','封头',2,'已修改 relate_material 。'),(1708,'2016-05-05 20:06:24',1,159,'27','筒体',2,'已修改 relate_material 。'),(1709,'2016-05-05 20:06:45',1,38,'42','封头',3,''),(1710,'2016-05-05 20:07:30',1,159,'248','筒体',2,'没有字段被修改。'),(1711,'2016-05-05 20:08:03',1,159,'248','筒体',2,'没有字段被修改。'),(1712,'2016-05-05 20:08:10',1,159,'243','筒体',2,'已修改 relate_material 。'),(1713,'2016-05-05 20:09:28',1,159,'248','筒体',3,''),(1714,'2016-05-05 20:09:37',1,159,'249','筒体',3,''),(1715,'2016-05-05 20:10:01',1,32,'101','201500101',2,'已修改 order_status 。'),(1716,'2016-05-05 20:15:31',1,159,'246','封头',2,'已修改 work_order 。'),(1717,'2016-05-05 20:16:56',1,38,'45','封头',2,'已修改 order_form 。'),(1718,'2016-05-05 20:17:02',1,38,'44','封头',2,'已修改 order_form 。'),(1719,'2016-05-05 20:17:24',1,159,'251','封头',3,''),(1720,'2016-05-05 20:25:01',1,25,'15','封头',1,''),(1721,'2016-05-05 20:25:07',1,25,'16','封头',1,''),(1722,'2016-05-05 20:25:23',1,25,'15','封头',2,'没有字段被修改。'),(1723,'2016-05-05 20:26:09',1,25,'16','封头',2,'没有字段被修改。'),(1724,'2016-05-05 20:26:55',1,159,'250','封头',2,'已修改 count 和 total_weight 。'),(1725,'2016-05-05 20:27:04',1,159,'246','封头',2,'已修改 total_weight 。'),(1726,'2016-05-05 20:28:05',1,159,'246','封头1',2,'已修改 name 。'),(1727,'2016-05-05 20:28:14',1,25,'15','封头1',2,'没有字段被修改。'),(1728,'2016-05-05 20:28:39',1,159,'246','封头1',2,'已修改 inventory_type 。'),(1729,'2016-05-05 20:29:08',1,159,'250','封头',2,'已修改 work_order 。'),(1730,'2016-05-05 20:32:24',1,32,'101','201500101',2,'已修改 order_status 。'),(1731,'2016-05-05 13:06:39',1,106,'3','焊材3(123456)',2,'已修改 material_code 。'),(1732,'2016-05-05 20:39:06',1,32,'101','201500101',2,'已修改 order_status 。'),(1733,'2016-05-05 13:53:11',1,67,'1','H1604-279',2,'已修改 material_code 和 storelist 。'),(1734,'2016-05-05 14:18:47',1,67,'1','H1604-279',2,'已修改 material_code 和 storelist 。'),(1735,'2016-05-05 14:21:36',1,67,'1','H1604-279',2,'已修改 status，remark 和 storelist 。'),(1736,'2016-05-05 14:21:51',1,67,'1','H1604-279',2,'已修改 keeper 。'),(1737,'2016-05-05 14:22:03',1,67,'1','H1604-279',2,'没有字段被修改。'),(1738,'2016-05-05 14:22:14',1,67,'1','H1604-279',2,'已修改 material_code 。'),(1739,'2016-05-06 02:44:58',1,169,'1','22222',1,''),(1740,'2016-05-06 02:46:27',1,170,'2','油漆 22.0 ',1,''),(1741,'2016-05-06 02:59:15',1,170,'2','油漆 22.0 Φ12',2,'已修改 specification，factory 和 supplier 。'),(1742,'2016-05-06 02:59:32',1,169,'1','22222',2,'已修改 purchaser 和 inspector 。'),(1743,'2016-05-06 03:16:41',1,166,'10','z',1,''),(1744,'2016-05-06 03:21:27',1,166,'11','z',1,''),(1745,'2016-05-06 06:36:55',1,67,'2','201601',1,''),(1746,'2016-05-06 14:06:23',1,8,'93','201500093',3,''),(1747,'2016-05-06 14:06:23',1,8,'92','201500092',3,''),(1748,'2016-05-06 14:06:23',1,8,'91','201500091',3,''),(1749,'2016-05-06 14:06:23',1,8,'90','201500038',3,''),(1750,'2016-05-06 14:06:23',1,8,'8','444',3,''),(1751,'2016-05-06 14:06:23',1,8,'7','201500036',3,''),(1752,'2016-05-06 14:06:23',1,8,'6','201500029',3,''),(1753,'2016-05-06 14:06:23',1,8,'5','201500023',3,''),(1754,'2016-05-06 14:47:15',1,166,'12','g1',1,''),(1755,'2016-05-06 14:47:26',1,166,'13','r',1,''),(1756,'2016-05-06 14:20:40',1,9,'23','标单审批',3,''),(1757,'2016-05-06 14:20:40',1,9,'11','标单编制',3,''),(1758,'2016-05-06 14:22:04',1,9,'24','招标填写',1,''),(1759,'2016-05-06 14:22:39',1,9,'25','申请领导意见',1,''),(1760,'2016-05-06 14:22:52',1,9,'26','需求单位领导意见',1,''),(1761,'2016-05-06 14:23:10',1,9,'27','物流采控意见',1,''),(1762,'2016-05-06 14:23:25',1,9,'28','公司意见',1,''),(1763,'2016-05-06 14:23:33',1,9,'29','招标中',1,''),(1764,'2016-05-06 14:23:42',1,9,'30','中标确认',1,''),(1765,'2016-05-06 14:24:06',1,9,'10','标单创建',2,'已修改 next_part_status 。'),(1766,'2016-05-06 14:24:37',1,9,'22','供应商选择',2,'已修改 next_part_status 。'),(1767,'2016-05-06 14:24:46',1,9,'21','招标申请选择',2,'已修改 next_part_status 。'),(1768,'2016-05-06 14:26:45',1,9,'21','招标申请选择',2,'已修改 next_part_status 。'),(1769,'2016-05-06 14:27:00',1,9,'24','招标申请填写',2,'已修改 next_part_status 。'),(1770,'2016-05-06 14:27:18',1,9,'20','申请经办人意见',2,'已修改 next_part_status 。'),(1771,'2016-05-06 14:27:31',1,9,'25','申请领导意见',2,'已修改 next_part_status 。'),(1772,'2016-05-06 14:30:44',1,9,'31','需求单位意见',1,''),(1773,'2016-05-06 14:31:24',1,9,'25','申请领导意见',2,'已修改 next_part_status 。'),(1774,'2016-05-06 14:32:00',1,9,'31','需求单位意见',2,'已修改 next_part_status 。'),(1775,'2016-05-06 14:32:09',1,9,'18','归口部门意见',2,'已修改 next_part_status 。'),(1776,'2016-05-06 14:33:07',1,9,'27','物流采控意见',2,'已修改 next_part_status 。'),(1777,'2016-05-06 14:34:41',1,9,'32','经办人意见',1,''),(1778,'2016-05-06 14:34:52',1,9,'32','经办人意见',2,'已修改 next_part_status 。'),(1779,'2016-05-06 14:34:59',1,9,'19','需求单位技术主管意见',2,'已修改 next_part_status 。'),(1780,'2016-05-06 14:35:10',1,9,'26','需求单位领导意见',2,'已修改 next_part_status 。'),(1781,'2016-05-06 14:35:21',1,9,'17','综合部门意见',2,'已修改 next_part_status 。'),(1782,'2016-05-06 14:35:27',1,9,'28','公司意见',2,'已修改 next_part_status 。'),(1783,'2016-05-06 14:35:32',1,9,'29','招标中',2,'已修改 next_part_status 。'),(1784,'2016-05-06 14:35:48',1,9,'30','中标确认',2,'已修改 next_part_status 。'),(1785,'2016-05-06 14:35:58',1,9,'16','进程跟踪',2,'已修改 next_part_status 。'),(1786,'2016-05-06 14:36:11',1,9,'14','标单入库',2,'已修改 next_part_status 。'),(1787,'2016-05-06 14:40:51',1,32,'101','201500101',2,'已修改 order_status 。'),(1788,'2016-05-06 14:42:05',1,32,'101','201500101',2,'已修改 order_status 。'),(1789,'2016-05-06 15:15:51',1,169,'2','20160506',1,''),(1790,'2016-05-06 15:16:00',1,170,'3','硬质合金锥柄麻花钻 10.0 Φ3*500',1,''),(1791,'2016-05-06 15:16:45',1,169,'2','20160506',2,'已修改 entry_status 。'),(1792,'2016-05-06 15:18:03',1,170,'4','热电偶 100.0 Φ3*500',1,''),(1793,'2016-05-06 07:37:47',1,105,'9','123456',2,'已修改 keeper 。'),(1794,'2016-05-06 07:38:43',1,105,'9','123456',2,'已修改 keeper 。'),(1795,'2016-05-06 07:41:55',1,105,'9','123456',2,'已修改 entry_status 。'),(1796,'2016-05-06 07:42:00',1,105,'8','2016030701',2,'已修改 entry_status 。'),(1797,'2016-05-06 15:12:50',1,8,'94','201600000',3,''),(1798,'2016-05-06 15:39:22',1,160,'1','SMAW-Fell-5FG-12/60-Fef3J',1,''),(1799,'2016-05-06 15:39:24',1,160,'2','GMAW-Fell-3G-14-FefS-11/15',1,''),(1800,'2016-05-06 15:39:27',1,160,'3','SAW-1G07/09/19',1,''),(1801,'2016-05-06 15:47:42',1,8,'95','201600000',3,''),(1802,'2016-05-06 09:48:01',1,74,'3','H1604-279',1,''),(1803,'2016-05-06 09:48:19',1,74,'3','H1604-279',2,'已修改 department 和 refund_code 。'),(1804,'2016-05-06 09:55:50',1,74,'3','H1604-279',2,'已修改 weldrefund_status 。'),(1805,'2016-05-06 11:02:30',1,163,'2','Z',3,''),(1806,'2016-05-06 18:45:15',1,159,'243','筒体',2,'已修改 inventory_type 。'),(1807,'2016-05-06 11:38:59',1,22,'6','焊材定额',3,''),(1808,'2016-05-06 11:39:00',1,22,'5','工序性外协明细',3,''),(1809,'2016-05-06 11:39:00',1,22,'4','外购件明细',3,''),(1810,'2016-05-06 11:39:00',1,22,'3','先投件明细',3,''),(1811,'2016-05-06 11:39:00',1,22,'2','辅料定额',3,''),(1812,'2016-05-06 11:39:00',1,22,'1','主材定额',3,''),(1813,'2016-05-06 11:39:09',1,22,'7','MAIN_MATERIEL',1,''),(1814,'2016-05-06 11:39:11',1,22,'8','AUXILIARY_MATERIEL',1,''),(1815,'2016-05-06 11:39:13',1,22,'9','FIRST_FEEDING',1,''),(1816,'2016-05-06 11:39:16',1,22,'10','OUT_PURCHASED',1,''),(1817,'2016-05-06 11:39:19',1,22,'11','WELD_MATERIEL',1,''),(1818,'2016-05-06 11:39:22',1,22,'12','COOPERANT',1,''),(1819,'2016-05-06 11:53:53',1,22,'12','COOPERANT',3,''),(1820,'2016-05-06 11:53:53',1,22,'11','WELD_MATERIEL',3,''),(1821,'2016-05-06 11:53:53',1,22,'10','OUT_PURCHASED',3,''),(1822,'2016-05-06 11:53:53',1,22,'9','FIRST_FEEDING',3,''),(1823,'2016-05-06 11:53:53',1,22,'8','AUXILIARY_MATERIEL',3,''),(1824,'2016-05-06 11:53:53',1,22,'7','MAIN_MATERIEL',3,''),(1825,'2016-05-06 11:53:58',1,22,'13','主材定额',1,''),(1826,'2016-05-06 11:54:00',1,22,'14','辅料定额',1,''),(1827,'2016-05-06 11:54:02',1,22,'15','先投件明细',1,''),(1828,'2016-05-06 11:54:05',1,22,'16','外购件明细',1,''),(1829,'2016-05-06 11:54:07',1,22,'17','焊材定额',1,''),(1830,'2016-05-06 11:54:09',1,22,'18','工序性外协明细',1,''),(1831,'2016-05-06 11:56:36',1,22,'17','weld_materiel',3,''),(1832,'2016-05-06 11:56:40',1,22,'19','焊材定额',1,''),(1833,'2016-05-06 19:49:30',1,169,'2','20160506',2,'已修改 keeper 。'),(1834,'2016-05-06 19:55:13',1,169,'2','20160506',2,'已修改 purchaser 和 inspector 。'),(1835,'2016-05-06 12:18:43',1,74,'3','H1604-279',2,'没有字段被修改。'),(1836,'2016-05-06 12:19:15',1,74,'4','201601',1,''),(1837,'2016-05-06 13:43:03',1,173,'1','焊剂(1)',1,''),(1838,'2016-05-06 13:43:17',1,173,'1','焊剂(1)',2,'没有字段被修改。'),(1839,'2016-05-06 13:43:27',1,173,'2','焊剂(2)',1,''),(1840,'2016-05-06 21:12:08',1,9,'24','招标申请填写',2,'已修改 next_part_status 。'),(1841,'2016-05-06 21:12:41',1,9,'32','经办人意见',3,''),(1842,'2016-05-06 21:12:41',1,9,'31','需求单位意见',3,''),(1843,'2016-05-06 21:12:41',1,9,'28','公司意见',3,''),(1844,'2016-05-06 21:12:41',1,9,'27','物流采控意见',3,''),(1845,'2016-05-06 21:12:41',1,9,'26','需求单位领导意见',3,''),(1846,'2016-05-06 21:12:41',1,9,'25','申请领导意见',3,''),(1847,'2016-05-06 21:12:41',1,9,'20','申请经办人意见',3,''),(1848,'2016-05-06 21:12:42',1,9,'19','需求单位技术主管意见',3,''),(1849,'2016-05-06 21:12:42',1,9,'18','归口部门意见',3,''),(1850,'2016-05-06 21:12:42',1,9,'17','综合部门意见',3,''),(1851,'2016-05-06 21:17:31',1,9,'24','招标申请填写',2,'已修改 next_part_status 。'),(1852,'2016-05-07 09:09:21',1,174,'1','申请表填写',1,''),(1853,'2016-05-07 09:09:26',1,174,'2','申请经办人意见',1,''),(1854,'2016-05-07 09:09:31',1,174,'3','申请表申请领导意见',1,''),(1855,'2016-05-07 09:09:36',1,174,'4','申请表需求部门意见',1,''),(1856,'2016-05-07 09:09:47',1,174,'5','申请表归口部门意见',1,''),(1857,'2016-05-07 09:09:57',1,174,'6','申请表物流采控部门意见',1,''),(1858,'2016-05-07 09:10:08',1,174,'7','申请表公司意见',1,''),(1859,'2016-05-07 09:11:07',1,174,'1','申请表填写',2,'已修改 next_status 。'),(1860,'2016-05-07 09:11:13',1,174,'2','申请经办人意见',2,'已修改 next_status 。'),(1861,'2016-05-07 09:11:17',1,174,'3','申请表申请领导意见',2,'已修改 next_status 。'),(1862,'2016-05-07 09:11:28',1,174,'4','申请表需求部门意见',2,'已修改 next_status 。'),(1863,'2016-05-07 09:11:33',1,174,'5','申请表归口部门意见',2,'已修改 next_status 。'),(1864,'2016-05-07 09:11:44',1,174,'6','申请表物流采控部门意见',2,'已修改 next_status 。'),(1865,'2016-05-07 09:16:04',1,174,'8','结束',1,''),(1866,'2016-05-07 09:16:09',1,174,'7','申请表公司意见',2,'已修改 next_status 。'),(1867,'2016-05-07 09:16:26',1,174,'9','审核表填写',1,''),(1868,'2016-05-07 09:16:32',1,174,'10','审核表经办人意见',1,''),(1869,'2016-05-07 09:16:37',1,174,'11','审核表主管领导意见',1,''),(1870,'2016-05-07 09:16:43',1,174,'12','审核表质量部意见',1,''),(1871,'2016-05-07 09:16:49',1,174,'13','审核表经济运行部意见',1,''),(1872,'2016-05-07 09:16:56',1,174,'14','审核表综合管理部意见',1,''),(1873,'2016-05-07 09:17:02',1,174,'9','审核表填写',2,'已修改 next_status 。'),(1874,'2016-05-07 09:17:09',1,174,'10','审核表经办人意见',2,'已修改 next_status 。'),(1875,'2016-05-07 09:17:14',1,174,'11','审核表主管领导意见',2,'已修改 next_status 。'),(1876,'2016-05-07 09:17:17',1,174,'11','审核表主管领导意见',2,'没有字段被修改。'),(1877,'2016-05-07 09:17:22',1,174,'12','审核表质量部意见',2,'已修改 next_status 。'),(1878,'2016-05-07 09:17:32',1,174,'13','审核表经济运行部意见',2,'已修改 next_status 。'),(1879,'2016-05-07 09:17:38',1,174,'14','审核表综合管理部意见',2,'已修改 next_status 。'),(1880,'2016-05-07 09:17:47',1,174,'15','比质卡填写',1,''),(1881,'2016-05-07 09:17:52',1,174,'16','比质卡经办人意见',1,''),(1882,'2016-05-07 09:18:01',1,174,'17','比质卡需求技术意见',1,''),(1883,'2016-05-07 09:18:06',1,174,'18','比质卡需求领导意见',1,''),(1884,'2016-05-07 09:18:16',1,174,'19','比质卡综合管理意见',1,''),(1885,'2016-05-07 09:18:25',1,174,'20','比质卡公司意见',1,''),(1886,'2016-05-07 09:18:30',1,174,'15','比质卡填写',2,'已修改 next_status 。'),(1887,'2016-05-07 09:18:37',1,174,'16','比质卡经办人意见',2,'已修改 next_status 。'),(1888,'2016-05-07 09:18:42',1,174,'17','比质卡需求技术意见',2,'已修改 next_status 。'),(1889,'2016-05-07 09:18:52',1,174,'18','比质卡需求领导意见',2,'已修改 next_status 。'),(1890,'2016-05-07 09:18:57',1,174,'19','比质卡综合管理意见',2,'已修改 next_status 。'),(1891,'2016-05-07 01:57:09',1,74,'4','201601',2,'已修改 refund_code 。'),(1892,'2016-05-07 02:19:18',1,173,'1','焊条(1)',2,'已修改 weld_material 。'),(1893,'2016-05-07 02:27:27',1,18,'4','焊条111111',2,'已修改 name 。'),(1894,'2016-05-07 02:27:40',1,18,'1','焊剂1231231',2,'已修改 name 。'),(1895,'2016-05-07 02:35:59',1,67,'2','201601',2,'已修改 status 。'),(1896,'2016-05-07 02:39:58',1,104,'48','螺柱(2016-05-03)',2,'已修改 inventory_count 。'),(1897,'2016-05-07 03:20:58',1,169,'1','22222',2,'已修改 entry_status 。'),(1898,'2016-05-07 03:21:04',1,169,'2','20160506',2,'已修改 entry_status 。'),(1899,'2016-05-07 03:22:40',1,169,'2','20160506',2,'已修改 keeper 。'),(1900,'2016-05-07 03:22:54',1,169,'1','22222',2,'已修改 keeper 。'),(1901,'2016-05-07 04:37:27',1,18,'4','焊条a',2,'已修改 name 。'),(1902,'2016-05-07 04:37:35',1,18,'1','焊剂b',2,'已修改 name 。'),(1903,'2016-05-07 06:39:33',1,175,'28','法兰WN100-900RJ Sch120',3,''),(1904,'2016-05-07 06:39:33',1,175,'27','椭圆垫 100-900',3,''),(1905,'2016-05-07 06:39:33',1,175,'26','全螺纹螺柱M30X190',3,''),(1906,'2016-05-07 06:39:33',1,175,'25','配对法兰及紧固件',3,''),(1907,'2016-05-07 06:39:33',1,175,'24','椭圆垫 100-900',3,''),(1908,'2016-05-07 06:39:33',1,175,'23','螺母M30',3,''),(1909,'2016-05-07 06:39:33',1,175,'22','全螺纹螺柱M30X190',3,''),(1910,'2016-05-07 06:39:33',1,175,'21','螺母 M52X3',3,''),(1911,'2016-05-07 06:39:33',1,175,'20','双头螺柱M52X3X375',3,''),(1912,'2016-05-07 06:39:33',1,175,'19','椭圆垫 500-900',3,''),(1913,'2016-05-07 06:39:33',1,175,'18','椭圆垫 50-900',3,''),(1914,'2016-05-07 06:39:33',1,175,'17','螺母M24',3,''),(1915,'2016-05-07 06:39:33',1,175,'16','全螺纹螺柱M24X160',3,''),(1916,'2016-05-07 06:39:34',1,175,'15','椭圆垫 25-900',3,''),(1917,'2016-05-07 06:39:34',1,175,'14','环',3,''),(1918,'2016-05-07 06:39:34',1,175,'13','转臂',3,''),(1919,'2016-05-07 06:39:34',1,175,'12','把手',3,''),(1920,'2016-05-07 06:39:34',1,175,'11','锻管DN500',3,''),(1921,'2016-05-07 06:39:34',1,175,'10','双头螺柱M52X3X375',3,''),(1922,'2016-05-07 06:39:34',1,175,'9','法兰盖 BL 500-900 RJ',3,''),(1923,'2016-05-07 06:39:34',1,175,'8','人孔',3,''),(1924,'2016-05-07 06:39:34',1,175,'7','椭圆垫 50-900',3,''),(1925,'2016-05-07 06:39:34',1,175,'6','螺母M24',3,''),(1926,'2016-05-07 06:39:34',1,175,'5','全螺纹螺柱M24X160',3,''),(1927,'2016-05-07 06:39:34',1,175,'4','弯头DN50-Sch120 90E（L）',3,''),(1928,'2016-05-07 06:39:34',1,175,'3','椭圆垫 25-900',3,''),(1929,'2016-05-07 06:39:34',1,175,'2','螺母M24',3,''),(1930,'2016-05-07 06:39:34',1,175,'1','全螺纹螺柱M24X140',3,''),(1931,'2016-05-07 07:00:54',1,105,'9','123456',2,'已修改 keeper 和 entry_status 。'),(1932,'2016-05-07 07:03:59',1,67,'1','12122',1,''),(1933,'2016-05-07 07:05:34',1,104,'2','焊剂(2016-05-02)',2,'已修改 entry_time 。'),(1934,'2016-05-07 07:05:42',1,104,'1','焊条(2016-05-01)',2,'已修改 entry_time 。'),(1935,'2016-05-07 07:09:29',1,169,'1','22222',2,'已修改 keeper 和 entry_status 。'),(1936,'2016-05-07 14:38:57',1,9,'21','招标申请选择',2,'已修改 next_part_status 。'),(1937,'2016-05-07 07:11:31',1,169,'1','22222',2,'已修改 keeper 和 entry_status 。'),(1938,'2016-05-07 14:52:03',1,8,'96','201600000',2,'已修改 bid_status 。'),(1939,'2016-05-07 08:15:06',1,176,'1','03015007B-1',1,''),(1940,'2016-05-07 08:15:58',1,13,'6','03015001B',2,'已修改 count 。'),(1941,'2016-05-07 08:16:11',1,176,'2','03015001B-1',1,''),(1942,'2016-05-07 08:16:15',1,176,'3','03015001B-2',1,''),(1943,'2016-05-07 08:16:34',1,176,'4','20150001',1,''),(1944,'2016-05-07 08:16:38',1,176,'5','20150002',1,''),(1945,'2016-05-07 08:16:41',1,176,'6','20150003',1,''),(1946,'2016-05-07 08:16:44',1,176,'7','20150004',1,''),(1947,'2016-05-07 08:16:48',1,176,'8','011012A',1,''),(1948,'2016-05-07 08:16:52',1,176,'9','011012C',1,''),(1963,'2016-05-07 08:53:36',1,103,'2','None',1,''),(1964,'2016-05-07 08:54:20',1,103,'2','None',2,'已修改 department 和 applycard_code 。'),(1965,'2016-05-07 08:54:30',1,103,'2','None',2,'已修改 applicant 和 auditor 。'),(1966,'2016-05-07 18:39:40',1,16,'5','201600000',2,'已修改 apply_company，demand_company，bid_project，bid_date 和 special_model 。'),(1967,'2016-05-07 18:47:53',1,16,'5','201600000',2,'已修改 special_model 。'),(1968,'2016-05-07 18:48:34',1,16,'5','201600000',2,'已修改 special_model 和 project_category 。'),(1969,'2016-05-07 18:52:39',1,16,'5','201600000',2,'已修改 special_model 。'),(1970,'2016-05-07 19:04:51',1,16,'5','201600000',2,'已修改 core_part 。'),(1971,'2016-05-07 12:30:16',1,22,'20','主材定额',1,''),(1972,'2016-05-07 12:31:14',1,159,'270','sdfsf',2,'已修改 inventory_type 。'),(1973,'2016-05-07 12:32:26',1,22,'13','主材定额',3,''),(1974,'2016-05-07 12:47:10',1,25,'20','sdfsf',3,''),(1975,'2016-05-07 12:47:10',1,25,'19','sdfsf',3,''),(1976,'2016-05-07 12:47:10',1,25,'18','sdfsf',3,''),(1977,'2016-05-07 12:47:10',1,25,'17','sdfsf',3,''),(1978,'2016-05-07 14:20:30',1,171,'2','硬质合金锥柄麻花钻(2016-05-07)',1,''),(1979,'2016-05-07 14:20:41',1,103,'3','硬质合金锥柄麻花钻',1,''),(1985,'2016-05-08 21:12:44',1,16,'5','201600000',2,'已修改 status 。'),(1987,'2016-05-09 10:23:15',1,16,'5','201600000',2,'已修改 status 。'),(1992,'2016-05-09 13:30:35',1,16,'5','201600000',2,'已修改 status 。'),(1993,'2016-05-09 13:32:02',1,16,'5','201600000',2,'已修改 status 。'),(2002,'2016-05-09 14:06:46',1,16,'5','201600000',2,'已修改 status 。'),(2003,'2016-05-09 14:09:39',1,16,'5','201600000',2,'已修改 status 。'),(2004,'2016-05-09 06:53:15',1,173,'1','焊条a(1)',3,''),(2005,'2016-05-09 06:53:18',1,173,'2','焊剂b(2)',3,''),(2006,'2016-05-09 07:05:55',1,173,'3','H08CrMoA(φ4.0)',3,''),(2007,'2016-05-09 07:05:58',1,173,'4','SJ101(φ4.0)',3,''),(2008,'2016-05-09 07:06:01',1,173,'5','E347LT1-1(φ4.0)',3,''),(2009,'2016-05-09 07:06:04',1,173,'6','H08CrMoA(φ4.0)',3,''),(2010,'2016-05-09 07:06:07',1,173,'8','E347LT1-1(φ4.0)',3,''),(2011,'2016-05-09 07:06:10',1,173,'7','SJ101(φ4.0)',3,''),(2012,'2016-05-09 07:07:41',1,173,'11','E347LT1-1(φ4.0)',3,''),(2013,'2016-05-09 07:07:43',1,173,'10','SJ101(φ4.0)',3,''),(2014,'2016-05-09 07:07:47',1,173,'9','H08CrMoA(φ4.0)',3,''),(2015,'2016-05-09 07:09:38',1,173,'14','E347LT1-1(φ4.0)',3,''),(2016,'2016-05-09 07:09:41',1,173,'13','SJ101(φ4.0)',3,''),(2017,'2016-05-09 07:09:43',1,173,'12','H08CrMoA(φ4.0)',3,''),(2018,'2016-05-09 07:36:55',1,195,'1','123',1,''),(2019,'2016-05-09 07:50:50',1,173,'15','H08CrMoA(φ4.0)',3,''),(2020,'2016-05-09 07:50:53',1,173,'17','E347LT1-1(φ4.0)',3,''),(2021,'2016-05-09 07:50:57',1,173,'16','SJ101(φ4.0)',3,''),(2022,'2016-05-09 07:55:21',1,173,'20','E347LT1-1(φ4.0)',3,''),(2023,'2016-05-09 07:55:24',1,173,'19','H08CrMoA(φ4.0)',3,''),(2024,'2016-05-09 07:55:27',1,173,'18','SJ101(φ4.0)',3,''),(2025,'2016-05-09 08:02:07',1,173,'23','E347LT1-1(φ4.0)',3,''),(2026,'2016-05-09 08:02:09',1,173,'22','SJ101(φ4.0)',3,''),(2027,'2016-05-09 08:02:13',1,173,'21','H08CrMoA(φ4.0)',3,''),(2028,'2016-05-09 08:02:01',1,13,'11','03015007B',2,'没有字段被修改。'),(2029,'2016-05-09 08:31:47',1,173,'29','E347LT1-1(φ4.0)',3,''),(2030,'2016-05-09 08:32:05',1,173,'28','H08CrMoA(φ4.0)',3,''),(2031,'2016-05-09 08:32:05',1,173,'27','SJ101(φ4.0)',3,''),(2032,'2016-05-09 08:32:05',1,173,'26','E347LT1-1(φ4.0)',3,''),(2033,'2016-05-09 08:32:05',1,173,'25','H08CrMoA(φ4.0)',3,''),(2034,'2016-05-09 08:32:05',1,173,'24','SJ101(φ4.0)',3,''),(2035,'2016-05-09 16:11:23',1,16,'5','201600000',2,'已修改 status 。'),(2036,'2016-05-09 16:15:25',1,16,'5','201600000',2,'已修改 status 。'),(2037,'2016-05-09 08:49:16',1,195,'2','333',1,''),(2038,'2016-05-09 08:49:23',1,195,'3','12',1,''),(2041,'2016-05-09 09:11:53',1,202,'2','X1111',2,'已修改 remark 。'),(2042,'2016-05-09 16:41:20',1,41,'42','42',3,''),(2043,'2016-05-09 16:41:20',1,41,'41','41',3,''),(2044,'2016-05-09 16:41:20',1,41,'40','40',3,''),(2045,'2016-05-09 16:41:20',1,41,'39','39',3,''),(2046,'2016-05-09 16:41:21',1,41,'38','38',3,''),(2047,'2016-05-09 16:41:21',1,41,'37','37',3,''),(2048,'2016-05-09 16:41:21',1,41,'36','36',3,''),(2049,'2016-05-09 16:41:21',1,41,'35','35',3,''),(2050,'2016-05-09 16:41:21',1,41,'34','34',3,''),(2051,'2016-05-09 16:41:21',1,41,'33','33',3,''),(2054,'2016-05-09 11:11:27',1,195,'6','sss',1,''),(2055,'2016-05-09 11:12:08',1,195,'7','杰克毛',1,''),(2056,'2016-05-09 11:11:49',1,202,'2','X1111',2,'已修改 keeper 和 entry_status 。'),(2057,'2016-05-09 11:55:08',1,195,'8','胡骏',1,''),(2058,'2016-05-09 11:55:13',1,195,'9','郇正杰',1,''),(2059,'2016-05-09 11:55:17',1,195,'10','赵云',1,''),(2060,'2016-05-09 12:20:20',1,173,'37','螺母(1)',3,''),(2061,'2016-05-09 12:20:21',1,173,'36','螺母(1)',3,''),(2062,'2016-05-09 12:20:21',1,173,'35','E347LT1-1(φ4.0)',3,''),(2063,'2016-05-09 12:20:21',1,173,'34','H08CrMoA(φ4.0)',3,''),(2064,'2016-05-09 12:20:21',1,173,'33','SJ101(φ4.0)',3,''),(2071,'2016-05-09 13:00:35',1,156,'7','011012C',3,''),(2072,'2016-05-09 13:00:35',1,156,'6','20150003',3,''),(2073,'2016-05-09 13:00:35',1,156,'5','03015001B',3,''),(2074,'2016-05-09 13:00:35',1,156,'4','20150004',3,''),(2075,'2016-05-09 13:00:36',1,156,'3','011012A',3,''),(2076,'2016-05-09 13:00:36',1,156,'2','20150002',3,''),(2077,'2016-05-09 13:00:36',1,156,'1','20150001',3,''),(2078,'2016-05-09 13:02:16',1,156,'8','011012C',3,''),(2079,'2016-05-09 13:03:58',1,156,'9','20150002',2,'已修改 writer 。'),(2085,'2016-05-09 21:27:25',1,206,'1','201600000',2,'已修改 apply_company 和 apply_date 。'),(2086,'2016-05-09 21:28:48',1,206,'1','201600000',2,'已修改 bid_project 和 price_estimate 。'),(2087,'2016-05-09 21:29:28',1,206,'1','201600000',2,'已修改 base_situation 。'),(2088,'2016-05-09 21:39:07',1,31,'12','201600000 select 太原市某械制造有限公司',2,'已修改 A，B，C，E 和 F 。'),(2090,'2016-05-10 10:01:25',1,16,'6','201600000',3,''),(2091,'2016-05-10 10:01:39',1,16,'5','201600000',2,'已修改 status 。'),(2092,'2016-05-10 03:38:57',1,175,'53','椭圆垫 100-900',3,''),(2093,'2016-05-10 03:38:57',1,175,'52','全螺纹螺柱M30X190',3,''),(2094,'2016-05-10 03:38:57',1,175,'51','椭圆垫 100-900',3,''),(2095,'2016-05-10 03:38:57',1,175,'50','螺母M30',3,''),(2096,'2016-05-10 03:38:57',1,175,'49','全螺纹螺柱M30X190',3,''),(2097,'2016-05-10 03:38:57',1,175,'48','螺母 M52X3',3,''),(2098,'2016-05-10 03:38:57',1,175,'47','双头螺柱M52X3X375',3,''),(2099,'2016-05-10 03:38:57',1,175,'46','椭圆垫 500-900',3,''),(2100,'2016-05-10 03:38:57',1,175,'45','椭圆垫 50-900',3,''),(2101,'2016-05-10 03:38:57',1,175,'44','螺母M24',3,''),(2102,'2016-05-10 03:38:57',1,175,'43','全螺纹螺柱M24X160',3,''),(2103,'2016-05-10 03:38:57',1,175,'42','椭圆垫 25-900',3,''),(2104,'2016-05-10 03:38:57',1,175,'41','环',3,''),(2105,'2016-05-10 03:38:57',1,175,'40','转臂',3,''),(2106,'2016-05-10 03:38:57',1,175,'39','把手',3,''),(2107,'2016-05-10 03:38:57',1,175,'38','锻管DN500',3,''),(2108,'2016-05-10 03:38:57',1,175,'37','双头螺柱M52X3X375',3,''),(2109,'2016-05-10 03:38:57',1,175,'36','法兰盖 BL 500-900 RJ',3,''),(2110,'2016-05-10 03:38:57',1,175,'35','椭圆垫 50-900',3,''),(2111,'2016-05-10 03:38:57',1,175,'34','螺母M24',3,''),(2112,'2016-05-10 03:38:57',1,175,'33','全螺纹螺柱M24X160',3,''),(2113,'2016-05-10 03:38:57',1,175,'32','弯头DN50-Sch120 90E（L）',3,''),(2114,'2016-05-10 03:38:57',1,175,'31','椭圆垫 25-900',3,''),(2115,'2016-05-10 03:38:57',1,175,'30','螺母M24',3,''),(2116,'2016-05-10 03:38:57',1,175,'29','全螺纹螺柱M24X140',3,''),(2117,'2016-05-10 03:58:00',1,175,'89','法兰WN100-900RJ Sch120',3,''),(2118,'2016-05-10 03:58:00',1,175,'88','椭圆垫 100-900',3,''),(2119,'2016-05-10 03:58:00',1,175,'87','全螺纹螺柱M30X190',3,''),(2120,'2016-05-10 03:58:00',1,175,'86','椭圆垫 100-900',3,''),(2121,'2016-05-10 03:58:00',1,175,'85','螺母M30',3,''),(2122,'2016-05-10 03:58:00',1,175,'84','全螺纹螺柱M30X190',3,''),(2123,'2016-05-10 03:58:00',1,175,'83','螺母 M52X3',3,''),(2124,'2016-05-10 03:58:00',1,175,'82','双头螺柱M52X3X375',3,''),(2125,'2016-05-10 03:58:00',1,175,'81','椭圆垫 500-900',3,''),(2126,'2016-05-10 03:58:00',1,175,'80','椭圆垫 50-900',3,''),(2127,'2016-05-10 03:58:00',1,175,'79','螺母M24',3,''),(2128,'2016-05-10 03:58:00',1,175,'78','全螺纹螺柱M24X160',3,''),(2129,'2016-05-10 03:58:00',1,175,'77','椭圆垫 25-900',3,''),(2130,'2016-05-10 03:58:00',1,175,'76','环',3,''),(2131,'2016-05-10 03:58:00',1,175,'75','转臂',3,''),(2132,'2016-05-10 03:58:00',1,175,'74','把手',3,''),(2133,'2016-05-10 03:58:00',1,175,'73','锻管DN500',3,''),(2134,'2016-05-10 03:58:01',1,175,'72','双头螺柱M52X3X375',3,''),(2135,'2016-05-10 03:58:01',1,175,'71','椭圆垫 500-900',3,''),(2136,'2016-05-10 03:58:01',1,175,'70','椭圆垫 50-900',3,''),(2137,'2016-05-10 03:58:01',1,175,'69','螺母M24',3,''),(2138,'2016-05-10 03:58:01',1,175,'68','全螺纹螺柱M24X160',3,''),(2139,'2016-05-10 03:58:01',1,175,'67','弯头DN50-Sch120 90E（L）',3,''),(2140,'2016-05-10 03:58:01',1,175,'66','椭圆垫 25-900',3,''),(2141,'2016-05-10 03:58:01',1,175,'65','螺母M24',3,''),(2142,'2016-05-10 03:58:01',1,175,'64','全螺纹螺柱M24X140',3,''),(2143,'2016-05-10 04:03:57',1,18,'28','Q345R',1,''),(2153,'2016-05-10 06:27:01',1,195,'1','杰克毛',1,''),(2158,'2016-05-10 14:28:13',1,16,'5','201600000',2,'已修改 status 。'),(2165,'2016-05-10 14:57:05',1,16,'5','201600000',2,'已修改 status 。'),(2166,'2016-05-10 14:57:22',1,16,'5','201600000',2,'已修改 status 。'),(2169,'2016-05-10 08:19:50',1,13,'12','testID',1,''),(2170,'2016-05-10 08:20:08',1,13,'12','testID',3,''),(2172,'2016-05-10 08:25:29',1,13,'11','03015007B',3,''),(2173,'2016-05-10 08:25:56',1,13,'13','03015007B',1,''),(2174,'2016-05-10 08:28:38',1,18,'36','20.0',3,''),(2175,'2016-05-10 08:28:38',1,18,'32','304.0',3,''),(2176,'2016-05-10 08:28:54',1,13,'13','03015007B',3,''),(2177,'2016-05-10 08:29:14',1,13,'14','03015007B',1,''),(2180,'2016-05-10 08:47:38',1,13,'14','03015007B',3,''),(2181,'2016-05-10 08:48:00',1,13,'15','03015007B',1,''),(2194,'2016-05-10 08:52:51',1,203,'1','03015007B',1,''),(2195,'2016-05-10 08:53:02',1,198,'9','03015007B',1,''),(2196,'2016-05-10 08:53:10',1,200,'9','03015007B',1,''),(2197,'2016-05-10 08:53:24',1,196,'1','03015007B',1,''),(2198,'2016-05-10 08:53:38',1,141,'7','03015007B',1,''),(2199,'2016-05-10 08:53:51',1,156,'10','03015007B',1,''),(2205,'2016-05-10 08:58:31',1,218,'1','焊条',2,'已修改 quota_coeficient，quota，stardard 和 remark 。'),(2206,'2016-05-10 16:29:10',1,8,'96','201600000',2,'已修改 bid_status 。'),(2207,'2016-05-10 16:47:52',1,72,'16','2016-05-11',1,''),(2208,'2016-05-10 16:32:12',1,14,'8','胡骏红薯店',1,''),(2209,'2016-05-10 16:52:59',1,72,'16','2016-05-11',3,''),(2215,'2016-05-10 11:53:21',1,19,'1','焊条',2,'已修改 inventory_type 。'),(2216,'2016-05-10 11:58:34',1,199,'34','吊环',3,''),(2217,'2016-05-10 11:58:34',1,199,'33','螺母 M52X3',3,''),(2218,'2016-05-10 11:58:34',1,199,'32','法兰 WN500-900 RJ Sch80',3,''),(2219,'2016-05-10 11:58:34',1,199,'31','法兰盖 BL 50-900 RJ',3,''),(2220,'2016-05-10 11:58:34',1,199,'30','法兰 WN50-900 RJ Sch160',3,''),(2221,'2016-05-10 11:58:34',1,199,'29','锻管 DN50',3,''),(2222,'2016-05-10 11:58:34',1,199,'28','锻管 DN100',3,''),(2223,'2016-05-10 11:58:34',1,199,'27','法兰 WN100-900 RJ Sch120',3,''),(2224,'2016-05-10 11:58:34',1,199,'26','锻管 DN25',3,''),(2225,'2016-05-10 11:58:34',1,199,'25','锻管 DN100',3,''),(2226,'2016-05-10 11:58:34',1,199,'24','法兰 WN100-900 RJ Sch120',3,''),(2227,'2016-05-10 11:58:34',1,199,'23','上封头',3,''),(2228,'2016-05-10 11:58:34',1,199,'22','锻管 DN25',3,''),(2229,'2016-05-10 11:58:34',1,199,'21','法兰盖 BL 25-900 RJ',3,''),(2230,'2016-05-10 11:58:34',1,199,'20','法兰 WN25-900 RJ Sch160',3,''),(2231,'2016-05-10 11:58:34',1,199,'19','下封头',3,''),(2232,'2016-05-10 12:02:21',1,199,'50','法兰WN100-900RJ Sch120',3,''),(2233,'2016-05-10 12:02:21',1,199,'49','锻管DN500',3,''),(2234,'2016-05-10 12:02:21',1,199,'48','法兰 WN500-900 RJ Sch80',3,''),(2235,'2016-05-10 12:02:21',1,199,'47','法兰盖 BL 50-900 RJ',3,''),(2236,'2016-05-10 12:02:21',1,199,'46','法兰 WN50-900 RJ Sch160',3,''),(2237,'2016-05-10 12:02:21',1,199,'45','锻管 DN50',3,''),(2238,'2016-05-10 12:02:21',1,199,'44','锻管 DN100',3,''),(2239,'2016-05-10 12:02:21',1,199,'43','法兰 WN100-900 RJ Sch120',3,''),(2240,'2016-05-10 12:02:22',1,199,'42','锻管 DN25',3,''),(2241,'2016-05-10 12:02:22',1,199,'41','锻管 DN100',3,''),(2242,'2016-05-10 12:02:22',1,199,'39','上封头',3,''),(2243,'2016-05-10 12:02:22',1,199,'38','锻管 DN25',3,''),(2244,'2016-05-10 12:02:22',1,199,'37','法兰盖 BL 25-900 RJ',3,''),(2245,'2016-05-10 12:02:22',1,199,'36','法兰 WN25-900 RJ Sch160',3,''),(2246,'2016-05-10 12:02:22',1,199,'35','下封头',3,''),(2247,'2016-05-10 12:07:52',1,221,'1','20150001',1,''),(2248,'2016-05-10 19:45:40',1,8,'96','201600000',2,'已修改 bid_status 。'),(2249,'2016-05-10 12:33:07',1,221,'2','20150001',1,''),(2250,'2016-05-10 12:33:10',1,221,'3','20150002',1,''),(2251,'2016-05-10 12:33:13',1,221,'4','20150003',1,''),(2252,'2016-05-10 12:33:16',1,221,'5','20150004',1,''),(2253,'2016-05-10 12:33:18',1,221,'6','03015001B',1,''),(2254,'2016-05-10 12:33:21',1,221,'7','011012A',1,''),(2255,'2016-05-10 12:33:23',1,221,'8','011012C',1,''),(2256,'2016-05-10 12:33:26',1,221,'9','03015007B',1,''),(2257,'2016-05-10 12:47:25',1,198,'9','03015007B',2,'已修改 reviewer 。'),(2258,'2016-05-10 12:52:12',1,198,'9','03015007B',2,'已修改 reviewer 。'),(2259,'2016-05-10 13:16:11',1,198,'9','03015007B',2,'已修改 reviewer 。'),(2260,'2016-05-10 20:53:43',1,8,'96','201600000',2,'已修改 bid_status 。'),(2261,'2016-05-10 13:26:49',1,159,'544','法兰WN100-900RJ Sch120',3,''),(2262,'2016-05-10 13:26:49',1,159,'543','法兰WN100-900RJ Sch120',3,''),(2263,'2016-05-10 13:26:49',1,159,'305','sdfsf',3,''),(2264,'2016-05-10 13:26:49',1,159,'304','sdfsf',3,''),(2265,'2016-05-10 13:26:49',1,159,'303','sdfsf',3,''),(2266,'2016-05-10 13:26:49',1,159,'302','sdfsf',3,''),(2267,'2016-05-10 13:26:49',1,159,'301','sdfsf',3,''),(2268,'2016-05-10 13:26:49',1,159,'300','sdfsf',3,''),(2269,'2016-05-10 13:26:49',1,159,'299','sdfsf',3,''),(2270,'2016-05-10 13:26:49',1,159,'298','sdfsf',3,''),(2271,'2016-05-10 13:26:49',1,159,'297','sdfsf',3,''),(2272,'2016-05-10 13:26:49',1,159,'296','sdfsf',3,''),(2273,'2016-05-10 13:26:49',1,159,'295','sdfsf',3,''),(2274,'2016-05-10 13:26:49',1,159,'294','sdfsf',3,''),(2275,'2016-05-10 13:26:49',1,159,'293','sdfsf',3,''),(2276,'2016-05-10 13:26:49',1,159,'292','sdfsf',3,''),(2277,'2016-05-10 13:26:49',1,159,'291','sdfsf',3,''),(2278,'2016-05-10 13:26:49',1,159,'290','sdfsf',3,''),(2279,'2016-05-10 13:26:49',1,159,'289','sdfsf',3,''),(2280,'2016-05-10 13:26:49',1,159,'288','sdfsf',3,''),(2281,'2016-05-10 13:26:49',1,159,'287','sdfsf',3,''),(2282,'2016-05-10 13:26:49',1,159,'286','sdfsf',3,''),(2283,'2016-05-10 13:26:49',1,159,'285','sdfsf',3,''),(2284,'2016-05-10 13:26:49',1,159,'284','sdfsf',3,''),(2285,'2016-05-10 13:26:49',1,159,'283','sdfsf',3,''),(2286,'2016-05-10 13:26:49',1,159,'282','sdfsf',3,''),(2287,'2016-05-10 13:26:49',1,159,'281','sdfsf',3,''),(2288,'2016-05-10 13:26:49',1,159,'280','sdfsf',3,''),(2289,'2016-05-10 13:26:49',1,159,'279','sdfsf',3,''),(2290,'2016-05-10 13:26:49',1,159,'278','sdfsf',3,''),(2291,'2016-05-10 13:26:50',1,159,'277','sdfsf',3,''),(2292,'2016-05-10 13:26:50',1,159,'276','sdfsf',3,''),(2293,'2016-05-10 13:26:50',1,159,'275','sdfsf',3,''),(2294,'2016-05-10 13:26:50',1,159,'274','sdfsf',3,''),(2295,'2016-05-10 13:26:50',1,159,'273','sdfsf',3,''),(2296,'2016-05-10 13:26:50',1,159,'272','sdfsf',3,''),(2297,'2016-05-10 13:26:50',1,159,'271','sdfsf',3,''),(2298,'2016-05-10 13:26:50',1,159,'270','sdfsf',3,''),(2299,'2016-05-10 13:26:50',1,159,'268','sdfsf',3,''),(2300,'2016-05-10 13:26:50',1,159,'267','sdfsf',3,''),(2301,'2016-05-10 13:26:50',1,159,'266','sdfsf',3,''),(2302,'2016-05-10 13:26:50',1,159,'265','sdfsf',3,''),(2303,'2016-05-10 13:26:50',1,159,'264','sdfsf',3,''),(2304,'2016-05-10 13:26:50',1,159,'263','sdfsf',3,''),(2305,'2016-05-10 13:26:50',1,159,'262','sdfsf',3,''),(2306,'2016-05-10 13:26:50',1,159,'247','345345',3,''),(2307,'2016-05-10 13:26:50',1,159,'245','hebing',3,''),(2308,'2016-05-10 13:26:50',1,159,'242','焊材3',3,''),(2309,'2016-05-10 13:26:50',1,159,'241','焊剂',3,''),(2310,'2016-05-10 13:26:51',1,159,'240','焊条',3,''),(2311,'2016-05-10 13:26:51',1,159,'34','筒节DN1680 t=50 H=890',3,''),(2312,'2016-05-10 13:26:51',1,159,'33','下法兰',3,''),(2313,'2016-05-10 13:26:51',1,159,'32','排放管',3,''),(2314,'2016-05-10 13:26:51',1,159,'31','连接短节',3,''),(2315,'2016-05-10 13:26:51',1,159,'26','外购件2',3,''),(2316,'2016-05-10 13:26:51',1,159,'25','外购件1',3,''),(2317,'2016-05-10 13:26:51',1,159,'24','铁片吧',3,''),(2318,'2016-05-10 13:26:51',1,159,'23','洗涤冷却器支座',3,''),(2319,'2016-05-10 13:26:51',1,159,'22','洗涤冷却器支座',3,''),(2320,'2016-05-10 13:26:51',1,159,'21','炉衬',3,''),(2321,'2016-05-10 13:26:51',1,159,'20','搅拌器冷却水进口',3,''),(2322,'2016-05-10 13:26:51',1,159,'19','三通管',3,''),(2323,'2016-05-10 13:26:51',1,159,'18','吊耳 SP-150',3,''),(2324,'2016-05-10 13:26:51',1,159,'17','气化炉上部',3,''),(2325,'2016-05-10 13:26:51',1,159,'16','筒节 DN4222 t=38 H=300',3,''),(2326,'2016-05-10 13:26:51',1,159,'15','压力容器铭牌',3,''),(2327,'2016-05-10 13:26:51',1,159,'14','气化炉下部',3,''),(2328,'2016-05-10 13:26:51',1,159,'13','气化炉',3,''),(2329,'2016-05-10 13:26:51',1,159,'12','',3,''),(2330,'2016-05-10 13:26:51',1,159,'11','',3,''),(2331,'2016-05-10 13:26:51',1,159,'10','',3,''),(2332,'2016-05-10 13:26:51',1,159,'9','',3,''),(2333,'2016-05-10 13:26:51',1,159,'8','',3,''),(2334,'2016-05-10 13:26:51',1,159,'7','',3,''),(2335,'2016-05-10 13:26:51',1,159,'6','',3,''),(2336,'2016-05-10 13:26:51',1,159,'5','焊材3',3,''),(2337,'2016-05-10 13:26:51',1,159,'3','焊剂',3,''),(2338,'2016-05-10 13:26:51',1,159,'2','螺柱',3,''),(2339,'2016-05-10 13:26:52',1,159,'1','焊条',3,''),(2340,'2016-05-10 13:27:34',1,159,'544','法兰WN100-900RJ Sch120',3,''),(2341,'2016-05-10 13:27:34',1,159,'543','法兰WN100-900RJ Sch120',3,''),(2342,'2016-05-10 13:27:34',1,159,'305','sdfsf',3,''),(2343,'2016-05-10 13:27:34',1,159,'304','sdfsf',3,''),(2344,'2016-05-10 13:27:34',1,159,'303','sdfsf',3,''),(2345,'2016-05-10 13:27:34',1,159,'302','sdfsf',3,''),(2346,'2016-05-10 13:27:34',1,159,'301','sdfsf',3,''),(2347,'2016-05-10 13:27:34',1,159,'300','sdfsf',3,''),(2348,'2016-05-10 13:27:34',1,159,'299','sdfsf',3,''),(2349,'2016-05-10 13:27:34',1,159,'298','sdfsf',3,''),(2350,'2016-05-10 13:27:34',1,159,'297','sdfsf',3,''),(2351,'2016-05-10 13:27:34',1,159,'296','sdfsf',3,''),(2352,'2016-05-10 13:27:34',1,159,'295','sdfsf',3,''),(2353,'2016-05-10 13:27:34',1,159,'294','sdfsf',3,''),(2354,'2016-05-10 13:27:34',1,159,'293','sdfsf',3,''),(2355,'2016-05-10 13:27:34',1,159,'292','sdfsf',3,''),(2356,'2016-05-10 13:27:35',1,159,'291','sdfsf',3,''),(2357,'2016-05-10 13:27:35',1,159,'290','sdfsf',3,''),(2358,'2016-05-10 13:27:35',1,159,'289','sdfsf',3,''),(2359,'2016-05-10 13:27:35',1,159,'288','sdfsf',3,''),(2360,'2016-05-10 13:27:35',1,159,'287','sdfsf',3,''),(2361,'2016-05-10 13:27:35',1,159,'286','sdfsf',3,''),(2362,'2016-05-10 13:27:35',1,159,'285','sdfsf',3,''),(2363,'2016-05-10 13:27:35',1,159,'284','sdfsf',3,''),(2364,'2016-05-10 13:27:35',1,159,'283','sdfsf',3,''),(2365,'2016-05-10 13:27:35',1,159,'282','sdfsf',3,''),(2366,'2016-05-10 13:27:35',1,159,'281','sdfsf',3,''),(2367,'2016-05-10 13:27:35',1,159,'280','sdfsf',3,''),(2368,'2016-05-10 13:27:35',1,159,'279','sdfsf',3,''),(2369,'2016-05-10 13:27:35',1,159,'278','sdfsf',3,''),(2370,'2016-05-10 13:27:35',1,159,'277','sdfsf',3,''),(2371,'2016-05-10 13:27:35',1,159,'276','sdfsf',3,''),(2372,'2016-05-10 13:27:35',1,159,'275','sdfsf',3,''),(2373,'2016-05-10 13:27:35',1,159,'274','sdfsf',3,''),(2374,'2016-05-10 13:27:35',1,159,'273','sdfsf',3,''),(2375,'2016-05-10 13:27:35',1,159,'272','sdfsf',3,''),(2376,'2016-05-10 13:27:35',1,159,'271','sdfsf',3,''),(2377,'2016-05-10 13:27:35',1,159,'270','sdfsf',3,''),(2378,'2016-05-10 13:27:35',1,159,'268','sdfsf',3,''),(2379,'2016-05-10 13:27:35',1,159,'267','sdfsf',3,''),(2380,'2016-05-10 13:27:35',1,159,'266','sdfsf',3,''),(2381,'2016-05-10 13:27:35',1,159,'265','sdfsf',3,''),(2382,'2016-05-10 13:27:35',1,159,'264','sdfsf',3,''),(2383,'2016-05-10 13:27:35',1,159,'263','sdfsf',3,''),(2384,'2016-05-10 13:27:35',1,159,'262','sdfsf',3,''),(2385,'2016-05-10 13:27:36',1,159,'247','345345',3,''),(2386,'2016-05-10 13:27:36',1,159,'245','hebing',3,''),(2387,'2016-05-10 13:27:36',1,159,'242','焊材3',3,''),(2388,'2016-05-10 13:27:36',1,159,'241','焊剂',3,''),(2389,'2016-05-10 13:27:36',1,159,'240','焊条',3,''),(2390,'2016-05-10 13:27:36',1,159,'34','筒节DN1680 t=50 H=890',3,''),(2391,'2016-05-10 13:27:36',1,159,'33','下法兰',3,''),(2392,'2016-05-10 13:27:36',1,159,'32','排放管',3,''),(2393,'2016-05-10 13:27:36',1,159,'31','连接短节',3,''),(2394,'2016-05-10 13:27:36',1,159,'26','外购件2',3,''),(2395,'2016-05-10 13:27:36',1,159,'25','外购件1',3,''),(2396,'2016-05-10 13:27:36',1,159,'24','铁片吧',3,''),(2397,'2016-05-10 13:27:36',1,159,'23','洗涤冷却器支座',3,''),(2398,'2016-05-10 13:27:36',1,159,'22','洗涤冷却器支座',3,''),(2399,'2016-05-10 13:27:36',1,159,'21','炉衬',3,''),(2400,'2016-05-10 13:27:36',1,159,'20','搅拌器冷却水进口',3,''),(2401,'2016-05-10 13:27:36',1,159,'19','三通管',3,''),(2402,'2016-05-10 13:27:36',1,159,'18','吊耳 SP-150',3,''),(2403,'2016-05-10 13:27:36',1,159,'17','气化炉上部',3,''),(2404,'2016-05-10 13:27:36',1,159,'16','筒节 DN4222 t=38 H=300',3,''),(2405,'2016-05-10 13:27:36',1,159,'15','压力容器铭牌',3,''),(2406,'2016-05-10 13:27:37',1,159,'14','气化炉下部',3,''),(2407,'2016-05-10 13:27:37',1,159,'13','气化炉',3,''),(2408,'2016-05-10 13:27:37',1,159,'12','',3,''),(2409,'2016-05-10 13:27:37',1,159,'11','',3,''),(2410,'2016-05-10 13:27:37',1,159,'10','',3,''),(2411,'2016-05-10 13:27:37',1,159,'9','',3,''),(2412,'2016-05-10 13:27:37',1,159,'8','',3,''),(2413,'2016-05-10 13:27:37',1,159,'7','',3,''),(2414,'2016-05-10 13:27:37',1,159,'6','',3,''),(2415,'2016-05-10 13:27:37',1,159,'5','焊材3',3,''),(2416,'2016-05-10 13:27:37',1,159,'3','焊剂',3,''),(2417,'2016-05-10 13:27:37',1,159,'2','螺柱',3,''),(2418,'2016-05-10 13:27:37',1,159,'1','焊条',3,''),(2419,'2016-05-10 13:28:02',1,159,'305','sdfsf',3,''),(2420,'2016-05-10 13:29:26',1,198,'9','03015007B',2,'已修改 reviewer 。'),(2421,'2016-05-10 14:00:50',1,198,'9','03015007B',2,'已修改 reviewer 。'),(2423,'2016-05-11 01:13:55',1,118,'1','OutsideStandardEntry object',1,''),(2424,'2016-05-11 01:15:41',1,118,'1','',2,'没有字段被修改。'),(2425,'2016-05-11 01:15:58',1,118,'1','R201601',2,'已修改 entry_code 。'),(2427,'2016-05-11 09:12:28',1,38,'75','',3,''),(2428,'2016-05-11 09:12:28',1,38,'74','',3,''),(2429,'2016-05-11 09:12:28',1,38,'73','',3,''),(2430,'2016-05-11 09:12:28',1,38,'72','',3,''),(2431,'2016-05-11 09:12:28',1,38,'71','',3,''),(2432,'2016-05-11 09:12:28',1,38,'70','sdfsf',3,''),(2433,'2016-05-11 09:12:28',1,38,'69','sdfsf',3,''),(2434,'2016-05-11 09:12:28',1,38,'68','sdfsf',3,''),(2435,'2016-05-11 09:12:28',1,38,'67','sdfsf',3,''),(2436,'2016-05-11 09:12:28',1,38,'66','sdfsf',3,''),(2437,'2016-05-11 09:12:28',1,38,'65','sdfsf',3,''),(2438,'2016-05-11 09:12:28',1,38,'64','sdfsf',3,''),(2439,'2016-05-11 09:12:28',1,38,'63','sdfsf',3,''),(2440,'2016-05-11 09:12:28',1,38,'62','sdfsf',3,''),(2441,'2016-05-11 09:12:28',1,38,'61','sdfsf',3,''),(2442,'2016-05-11 09:12:28',1,38,'60','sdfsf',3,''),(2443,'2016-05-11 09:12:29',1,38,'59','sdfsf',3,''),(2444,'2016-05-11 09:12:29',1,38,'58','sdfsf',3,''),(2445,'2016-05-11 09:12:29',1,38,'57','sdfsf',3,''),(2446,'2016-05-11 09:12:29',1,38,'56','sdfsf',3,''),(2447,'2016-05-11 09:12:29',1,38,'55','sdfsf',3,''),(2448,'2016-05-11 09:12:29',1,38,'54','sdfsf',3,''),(2449,'2016-05-11 09:12:29',1,38,'53','sdfsf',3,''),(2450,'2016-05-11 09:12:29',1,38,'52','sdfsf',3,''),(2451,'2016-05-11 09:12:29',1,38,'51','sdfsf',3,''),(2452,'2016-05-11 01:57:15',1,118,'1','R201601',2,'已修改 material_source 。'),(2453,'2016-05-11 02:06:57',1,208,'1','文件清单.doc',3,''),(2454,'2016-05-11 02:07:16',1,208,'2','文件清单.doc',3,''),(2456,'2016-05-11 02:38:48',1,224,'1','1 3',1,''),(2457,'2016-05-11 02:39:26',1,13,'15','03015007B',3,''),(2458,'2016-05-11 02:39:52',1,13,'16','03015007B',1,''),(2459,'2016-05-11 10:08:48',1,19,'717','testtesttest',1,''),(2460,'2016-05-11 02:41:16',1,13,'16','03015007B',3,''),(2461,'2016-05-11 02:41:29',1,13,'17','03015007B',1,''),(2462,'2016-05-11 10:09:49',1,19,'717','testtesttest',2,'已修改 specification 和 standard 。'),(2463,'2016-05-11 02:43:21',1,13,'17','03015007B',3,''),(2464,'2016-05-11 02:43:31',1,13,'18','03015007B',1,''),(2465,'2016-05-11 02:50:00',1,118,'1','R201601',2,'没有字段被修改。'),(2466,'2016-05-11 02:50:19',1,118,'2','测试的空的',1,''),(2467,'2016-05-11 02:50:23',1,118,'2','测试的空的',2,'已修改 outsidebuy_type 。'),(2468,'2016-05-11 02:50:57',1,118,'2','测试的空的',2,'已修改 outsidebuy_type 。'),(2469,'2016-05-11 02:51:06',1,118,'2','测试的空的',2,'已修改 entry_status 。'),(2470,'2016-05-11 02:59:06',1,163,'12','16',3,''),(2471,'2016-05-11 02:59:06',1,163,'11','13',3,''),(2472,'2016-05-11 02:59:06',1,163,'10','10',3,''),(2473,'2016-05-11 02:59:06',1,163,'9','0',3,''),(2474,'2016-05-11 02:59:06',1,163,'8','20',3,''),(2475,'2016-05-11 02:59:06',1,163,'7','19',3,''),(2476,'2016-05-11 02:59:06',1,163,'6','18',3,''),(2477,'2016-05-11 02:59:06',1,163,'5','21',3,''),(2478,'2016-05-11 02:59:06',1,163,'4','22',3,''),(2479,'2016-05-11 02:59:06',1,163,'3','15',3,''),(2480,'2016-05-11 02:59:06',1,163,'1','14',3,''),(2481,'2016-05-11 02:59:13',1,163,'13','W',1,''),(2482,'2016-05-11 02:59:17',1,163,'14','W1',1,''),(2483,'2016-05-11 02:59:19',1,163,'15','W2',1,''),(2484,'2016-05-11 02:59:22',1,163,'16','W3',1,''),(2485,'2016-05-11 02:59:24',1,163,'17','W4',1,''),(2486,'2016-05-11 02:59:27',1,163,'18','W5',1,''),(2487,'2016-05-11 02:59:30',1,163,'19','W6',1,''),(2488,'2016-05-11 02:59:32',1,163,'20','W25',1,''),(2489,'2016-05-11 02:59:35',1,163,'21','P01',1,''),(2490,'2016-05-11 02:59:38',1,163,'22','P02',1,''),(2491,'2016-05-11 02:59:41',1,163,'23','R',1,''),(2492,'2016-05-11 02:59:43',1,163,'24','R1',1,''),(2493,'2016-05-11 02:59:46',1,163,'25','R2',1,''),(2494,'2016-05-11 02:59:49',1,163,'26','Z',1,''),(2495,'2016-05-11 02:59:54',1,163,'27','H',1,''),(2496,'2016-05-11 02:59:59',1,163,'28','M',1,''),(2497,'2016-05-11 03:00:03',1,163,'29','M',1,''),(2498,'2016-05-11 03:00:06',1,163,'30','L',1,''),(2499,'2016-05-11 03:00:09',1,163,'31','Y',1,''),(2500,'2016-05-11 03:00:12',1,163,'32','G',1,''),(2501,'2016-05-11 03:00:17',1,163,'33','G1',1,''),(2502,'2016-05-11 03:00:20',1,163,'34','G2',1,''),(2503,'2016-05-11 03:00:22',1,163,'35','X',1,''),(2504,'2016-05-11 03:00:27',1,163,'36','J',1,''),(2505,'2016-05-11 03:00:41',1,163,'37','D',1,''),(2506,'2016-05-11 03:00:44',1,163,'38','D2',1,''),(2507,'2016-05-11 03:07:44',1,218,'1','焊条',1,''),(2508,'2016-05-11 03:12:32',1,163,'29','M',3,''),(2509,'2016-05-11 03:15:34',1,163,'39','K',1,''),(2510,'2016-05-11 03:16:23',1,163,'40','G5',1,''),(2511,'2016-05-11 03:17:23',1,163,'41','G3',1,''),(2512,'2016-05-11 03:17:27',1,163,'42','G4',1,''),(2513,'2016-05-11 10:53:52',1,159,'881','我只是想试试，试试就试试',1,''),(2514,'2016-05-11 11:05:15',1,32,'101','201500101',2,'已修改 order_status 。'),(2515,'2016-05-11 03:48:06',1,118,'1','20160111-100',2,'已修改 entry_code 。'),(2518,'2016-05-11 04:02:23',1,218,'1','焊条',1,''),(2519,'2016-05-11 04:02:45',1,218,'1','焊条',2,'已修改 stardard，remark 和 materiel_categories 。'),(2522,'2016-05-11 05:43:01',1,200,'10','03015007B',1,''),(2523,'2016-05-11 05:43:07',1,203,'2','03015007B',1,''),(2524,'2016-05-11 05:43:15',1,198,'10','03015007B',1,''),(2525,'2016-05-11 05:43:26',1,196,'2','03015007B',1,''),(2526,'2016-05-11 05:49:19',1,159,'973','法兰WN100-900RJ Sch120',3,''),(2527,'2016-05-11 05:49:19',1,159,'972','锻管DN500',3,''),(2528,'2016-05-11 05:49:19',1,159,'971','法兰 WN500-900 RJ Sch80',3,''),(2529,'2016-05-11 05:49:19',1,159,'970','法兰盖 BL 500-900 RJ',3,''),(2530,'2016-05-11 05:49:19',1,159,'969','法兰盖 BL 50-900 RJ',3,''),(2531,'2016-05-11 05:49:19',1,159,'968','法兰 WN50-900 RJ Sch160',3,''),(2532,'2016-05-11 05:49:19',1,159,'967','锻管 DN50',3,''),(2533,'2016-05-11 05:49:19',1,159,'966','锻管 DN100',3,''),(2534,'2016-05-11 05:49:19',1,159,'965','法兰 WN100-900 RJ Sch120',3,''),(2535,'2016-05-11 05:49:19',1,159,'964','锻管 DN25',3,''),(2536,'2016-05-11 05:49:19',1,159,'963','锻管 DN100',3,''),(2537,'2016-05-11 05:49:19',1,159,'962','法兰 WN100-900 RJ Sch120',3,''),(2538,'2016-05-11 05:49:19',1,159,'961','上封头',3,''),(2539,'2016-05-11 05:49:19',1,159,'960','锻管 DN25',3,''),(2540,'2016-05-11 05:49:19',1,159,'959','法兰盖 BL 25-900 RJ',3,''),(2541,'2016-05-11 05:49:19',1,159,'958','法兰 WN25-900 RJ Sch160',3,''),(2542,'2016-05-11 05:49:19',1,159,'957','下封头',3,''),(2543,'2016-05-11 05:49:19',1,159,'956','法兰WN100-900RJ Sch120',3,''),(2544,'2016-05-11 05:49:19',1,159,'955','锻管DN500',3,''),(2545,'2016-05-11 05:49:19',1,159,'954','法兰 WN500-900 RJ Sch80',3,''),(2546,'2016-05-11 05:49:19',1,159,'953','法兰盖 BL 500-900 RJ',3,''),(2547,'2016-05-11 05:49:19',1,159,'952','法兰盖 BL 50-900 RJ',3,''),(2548,'2016-05-11 05:49:19',1,159,'951','法兰 WN50-900 RJ Sch160',3,''),(2549,'2016-05-11 05:49:19',1,159,'950','锻管 DN50',3,''),(2550,'2016-05-11 05:49:19',1,159,'949','锻管 DN100',3,''),(2551,'2016-05-11 05:49:19',1,159,'948','法兰 WN100-900 RJ Sch120',3,''),(2552,'2016-05-11 05:49:19',1,159,'947','锻管 DN25',3,''),(2553,'2016-05-11 05:49:19',1,159,'946','锻管 DN100',3,''),(2554,'2016-05-11 05:49:20',1,159,'945','法兰 WN100-900 RJ Sch120',3,''),(2555,'2016-05-11 05:49:20',1,159,'944','上封头',3,''),(2556,'2016-05-11 05:49:20',1,159,'943','锻管 DN25',3,''),(2557,'2016-05-11 05:49:20',1,159,'942','法兰盖 BL 25-900 RJ',3,''),(2558,'2016-05-11 05:49:20',1,159,'941','法兰 WN25-900 RJ Sch160',3,''),(2559,'2016-05-11 05:49:20',1,159,'940','下封头',3,''),(2560,'2016-05-11 05:49:20',1,159,'939','椭圆垫 100-900',3,''),(2561,'2016-05-11 05:49:20',1,159,'938','螺母M30',3,''),(2562,'2016-05-11 05:49:20',1,159,'937','全螺纹螺柱M30X190',3,''),(2563,'2016-05-11 05:49:20',1,159,'936','椭圆垫 100-900',3,''),(2564,'2016-05-11 05:49:20',1,159,'935','螺母M30',3,''),(2565,'2016-05-11 05:49:20',1,159,'934','全螺纹螺柱M30X190',3,''),(2566,'2016-05-11 05:49:20',1,159,'933','螺母 M52X3',3,''),(2567,'2016-05-11 05:49:20',1,159,'932','双头螺柱M52X3X375',3,''),(2568,'2016-05-11 05:49:20',1,159,'931','椭圆垫 500-900',3,''),(2569,'2016-05-11 05:49:20',1,159,'930','椭圆垫 50-900',3,''),(2570,'2016-05-11 05:49:20',1,159,'929','螺母M24',3,''),(2571,'2016-05-11 05:49:20',1,159,'928','全螺纹螺柱M24X160',3,''),(2572,'2016-05-11 05:49:20',1,159,'927','椭圆垫 25-900',3,''),(2573,'2016-05-11 05:49:21',1,159,'926','螺母M24',3,''),(2574,'2016-05-11 05:49:21',1,159,'925','全螺纹螺柱M24X140',3,''),(2575,'2016-05-11 05:49:21',1,159,'924','垫圈 30',3,''),(2576,'2016-05-11 05:49:21',1,159,'923','螺母 M30',3,''),(2577,'2016-05-11 05:49:21',1,159,'922','螺母 M52X3',3,''),(2578,'2016-05-11 05:49:21',1,159,'921','双头螺柱M52X3X375',3,''),(2579,'2016-05-11 05:49:21',1,159,'920','椭圆垫 500-900',3,''),(2580,'2016-05-11 05:49:21',1,159,'919','铭牌本体',3,''),(2581,'2016-05-11 05:49:21',1,159,'918','抽芯铆钉3*12',3,''),(2582,'2016-05-11 05:49:21',1,159,'917','椭圆垫 50-900',3,''),(2583,'2016-05-11 05:49:21',1,159,'916','螺母M24',3,''),(2584,'2016-05-11 05:49:21',1,159,'915','全螺纹螺柱M24X160',3,''),(2585,'2016-05-11 05:49:21',1,159,'914','弯头DN50-Sch120 90E（L）',3,''),(2586,'2016-05-11 05:49:21',1,159,'913','椭圆垫 25-900',3,''),(2587,'2016-05-11 05:49:21',1,159,'912','螺母M24',3,''),(2588,'2016-05-11 05:49:21',1,159,'911','全螺纹螺柱M24X140',3,''),(2589,'2016-05-11 05:49:21',1,159,'910','椭圆垫 100-900',3,''),(2590,'2016-05-11 05:49:21',1,159,'909','螺母M30',3,''),(2591,'2016-05-11 05:49:21',1,159,'908','全螺纹螺柱M30X190',3,''),(2592,'2016-05-11 05:49:21',1,159,'907','椭圆垫 100-900',3,''),(2593,'2016-05-11 05:49:21',1,159,'906','螺母M30',3,''),(2594,'2016-05-11 05:49:21',1,159,'905','全螺纹螺柱M30X190',3,''),(2595,'2016-05-11 05:49:21',1,159,'904','螺母 M52X3',3,''),(2596,'2016-05-11 05:49:21',1,159,'903','双头螺柱M52X3X375',3,''),(2597,'2016-05-11 05:49:21',1,159,'902','椭圆垫 500-900',3,''),(2598,'2016-05-11 05:49:21',1,159,'901','椭圆垫 50-900',3,''),(2599,'2016-05-11 05:49:21',1,159,'900','螺母M24',3,''),(2600,'2016-05-11 05:49:21',1,159,'899','全螺纹螺柱M24X160',3,''),(2601,'2016-05-11 05:49:21',1,159,'898','椭圆垫 25-900',3,''),(2602,'2016-05-11 05:49:22',1,159,'897','螺母M24',3,''),(2603,'2016-05-11 05:49:22',1,159,'896','全螺纹螺柱M24X140',3,''),(2604,'2016-05-11 05:49:22',1,159,'895','垫圈 30',3,''),(2605,'2016-05-11 05:49:22',1,159,'894','螺母 M30',3,''),(2606,'2016-05-11 05:49:22',1,159,'893','螺母 M52X3',3,''),(2607,'2016-05-11 05:49:22',1,159,'892','双头螺柱M52X3X375',3,''),(2608,'2016-05-11 05:49:22',1,159,'891','椭圆垫 500-900',3,''),(2609,'2016-05-11 05:49:22',1,159,'890','铭牌本体',3,''),(2610,'2016-05-11 05:49:22',1,159,'889','抽芯铆钉3*12',3,''),(2611,'2016-05-11 05:49:22',1,159,'888','椭圆垫 50-900',3,''),(2612,'2016-05-11 05:49:22',1,159,'887','螺母M24',3,''),(2613,'2016-05-11 05:49:22',1,159,'886','全螺纹螺柱M24X160',3,''),(2614,'2016-05-11 05:49:22',1,159,'885','弯头DN50-Sch120 90E（L）',3,''),(2615,'2016-05-11 05:49:22',1,159,'884','椭圆垫 25-900',3,''),(2616,'2016-05-11 05:49:22',1,159,'883','螺母M24',3,''),(2617,'2016-05-11 05:49:22',1,159,'882','全螺纹螺柱M24X140',3,''),(2618,'2016-05-11 05:50:02',1,159,'305','sdfsf',3,''),(2619,'2016-05-11 05:50:02',1,159,'304','sdfsf',3,''),(2620,'2016-05-11 05:50:02',1,159,'303','sdfsf',3,''),(2621,'2016-05-11 05:50:02',1,159,'302','sdfsf',3,''),(2622,'2016-05-11 05:50:02',1,159,'301','sdfsf',3,''),(2623,'2016-05-11 05:50:02',1,159,'300','sdfsf',3,''),(2624,'2016-05-11 05:50:02',1,159,'299','sdfsf',3,''),(2625,'2016-05-11 05:50:02',1,159,'298','sdfsf',3,''),(2626,'2016-05-11 05:50:02',1,159,'297','sdfsf',3,''),(2627,'2016-05-11 05:50:02',1,159,'296','sdfsf',3,''),(2628,'2016-05-11 05:50:02',1,159,'295','sdfsf',3,''),(2629,'2016-05-11 05:50:02',1,159,'294','sdfsf',3,''),(2630,'2016-05-11 05:50:02',1,159,'293','sdfsf',3,''),(2631,'2016-05-11 05:50:02',1,159,'292','sdfsf',3,''),(2632,'2016-05-11 05:50:02',1,159,'291','sdfsf',3,''),(2633,'2016-05-11 05:50:02',1,159,'290','sdfsf',3,''),(2634,'2016-05-11 05:50:02',1,159,'289','sdfsf',3,''),(2635,'2016-05-11 05:50:02',1,159,'288','sdfsf',3,''),(2636,'2016-05-11 05:50:02',1,159,'287','sdfsf',3,''),(2637,'2016-05-11 05:50:02',1,159,'286','sdfsf',3,''),(2638,'2016-05-11 05:50:02',1,159,'285','sdfsf',3,''),(2639,'2016-05-11 05:50:02',1,159,'284','sdfsf',3,''),(2640,'2016-05-11 05:50:02',1,159,'283','sdfsf',3,''),(2641,'2016-05-11 05:50:02',1,159,'282','sdfsf',3,''),(2642,'2016-05-11 05:50:02',1,159,'281','sdfsf',3,''),(2643,'2016-05-11 05:50:02',1,159,'280','sdfsf',3,''),(2644,'2016-05-11 05:50:02',1,159,'279','sdfsf',3,''),(2645,'2016-05-11 05:50:02',1,159,'278','sdfsf',3,''),(2646,'2016-05-11 05:50:02',1,159,'277','sdfsf',3,''),(2647,'2016-05-11 05:50:03',1,159,'276','sdfsf',3,''),(2648,'2016-05-11 05:50:03',1,159,'275','sdfsf',3,''),(2649,'2016-05-11 05:50:03',1,159,'274','sdfsf',3,''),(2650,'2016-05-11 05:50:03',1,159,'273','sdfsf',3,''),(2651,'2016-05-11 05:50:03',1,159,'272','sdfsf',3,''),(2652,'2016-05-11 05:50:03',1,159,'271','sdfsf',3,''),(2653,'2016-05-11 05:50:03',1,159,'270','sdfsf',3,''),(2654,'2016-05-11 05:50:03',1,159,'268','sdfsf',3,''),(2655,'2016-05-11 05:50:03',1,159,'267','sdfsf',3,''),(2656,'2016-05-11 05:50:03',1,159,'266','sdfsf',3,''),(2657,'2016-05-11 05:50:03',1,159,'265','sdfsf',3,''),(2658,'2016-05-11 05:50:03',1,159,'264','sdfsf',3,''),(2659,'2016-05-11 05:50:03',1,159,'263','sdfsf',3,''),(2660,'2016-05-11 05:50:03',1,159,'262','sdfsf',3,''),(2661,'2016-05-11 05:50:03',1,159,'247','345345',3,''),(2662,'2016-05-11 05:50:03',1,159,'245','hebing',3,''),(2663,'2016-05-11 05:50:03',1,159,'242','焊材3',3,''),(2664,'2016-05-11 05:50:03',1,159,'241','焊剂',3,''),(2665,'2016-05-11 05:50:03',1,159,'240','焊条',3,''),(2666,'2016-05-11 05:50:03',1,159,'239','hebing',3,''),(2667,'2016-05-11 05:50:03',1,159,'34','筒节DN1680 t=50 H=890',3,''),(2668,'2016-05-11 05:50:03',1,159,'33','下法兰',3,''),(2669,'2016-05-11 05:50:03',1,159,'32','排放管',3,''),(2670,'2016-05-11 05:50:03',1,159,'31','连接短节',3,''),(2671,'2016-05-11 05:50:03',1,159,'26','外购件2',3,''),(2672,'2016-05-11 05:50:03',1,159,'25','外购件1',3,''),(2673,'2016-05-11 05:50:03',1,159,'24','铁片吧',3,''),(2674,'2016-05-11 05:50:03',1,159,'23','洗涤冷却器支座',3,''),(2675,'2016-05-11 05:50:04',1,159,'22','洗涤冷却器支座',3,''),(2676,'2016-05-11 05:50:04',1,159,'21','炉衬',3,''),(2677,'2016-05-11 05:50:04',1,159,'20','搅拌器冷却水进口',3,''),(2678,'2016-05-11 05:50:04',1,159,'19','三通管',3,''),(2679,'2016-05-11 05:50:04',1,159,'18','吊耳 SP-150',3,''),(2680,'2016-05-11 05:50:04',1,159,'17','气化炉上部',3,''),(2681,'2016-05-11 05:50:04',1,159,'16','筒节 DN4222 t=38 H=300',3,''),(2682,'2016-05-11 05:50:04',1,159,'15','压力容器铭牌',3,''),(2683,'2016-05-11 05:50:04',1,159,'14','气化炉下部',3,''),(2684,'2016-05-11 05:50:04',1,159,'13','气化炉',3,''),(2685,'2016-05-11 05:50:04',1,159,'12','',3,''),(2686,'2016-05-11 05:50:04',1,159,'11','',3,''),(2687,'2016-05-11 05:50:04',1,159,'10','',3,''),(2688,'2016-05-11 05:50:04',1,159,'9','',3,''),(2689,'2016-05-11 05:50:04',1,159,'8','',3,''),(2690,'2016-05-11 05:50:04',1,159,'7','',3,''),(2691,'2016-05-11 05:50:04',1,159,'6','',3,''),(2692,'2016-05-11 05:50:04',1,159,'5','焊材3',3,''),(2693,'2016-05-11 05:50:04',1,159,'3','焊剂',3,''),(2694,'2016-05-11 05:50:04',1,159,'2','螺柱',3,''),(2695,'2016-05-11 05:50:04',1,159,'1','焊条',3,''),(2696,'2016-05-11 05:52:08',1,200,'10','03015007B',2,'已修改 reviewer 。'),(2697,'2016-05-11 05:53:54',1,198,'10','03015007B',2,'已修改 reviewer 。'),(2698,'2016-05-11 06:01:28',1,141,'8','03015007B',1,''),(2699,'2016-05-11 06:05:35',1,141,'8','03015007B',2,'已修改 proofreader 。'),(2700,'2016-05-11 13:34:19',1,32,'101','201500101',2,'已修改 order_status 。'),(2701,'2016-05-11 06:10:57',1,224,'149','03015007B-2 78',3,''),(2702,'2016-05-11 06:10:57',1,224,'148','03015007B-2 77',3,''),(2703,'2016-05-11 06:10:57',1,224,'147','03015007B-2 76',3,''),(2704,'2016-05-11 06:10:57',1,224,'146','03015007B-2 75',3,''),(2705,'2016-05-11 06:10:57',1,224,'145','03015007B-2 73',3,''),(2706,'2016-05-11 06:10:57',1,224,'144','03015007B-2 72',3,''),(2707,'2016-05-11 06:10:57',1,224,'143','03015007B-2 71',3,''),(2708,'2016-05-11 06:10:57',1,224,'142','03015007B-2 70',3,''),(2709,'2016-05-11 06:10:57',1,224,'141','03015007B-2 69',3,''),(2710,'2016-05-11 06:10:57',1,224,'140','03015007B-2 68',3,''),(2711,'2016-05-11 06:10:57',1,224,'139','03015007B-2 67',3,''),(2712,'2016-05-11 06:10:57',1,224,'138','03015007B-2 66',3,''),(2713,'2016-05-11 06:10:57',1,224,'137','03015007B-2 65',3,''),(2714,'2016-05-11 06:10:58',1,224,'136','03015007B-2 64',3,''),(2715,'2016-05-11 06:10:58',1,224,'135','03015007B-2 63',3,''),(2716,'2016-05-11 06:10:58',1,224,'134','03015007B-2 62',3,''),(2717,'2016-05-11 06:10:58',1,224,'133','03015007B-2 60',3,''),(2718,'2016-05-11 06:10:58',1,224,'132','03015007B-2 59',3,''),(2719,'2016-05-11 06:10:58',1,224,'131','03015007B-2 58',3,''),(2720,'2016-05-11 06:10:58',1,224,'130','03015007B-2 56',3,''),(2721,'2016-05-11 06:10:58',1,224,'129','03015007B-2 55',3,''),(2722,'2016-05-11 06:10:58',1,224,'128','03015007B-2 54',3,''),(2723,'2016-05-11 06:10:58',1,224,'127','03015007B-2 53',3,''),(2724,'2016-05-11 06:10:58',1,224,'126','03015007B-2 52',3,''),(2725,'2016-05-11 06:10:58',1,224,'125','03015007B-2 51',3,''),(2726,'2016-05-11 06:10:58',1,224,'124','03015007B-2 50',3,''),(2727,'2016-05-11 06:10:58',1,224,'123','03015007B-2 49',3,''),(2728,'2016-05-11 06:10:58',1,224,'122','03015007B-2 48',3,''),(2729,'2016-05-11 06:10:58',1,224,'121','03015007B-2 47',3,''),(2730,'2016-05-11 06:10:58',1,224,'120','03015007B-2 46',3,''),(2731,'2016-05-11 06:10:58',1,224,'119','03015007B-2 45',3,''),(2732,'2016-05-11 06:10:58',1,224,'118','03015007B-2 44',3,''),(2733,'2016-05-11 06:10:58',1,224,'117','03015007B-2 43',3,''),(2734,'2016-05-11 06:10:58',1,224,'116','03015007B-2 42',3,''),(2735,'2016-05-11 06:10:58',1,224,'115','03015007B-2 40',3,''),(2736,'2016-05-11 06:10:58',1,224,'114','03015007B-2 39',3,''),(2737,'2016-05-11 06:10:58',1,224,'113','03015007B-2 38',3,''),(2738,'2016-05-11 06:10:58',1,224,'112','03015007B-2 37',3,''),(2739,'2016-05-11 06:10:58',1,224,'111','03015007B-2 36',3,''),(2740,'2016-05-11 06:10:58',1,224,'110','03015007B-2 35',3,''),(2741,'2016-05-11 06:10:58',1,224,'109','03015007B-2 34',3,''),(2742,'2016-05-11 06:10:58',1,224,'108','03015007B-2 33',3,''),(2743,'2016-05-11 06:10:58',1,224,'107','03015007B-2 32',3,''),(2744,'2016-05-11 06:10:59',1,224,'106','03015007B-2 31',3,''),(2745,'2016-05-11 06:10:59',1,224,'105','03015007B-2 30',3,''),(2746,'2016-05-11 06:10:59',1,224,'104','03015007B-2 29',3,''),(2747,'2016-05-11 06:10:59',1,224,'103','03015007B-2 28',3,''),(2748,'2016-05-11 06:10:59',1,224,'102','03015007B-2 27',3,''),(2749,'2016-05-11 06:10:59',1,224,'101','03015007B-2 26',3,''),(2750,'2016-05-11 06:10:59',1,224,'100','03015007B-2 25',3,''),(2751,'2016-05-11 06:10:59',1,224,'99','03015007B-2 24',3,''),(2752,'2016-05-11 06:10:59',1,224,'98','03015007B-2 23',3,''),(2753,'2016-05-11 06:10:59',1,224,'97','03015007B-2 22',3,''),(2754,'2016-05-11 06:10:59',1,224,'96','03015007B-2 21',3,''),(2755,'2016-05-11 06:10:59',1,224,'95','03015007B-2 20',3,''),(2756,'2016-05-11 06:10:59',1,224,'94','03015007B-2 19',3,''),(2757,'2016-05-11 06:10:59',1,224,'93','03015007B-2 18',3,''),(2758,'2016-05-11 06:10:59',1,224,'92','03015007B-2 17',3,''),(2759,'2016-05-11 06:10:59',1,224,'91','03015007B-2 16',3,''),(2760,'2016-05-11 06:10:59',1,224,'90','03015007B-2 15',3,''),(2761,'2016-05-11 06:10:59',1,224,'89','03015007B-2 14',3,''),(2762,'2016-05-11 06:10:59',1,224,'88','03015007B-2 13',3,''),(2763,'2016-05-11 06:10:59',1,224,'87','03015007B-2 12',3,''),(2764,'2016-05-11 06:10:59',1,224,'86','03015007B-2 11',3,''),(2765,'2016-05-11 06:11:00',1,224,'85','03015007B-2 10',3,''),(2766,'2016-05-11 06:11:00',1,224,'84','03015007B-2 9',3,''),(2767,'2016-05-11 06:11:00',1,224,'83','03015007B-2 8',3,''),(2768,'2016-05-11 06:11:00',1,224,'82','03015007B-2 7',3,''),(2769,'2016-05-11 06:11:00',1,224,'81','03015007B-2 6',3,''),(2770,'2016-05-11 06:11:00',1,224,'80','03015007B-2 5',3,''),(2771,'2016-05-11 06:11:00',1,224,'79','03015007B-2 4',3,''),(2772,'2016-05-11 06:11:00',1,224,'78','03015007B-2 3',3,''),(2773,'2016-05-11 06:11:00',1,224,'77','03015007B-2 2',3,''),(2774,'2016-05-11 06:11:00',1,224,'76','03015007B-2 1',3,''),(2775,'2016-05-11 06:11:00',1,224,'75','03015007B-1 78',3,''),(2776,'2016-05-11 06:11:00',1,224,'74','03015007B-1 77',3,''),(2777,'2016-05-11 06:11:00',1,224,'73','03015007B-1 76',3,''),(2778,'2016-05-11 06:11:00',1,224,'72','03015007B-1 75',3,''),(2779,'2016-05-11 06:11:00',1,224,'71','03015007B-1 73',3,''),(2780,'2016-05-11 06:11:00',1,224,'70','03015007B-1 72',3,''),(2781,'2016-05-11 06:11:00',1,224,'69','03015007B-1 71',3,''),(2782,'2016-05-11 06:11:00',1,224,'68','03015007B-1 70',3,''),(2783,'2016-05-11 06:11:00',1,224,'67','03015007B-1 69',3,''),(2784,'2016-05-11 06:11:00',1,224,'66','03015007B-1 68',3,''),(2785,'2016-05-11 06:11:00',1,224,'65','03015007B-1 67',3,''),(2786,'2016-05-11 06:11:00',1,224,'64','03015007B-1 66',3,''),(2787,'2016-05-11 06:11:00',1,224,'63','03015007B-1 65',3,''),(2788,'2016-05-11 06:11:00',1,224,'62','03015007B-1 64',3,''),(2789,'2016-05-11 06:11:00',1,224,'61','03015007B-1 63',3,''),(2790,'2016-05-11 06:11:00',1,224,'60','03015007B-1 62',3,''),(2791,'2016-05-11 06:11:00',1,224,'59','03015007B-1 60',3,''),(2792,'2016-05-11 06:11:00',1,224,'58','03015007B-1 59',3,''),(2793,'2016-05-11 06:11:01',1,224,'57','03015007B-1 58',3,''),(2794,'2016-05-11 06:11:01',1,224,'56','03015007B-1 56',3,''),(2795,'2016-05-11 06:11:01',1,224,'55','03015007B-1 55',3,''),(2796,'2016-05-11 06:11:01',1,224,'54','03015007B-1 54',3,''),(2797,'2016-05-11 06:11:01',1,224,'53','03015007B-1 53',3,''),(2798,'2016-05-11 06:11:01',1,224,'52','03015007B-1 52',3,''),(2799,'2016-05-11 06:11:01',1,224,'51','03015007B-1 51',3,''),(2800,'2016-05-11 06:11:01',1,224,'50','03015007B-1 50',3,''),(2801,'2016-05-11 06:09:15',1,118,'1','20160111-100',2,'已修改 remark 。'),(2802,'2016-05-11 06:11:36',1,141,'8','03015007B',2,'已修改 proofreader 。'),(2804,'2016-05-11 06:13:48',1,224,'49','03015007B-1 49',3,''),(2805,'2016-05-11 06:13:48',1,224,'48','03015007B-1 48',3,''),(2806,'2016-05-11 06:13:48',1,224,'47','03015007B-1 47',3,''),(2807,'2016-05-11 06:13:48',1,224,'46','03015007B-1 46',3,''),(2808,'2016-05-11 06:13:48',1,224,'45','03015007B-1 45',3,''),(2809,'2016-05-11 06:13:48',1,224,'44','03015007B-1 44',3,''),(2810,'2016-05-11 06:13:48',1,224,'43','03015007B-1 43',3,''),(2811,'2016-05-11 06:13:48',1,224,'42','03015007B-1 42',3,''),(2812,'2016-05-11 06:13:48',1,224,'41','03015007B-1 40',3,''),(2813,'2016-05-11 06:13:48',1,224,'40','03015007B-1 39',3,''),(2814,'2016-05-11 06:13:48',1,224,'39','03015007B-1 38',3,''),(2815,'2016-05-11 06:13:48',1,224,'38','03015007B-1 37',3,''),(2816,'2016-05-11 06:13:48',1,224,'37','03015007B-1 36',3,''),(2817,'2016-05-11 06:13:48',1,224,'36','03015007B-1 35',3,''),(2818,'2016-05-11 06:13:48',1,224,'35','03015007B-1 34',3,''),(2819,'2016-05-11 06:13:48',1,224,'34','03015007B-1 33',3,''),(2820,'2016-05-11 06:13:48',1,224,'33','03015007B-1 32',3,''),(2821,'2016-05-11 06:13:48',1,224,'32','03015007B-1 31',3,''),(2822,'2016-05-11 06:13:48',1,224,'31','03015007B-1 30',3,''),(2823,'2016-05-11 06:13:48',1,224,'30','03015007B-1 29',3,''),(2824,'2016-05-11 06:13:48',1,224,'29','03015007B-1 28',3,''),(2825,'2016-05-11 06:13:48',1,224,'28','03015007B-1 27',3,''),(2826,'2016-05-11 06:13:48',1,224,'27','03015007B-1 26',3,''),(2827,'2016-05-11 06:13:48',1,224,'26','03015007B-1 25',3,''),(2828,'2016-05-11 06:13:48',1,224,'25','03015007B-1 24',3,''),(2829,'2016-05-11 06:13:48',1,224,'24','03015007B-1 23',3,''),(2830,'2016-05-11 06:13:48',1,224,'23','03015007B-1 22',3,''),(2831,'2016-05-11 06:13:49',1,224,'22','03015007B-1 21',3,''),(2832,'2016-05-11 06:13:49',1,224,'21','03015007B-1 20',3,''),(2833,'2016-05-11 06:13:49',1,224,'20','03015007B-1 19',3,''),(2834,'2016-05-11 06:13:49',1,224,'19','03015007B-1 18',3,''),(2835,'2016-05-11 06:13:49',1,224,'18','03015007B-1 17',3,''),(2836,'2016-05-11 06:13:49',1,224,'17','03015007B-1 16',3,''),(2837,'2016-05-11 06:13:49',1,224,'16','03015007B-1 15',3,''),(2838,'2016-05-11 06:13:49',1,224,'15','03015007B-1 14',3,''),(2839,'2016-05-11 06:13:49',1,224,'14','03015007B-1 13',3,''),(2840,'2016-05-11 06:13:49',1,224,'13','03015007B-1 12',3,''),(2841,'2016-05-11 06:13:49',1,224,'12','03015007B-1 11',3,''),(2842,'2016-05-11 06:13:49',1,224,'11','03015007B-1 10',3,''),(2843,'2016-05-11 06:13:49',1,224,'10','03015007B-1 9',3,''),(2844,'2016-05-11 06:13:49',1,224,'9','03015007B-1 8',3,''),(2845,'2016-05-11 06:13:49',1,224,'8','03015007B-1 7',3,''),(2846,'2016-05-11 06:13:49',1,224,'7','03015007B-1 6',3,''),(2847,'2016-05-11 06:13:49',1,224,'6','03015007B-1 5',3,''),(2848,'2016-05-11 06:13:49',1,224,'5','03015007B-1 4',3,''),(2849,'2016-05-11 06:13:49',1,224,'4','03015007B-1 3',3,''),(2850,'2016-05-11 06:13:49',1,224,'3','03015007B-1 2',3,''),(2851,'2016-05-11 06:13:50',1,224,'2','03015007B-1 1',3,''),(2852,'2016-05-11 06:14:03',1,226,'2','03015007B-2',3,''),(2853,'2016-05-11 06:14:03',1,226,'1','03015007B-1',3,''),(2855,'2016-05-11 06:15:26',1,226,'3','03015007B-1',3,''),(2856,'2016-05-11 13:43:43',1,159,'304','sdfsf',2,'已修改 material 。'),(2857,'2016-05-11 06:15:39',1,224,'150','03015007B-1 1',3,''),(2858,'2016-05-11 13:43:50',1,159,'305','sdfsf',2,'已修改 material 。'),(2859,'2016-05-11 06:15:46',1,141,'8','03015007B',2,'已修改 proofreader 。'),(2860,'2016-05-11 13:44:00',1,159,'805','下封头',2,'已修改 inventory_type 。'),(2862,'2016-05-11 13:44:25',1,159,'305','sdfsf',2,'已修改 orgin_materiel 。'),(2865,'2016-05-11 06:34:01',1,229,'2','法兰222(20160111-100)',1,''),(2866,'2016-05-11 06:33:16',1,8,'96','201600000',2,'已修改 bid_status 。'),(2867,'2016-05-11 07:58:25',1,136,'1','RH04-000001',3,''),(2868,'2016-05-11 08:06:55',1,218,'51','洗涤冷却器支座',3,''),(2869,'2016-05-11 08:06:55',1,218,'50','洗涤冷却器支座',3,''),(2870,'2016-05-11 08:06:55',1,218,'49','炉衬',3,''),(2871,'2016-05-11 08:06:55',1,218,'48','搅拌器冷却水进口',3,''),(2872,'2016-05-11 08:06:55',1,218,'47','三通管',3,''),(2873,'2016-05-11 08:06:56',1,218,'46','吊耳 SP-150',3,''),(2874,'2016-05-11 08:06:56',1,218,'45','气化炉上部',3,''),(2875,'2016-05-11 08:06:56',1,218,'44','筒节 DN4222 t=38 H=300',3,''),(2876,'2016-05-11 08:06:56',1,218,'43','压力容器铭牌',3,''),(2877,'2016-05-11 08:06:56',1,218,'42','筒节DN1680 t=50 H=890',3,''),(2878,'2016-05-11 08:06:56',1,218,'41','排放管',3,''),(2879,'2016-05-11 08:06:56',1,218,'40','连接短节',3,''),(2880,'2016-05-11 08:06:56',1,218,'39','人孔',3,''),(2881,'2016-05-11 08:06:56',1,218,'38','下封头',3,''),(2882,'2016-05-11 08:06:56',1,218,'37','铭牌',3,''),(2883,'2016-05-11 08:06:56',1,218,'36','接地板',3,''),(2884,'2016-05-11 08:06:56',1,218,'35','中高压氮气储罐',3,''),(2885,'2016-05-11 08:06:56',1,218,'34','焊材3',3,''),(2886,'2016-05-11 08:06:56',1,218,'33','焊条',3,''),(2887,'2016-05-11 08:06:56',1,218,'32','垫板',3,''),(2888,'2016-05-11 08:06:56',1,218,'31','管轴',3,''),(2889,'2016-05-11 08:06:56',1,218,'30','挡板-20XD320',3,''),(2890,'2016-05-11 08:06:56',1,218,'29','支承板',3,''),(2891,'2016-05-11 08:06:56',1,218,'28','无缝钢管 %%C76X7.1 L=200',3,''),(2892,'2016-05-11 08:06:56',1,218,'27','环',3,''),(2893,'2016-05-11 08:06:56',1,218,'26','转臂',3,''),(2894,'2016-05-11 08:06:56',1,218,'25','吊钩',3,''),(2895,'2016-05-11 08:06:56',1,218,'24','吊环',3,''),(2896,'2016-05-11 08:06:56',1,218,'23','把手',3,''),(2897,'2016-05-11 08:06:56',1,218,'22','铭牌座',3,''),(2898,'2016-05-11 08:06:56',1,218,'21','模板',3,''),(2899,'2016-05-11 08:06:56',1,218,'20','基础环板 t=16',3,''),(2900,'2016-05-11 08:06:56',1,218,'19','筋板 t=16',3,''),(2901,'2016-05-11 08:06:56',1,218,'18','裙座筒体 DN1200 t=10 H=1770',3,''),(2902,'2016-05-11 08:06:56',1,218,'17','引出管 %%C219X6 L=150',3,''),(2903,'2016-05-11 08:06:57',1,218,'16','检查孔 DN450X10 L=250',3,''),(2904,'2016-05-11 08:06:57',1,218,'15','排气孔%%C89X6 L=50',3,''),(2905,'2016-05-11 08:06:57',1,218,'14','挡片-6X71-100',3,''),(2906,'2016-05-11 08:06:57',1,218,'13','接管 %%C60.3X8.8-592',3,''),(2907,'2016-05-11 08:06:57',1,218,'12','吊耳 AXA-200-20',3,''),(2908,'2016-05-11 08:06:57',1,218,'11','上封头',3,''),(2909,'2016-05-11 08:06:57',1,218,'10','筒体DN1200 t=46 H=4708',3,''),(2910,'2016-05-11 08:21:25',1,218,'93','洗涤冷却器支座',3,''),(2911,'2016-05-11 08:21:25',1,218,'92','洗涤冷却器支座',3,''),(2912,'2016-05-11 08:21:25',1,218,'91','炉衬',3,''),(2913,'2016-05-11 08:21:25',1,218,'90','搅拌器冷却水进口',3,''),(2914,'2016-05-11 08:21:25',1,218,'89','三通管',3,''),(2915,'2016-05-11 08:21:25',1,218,'88','吊耳 SP-150',3,''),(2916,'2016-05-11 08:21:25',1,218,'87','气化炉上部',3,''),(2917,'2016-05-11 08:21:25',1,218,'86','筒节 DN4222 t=38 H=300',3,''),(2918,'2016-05-11 08:21:25',1,218,'85','压力容器铭牌',3,''),(2919,'2016-05-11 08:21:25',1,218,'84','筒节DN1680 t=50 H=890',3,''),(2920,'2016-05-11 08:21:25',1,218,'83','排放管',3,''),(2921,'2016-05-11 08:21:25',1,218,'82','连接短节',3,''),(2922,'2016-05-11 08:21:25',1,218,'81','垫板',3,''),(2923,'2016-05-11 08:21:25',1,218,'80','管轴',3,''),(2924,'2016-05-11 08:21:25',1,218,'79','挡板-20XD320',3,''),(2925,'2016-05-11 08:21:25',1,218,'78','支承板',3,''),(2926,'2016-05-11 08:21:25',1,218,'77','无缝钢管 %%C76X7.1 L=200',3,''),(2927,'2016-05-11 08:21:25',1,218,'76','环',3,''),(2928,'2016-05-11 08:21:25',1,218,'75','转臂',3,''),(2929,'2016-05-11 08:21:25',1,218,'74','吊钩',3,''),(2930,'2016-05-11 08:21:25',1,218,'73','吊环',3,''),(2931,'2016-05-11 08:21:25',1,218,'72','把手',3,''),(2932,'2016-05-11 08:21:25',1,218,'71','铭牌座',3,''),(2933,'2016-05-11 08:21:25',1,218,'70','模板',3,''),(2934,'2016-05-11 08:21:25',1,218,'69','基础环板 t=16',3,''),(2935,'2016-05-11 08:21:26',1,218,'68','筋板 t=16',3,''),(2936,'2016-05-11 08:21:26',1,218,'67','裙座筒体 DN1200 t=10 H=1770',3,''),(2937,'2016-05-11 08:21:26',1,218,'66','引出管 %%C219X6 L=150',3,''),(2938,'2016-05-11 08:21:26',1,218,'65','检查孔 DN450X10 L=250',3,''),(2939,'2016-05-11 08:21:26',1,218,'64','排气孔%%C89X6 L=50',3,''),(2940,'2016-05-11 08:21:26',1,218,'63','挡片-6X71-100',3,''),(2941,'2016-05-11 08:21:26',1,218,'62','接管 %%C60.3X8.8-592',3,''),(2942,'2016-05-11 08:21:26',1,218,'61','吊耳 AXA-200-20',3,''),(2943,'2016-05-11 08:21:26',1,218,'60','上封头',3,''),(2944,'2016-05-11 08:21:26',1,218,'59','筒体DN1200 t=46 H=4708',3,''),(2945,'2016-05-11 08:21:26',1,218,'58','人孔',3,''),(2946,'2016-05-11 08:21:26',1,218,'57','下封头',3,''),(2947,'2016-05-11 08:21:26',1,218,'56','铭牌',3,''),(2948,'2016-05-11 08:21:26',1,218,'55','接地板',3,''),(2949,'2016-05-11 08:21:26',1,218,'54','中高压氮气储罐',3,''),(2950,'2016-05-11 08:21:26',1,218,'53','焊材3',3,''),(2951,'2016-05-11 08:21:26',1,218,'52','焊条',3,''),(2952,'2016-05-11 15:57:06',1,159,'811','全螺纹螺柱M24X140',2,'已修改 net_weight 。'),(2953,'2016-05-11 15:58:28',1,19,'822','弯头DN50-Sch120 90E（L）',2,'已修改 net_weight 。'),(2954,'2016-05-11 16:10:40',1,32,'101','201500101',2,'已修改 order_status 。'),(2955,'2016-05-11 16:15:00',1,159,'243','筒体',2,'已修改 work_order 。'),(2956,'2016-05-11 16:16:03',1,159,'252','封头',2,'已修改 count 和 total_weight 。'),(2957,'2016-05-11 16:17:12',1,159,'245','hebing',2,'已修改 count，total_weight 和 work_order 。'),(2958,'2016-05-11 16:17:39',1,159,'239','hebing',2,'已修改 count，total_weight 和 work_order 。'),(2959,'2016-05-11 16:18:46',1,159,'239','hebing',2,'已修改 inventory_type 。'),(2960,'2016-05-11 16:19:00',1,159,'252','封头',2,'已修改 inventory_type 。'),(2961,'2016-05-11 16:19:21',1,159,'243','筒体',2,'已修改 inventory_type 。'),(2964,'2016-05-11 08:57:11',1,218,'135','焊材3',3,''),(2965,'2016-05-11 08:57:11',1,218,'134','焊条',3,''),(2966,'2016-05-11 08:57:11',1,218,'133','洗涤冷却器支座',3,''),(2967,'2016-05-11 08:57:11',1,218,'132','洗涤冷却器支座',3,''),(2968,'2016-05-11 08:57:11',1,218,'131','炉衬',3,''),(2969,'2016-05-11 08:57:11',1,218,'130','搅拌器冷却水进口',3,''),(2970,'2016-05-11 08:57:11',1,218,'129','三通管',3,''),(2971,'2016-05-11 08:57:12',1,218,'128','吊耳 SP-150',3,''),(2972,'2016-05-11 08:57:12',1,218,'127','气化炉上部',3,''),(2973,'2016-05-11 08:57:12',1,218,'126','筒节 DN4222 t=38 H=300',3,''),(2974,'2016-05-11 08:57:12',1,218,'125','压力容器铭牌',3,''),(2975,'2016-05-11 08:57:12',1,218,'124','筒节DN1680 t=50 H=890',3,''),(2976,'2016-05-11 08:57:12',1,218,'123','排放管',3,''),(2977,'2016-05-11 08:57:12',1,218,'122','连接短节',3,''),(2978,'2016-05-11 08:57:12',1,218,'121','垫板',3,''),(2979,'2016-05-11 08:57:12',1,218,'120','管轴',3,''),(2980,'2016-05-11 08:57:12',1,218,'119','挡板-20XD320',3,''),(2981,'2016-05-11 08:57:12',1,218,'118','支承板',3,''),(2982,'2016-05-11 08:57:12',1,218,'117','无缝钢管 %%C76X7.1 L=200',3,''),(2983,'2016-05-11 08:57:12',1,218,'116','环',3,''),(2984,'2016-05-11 08:57:12',1,218,'115','转臂',3,''),(2985,'2016-05-11 08:57:12',1,218,'114','吊钩',3,''),(2986,'2016-05-11 08:57:12',1,218,'113','吊环',3,''),(2987,'2016-05-11 08:57:12',1,218,'112','把手',3,''),(2988,'2016-05-11 08:57:12',1,218,'111','铭牌座',3,''),(2989,'2016-05-11 08:57:12',1,218,'110','模板',3,''),(2990,'2016-05-11 08:57:12',1,218,'109','基础环板 t=16',3,''),(2991,'2016-05-11 08:57:12',1,218,'108','筋板 t=16',3,''),(2992,'2016-05-11 08:57:12',1,218,'107','裙座筒体 DN1200 t=10 H=1770',3,''),(2993,'2016-05-11 08:57:12',1,218,'106','引出管 %%C219X6 L=150',3,''),(2994,'2016-05-11 08:57:12',1,218,'105','检查孔 DN450X10 L=250',3,''),(2995,'2016-05-11 08:57:12',1,218,'104','排气孔%%C89X6 L=50',3,''),(2996,'2016-05-11 08:57:12',1,218,'103','挡片-6X71-100',3,''),(2997,'2016-05-11 08:57:12',1,218,'102','接管 %%C60.3X8.8-592',3,''),(2998,'2016-05-11 08:57:12',1,218,'101','吊耳 AXA-200-20',3,''),(2999,'2016-05-11 08:57:12',1,218,'100','上封头',3,''),(3000,'2016-05-11 08:57:13',1,218,'99','筒体DN1200 t=46 H=4708',3,''),(3001,'2016-05-11 08:57:13',1,218,'98','人孔',3,''),(3002,'2016-05-11 08:57:13',1,218,'97','下封头',3,''),(3003,'2016-05-11 08:57:13',1,218,'96','铭牌',3,''),(3004,'2016-05-11 08:57:13',1,218,'95','接地板',3,''),(3005,'2016-05-11 08:57:13',1,218,'94','中高压氮气储罐',3,''),(3006,'2016-05-11 09:02:27',1,221,'2','20150001',2,'已修改 writer 和 reviewer 。'),(3010,'2016-05-11 17:55:15',1,58,'21','',3,''),(3011,'2016-05-11 17:55:15',1,58,'20','',3,''),(3012,'2016-05-11 17:55:15',1,58,'19','4',3,''),(3013,'2016-05-11 17:55:15',1,58,'17','',3,''),(3014,'2016-05-11 17:55:15',1,58,'12','7',3,''),(3015,'2016-05-11 17:55:15',1,58,'11','7',3,''),(3016,'2016-05-11 17:55:15',1,58,'10','7',3,''),(3017,'2016-05-11 17:55:15',1,58,'9','7',3,''),(3018,'2016-05-11 17:55:15',1,58,'6','2',3,''),(3019,'2016-05-11 17:55:15',1,58,'5','3',3,''),(3020,'2016-05-11 18:37:16',1,32,'111','201500110',2,'已修改 number 和 revised_id 。'),(3023,'2016-05-11 20:53:08',1,17,'1','201600097',2,'已修改 apply_id，apply_company，demand_company，work_order，amount，unit，content，material 和 delivery_period 。'),(3024,'2016-05-11 21:06:33',1,31,'13','201600097 select 抚顺市某械制造有限公司',2,'已修改 price 和 ability_situation 。'),(3025,'2016-05-11 21:06:46',1,31,'14','201600097 select 太原市某械制造有限公司',2,'已修改 price 和 ability_situation 。'),(3026,'2016-05-11 21:06:57',1,31,'14','201600097 select 太原市某械制造有限公司',2,'已修改 delivery_payment 。'),(3027,'2016-05-11 21:07:01',1,31,'13','201600097 select 抚顺市某械制造有限公司',2,'已修改 delivery_payment 。'),(3028,'2016-05-11 14:25:12',1,136,'2','RH04-01',2,'已修改 file_obj 。'),(3029,'2016-05-11 14:25:37',1,230,'2','31231DASD',1,''),(3031,'2016-05-11 14:28:31',1,136,'2','RH04-01',2,'已修改 file_obj 。'),(3048,'2016-05-12 02:24:37',1,230,'2','31231DASD',2,'已修改 department 。'),(3049,'2016-05-12 02:26:36',1,230,'2','31231DASD',2,'没有字段被修改。'),(3050,'2016-05-12 02:27:01',1,230,'3','FSDF11111',1,''),(3051,'2016-05-12 03:06:55',1,230,'3','FSDF11111',2,'已修改 department 。'),(3052,'2016-05-12 03:07:11',1,230,'2','31231DASD',2,'已修改 department 。'),(3053,'2016-05-12 05:31:45',1,232,'3','gfs1322132',1,''),(3054,'2016-05-12 05:31:57',1,229,'12','gfs1322132',1,''),(3055,'2016-05-12 06:50:20',1,233,'1','dsada',2,'没有字段被修改。'),(3056,'2016-05-12 06:50:43',1,233,'2','dad121',1,''),(3057,'2016-05-12 06:53:35',1,233,'2','dad121',2,'已修改 applycard 。'),(3060,'2016-05-12 15:22:04',1,8,'97','201600097',2,'已修改 bid_status 。'),(3065,'2016-05-12 16:17:19',1,166,'44','123',3,''),(3066,'2016-05-12 16:17:19',1,166,'43','182',3,''),(3067,'2016-05-12 16:17:20',1,166,'42','r',3,''),(3068,'2016-05-12 16:17:20',1,166,'41','l',3,''),(3069,'2016-05-12 16:17:20',1,166,'40','h',3,''),(3070,'2016-05-12 16:17:20',1,166,'39','z',3,''),(3071,'2016-05-12 16:17:20',1,166,'38','j',3,''),(3072,'2016-05-12 16:17:20',1,166,'37','106',3,''),(3073,'2016-05-12 16:17:20',1,166,'36','108',3,''),(3074,'2016-05-12 16:17:20',1,166,'35','109',3,''),(3075,'2016-05-12 16:17:20',1,166,'34','m',3,''),(3076,'2016-05-12 16:17:20',1,166,'33','111',3,''),(3077,'2016-05-12 16:17:20',1,166,'32','113',3,''),(3078,'2016-05-12 16:17:20',1,166,'31','103',3,''),(3079,'2016-05-12 16:17:20',1,166,'30','188',3,''),(3080,'2016-05-12 16:17:20',1,166,'29','110',3,''),(3081,'2016-05-12 16:17:20',1,166,'28','101',3,''),(3082,'2016-05-12 16:17:20',1,166,'27','l',3,''),(3083,'2016-05-12 16:17:20',1,166,'26','h',3,''),(3084,'2016-05-12 16:17:20',1,166,'25','z',3,''),(3085,'2016-05-12 16:17:20',1,166,'24','j',3,''),(3086,'2016-05-12 16:17:20',1,166,'23','106',3,''),(3087,'2016-05-12 16:17:20',1,166,'22','108',3,''),(3088,'2016-05-12 16:17:20',1,166,'21','109',3,''),(3089,'2016-05-12 16:17:20',1,166,'20','m',3,''),(3090,'2016-05-12 16:17:20',1,166,'19','111',3,''),(3091,'2016-05-12 16:17:20',1,166,'18','113',3,''),(3092,'2016-05-12 16:17:20',1,166,'17','103',3,''),(3093,'2016-05-12 16:17:20',1,166,'16','188',3,''),(3094,'2016-05-12 16:17:21',1,166,'15','110',3,''),(3095,'2016-05-12 16:17:21',1,166,'14','101',3,''),(3109,'2016-05-12 10:06:41',1,233,'2','dad121',2,'已修改 storelist 。'),(3114,'2016-05-12 10:29:00',1,169,'1','F31893798',1,''),(3115,'2016-05-12 10:30:12',1,170,'1','斜探头(5P9*9K4)',1,''),(3116,'2016-05-12 10:30:53',1,170,'2','削平器刀片(25*2)',1,''),(3117,'2016-05-12 10:31:07',1,169,'2','FFFFFFF',1,''),(3131,'2016-05-12 11:03:20',1,169,'1','F31893798',2,'已修改 keeper 和 entry_status 。'),(3132,'2016-05-12 11:03:28',1,169,'2','FFFFFFF',2,'没有字段被修改。'),(3133,'2016-05-12 11:05:57',1,169,'1','F31893798',2,'已修改 keeper 。'),(3134,'2016-05-12 11:10:06',1,169,'1','F31893798',2,'已修改 keeper 和 entry_status 。'),(3135,'2016-05-12 11:11:16',1,103,'1','斜探头',1,''),(3136,'2016-05-12 11:12:01',1,103,'1','斜探头',2,'没有字段被修改。'),(3137,'2016-05-12 11:12:19',1,103,'2','削平器刀片',1,''),(3138,'2016-05-12 11:15:27',1,103,'2','削平器刀片',2,'已修改 applicant 和 auditor 。'),(3139,'2016-05-12 21:35:09',1,58,'23','筒体',2,'已修改 materiel_execute 。'),(3140,'2016-05-12 21:35:13',1,58,'22','封头',2,'已修改 materiel_execute 。'),(3141,'2016-05-12 14:31:49',1,103,'2','削平器刀片',2,'已修改 actual_storelist 。'),(3142,'2016-05-12 14:32:26',1,103,'2','削平器刀片',2,'已修改 remark 。'),(3143,'2016-05-13 03:59:08',1,170,'1','斜探头(5P9*9K4)',2,'已修改 entry 。'),(3144,'2016-05-13 04:41:32',1,103,'2','削平器刀片',2,'已修改 apply_quantity 。'),(3145,'2016-05-13 05:26:10',1,103,'2','削平器刀片',2,'已修改 status 和 keeper 。'),(3146,'2016-05-13 06:04:26',1,230,'3','FSDF11111',2,'已修改 work_order 。'),(3147,'2016-05-13 06:04:32',1,230,'3','FSDF11111',2,'已修改 work_order 。'),(3148,'2016-05-13 06:04:53',1,230,'2','31231DASD',2,'已修改 work_order 。'),(3149,'2016-05-13 07:26:47',1,242,'3','DADFFF',2,'已修改 work_order 。'),(3150,'2016-05-13 07:26:57',1,242,'2','DADA1DA',2,'已修改 work_order 。'),(3151,'2016-05-13 07:27:53',1,232,'3','gfs1322132',2,'已修改 work_order 。'),(3152,'2016-05-13 07:28:04',1,232,'1','法兰222',2,'已修改 work_order 。'),(3153,'2016-05-13 07:52:21',1,173,'45','焊剂b()',2,'已修改 remark 。'),(3154,'2016-05-13 07:52:44',1,173,'48','ENi6625()',2,'已修改 remark 。'),(3155,'2016-05-13 08:36:27',1,136,'3','RH04-015007B- -02',3,''),(3156,'2016-05-13 08:43:18',1,105,'9','123456',3,''),(3157,'2016-05-13 08:43:18',1,105,'8','2016030701',3,''),(3158,'2016-05-13 08:44:03',1,105,'10','H1112',1,''),(3159,'2016-05-13 08:44:16',1,105,'11','H54534',1,''),(3160,'2016-05-13 08:46:01',1,136,'4','RH04-015007B- -02',3,''),(3161,'2016-05-13 08:45:44',1,106,'5','焊条(H1112)',1,''),(3162,'2016-05-13 08:45:49',1,106,'5','焊条(H1112)',2,'没有字段被修改。'),(3163,'2016-05-13 08:46:54',1,106,'6','焊剂(H1112)',1,''),(3164,'2016-05-13 08:56:52',1,105,'11','H54534',2,'已修改 entry_status 。'),(3165,'2016-05-13 08:57:50',1,105,'10','H1112',2,'已修改 entry_status 。'),(3166,'2016-05-13 16:31:37',1,118,'6','20160514002613',3,''),(3167,'2016-05-13 16:33:29',1,118,'7','20160514003147',3,''),(3168,'2016-05-13 09:08:40',1,106,'6','焊剂(H1112)',2,'已修改 remark，price 和 total_weight 。'),(3169,'2016-05-13 09:08:48',1,104,'6','焊剂(2016-05-12)',2,'已修改 inventory_count 。'),(3170,'2016-05-13 09:08:58',1,104,'5','焊条(2016-05-12)',2,'已修改 inventory_count 。'),(3171,'2016-05-13 09:09:09',1,106,'5','焊条(H1112)',2,'已修改 total_weight 。'),(3172,'2016-05-13 09:14:50',1,67,'2','F32322',1,''),(3173,'2016-05-13 09:15:19',1,67,'2','F32322',2,'没有字段被修改。'),(3174,'2016-05-13 09:15:52',1,67,'3','DSD11',1,''),(3175,'2016-05-13 09:43:51',1,74,'1','F32322',1,''),(3176,'2016-05-13 11:07:04',1,202,'2','X1111',3,''),(3177,'2016-05-13 11:07:04',1,202,'1','23213DSAA',3,''),(3178,'2016-05-13 11:12:10',1,202,'3','d13213',1,''),(3179,'2016-05-13 11:15:31',1,202,'3','d13213',3,''),(3180,'2016-05-13 11:17:24',1,136,'6','RH03-015007B- -02',3,''),(3181,'2016-05-13 11:35:42',1,202,'1','d32131',1,''),(3182,'2016-05-13 11:36:20',1,245,'1','f2132',1,''),(3183,'2016-05-13 11:46:02',1,247,'1','H312321',1,''),(3184,'2016-05-13 11:46:37',1,248,'1','f23321',1,''),(3185,'2016-05-13 12:30:25',1,13,'22','d200921049',1,''),(3186,'2016-05-13 12:30:29',1,13,'22','d200921049',2,'没有字段被修改。'),(3187,'2016-05-13 12:31:51',1,13,'22','d200921050',2,'已修改 order_index 。'),(3188,'2016-05-13 12:32:03',1,13,'22','d200921050',2,'已修改 count 。'),(3189,'2016-05-13 12:32:16',1,13,'22','d200921051',2,'已修改 order_index 和 count 。'),(3190,'2016-05-13 12:38:06',1,246,'1','f2132',2,'没有字段被修改。'),(3191,'2016-05-13 12:38:34',1,245,'2','ada',1,''),(3192,'2016-05-13 12:38:53',1,246,'2','FDSF',1,''),(3193,'2016-05-13 12:49:20',1,245,'2','ada',2,'已修改 work_order 。'),(3194,'2016-05-13 12:51:30',1,245,'2','ada',2,'已修改 work_order 。'),(3195,'2016-05-13 12:59:32',1,249,'1','f31313',1,''),(3196,'2016-05-13 13:00:24',1,250,'1','f31313',1,''),(3197,'2016-05-13 13:11:38',1,250,'1','f31313',2,'已修改 weight 。'),(3198,'2016-05-13 14:23:26',1,118,'8','20160514003705',3,''),(3199,'2016-05-13 14:23:26',1,118,'2','测试的空的',3,''),(3200,'2016-05-13 14:23:26',1,118,'1','20160111-100',3,''),(3201,'2016-05-13 14:23:45',1,118,'9','2321',1,''),(3202,'2016-05-13 14:24:17',1,232,'16','fsdfds',1,''),(3203,'2016-05-13 14:25:09',1,118,'9','2321',2,'已修改 keeper 。'),(3204,'2016-05-13 14:27:25',1,233,'3','dfdsf',1,''),(3205,'2016-05-13 14:28:00',1,230,'2','31231DASD',2,'已修改 keeper 。'),(3206,'2016-05-13 14:28:14',1,230,'2','31231DASD',2,'已修改 status 。'),(3207,'2016-05-13 14:28:53',1,242,'3','DADFFF',2,'已修改 keeper 和 status 。'),(3208,'2016-05-13 14:29:05',1,243,'1','dfdsf',1,''),(3209,'2016-05-13 14:37:35',1,103,'1','斜探头',1,''),(3210,'2016-05-14 01:43:28',1,135,'17','03015007B',1,''),(3211,'2016-05-14 01:59:50',1,103,'1','斜探头',2,'没有字段被修改。'),(3212,'2016-05-14 02:01:19',1,103,'1','斜探头',2,'已修改 actual_storelist 。'),(3213,'2016-05-14 09:43:53',1,12,'19','201600097(弯头DN50-Sch120 90E（L）)',2,'已修改 check_pass 。'),(3214,'2016-05-14 09:43:57',1,12,'18','201600097(椭圆垫 25-900)',2,'已修改 check_pass 。'),(3215,'2016-05-14 09:44:01',1,12,'17','201600097(螺母M24)',2,'已修改 check_pass 。'),(3216,'2016-05-14 02:20:29',1,169,'2','FFFFFFF',2,'已修改 entry_status 。'),(3217,'2016-05-14 09:53:41',1,32,'101','201500101',2,'已修改 order_status 。'),(3218,'2016-05-14 02:48:21',1,230,'3','FSDF11111',2,'没有字段被修改。'),(3219,'2016-05-14 02:49:01',1,230,'3','FSDF11111',2,'没有字段被修改。'),(3220,'2016-05-14 02:52:16',1,242,'2','DADA1DA',2,'已修改 status 。'),(3221,'2016-05-14 03:09:26',1,103,'1','斜探头',2,'已修改 actual_storelist，actual_quantity 和 status 。'),(3222,'2016-05-14 03:09:37',1,103,'1','斜探头',2,'已修改 keeper 。'),(3223,'2016-05-14 03:11:48',1,247,'1','H312321',2,'已修改 keeper 和 status 。'),(3224,'2016-05-14 03:18:10',1,249,'2','gdgfdg',1,''),(3225,'2016-05-14 03:18:20',1,251,'1','gdgfdg',1,''),(3226,'2016-05-14 05:43:23',1,13,'18','03015007B',2,'已修改 project_name 。'),(3227,'2016-05-14 13:25:37',1,118,'10','20160514174417',2,'已修改 purchaser 。'),(3228,'2016-05-14 06:44:46',1,106,'7','焊材3(H54534)',1,''),(3229,'2016-05-14 06:45:16',1,104,'7','焊材3(2016-05-14)',1,''),(3230,'2016-05-14 06:47:48',1,106,'7','焊材3(H54534)',2,'已修改 material_mark，model_number 和 specification 。'),(3231,'2016-05-14 14:35:27',1,8,'96','201600000',2,'已修改 bid_status 。'),(3232,'2016-05-14 07:30:21',1,252,'1','RH09-015007B',1,''),(3233,'2016-05-14 07:34:28',1,252,'1','RH09-015007B',2,'已修改 file_obj 。'),(3234,'2016-05-14 15:07:29',1,159,'278','sdfsf',3,''),(3235,'2016-05-14 15:07:29',1,159,'277','sdfsf',3,''),(3236,'2016-05-14 15:07:50',1,25,'29','sdfsf',3,''),(3237,'2016-05-14 15:08:01',1,25,'39','sdfsf',3,''),(3238,'2016-05-14 15:08:01',1,25,'38','sdfsf',3,''),(3239,'2016-05-14 15:08:01',1,25,'37','sdfsf',3,''),(3240,'2016-05-14 15:08:01',1,25,'36','sdfsf',3,''),(3241,'2016-05-14 15:08:01',1,25,'35','sdfsf',3,''),(3242,'2016-05-14 15:08:01',1,25,'34','sdfsf',3,''),(3243,'2016-05-14 15:08:01',1,25,'33','sdfsf',3,''),(3244,'2016-05-14 15:08:02',1,25,'32','sdfsf',3,''),(3245,'2016-05-14 15:08:02',1,25,'31','sdfsf',3,''),(3246,'2016-05-14 15:08:02',1,25,'30','sdfsf',3,''),(3247,'2016-05-14 15:08:02',1,25,'28','sdfsf',3,''),(3248,'2016-05-14 15:08:02',1,25,'27','sdfsf',3,''),(3249,'2016-05-14 15:08:02',1,25,'26','sdfsf',3,''),(3250,'2016-05-14 15:08:02',1,25,'25','sdfsf',3,''),(3251,'2016-05-14 15:08:02',1,25,'24','sdfsf',3,''),(3252,'2016-05-14 15:08:02',1,25,'23','sdfsf',3,''),(3253,'2016-05-14 15:08:02',1,25,'22','sdfsf',3,''),(3254,'2016-05-14 15:08:02',1,25,'21','sdfsf',3,''),(3255,'2016-05-14 15:09:15',1,159,'305','sdfsf',3,''),(3256,'2016-05-14 15:09:15',1,159,'296','sdfsf',3,''),(3257,'2016-05-14 15:10:20',1,159,'288','sdfsf',2,'已修改 orgin_materiel 。'),(3258,'2016-05-14 15:10:39',1,159,'305','sdfsf',3,''),(3259,'2016-05-14 15:12:06',1,130,'281','sdfsf',3,''),(3260,'2016-05-14 15:12:06',1,130,'280','sdfsf',3,''),(3261,'2016-05-14 15:12:06',1,130,'279','sdfsf',3,''),(3262,'2016-05-14 15:12:06',1,130,'278','sdfsf',3,''),(3263,'2016-05-14 15:12:06',1,130,'277','sdfsf',3,''),(3264,'2016-05-14 15:12:06',1,130,'276','sdfsf',3,''),(3265,'2016-05-14 15:12:06',1,130,'275','sdfsf',3,''),(3266,'2016-05-14 15:12:06',1,130,'274','sdfsf',3,''),(3267,'2016-05-14 15:12:06',1,130,'273','sdfsf',3,''),(3268,'2016-05-14 15:12:06',1,130,'272','sdfsf',3,''),(3269,'2016-05-14 15:12:06',1,130,'271','sdfsf',3,''),(3270,'2016-05-14 15:12:06',1,130,'270','sdfsf',3,''),(3271,'2016-05-14 15:12:06',1,130,'269','sdfsf',3,''),(3272,'2016-05-14 15:12:06',1,130,'268','sdfsf',3,''),(3273,'2016-05-14 15:12:06',1,130,'267','sdfsf',3,''),(3274,'2016-05-14 15:12:06',1,130,'266','sdfsf',3,''),(3275,'2016-05-14 15:12:06',1,130,'265','sdfsf',3,''),(3276,'2016-05-14 15:12:06',1,130,'264','sdfsf',3,''),(3277,'2016-05-14 15:12:06',1,130,'263','sdfsf',3,''),(3278,'2016-05-14 15:12:18',1,130,'262','sdfsf',3,''),(3279,'2016-05-14 15:12:18',1,130,'261','sdfsf',3,''),(3280,'2016-05-14 15:12:18',1,130,'260','sdfsf',3,''),(3281,'2016-05-14 15:12:18',1,130,'259','sdfsf',3,''),(3282,'2016-05-14 15:12:18',1,130,'258','sdfsf',3,''),(3283,'2016-05-14 15:12:19',1,130,'257','sdfsf',3,''),(3284,'2016-05-14 15:12:19',1,130,'256','sdfsf',3,''),(3285,'2016-05-14 15:12:19',1,130,'255','sdfsf',3,''),(3286,'2016-05-14 15:12:19',1,130,'254','sdfsf',3,''),(3287,'2016-05-14 15:12:19',1,130,'253','sdfsf',3,''),(3288,'2016-05-14 15:12:19',1,130,'252','sdfsf',3,''),(3289,'2016-05-14 15:12:19',1,130,'251','sdfsf',3,''),(3290,'2016-05-14 15:12:19',1,130,'250','sdfsf',3,''),(3291,'2016-05-14 15:12:19',1,130,'249','sdfsf',3,''),(3292,'2016-05-14 15:12:19',1,130,'248','sdfsf',3,''),(3293,'2016-05-14 15:12:19',1,130,'247','sdfsf',3,''),(3294,'2016-05-14 15:12:19',1,130,'246','sdfsf',3,''),(3295,'2016-05-14 15:12:19',1,130,'245','sdfsf',3,''),(3296,'2016-05-14 15:12:19',1,130,'244','sdfsf',3,''),(3297,'2016-05-14 15:12:29',1,130,'243','sdfsf',3,''),(3298,'2016-05-14 15:12:29',1,130,'242','sdfsf',3,''),(3299,'2016-05-14 15:12:29',1,130,'241','sdfsf',3,''),(3300,'2016-05-14 15:12:29',1,130,'240','sdfsf',3,''),(3301,'2016-05-14 15:12:29',1,130,'239','sdfsf',3,''),(3302,'2016-05-14 15:12:29',1,130,'238','sdfsf',3,''),(3303,'2016-05-14 15:12:29',1,130,'237','sdfsf',3,''),(3304,'2016-05-14 15:12:29',1,130,'236','sdfsf',3,''),(3305,'2016-05-14 15:12:29',1,130,'235','sdfsf',3,''),(3306,'2016-05-14 15:12:29',1,130,'234','sdfsf',3,''),(3307,'2016-05-14 15:12:29',1,130,'233','sdfsf',3,''),(3308,'2016-05-14 15:12:29',1,130,'232','sdfsf',3,''),(3309,'2016-05-14 15:12:29',1,130,'231','sdfsf',3,''),(3310,'2016-05-14 15:12:29',1,130,'230','sdfsf',3,''),(3311,'2016-05-14 15:12:29',1,130,'229','sdfsf',3,''),(3312,'2016-05-14 15:12:51',1,19,'305','sdfsf',2,'已修改 material 。'),(3314,'2016-05-14 15:14:36',1,19,'305','sdfsf',3,''),(3315,'2016-05-14 15:16:21',1,19,'979','',3,''),(3316,'2016-05-14 15:16:21',1,19,'978','',3,''),(3317,'2016-05-14 15:16:21',1,19,'977','',3,''),(3318,'2016-05-14 15:16:21',1,19,'976','',3,''),(3319,'2016-05-14 15:16:21',1,19,'975','',3,''),(3320,'2016-05-14 15:16:21',1,19,'974','',3,''),(3321,'2016-05-14 15:16:21',1,19,'305','sdfsf',3,''),(3322,'2016-05-14 15:17:16',1,19,'304','sdfsf',2,'已修改 order 。'),(3323,'2016-05-14 15:17:24',1,19,'305','sdfsf',2,'已修改 order 。'),(3324,'2016-05-14 15:17:34',1,19,'305','sdfsf',3,''),(3325,'2016-05-14 15:17:59',1,159,'305','sdfsf',2,'已修改 inventory_type 。'),(3326,'2016-05-14 15:18:06',1,159,'305','sdfsf',3,''),(3327,'2016-05-14 15:20:39',1,159,'305','sdfsf',3,''),(3328,'2016-05-14 15:20:56',1,159,'305','sdfsf',3,''),(3329,'2016-05-14 15:20:56',1,159,'304','sdfsf',3,''),(3330,'2016-05-14 15:20:56',1,159,'303','sdfsf',3,''),(3331,'2016-05-14 15:20:56',1,159,'302','sdfsf',3,''),(3332,'2016-05-14 15:20:56',1,159,'301','sdfsf',3,''),(3333,'2016-05-14 15:20:56',1,159,'300','sdfsf',3,''),(3334,'2016-05-14 15:20:56',1,159,'299','sdfsf',3,''),(3335,'2016-05-14 15:20:56',1,159,'298','sdfsf',3,''),(3336,'2016-05-14 15:20:56',1,159,'297','sdfsf',3,''),(3337,'2016-05-14 15:20:56',1,159,'296','sdfsf',3,''),(3338,'2016-05-14 15:20:56',1,159,'295','sdfsf',3,''),(3339,'2016-05-14 15:20:56',1,159,'294','sdfsf',3,''),(3340,'2016-05-14 15:20:56',1,159,'293','sdfsf',3,''),(3341,'2016-05-14 15:20:56',1,159,'292','sdfsf',3,''),(3342,'2016-05-14 15:20:57',1,159,'291','sdfsf',3,''),(3343,'2016-05-14 15:20:57',1,159,'290','sdfsf',3,''),(3344,'2016-05-14 15:20:57',1,159,'289','sdfsf',3,''),(3345,'2016-05-14 15:20:57',1,159,'288','sdfsf',3,''),(3346,'2016-05-14 15:20:57',1,159,'287','sdfsf',3,''),(3347,'2016-05-14 15:20:57',1,159,'286','sdfsf',3,''),(3348,'2016-05-14 15:20:57',1,159,'285','sdfsf',3,''),(3349,'2016-05-14 15:20:57',1,159,'284','sdfsf',3,''),(3350,'2016-05-14 15:20:57',1,159,'283','sdfsf',3,''),(3351,'2016-05-14 15:20:57',1,159,'282','sdfsf',3,''),(3352,'2016-05-14 15:20:57',1,159,'281','sdfsf',3,''),(3353,'2016-05-14 15:20:57',1,159,'280','sdfsf',3,''),(3354,'2016-05-14 15:20:57',1,159,'279','sdfsf',3,''),(3355,'2016-05-14 15:20:57',1,159,'278','sdfsf',3,''),(3356,'2016-05-14 15:20:57',1,159,'277','sdfsf',3,''),(3357,'2016-05-14 15:20:57',1,159,'276','sdfsf',3,''),(3358,'2016-05-14 15:20:57',1,159,'275','sdfsf',3,''),(3359,'2016-05-14 15:20:57',1,159,'274','sdfsf',3,''),(3360,'2016-05-14 15:20:57',1,159,'273','sdfsf',3,''),(3361,'2016-05-14 15:20:57',1,159,'272','sdfsf',3,''),(3362,'2016-05-14 15:20:57',1,159,'271','sdfsf',3,''),(3363,'2016-05-14 15:20:57',1,159,'270','sdfsf',3,''),(3364,'2016-05-14 15:20:58',1,159,'268','sdfsf',3,''),(3365,'2016-05-14 15:20:58',1,159,'267','sdfsf',3,''),(3366,'2016-05-14 15:20:58',1,159,'266','sdfsf',3,''),(3367,'2016-05-14 15:20:58',1,159,'265','sdfsf',3,''),(3368,'2016-05-14 15:20:58',1,159,'264','sdfsf',3,''),(3369,'2016-05-14 15:20:58',1,159,'263','sdfsf',3,''),(3370,'2016-05-14 15:21:05',1,159,'305','sdfsf',3,''),(3371,'2016-05-14 15:21:05',1,159,'304','sdfsf',3,''),(3372,'2016-05-14 15:21:05',1,159,'303','sdfsf',3,''),(3373,'2016-05-14 15:21:05',1,159,'302','sdfsf',3,''),(3374,'2016-05-14 15:21:05',1,159,'301','sdfsf',3,''),(3375,'2016-05-14 15:21:05',1,159,'300','sdfsf',3,''),(3376,'2016-05-14 15:21:05',1,159,'299','sdfsf',3,''),(3377,'2016-05-14 15:21:05',1,159,'298','sdfsf',3,''),(3378,'2016-05-14 15:21:05',1,159,'297','sdfsf',3,''),(3379,'2016-05-14 15:21:05',1,159,'296','sdfsf',3,''),(3380,'2016-05-14 15:21:05',1,159,'295','sdfsf',3,''),(3381,'2016-05-14 15:21:05',1,159,'294','sdfsf',3,''),(3382,'2016-05-14 15:21:05',1,159,'293','sdfsf',3,''),(3383,'2016-05-14 15:21:05',1,159,'292','sdfsf',3,''),(3384,'2016-05-14 15:21:05',1,159,'291','sdfsf',3,''),(3385,'2016-05-14 15:21:05',1,159,'290','sdfsf',3,''),(3386,'2016-05-14 15:21:05',1,159,'289','sdfsf',3,''),(3387,'2016-05-14 15:21:05',1,159,'288','sdfsf',3,''),(3388,'2016-05-14 15:21:05',1,159,'287','sdfsf',3,''),(3389,'2016-05-14 15:21:05',1,159,'286','sdfsf',3,''),(3390,'2016-05-14 15:21:05',1,159,'285','sdfsf',3,''),(3391,'2016-05-14 15:21:05',1,159,'284','sdfsf',3,''),(3392,'2016-05-14 15:21:05',1,159,'283','sdfsf',3,''),(3393,'2016-05-14 15:21:05',1,159,'282','sdfsf',3,''),(3394,'2016-05-14 15:21:05',1,159,'281','sdfsf',3,''),(3395,'2016-05-14 15:21:05',1,159,'280','sdfsf',3,''),(3396,'2016-05-14 15:21:05',1,159,'279','sdfsf',3,''),(3397,'2016-05-14 15:21:05',1,159,'278','sdfsf',3,''),(3398,'2016-05-14 15:21:05',1,159,'277','sdfsf',3,''),(3399,'2016-05-14 15:21:06',1,159,'276','sdfsf',3,''),(3400,'2016-05-14 15:21:06',1,159,'275','sdfsf',3,''),(3401,'2016-05-14 15:21:06',1,159,'274','sdfsf',3,''),(3402,'2016-05-14 15:21:06',1,159,'273','sdfsf',3,''),(3403,'2016-05-14 15:21:06',1,159,'272','sdfsf',3,''),(3404,'2016-05-14 15:21:06',1,159,'271','sdfsf',3,''),(3405,'2016-05-14 15:21:06',1,159,'270','sdfsf',3,''),(3406,'2016-05-14 15:21:06',1,159,'268','sdfsf',3,''),(3407,'2016-05-14 15:21:06',1,159,'267','sdfsf',3,''),(3408,'2016-05-14 15:21:06',1,159,'266','sdfsf',3,''),(3409,'2016-05-14 15:21:06',1,159,'265','sdfsf',3,''),(3410,'2016-05-14 15:21:06',1,159,'264','sdfsf',3,''),(3411,'2016-05-14 15:21:06',1,159,'263','sdfsf',3,''),(3412,'2016-05-14 07:53:02',1,252,'1','RH09-015007B',2,'已修改 file_obj 。'),(3413,'2016-05-14 15:24:37',1,159,'305','sdfsf',3,''),(3414,'2016-05-14 15:24:37',1,159,'304','sdfsf',3,''),(3415,'2016-05-14 15:24:37',1,159,'303','sdfsf',3,''),(3416,'2016-05-14 15:24:37',1,159,'302','sdfsf',3,''),(3417,'2016-05-14 15:24:37',1,159,'301','sdfsf',3,''),(3418,'2016-05-14 15:24:37',1,159,'300','sdfsf',3,''),(3419,'2016-05-14 15:24:37',1,159,'299','sdfsf',3,''),(3420,'2016-05-14 15:24:37',1,159,'298','sdfsf',3,''),(3421,'2016-05-14 15:24:37',1,159,'297','sdfsf',3,''),(3422,'2016-05-14 15:24:37',1,159,'296','sdfsf',3,''),(3423,'2016-05-14 15:24:37',1,159,'295','sdfsf',3,''),(3424,'2016-05-14 15:24:37',1,159,'294','sdfsf',3,''),(3425,'2016-05-14 15:24:37',1,159,'293','sdfsf',3,''),(3426,'2016-05-14 15:24:37',1,159,'292','sdfsf',3,''),(3427,'2016-05-14 15:24:37',1,159,'291','sdfsf',3,''),(3428,'2016-05-14 15:24:37',1,159,'290','sdfsf',3,''),(3429,'2016-05-14 15:24:37',1,159,'289','sdfsf',3,''),(3430,'2016-05-14 15:24:37',1,159,'288','sdfsf',3,''),(3431,'2016-05-14 15:24:37',1,159,'287','sdfsf',3,''),(3432,'2016-05-14 15:24:37',1,159,'286','sdfsf',3,''),(3433,'2016-05-14 15:24:37',1,159,'285','sdfsf',3,''),(3434,'2016-05-14 15:24:38',1,159,'284','sdfsf',3,''),(3435,'2016-05-14 15:24:38',1,159,'283','sdfsf',3,''),(3436,'2016-05-14 15:24:38',1,159,'282','sdfsf',3,''),(3437,'2016-05-14 15:24:38',1,159,'281','sdfsf',3,''),(3438,'2016-05-14 15:24:38',1,159,'280','sdfsf',3,''),(3439,'2016-05-14 15:24:38',1,159,'279','sdfsf',3,''),(3440,'2016-05-14 15:24:38',1,159,'278','sdfsf',3,''),(3441,'2016-05-14 15:24:38',1,159,'277','sdfsf',3,''),(3442,'2016-05-14 15:24:38',1,159,'276','sdfsf',3,''),(3443,'2016-05-14 15:24:38',1,159,'275','sdfsf',3,''),(3444,'2016-05-14 15:24:38',1,159,'274','sdfsf',3,''),(3445,'2016-05-14 15:24:38',1,159,'273','sdfsf',3,''),(3446,'2016-05-14 15:24:38',1,159,'272','sdfsf',3,''),(3447,'2016-05-14 15:24:38',1,159,'271','sdfsf',3,''),(3448,'2016-05-14 15:24:38',1,159,'270','sdfsf',3,''),(3449,'2016-05-14 15:24:38',1,159,'268','sdfsf',3,''),(3450,'2016-05-14 15:24:38',1,159,'267','sdfsf',3,''),(3451,'2016-05-14 15:24:38',1,159,'266','sdfsf',3,''),(3452,'2016-05-14 15:24:38',1,159,'265','sdfsf',3,''),(3453,'2016-05-14 15:24:38',1,159,'264','sdfsf',3,''),(3454,'2016-05-14 15:24:38',1,159,'263','sdfsf',3,''),(3455,'2016-05-14 15:24:55',1,159,'286','sdfsf',3,''),(3456,'2016-05-14 16:20:44',1,18,'44','JG-50',1,''),(3457,'2016-05-14 16:21:04',1,18,'45','H08mn2siA',1,''),(3458,'2016-05-14 16:21:22',1,18,'46','J507RH',1,''),(3459,'2016-05-14 16:21:55',1,18,'47','SJ101',1,''),(3460,'2016-05-14 16:23:59',1,159,'982','氩弧',1,''),(3461,'2016-05-14 16:25:25',1,159,'983','焊丝',1,''),(3462,'2016-05-14 16:26:23',1,159,'984','焊丝',1,''),(3463,'2016-05-14 16:27:41',1,159,'985','焊条',1,''),(3464,'2016-05-14 16:28:22',1,159,'986','焊剂',1,''),(3465,'2016-05-14 18:33:07',1,32,'121','201500120',3,''),(3466,'2016-05-14 18:39:18',1,32,'122','201500120',3,''),(3467,'2016-05-14 19:33:26',1,32,'111','201500110',2,'已修改 order_status 。'),(3468,'2016-05-14 19:51:27',1,32,'101','201500101',2,'已修改 order_status 。'),(3469,'2016-05-14 20:01:48',1,159,'250','封头',2,'已修改 sub_workorder 。'),(3470,'2016-05-14 20:03:06',1,25,'15','封头1',3,''),(3471,'2016-05-14 20:03:53',1,159,'246','封头1',2,'已修改 inventory_type 。'),(3472,'2016-05-14 20:04:51',1,159,'246','封头1',2,'已修改 sub_workorder 。'),(3473,'2016-05-14 20:06:47',1,159,'250','封头',2,'已修改 inventory_type 。'),(3474,'2016-05-14 20:11:35',1,159,'987','筒体test',1,''),(3475,'2016-05-14 13:58:41',1,67,'3','DSD11',2,'已修改 actual_weight 和 storelist 。'),(3476,'2016-05-14 13:59:39',1,67,'3','DSD11',2,'已修改 storelist 。'),(3477,'2016-05-15 08:33:59',1,165,'8','B1',3,''),(3478,'2016-05-15 08:33:59',1,165,'7','A2A3',3,''),(3479,'2016-05-15 09:17:52',1,165,'9','A2, A3',2,'已修改 bm_texture_1 和 bm_texture_2 。'),(3480,'2016-05-15 09:17:58',1,165,'10','B1',2,'已修改 bm_texture_1 和 bm_texture_2 。'),(3481,'2016-05-15 09:22:21',1,248,'1','f23321',2,'已修改 component 和 submateriel 。'),(3482,'2016-05-15 09:24:04',1,248,'1','f23321',2,'已修改 actual_count 。'),(3483,'2016-05-15 09:28:10',1,165,'10','B1',2,'已修改 weld_position 。'),(3484,'2016-05-15 09:28:16',1,165,'9','A2, A3',2,'已修改 weld_position 。'),(3485,'2016-05-15 09:33:09',1,165,'10','B1',3,''),(3486,'2016-05-15 09:33:09',1,165,'9','A2, A3',3,''),(3487,'2016-05-15 09:33:09',1,165,'4','A1',3,''),(3488,'2016-05-15 09:33:09',1,165,'3','B1B2',3,''),(3489,'2016-05-16 02:04:14',1,165,'11','A2, A3',3,''),(3490,'2016-05-16 02:05:39',1,132,'15','△',2,'已修改 name 。'),(3491,'2016-05-16 02:06:22',1,132,'14','△40',3,''),(3492,'2016-05-16 02:06:22',1,132,'13','△11',3,''),(3493,'2016-05-16 02:06:22',1,132,'12','V32MM',3,''),(3494,'2016-05-16 02:06:22',1,132,'11','△20',3,''),(3495,'2016-05-16 02:06:22',1,132,'10','△△7',3,''),(3496,'2016-05-16 02:06:22',1,132,'9','DH',3,''),(3497,'2016-05-16 02:06:22',1,132,'8','△3',3,''),(3498,'2016-05-16 02:06:22',1,132,'7','△10',3,''),(3499,'2016-05-16 02:06:22',1,132,'6','△12',3,''),(3500,'2016-05-16 02:06:22',1,132,'5','△13',3,''),(3501,'2016-05-16 02:06:22',1,132,'4','△5',3,''),(3502,'2016-05-16 02:06:22',1,132,'3','△6',3,''),(3503,'2016-05-16 02:25:00',1,165,'14','B1',3,''),(3504,'2016-05-16 02:25:00',1,165,'13','A2, A3',3,''),(3505,'2016-05-16 02:25:00',1,165,'12','A2',3,''),(3506,'2016-05-16 09:53:39',1,8,'98','201600098',2,'已修改 bid_status 。'),(3507,'2016-05-16 02:25:54',1,253,'1','RH20-015007B-',1,''),(3508,'2016-05-16 02:25:58',1,253,'2','RH20-015007B-',1,''),(3509,'2016-05-16 02:26:18',1,253,'1','RH20-015007B-01',2,'已修改 file_index 。'),(3510,'2016-05-16 02:26:24',1,253,'2','RH20-015007B-02',2,'已修改 file_index 。'),(3511,'2016-05-16 02:56:29',1,225,'37','03015007B-1 23-1-X',2,'已修改 complete_process_date 和 check_user 。'),(3512,'2016-05-16 02:57:45',1,225,'66','03015007B-1 34-3-X',2,'已修改 complete_process_date 和 check_user 。'),(3513,'2016-05-16 05:47:24',1,133,'8','埋弧焊',3,''),(3514,'2016-05-16 05:47:24',1,133,'7','气保焊',3,''),(3515,'2016-05-16 05:47:24',1,133,'6','焊条焊',3,''),(3516,'2016-05-16 05:47:24',1,133,'5','DH',3,''),(3517,'2016-05-16 05:47:24',1,133,'4','氩弧焊',3,''),(3518,'2016-05-16 05:47:24',1,133,'3','焊条电弧焊',3,''),(3519,'2016-05-16 05:47:24',1,133,'2','CO2气体保护焊',3,''),(3520,'2016-05-16 05:47:31',1,133,'9','SMAW',1,''),(3521,'2016-05-16 05:47:33',1,133,'10','SAW',1,''),(3522,'2016-05-16 05:47:37',1,133,'11','GMAW',1,''),(3523,'2016-05-16 05:47:40',1,133,'12','GTAW',1,''),(3524,'2016-05-16 05:55:48',1,253,'3','RH20-015007B-',1,''),(3525,'2016-05-16 05:55:59',1,253,'4','RH20-015007B-02',1,''),(3526,'2016-05-16 05:56:04',1,253,'3','RH20-015007B-01',2,'已修改 file_index 。'),(3527,'2016-05-16 06:36:20',1,246,'2','FDSF',2,'已修改 store_room 。'),(3528,'2016-05-16 06:36:43',1,246,'1','f2132',2,'已修改 store_room 。'),(3529,'2016-05-16 06:43:50',1,159,'987','筒体test',2,'已修改 sub_workorder 。'),(3530,'2016-05-16 06:49:09',1,159,'987','筒体test',2,'已修改 orgin_materiel 。'),(3531,'2016-05-16 06:49:09',1,159,'987','筒体test',2,'没有字段被修改。'),(3532,'2016-05-16 07:26:44',1,253,'5','RH20-015007B-',1,''),(3533,'2016-05-16 07:26:50',1,253,'6','RH20-015007B-02',1,''),(3534,'2016-05-16 07:26:55',1,253,'5','RH20-015007B-01',2,'已修改 file_index 。'),(3535,'2016-05-16 07:37:34',1,160,'3','SAW-1G07/09/19',2,'已修改 weld_method 。'),(3536,'2016-05-16 07:37:51',1,160,'2','GMAW-Fell-3G-14-FefS-11/15',2,'已修改 weld_method 。'),(3537,'2016-05-16 07:38:03',1,160,'1','SMAW-Fell-5FG-12/60-Fef3J',2,'已修改 weld_method 。'),(3538,'2016-05-16 08:00:59',1,160,'4','SMAW-FeⅡ-3G-14-FefS-11/15',1,''),(3539,'2016-05-16 08:01:32',1,160,'5','GTAW-FeⅡ-5G-2/20-FefS-02/11/12',1,''),(3540,'2016-05-16 08:14:08',1,13,'23','test',1,''),(3541,'2016-05-16 08:53:41',1,13,'23','test',3,''),(3542,'2016-05-16 08:53:51',1,13,'24','test',1,''),(3543,'2016-05-16 10:27:56',1,13,'24','test',3,''),(3544,'2016-05-16 10:28:21',1,13,'25','test',1,''),(3545,'2016-05-16 10:29:24',1,13,'26','test2',1,''),(3546,'2016-05-16 11:15:58',1,13,'26','test2',3,''),(3547,'2016-05-16 11:15:58',1,13,'25','test',3,''),(3548,'2016-05-16 11:16:11',1,13,'27','test',1,''),(3549,'2016-05-16 19:12:05',1,174,'21','原设计单位',1,''),(3550,'2016-05-16 19:12:17',1,174,'22','设计工程师',1,''),(3551,'2016-05-16 19:13:13',1,174,'23','焊接工程师',1,''),(3552,'2016-05-16 19:13:23',1,174,'24','工艺工程师',1,''),(3553,'2016-05-16 19:13:36',1,174,'25','材料工程师',1,''),(3554,'2016-05-16 19:13:50',1,174,'26','代用单填写',1,''),(3555,'2016-05-16 12:02:39',1,165,'21','E1',3,''),(3556,'2016-05-16 12:03:49',1,165,'22','E1',3,''),(3557,'2016-05-16 12:08:23',1,165,'23','E1',3,''),(3558,'2016-05-16 19:55:40',1,165,'24','E1',3,''),(3559,'2016-05-16 19:50:29',1,34,'28','9876545678',1,''),(3560,'2016-05-16 12:22:55',1,165,'25','E1',3,''),(3561,'2016-05-16 12:22:55',1,165,'20','B1',3,''),(3562,'2016-05-16 12:22:55',1,165,'19','A2, A3',3,''),(3563,'2016-05-16 12:30:17',1,229,'15','螺母M24',1,''),(3564,'2016-05-16 20:16:28',1,34,'28','9876545678',2,'已修改 production_name 。'),(3565,'2016-05-16 13:00:26',1,19,'1467','-34X300-500         			',1,''),(3566,'2016-05-16 13:01:22',1,19,'1468','-46X140-600         			                  			',1,''),(3567,'2016-05-16 13:02:01',1,128,'756','-34X300-500         			',1,''),(3568,'2016-05-16 13:02:06',1,128,'757','-46X140-600         			                  			',1,''),(3569,'2016-05-16 13:02:18',1,130,'1010','-34X300-500         			',1,''),(3570,'2016-05-16 13:02:22',1,130,'1011','-46X140-600         			                  			',1,''),(3571,'2016-05-16 20:32:20',1,41,'61','61',3,''),(3572,'2016-05-16 20:32:20',1,41,'60','60',3,''),(3573,'2016-05-16 20:32:20',1,41,'59','59',3,''),(3574,'2016-05-16 20:32:20',1,41,'58','58',3,''),(3575,'2016-05-16 20:32:20',1,41,'57','57',3,''),(3576,'2016-05-16 20:32:20',1,41,'56','56',3,''),(3577,'2016-05-16 20:32:20',1,41,'55','55',3,''),(3578,'2016-05-16 20:32:20',1,41,'54','54',3,''),(3579,'2016-05-16 20:32:20',1,41,'53','53',3,''),(3580,'2016-05-16 20:32:20',1,41,'52','52',3,''),(3581,'2016-05-16 20:32:21',1,41,'51','51',3,''),(3582,'2016-05-16 20:32:21',1,41,'50','50',3,''),(3583,'2016-05-16 20:32:21',1,41,'49','49',3,''),(3584,'2016-05-16 20:32:21',1,41,'48','48',3,''),(3585,'2016-05-16 20:32:21',1,41,'47','47',3,''),(3586,'2016-05-16 20:32:21',1,41,'46','46',3,''),(3587,'2016-05-16 20:32:21',1,41,'45','45',3,''),(3588,'2016-05-16 20:32:21',1,41,'44','44',3,''),(3589,'2016-05-16 20:32:21',1,41,'43','43',3,''),(3590,'2016-05-16 20:32:21',1,41,'32','32',3,''),(3591,'2016-05-16 20:32:21',1,41,'31','31',3,''),(3592,'2016-05-16 20:32:21',1,41,'30','30',3,''),(3593,'2016-05-16 20:32:21',1,41,'29','29',3,''),(3594,'2016-05-16 20:32:21',1,41,'28','28',3,''),(3595,'2016-05-16 20:32:21',1,41,'27','27',3,''),(3596,'2016-05-16 20:52:48',1,165,'4','A3',3,''),(3597,'2016-05-16 20:52:48',1,165,'3','A2',3,''),(3598,'2016-05-16 20:52:48',1,165,'2','B1',3,''),(3599,'2016-05-16 20:52:48',1,165,'1','E1',3,''),(3600,'2016-05-16 20:47:27',1,16,'5','201600000',2,'已修改 status 。'),(3601,'2016-05-16 20:50:53',1,174,'27','材料代用结束',1,''),(3602,'2016-05-16 20:51:00',1,174,'21','原设计单位',2,'已修改 next_status 。'),(3603,'2016-05-16 13:43:54',1,171,'2','削平器刀片',1,''),(3604,'2016-05-16 13:44:08',1,103,'2','削平器刀片',1,''),(3605,'2016-05-16 21:32:09',1,165,'9','A2',2,'已修改 weld_certification_1 和 weld_certification_2 。'),(3606,'2016-05-16 21:23:06',1,206,'1','201600000',2,'已修改 status 。'),(3607,'2016-05-16 21:41:35',1,165,'9','A2',3,''),(3608,'2016-05-16 21:41:35',1,165,'8','A3',3,''),(3609,'2016-05-16 21:41:35',1,165,'7','B1',3,''),(3610,'2016-05-16 21:41:36',1,165,'6','E1',3,''),(3611,'2016-05-16 21:41:36',1,165,'5','E1',3,''),(3612,'2016-05-16 14:28:16',1,103,'2','削平器刀片',2,'已修改 actual_storelist 。'),(3613,'2016-05-16 14:30:52',1,19,'1468','-46X140-600         			                  			',2,'已修改 material 。'),(3614,'2016-05-17 08:57:19',1,165,'4','E1',3,''),(3615,'2016-05-17 08:57:19',1,165,'3','B1',3,''),(3616,'2016-05-17 08:57:19',1,165,'2','A3',3,''),(3617,'2016-05-17 08:57:19',1,165,'1','A2',3,''),(3618,'2016-05-17 09:22:11',1,165,'7','B1',3,''),(3619,'2016-05-17 09:22:11',1,165,'6','A3',3,''),(3620,'2016-05-17 09:22:11',1,165,'5','A2',3,''),(3621,'2016-05-17 02:08:10',1,8,'96','201600000',2,'已修改 bid_status 。'),(3622,'2016-05-17 03:00:22',1,247,'1','H312321',2,'已修改 status 。'),(3623,'2016-05-17 03:01:18',1,247,'1','H312321',2,'已修改 auditor，inspector 和 keeper 。'),(3624,'2016-05-17 13:44:13',1,118,'10','20160514174417',2,'已修改 entry_status 。'),(3625,'2016-05-17 07:33:13',1,145,'14','sites.txt',3,''),(3626,'2016-05-17 07:33:13',1,145,'13','sites.txt',3,''),(3627,'2016-05-17 07:33:14',1,145,'9','res1.tex',3,''),(3628,'2016-05-17 16:15:47',1,8,'97','201600097',2,'已修改 bid_status 。'),(3629,'2016-05-17 09:03:06',1,67,'2','F32322',2,'已修改 apply_count，actual_count，keeper 和 status 。'),(3630,'2016-05-17 09:03:35',1,67,'2','F32322',2,'已修改 apply_count 和 actual_count 。'),(3631,'2016-05-17 09:04:38',1,67,'2','F32322',2,'没有字段被修改。'),(3632,'2016-05-17 09:04:43',1,67,'2','F32322',2,'已修改 status 。'),(3633,'2016-05-17 09:04:47',1,67,'2','F32322',2,'已修改 status 。'),(3634,'2016-05-17 09:05:34',1,67,'2','F32322',2,'已修改 storelist 。'),(3635,'2016-05-17 10:43:38',1,131,'19','筒体DN1200 t=46 H=4708',2,'已修改 thin_1 和 thin_2 。'),(3636,'2016-05-17 11:12:02',1,131,'18','筒体DN1200 t=46 H=4708',2,'已修改 thin_1 和 thin_2 。'),(3637,'2016-05-17 11:12:15',1,131,'17','筒体DN1200 t=46 H=4708',2,'已修改 thin_1 和 thin_2 。'),(3638,'2016-05-17 11:12:23',1,131,'20','人孔',2,'已修改 thin_1 和 thin_2 。'),(3639,'2016-05-17 20:01:41',1,34,'28','9876545678',2,'已修改 status 。'),(3640,'2016-05-17 13:07:29',1,67,'2','F32322',2,'已修改 storelist 。'),(3641,'2016-05-17 14:18:43',1,67,'2','F32322',2,'已修改 status 和 storelist 。'),(3642,'2016-05-17 14:19:18',1,67,'2','F32322',2,'已修改 keeper 。'),(3643,'2016-05-17 14:21:43',1,131,'17','筒体DN1200 t=46 H=4708',2,'已修改 weld_method_1 。'),(3644,'2016-05-18 01:36:20',1,131,'17','筒体DN1200 t=46 H=4708',2,'已修改 weld_position 。'),(3645,'2016-05-18 01:39:03',1,131,'17','筒体DN1200 t=46 H=4708',2,'已修改 thin_1 。'),(3646,'2016-05-18 01:39:43',1,131,'17','筒体DN1200 t=46 H=4708',2,'已修改 weld_position 。'),(3647,'2016-05-18 01:41:51',1,131,'18','筒体DN1200 t=46 H=4708',2,'已修改 weld_position 。'),(3648,'2016-05-18 01:42:06',1,131,'19','筒体DN1200 t=46 H=4708',2,'已修改 weld_position 。'),(3649,'2016-05-18 01:42:20',1,131,'20','人孔',2,'已修改 weld_position 。'),(3650,'2016-05-18 01:47:05',1,165,'8','A2',2,'已修改 weld_position 。'),(3651,'2016-05-18 01:56:44',1,131,'17','筒体DN1200 t=46 H=4708',2,'已修改 weld_position 。'),(3652,'2016-05-18 01:57:25',1,131,'19','筒体DN1200 t=46 H=4708',2,'没有字段被修改。'),(3653,'2016-05-18 01:57:30',1,131,'18','筒体DN1200 t=46 H=4708',2,'没有字段被修改。'),(3654,'2016-05-18 01:57:36',1,131,'17','筒体DN1200 t=46 H=4708',2,'已修改 weld_position 。'),(3655,'2016-05-18 02:09:08',1,131,'19','筒体DN1200 t=46 H=4708',2,'已修改 weld_method_1 。'),(3656,'2016-05-18 02:09:16',1,131,'17','筒体DN1200 t=46 H=4708',2,'没有字段被修改。'),(3657,'2016-05-18 02:12:24',1,165,'8','A2',2,'已修改 weld_method_1 。'),(3658,'2016-05-18 02:16:50',1,165,'8','A2',2,'已修改 weld_method_1 。'),(3659,'2016-05-18 02:17:50',1,165,'8','A2',2,'已修改 weld_method_1 。'),(3660,'2016-05-18 02:18:09',1,165,'8','A2',2,'已修改 weld_method_2 。'),(3661,'2016-05-18 04:15:11',1,248,'1','f23321',2,'已修改 apply_count 和 actual_count 。'),(3662,'2016-05-18 05:21:05',1,247,'1','H312321',2,'已修改 auditor，inspector 和 status 。'),(3663,'2016-05-18 05:58:23',1,248,'1','f23321',2,'已修改 storelist 和 count 。'),(3664,'2016-05-18 06:07:41',1,248,'1','f23321',2,'已修改 count 。'),(3665,'2016-05-18 06:28:15',1,247,'1','H312321',2,'已修改 keeper 和 status 。'),(3666,'2016-05-18 06:36:41',1,233,'3','dfdsf',2,'没有字段被修改。'),(3667,'2016-05-18 06:37:06',1,233,'4','fdsfs11',1,''),(3668,'2016-05-18 06:37:40',1,230,'2','31231DASD',2,'已修改 keeper，status 和 submateriel 。'),(3669,'2016-05-18 07:02:47',1,233,'4','fdsfs11',2,'已修改 storelist 。'),(3670,'2016-05-18 14:36:04',1,32,'131','201500131',3,''),(3671,'2016-05-18 14:56:24',1,32,'132','201500131',2,'已修改 order_status 。'),(3672,'2016-05-18 07:30:30',1,221,'10','03015007B',1,''),(3673,'2016-05-18 07:41:56',1,230,'2','31231DASD',2,'已修改 keeper 和 status 。'),(3674,'2016-05-18 07:43:02',1,230,'2','31231DASD',2,'已修改 keeper 和 status 。'),(3675,'2016-05-18 07:51:45',1,247,'1','H312321',2,'已修改 keeper 和 status 。'),(3676,'2016-05-18 07:54:57',1,255,'1','RH20-015007B-1-1-预备',1,''),(3677,'2016-05-18 08:01:28',1,159,'987','筒体test',3,''),(3678,'2016-05-18 08:01:28',1,159,'986','焊剂',3,''),(3679,'2016-05-18 08:01:28',1,159,'985','焊条',3,''),(3680,'2016-05-18 08:01:28',1,159,'984','焊丝',3,''),(3681,'2016-05-18 08:01:28',1,159,'983','焊丝',3,''),(3682,'2016-05-18 08:01:28',1,159,'982','氩弧',3,''),(3683,'2016-05-18 08:01:28',1,159,'981','筒体',3,''),(3684,'2016-05-18 08:01:28',1,159,'980','焊条',3,''),(3685,'2016-05-18 08:01:28',1,159,'881','我只是想试试，试试就试试',3,''),(3686,'2016-05-18 08:01:28',1,159,'880','法兰WN100-900RJ Sch120',3,''),(3687,'2016-05-18 08:01:28',1,159,'879','椭圆垫 100-900',3,''),(3688,'2016-05-18 08:01:28',1,159,'878','螺母M30',3,''),(3689,'2016-05-18 08:01:28',1,159,'877','全螺纹螺柱M30X190',3,''),(3690,'2016-05-18 08:01:28',1,159,'875','椭圆垫 100-900',3,''),(3691,'2016-05-18 08:01:28',1,159,'874','螺母M30',3,''),(3692,'2016-05-18 08:01:28',1,159,'873','全螺纹螺柱M30X190',3,''),(3693,'2016-05-18 08:01:28',1,159,'872','螺母 M52X3',3,''),(3694,'2016-05-18 08:01:28',1,159,'871','双头螺柱M52X3X375',3,''),(3695,'2016-05-18 08:01:28',1,159,'870','椭圆垫 500-900',3,''),(3696,'2016-05-18 08:01:28',1,159,'869','椭圆垫 50-900',3,''),(3697,'2016-05-18 08:01:28',1,159,'868','螺母M24',3,''),(3698,'2016-05-18 08:01:28',1,159,'867','全螺纹螺柱M24X160',3,''),(3699,'2016-05-18 08:01:28',1,159,'866','椭圆垫 25-900',3,''),(3700,'2016-05-18 08:01:28',1,159,'865','螺母M24',3,''),(3701,'2016-05-18 08:01:28',1,159,'864','全螺纹螺柱M24X140',3,''),(3702,'2016-05-18 08:01:28',1,159,'862','垫板',3,''),(3703,'2016-05-18 08:01:29',1,159,'861','管轴',3,''),(3704,'2016-05-18 08:01:29',1,159,'860','挡板-20XD320',3,''),(3705,'2016-05-18 08:01:29',1,159,'858','支承板',3,''),(3706,'2016-05-18 08:01:29',1,159,'857','无缝钢管 %%C76X7.1 L=200',3,''),(3707,'2016-05-18 08:01:29',1,159,'856','环',3,''),(3708,'2016-05-18 08:01:29',1,159,'855','转臂',3,''),(3709,'2016-05-18 08:01:29',1,159,'854','垫圈 30',3,''),(3710,'2016-05-18 08:01:29',1,159,'853','螺母 M30',3,''),(3711,'2016-05-18 08:01:29',1,159,'852','吊钩',3,''),(3712,'2016-05-18 08:01:29',1,159,'851','吊环',3,''),(3713,'2016-05-18 08:01:29',1,159,'850','把手',3,''),(3714,'2016-05-18 08:01:29',1,159,'849','锻管DN500',3,''),(3715,'2016-05-18 08:01:29',1,159,'848','螺母 M52X3',3,''),(3716,'2016-05-18 08:01:29',1,159,'847','双头螺柱M52X3X375',3,''),(3717,'2016-05-18 08:01:29',1,159,'846','法兰 WN500-900 RJ Sch80',3,''),(3718,'2016-05-18 08:01:29',1,159,'845','椭圆垫 500-900',3,''),(3719,'2016-05-18 08:01:29',1,159,'844','法兰盖 BL 500-900 RJ',3,''),(3720,'2016-05-18 08:01:29',1,159,'842','铭牌本体',3,''),(3721,'2016-05-18 08:01:29',1,159,'841','抽芯铆钉3*12',3,''),(3722,'2016-05-18 08:01:29',1,159,'840','铭牌座',3,''),(3723,'2016-05-18 08:01:29',1,159,'836','模板',3,''),(3724,'2016-05-18 08:01:29',1,159,'835','基础环板 t=16',3,''),(3725,'2016-05-18 08:01:29',1,159,'834','筋板 t=16',3,''),(3726,'2016-05-18 08:01:29',1,159,'833','裙座筒体 DN1200 t=10 H=1770',3,''),(3727,'2016-05-18 08:01:29',1,159,'832','引出管 %%C219X6 L=150',3,''),(3728,'2016-05-18 08:01:29',1,159,'831','检查孔 DN450X10 L=250',3,''),(3729,'2016-05-18 08:01:29',1,159,'830','排气孔%%C89X6 L=50',3,''),(3730,'2016-05-18 08:01:29',1,159,'829','椭圆垫 50-900',3,''),(3731,'2016-05-18 08:01:30',1,159,'828','螺母M24',3,''),(3732,'2016-05-18 08:01:30',1,159,'827','全螺纹螺柱M24X160',3,''),(3733,'2016-05-18 08:01:30',1,159,'826','法兰盖 BL 50-900 RJ',3,''),(3734,'2016-05-18 08:01:30',1,159,'825','法兰 WN50-900 RJ Sch160',3,''),(3735,'2016-05-18 08:01:30',1,159,'824','挡片-6X71-100',3,''),(3736,'2016-05-18 08:01:30',1,159,'823','接管 %%C60.3X8.8-592',3,''),(3737,'2016-05-18 08:01:30',1,159,'822','弯头DN50-Sch120 90E（L）',3,''),(3738,'2016-05-18 08:01:30',1,159,'821','锻管 DN50',3,''),(3739,'2016-05-18 08:01:30',1,159,'820','锻管 DN100',3,''),(3740,'2016-05-18 08:01:30',1,159,'819','法兰 WN100-900 RJ Sch120',3,''),(3741,'2016-05-18 08:01:31',1,159,'818','锻管 DN25',3,''),(3742,'2016-05-18 08:01:31',1,159,'816','锻管 DN100',3,''),(3743,'2016-05-18 08:01:31',1,159,'815','法兰 WN100-900 RJ Sch120',3,''),(3744,'2016-05-18 08:01:31',1,159,'814','上封头',3,''),(3745,'2016-05-18 08:01:31',1,159,'813','椭圆垫 25-900',3,''),(3746,'2016-05-18 08:01:31',1,159,'812','螺母M24',3,''),(3747,'2016-05-18 08:01:31',1,159,'811','全螺纹螺柱M24X140',3,''),(3748,'2016-05-18 08:01:31',1,159,'810','锻管 DN25',3,''),(3749,'2016-05-18 08:01:31',1,159,'809','法兰盖 BL 25-900 RJ',3,''),(3750,'2016-05-18 08:01:31',1,159,'808','法兰 WN25-900 RJ Sch160',3,''),(3751,'2016-05-18 08:01:31',1,159,'807','筒体DN1200 t=46 H=4708',3,''),(3752,'2016-05-18 08:01:31',1,159,'805','下封头',3,''),(3753,'2016-05-18 08:01:31',1,159,'803','接地板',3,''),(3754,'2016-05-18 08:01:31',1,159,'252','封头',3,''),(3755,'2016-05-18 08:01:31',1,159,'250','封头',3,''),(3756,'2016-05-18 08:01:31',1,159,'247','345345',3,''),(3757,'2016-05-18 08:01:31',1,159,'246','封头1',3,''),(3758,'2016-05-18 08:01:31',1,159,'245','hebing',3,''),(3759,'2016-05-18 08:01:31',1,159,'243','筒体',3,''),(3760,'2016-05-18 08:01:31',1,159,'242','焊材3',3,''),(3761,'2016-05-18 08:01:31',1,159,'241','焊剂',3,''),(3762,'2016-05-18 08:01:31',1,159,'240','焊条',3,''),(3763,'2016-05-18 08:01:31',1,159,'239','筒体',3,''),(3764,'2016-05-18 08:01:31',1,159,'34','筒节DN1680 t=50 H=890',3,''),(3765,'2016-05-18 08:01:31',1,159,'33','下法兰',3,''),(3766,'2016-05-18 08:01:31',1,159,'32','排放管',3,''),(3767,'2016-05-18 08:01:32',1,159,'31','连接短节',3,''),(3768,'2016-05-18 08:01:32',1,159,'27','筒体',3,''),(3769,'2016-05-18 08:01:32',1,159,'26','外购件2',3,''),(3770,'2016-05-18 08:01:32',1,159,'25','外购件1',3,''),(3771,'2016-05-18 08:01:32',1,159,'24','铁片吧',3,''),(3772,'2016-05-18 08:01:32',1,159,'23','洗涤冷却器支座',3,''),(3773,'2016-05-18 08:01:32',1,159,'22','洗涤冷却器支座',3,''),(3774,'2016-05-18 08:01:32',1,159,'21','炉衬',3,''),(3775,'2016-05-18 08:01:32',1,159,'20','搅拌器冷却水进口',3,''),(3776,'2016-05-18 08:01:32',1,159,'19','三通管',3,''),(3777,'2016-05-18 08:01:32',1,159,'18','吊耳 SP-150',3,''),(3778,'2016-05-18 08:01:32',1,159,'17','气化炉上部',3,''),(3779,'2016-05-18 08:01:32',1,159,'16','筒节 DN4222 t=38 H=300',3,''),(3780,'2016-05-18 08:01:32',1,159,'15','压力容器铭牌',3,''),(3781,'2016-05-18 08:01:32',1,159,'14','气化炉下部',3,''),(3782,'2016-05-18 08:01:32',1,159,'13','气化炉',3,''),(3783,'2016-05-18 08:01:32',1,159,'5','焊材3',3,''),(3784,'2016-05-18 08:01:32',1,159,'3','焊剂',3,''),(3785,'2016-05-18 08:01:32',1,159,'2','螺柱',3,''),(3786,'2016-05-18 08:01:32',1,159,'1','焊条',3,''),(3787,'2016-05-18 08:02:27',1,159,'880','法兰WN100-900RJ Sch120',3,''),(3788,'2016-05-18 08:02:27',1,159,'879','椭圆垫 100-900',3,''),(3789,'2016-05-18 08:02:27',1,159,'878','螺母M30',3,''),(3790,'2016-05-18 08:02:27',1,159,'877','全螺纹螺柱M30X190',3,''),(3791,'2016-05-18 08:02:27',1,159,'875','椭圆垫 100-900',3,''),(3792,'2016-05-18 08:02:27',1,159,'874','螺母M30',3,''),(3793,'2016-05-18 08:02:27',1,159,'873','全螺纹螺柱M30X190',3,''),(3794,'2016-05-18 08:02:27',1,159,'872','螺母 M52X3',3,''),(3795,'2016-05-18 08:02:27',1,159,'871','双头螺柱M52X3X375',3,''),(3796,'2016-05-18 08:02:27',1,159,'870','椭圆垫 500-900',3,''),(3797,'2016-05-18 08:02:27',1,159,'869','椭圆垫 50-900',3,''),(3798,'2016-05-18 08:02:27',1,159,'868','螺母M24',3,''),(3799,'2016-05-18 08:02:28',1,159,'867','全螺纹螺柱M24X160',3,''),(3800,'2016-05-18 08:02:28',1,159,'866','椭圆垫 25-900',3,''),(3801,'2016-05-18 08:02:28',1,159,'865','螺母M24',3,''),(3802,'2016-05-18 08:02:28',1,159,'864','全螺纹螺柱M24X140',3,''),(3803,'2016-05-18 08:02:28',1,159,'862','垫板',3,''),(3804,'2016-05-18 08:02:28',1,159,'861','管轴',3,''),(3805,'2016-05-18 08:02:28',1,159,'860','挡板-20XD320',3,''),(3806,'2016-05-18 08:02:28',1,159,'858','支承板',3,''),(3807,'2016-05-18 08:02:28',1,159,'857','无缝钢管 %%C76X7.1 L=200',3,''),(3808,'2016-05-18 08:02:28',1,159,'856','环',3,''),(3809,'2016-05-18 08:02:28',1,159,'855','转臂',3,''),(3810,'2016-05-18 08:02:28',1,159,'854','垫圈 30',3,''),(3811,'2016-05-18 08:02:28',1,159,'853','螺母 M30',3,''),(3812,'2016-05-18 08:02:28',1,159,'852','吊钩',3,''),(3813,'2016-05-18 08:02:28',1,159,'851','吊环',3,''),(3814,'2016-05-18 08:02:28',1,159,'850','把手',3,''),(3815,'2016-05-18 08:02:28',1,159,'849','锻管DN500',3,''),(3816,'2016-05-18 08:02:28',1,159,'848','螺母 M52X3',3,''),(3817,'2016-05-18 08:02:28',1,159,'847','双头螺柱M52X3X375',3,''),(3818,'2016-05-18 08:02:28',1,159,'846','法兰 WN500-900 RJ Sch80',3,''),(3819,'2016-05-18 08:02:28',1,159,'845','椭圆垫 500-900',3,''),(3820,'2016-05-18 08:02:28',1,159,'844','法兰盖 BL 500-900 RJ',3,''),(3821,'2016-05-18 08:02:28',1,159,'842','铭牌本体',3,''),(3822,'2016-05-18 08:02:28',1,159,'841','抽芯铆钉3*12',3,''),(3823,'2016-05-18 08:02:28',1,159,'840','铭牌座',3,''),(3824,'2016-05-18 08:02:28',1,159,'836','模板',3,''),(3825,'2016-05-18 08:02:28',1,159,'835','基础环板 t=16',3,''),(3826,'2016-05-18 08:02:28',1,159,'834','筋板 t=16',3,''),(3827,'2016-05-18 08:02:28',1,159,'833','裙座筒体 DN1200 t=10 H=1770',3,''),(3828,'2016-05-18 08:02:28',1,159,'832','引出管 %%C219X6 L=150',3,''),(3829,'2016-05-18 08:02:29',1,159,'831','检查孔 DN450X10 L=250',3,''),(3830,'2016-05-18 08:02:29',1,159,'830','排气孔%%C89X6 L=50',3,''),(3831,'2016-05-18 08:02:29',1,159,'829','椭圆垫 50-900',3,''),(3832,'2016-05-18 08:02:29',1,159,'828','螺母M24',3,''),(3833,'2016-05-18 08:02:29',1,159,'827','全螺纹螺柱M24X160',3,''),(3834,'2016-05-18 08:02:29',1,159,'826','法兰盖 BL 50-900 RJ',3,''),(3835,'2016-05-18 08:02:29',1,159,'825','法兰 WN50-900 RJ Sch160',3,''),(3836,'2016-05-18 08:02:29',1,159,'824','挡片-6X71-100',3,''),(3837,'2016-05-18 08:02:29',1,159,'823','接管 %%C60.3X8.8-592',3,''),(3838,'2016-05-18 08:02:29',1,159,'822','弯头DN50-Sch120 90E（L）',3,''),(3839,'2016-05-18 08:02:29',1,159,'821','锻管 DN50',3,''),(3840,'2016-05-18 08:02:29',1,159,'820','锻管 DN100',3,''),(3841,'2016-05-18 08:02:29',1,159,'819','法兰 WN100-900 RJ Sch120',3,''),(3842,'2016-05-18 08:02:29',1,159,'818','锻管 DN25',3,''),(3843,'2016-05-18 08:02:29',1,159,'816','锻管 DN100',3,''),(3844,'2016-05-18 08:02:29',1,159,'815','法兰 WN100-900 RJ Sch120',3,''),(3845,'2016-05-18 08:02:29',1,159,'814','上封头',3,''),(3846,'2016-05-18 08:02:29',1,159,'813','椭圆垫 25-900',3,''),(3847,'2016-05-18 08:02:29',1,159,'812','螺母M24',3,''),(3848,'2016-05-18 08:02:29',1,159,'811','全螺纹螺柱M24X140',3,''),(3849,'2016-05-18 08:02:30',1,159,'810','锻管 DN25',3,''),(3850,'2016-05-18 08:02:30',1,159,'809','法兰盖 BL 25-900 RJ',3,''),(3851,'2016-05-18 08:02:30',1,159,'808','法兰 WN25-900 RJ Sch160',3,''),(3852,'2016-05-18 08:02:30',1,159,'807','筒体DN1200 t=46 H=4708',3,''),(3853,'2016-05-18 08:02:30',1,159,'805','下封头',3,''),(3854,'2016-05-18 08:02:30',1,159,'803','接地板',3,''),(3855,'2016-05-18 08:02:30',1,159,'252','封头',3,''),(3856,'2016-05-18 08:02:30',1,159,'250','封头',3,''),(3857,'2016-05-18 08:02:30',1,159,'247','345345',3,''),(3858,'2016-05-18 08:02:30',1,159,'246','封头1',3,''),(3859,'2016-05-18 08:02:30',1,159,'245','hebing',3,''),(3860,'2016-05-18 08:02:30',1,159,'243','筒体',3,''),(3861,'2016-05-18 08:02:30',1,159,'242','焊材3',3,''),(3862,'2016-05-18 08:02:30',1,159,'241','焊剂',3,''),(3863,'2016-05-18 08:02:30',1,159,'240','焊条',3,''),(3864,'2016-05-18 08:02:30',1,159,'239','筒体',3,''),(3865,'2016-05-18 08:02:30',1,159,'34','筒节DN1680 t=50 H=890',3,''),(3866,'2016-05-18 08:02:30',1,159,'33','下法兰',3,''),(3867,'2016-05-18 08:02:30',1,159,'32','排放管',3,''),(3868,'2016-05-18 08:02:30',1,159,'31','连接短节',3,''),(3869,'2016-05-18 08:02:30',1,159,'27','筒体',3,''),(3870,'2016-05-18 08:02:30',1,159,'26','外购件2',3,''),(3871,'2016-05-18 08:02:30',1,159,'25','外购件1',3,''),(3872,'2016-05-18 08:02:30',1,159,'24','铁片吧',3,''),(3873,'2016-05-18 08:02:30',1,159,'23','洗涤冷却器支座',3,''),(3874,'2016-05-18 08:02:30',1,159,'22','洗涤冷却器支座',3,''),(3875,'2016-05-18 08:02:31',1,159,'21','炉衬',3,''),(3876,'2016-05-18 08:02:31',1,159,'20','搅拌器冷却水进口',3,''),(3877,'2016-05-18 08:02:31',1,159,'19','三通管',3,''),(3878,'2016-05-18 08:02:31',1,159,'18','吊耳 SP-150',3,''),(3879,'2016-05-18 08:02:31',1,159,'17','气化炉上部',3,''),(3880,'2016-05-18 08:02:31',1,159,'16','筒节 DN4222 t=38 H=300',3,''),(3881,'2016-05-18 08:02:31',1,159,'15','压力容器铭牌',3,''),(3882,'2016-05-18 08:02:31',1,159,'14','气化炉下部',3,''),(3883,'2016-05-18 08:02:31',1,159,'13','气化炉',3,''),(3884,'2016-05-18 08:04:17',1,255,'2','RH20-015007B-1-2-助跑',1,''),(3885,'2016-05-18 08:04:25',1,255,'3','RH20-015007B-1-3-起飞',1,''),(3886,'2016-05-18 08:04:09',1,200,'10','03015007B',2,'已修改 reviewer 。'),(3887,'2016-05-18 08:04:17',1,198,'10','03015007B',2,'已修改 reviewer 。'),(3888,'2016-05-18 08:04:31',1,203,'2','03015007B',2,'已修改 reviewer 。'),(3889,'2016-05-18 08:04:42',1,196,'2','03015007B',2,'已修改 reviewer 。'),(3890,'2016-05-18 08:09:44',1,176,'37','03015007B-2',3,''),(3891,'2016-05-18 08:09:44',1,176,'36','03015007B-1',3,''),(3892,'2016-05-18 08:11:25',1,159,'855','转臂',3,''),(3893,'2016-05-18 08:11:25',1,159,'852','吊钩',3,''),(3894,'2016-05-18 08:11:25',1,159,'807','筒体DN1200 t=46 H=4708',3,''),(3895,'2016-05-18 08:23:53',1,196,'3','test',1,''),(3896,'2016-05-18 08:32:40',1,200,'11','test',1,''),(3897,'2016-05-18 08:34:04',1,103,'2','dad31313',2,'已修改 storelist 。'),(3898,'2016-05-18 08:34:12',1,103,'2','dad31313',2,'已修改 actual_count 。'),(3899,'2016-05-18 08:41:05',1,13,'27','test',3,''),(3900,'2016-05-18 08:41:20',1,13,'28','test',1,''),(3901,'2016-05-18 08:42:57',1,200,'12','test',1,''),(3902,'2016-05-18 08:49:57',1,103,'2','dad31313',2,'已修改 storelist，actual_count 和 keeper 。'),(3903,'2016-05-18 08:57:03',1,103,'2','dad31313',2,'已修改 storelist 。'),(3904,'2016-05-18 09:12:35',1,103,'2','dad31313',2,'已修改 storelist，actual_count，status 和 keeper 。'),(3905,'2016-05-18 09:14:26',1,103,'2','dad31313',2,'已修改 storelist，actual_count，status 和 keeper 。'),(3906,'2016-05-18 09:15:04',1,103,'2','dad31313',2,'已修改 storelist，actual_count，status 和 keeper 。'),(3907,'2016-05-18 10:16:28',1,247,'1','H312321',2,'已修改 keeper 和 status 。'),(3908,'2016-05-18 10:33:45',1,103,'1','sasdaf',2,'已修改 storelist 。'),(3909,'2016-05-18 10:35:27',1,105,'10','H1112',2,'已修改 keeper 和 entry_status 。'),(3910,'2016-05-18 10:44:35',1,106,'5','FDS1342423(H1112)',2,'已修改 material 。'),(3911,'2016-05-18 10:47:29',1,105,'10','H1112',2,'已修改 keeper 和 entry_status 。'),(3912,'2016-05-18 10:52:06',1,255,'4','RH20-015007B-2-1-啊',1,''),(3913,'2016-05-18 10:52:12',1,255,'5','RH20-015007B-2-2-2',1,''),(3914,'2016-05-18 10:52:21',1,255,'6','RH20-015007B-2-3-拉',1,''),(3915,'2016-05-18 10:52:33',1,255,'7','RH20-015007B-2-4-4',1,''),(3916,'2016-05-18 13:29:06',1,251,'1','gdgfdg',2,'已修改 weight 。'),(3917,'2016-05-18 13:53:38',1,118,'9','2321',2,'已修改 keeper 和 entry_status 。'),(3918,'2016-05-18 13:56:56',1,118,'9','2321',2,'已修改 keeper 和 entry_status 。'),(3919,'2016-05-18 13:57:23',1,118,'9','2321',2,'已修改 keeper 和 entry_status 。'),(3920,'2016-05-18 13:58:10',1,232,'20','dsadsa',1,''),(3921,'2016-05-18 13:58:14',1,232,'20','dsadsa',2,'已修改 count 。'),(3922,'2016-05-18 13:58:40',1,118,'11','fdsfds',1,''),(3923,'2016-05-18 13:59:05',1,232,'20','dsadsa',2,'已修改 entry 。'),(3924,'2016-05-18 14:10:56',1,169,'2','FFFFFFF',2,'已修改 keeper 。'),(3925,'2016-05-18 14:13:35',1,169,'2','FFFFFFF',2,'已修改 keeper 和 entry_status 。'),(3926,'2016-05-18 14:32:11',1,169,'2','FFFFFFF',2,'已修改 keeper 和 entry_status 。'),(3927,'2016-05-19 09:31:12',1,8,'97','201600097',2,'已修改 bid_status 。'),(3928,'2016-05-19 02:29:19',1,159,'864','全螺纹螺柱M24X140',2,'已修改 orgin_materiel 。'),(3929,'2016-05-19 02:30:31',1,159,'822','弯头DN50-Sch120 90E（L）',2,'已修改 orgin_materiel 。'),(3930,'2016-05-19 02:36:12',1,74,'1','F32322',2,'已修改 weldrefund_status 和 keeper 。'),(3931,'2016-05-19 06:23:52',1,256,'1','1',1,''),(3932,'2016-05-19 06:24:24',1,256,'2','2',1,''),(3933,'2016-05-19 06:24:32',1,256,'3','3',1,''),(3934,'2016-05-19 06:24:39',1,256,'4','4',1,''),(3935,'2016-05-19 06:24:46',1,256,'5','5',1,''),(3936,'2016-05-19 06:24:55',1,256,'6','6',1,''),(3937,'2016-05-19 07:13:17',1,256,'6','6',3,''),(3938,'2016-05-19 07:46:01',1,67,'3','DSD11',2,'已修改 work_order 和 apply_count 。'),(3939,'2016-05-19 07:46:28',1,67,'3','DSD11',2,'已修改 work_order 。'),(3940,'2016-05-19 07:47:09',1,67,'3','DSD11',2,'已修改 model_number 。'),(3941,'2016-05-19 07:47:56',1,74,'2','DSD11',1,''),(3942,'2016-05-19 07:48:01',1,74,'2','DSD11',2,'已修改 keeper 。'),(3943,'2016-05-19 07:48:13',1,74,'1','F32322',2,'已修改 keeper 。'),(3944,'2016-05-19 07:53:51',1,74,'1','F32322',2,'已修改 keeper 。'),(3945,'2016-05-19 10:21:37',1,165,'9','C1',3,''),(3946,'2016-05-19 10:21:57',1,165,'10','E1',2,'已修改 weld_method_2 。'),(3947,'2016-05-19 10:22:10',1,165,'8','A2',3,''),(3948,'2016-05-19 10:23:05',1,131,'21','中高压氮气储罐',2,'已修改 weld_method_2 。'),(3949,'2016-05-19 11:03:27',1,74,'2','DSD11',2,'已修改 status 。'),(3950,'2016-05-19 11:33:20',1,74,'2','DSD11',2,'已修改 status 。'),(3951,'2016-05-19 11:33:27',1,74,'1','F32322',2,'已修改 status 。'),(3952,'2016-05-19 11:39:11',1,74,'1','F32322',2,'已修改 status 。'),(3953,'2016-05-19 11:41:08',1,74,'1','F32322',2,'已修改 status 和 keeper 。'),(3954,'2016-05-19 11:41:32',1,74,'1','F32322',2,'已修改 status 和 keeper 。'),(3955,'2016-05-19 11:42:59',1,74,'2','DSD11',2,'已修改 status 和 keeper 。'),(3956,'2016-05-19 11:43:53',1,74,'2','DSD11',2,'已修改 status 。'),(3957,'2016-05-19 11:47:23',1,259,'1','RH20-015007B-3-',1,''),(3958,'2016-05-19 11:47:26',1,259,'2','RH20-015007B-3-',1,''),(3959,'2016-05-19 11:47:28',1,259,'3','RH20-015007B-3-',1,''),(3960,'2016-05-19 12:00:30',1,259,'3','RH20-015007B-3-1',2,'已修改 index 。'),(3961,'2016-05-19 12:00:35',1,259,'2','RH20-015007B-3-9',2,'已修改 index 。'),(3962,'2016-05-19 12:00:43',1,259,'3','RH20-015007B-3-10',2,'已修改 index 。'),(3963,'2016-05-19 12:00:47',1,259,'1','RH20-015007B-3-1',2,'已修改 index 。'),(3964,'2016-05-19 12:00:56',1,259,'1','RH20-015007B-3-1',2,'已修改 test_method 。'),(3965,'2016-05-19 12:39:19',1,256,'9','3',2,'已修改 weld_method 。'),(3966,'2016-05-19 12:39:34',1,256,'12','',3,''),(3967,'2016-05-19 12:39:34',1,256,'11','',3,''),(3968,'2016-05-19 12:39:34',1,256,'10','',3,''),(3969,'2016-05-19 12:39:34',1,256,'9','3',3,''),(3970,'2016-05-19 12:39:34',1,256,'8','2',3,''),(3971,'2016-05-19 12:39:34',1,256,'7','1',3,''),(3972,'2016-05-19 12:39:34',1,256,'6','',3,''),(3973,'2016-05-19 12:39:34',1,256,'5','',3,''),(3974,'2016-05-19 12:39:34',1,256,'4','',3,''),(3975,'2016-05-19 12:39:34',1,256,'3','',3,''),(3976,'2016-05-19 12:39:34',1,256,'2','',3,''),(3977,'2016-05-19 12:39:34',1,256,'1','定位焊',3,''),(3978,'2016-05-19 12:40:16',1,256,'13','',1,''),(3979,'2016-05-19 12:40:19',1,256,'14','',1,''),(3980,'2016-05-19 12:40:20',1,256,'15','',1,''),(3981,'2016-05-19 12:40:22',1,256,'16','',1,''),(3982,'2016-05-19 12:40:24',1,256,'17','',1,''),(3983,'2016-05-19 12:40:29',1,256,'18','',1,''),(3984,'2016-05-19 12:43:07',1,256,'1','',1,''),(3985,'2016-05-19 12:43:09',1,256,'2','',1,''),(3986,'2016-05-19 12:43:11',1,256,'3','',1,''),(3987,'2016-05-19 12:43:19',1,256,'4','',1,''),(3988,'2016-05-19 12:43:36',1,256,'5','',1,''),(3989,'2016-05-19 12:43:45',1,256,'6','',1,''),(3990,'2016-05-19 12:48:33',1,74,'2','DSD11',2,'已修改 status 和 keeper 。'),(3991,'2016-05-19 12:54:44',1,74,'2','DSD11',2,'已修改 status 。'),(3992,'2016-05-20 09:51:46',1,232,'16','fsdfds',3,''),(3993,'2016-05-20 02:25:26',1,249,'2','gdgfdg',2,'已修改 steel_type 。'),(3994,'2016-05-20 02:26:24',1,249,'2','gdgfdg',2,'没有字段被修改。'),(3995,'2016-05-20 02:28:27',1,250,'2','gdgfdg',1,''),(3996,'2016-05-20 02:39:57',1,250,'2','gdgfdg',2,'已修改 graph 。'),(3997,'2016-05-20 02:40:46',1,250,'2','gdgfdg',2,'已修改 graph 。'),(3998,'2016-05-20 02:40:55',1,250,'2','gdgfdg',2,'没有字段被修改。'),(3999,'2016-05-20 07:33:25',1,165,'13','A1,A4',2,'已修改 procedureQualification_index 。'),(4000,'2016-05-20 08:28:01',1,259,'4','RH20-015007B-2',2,'已修改 index 。'),(4001,'2016-05-20 08:45:06',1,259,'4','RH20-015007B-2',2,'已修改 test_method 。'),(4002,'2016-05-20 08:45:16',1,259,'4','RH20-015007B-2',2,'已修改 test_method 。'),(4003,'2016-05-20 08:45:32',1,259,'4','RH20-015007B-2',2,'已修改 test_method 。'),(4004,'2016-05-20 08:47:05',1,259,'4','RH20-015007B-2',2,'已修改 test_method 。'),(4005,'2016-05-20 08:48:33',1,259,'5','RH20-015007B-2',2,'已修改 index 和 test_method 。'),(4006,'2016-05-20 08:48:39',1,259,'6','RH20-015007B-2',2,'已修改 index 和 test_method 。'),(4007,'2016-05-20 11:05:29',1,247,'5','G201605200001',3,''),(4008,'2016-05-20 11:05:29',1,247,'4','G201605200001',3,''),(4009,'2016-05-20 11:05:29',1,247,'3','G201605200001',3,''),(4010,'2016-05-21 08:53:43',1,13,'28','test',3,''),(4011,'2016-05-21 08:53:43',1,13,'22','d200921051',3,''),(4012,'2016-05-21 08:53:43',1,13,'18','03015007B',3,''),(4013,'2016-05-21 08:53:43',1,13,'8','011012C',3,''),(4014,'2016-05-21 08:53:43',1,13,'7','011012A',3,''),(4015,'2016-05-21 08:53:43',1,13,'6','03015001B',3,''),(4016,'2016-05-21 08:53:43',1,13,'5','20150004',3,''),(4017,'2016-05-21 08:53:43',1,13,'4','20150003',3,''),(4018,'2016-05-21 08:53:43',1,13,'2','20150002',3,''),(4019,'2016-05-21 08:53:43',1,13,'1','20150001',3,''),(4020,'2016-05-21 08:55:05',1,19,'1549','抽芯铆钉3*12',3,''),(4021,'2016-05-21 08:55:05',1,19,'1548','抽芯铆钉3*12',3,''),(4022,'2016-05-21 08:55:05',1,19,'1547','法兰WN100-900RJ Sch120',3,''),(4023,'2016-05-21 08:55:05',1,19,'1546','椭圆垫 100-900',3,''),(4024,'2016-05-21 08:55:05',1,19,'1545','螺母M30',3,''),(4025,'2016-05-21 08:55:05',1,19,'1544','全螺纹螺柱M30X190',3,''),(4026,'2016-05-21 08:55:05',1,19,'1543','配对法兰及紧固件',3,''),(4027,'2016-05-21 08:55:05',1,19,'1542','椭圆垫 100-900',3,''),(4028,'2016-05-21 08:55:05',1,19,'1541','螺母M30',3,''),(4029,'2016-05-21 08:55:05',1,19,'1540','全螺纹螺柱M30X190',3,''),(4030,'2016-05-21 08:55:05',1,19,'1539','螺母 M52X3',3,''),(4031,'2016-05-21 08:55:05',1,19,'1538','双头螺柱M52X3X375',3,''),(4032,'2016-05-21 08:55:05',1,19,'1537','椭圆垫 500-900',3,''),(4033,'2016-05-21 08:55:05',1,19,'1536','椭圆垫 50-900',3,''),(4034,'2016-05-21 08:55:05',1,19,'1535','螺母M24',3,''),(4035,'2016-05-21 08:55:05',1,19,'1534','全螺纹螺柱M24X160',3,''),(4036,'2016-05-21 08:55:05',1,19,'1533','椭圆垫 25-900',3,''),(4037,'2016-05-21 08:55:05',1,19,'1532','螺母M24',3,''),(4038,'2016-05-21 08:55:05',1,19,'1531','全螺纹螺柱M24X140',3,''),(4039,'2016-05-21 08:55:05',1,19,'1530','备件',3,''),(4040,'2016-05-21 08:55:05',1,19,'1529','垫板',3,''),(4041,'2016-05-21 08:55:05',1,19,'1528','管轴',3,''),(4042,'2016-05-21 08:55:05',1,19,'1527','挡板-20XD320',3,''),(4043,'2016-05-21 08:55:05',1,19,'1526','吊耳 AXA-200-20',3,''),(4044,'2016-05-21 08:55:06',1,19,'1525','支承板',3,''),(4045,'2016-05-21 08:55:06',1,19,'1524','无缝钢管 %%C76X7.1 L=200',3,''),(4046,'2016-05-21 08:55:06',1,19,'1523','环',3,''),(4047,'2016-05-21 08:55:06',1,19,'1522','转臂',3,''),(4048,'2016-05-21 08:55:06',1,19,'1521','垫圈 30',3,''),(4049,'2016-05-21 08:55:06',1,19,'1520','螺母 M30',3,''),(4050,'2016-05-21 08:55:06',1,19,'1519','吊钩',3,''),(4051,'2016-05-21 08:55:06',1,19,'1518','吊环',3,''),(4052,'2016-05-21 08:55:06',1,19,'1517','把手',3,''),(4053,'2016-05-21 08:55:06',1,19,'1516','锻管DN500',3,''),(4054,'2016-05-21 08:55:06',1,19,'1515','螺母 M52X3',3,''),(4055,'2016-05-21 08:55:06',1,19,'1514','双头螺柱M52X3X375',3,''),(4056,'2016-05-21 08:55:06',1,19,'1513','法兰 WN500-900 RJ Sch80',3,''),(4057,'2016-05-21 08:55:06',1,19,'1512','椭圆垫 500-900',3,''),(4058,'2016-05-21 08:55:06',1,19,'1511','法兰盖 BL 500-900 RJ',3,''),(4059,'2016-05-21 08:55:06',1,19,'1510','人孔',3,''),(4060,'2016-05-21 08:55:06',1,19,'1509','铭牌本体',3,''),(4061,'2016-05-21 08:55:06',1,19,'1508','抽芯铆钉3*12',3,''),(4062,'2016-05-21 08:55:06',1,19,'1507','铭牌座',3,''),(4063,'2016-05-21 08:55:06',1,19,'1506','铭牌',3,''),(4064,'2016-05-21 08:55:06',1,19,'1505','配对法兰及紧固件',3,''),(4065,'2016-05-21 08:55:06',1,19,'1504','备件',3,''),(4066,'2016-05-21 08:55:06',1,19,'1503','模板',3,''),(4067,'2016-05-21 08:55:06',1,19,'1502','基础环板 t=16',3,''),(4068,'2016-05-21 08:55:06',1,19,'1501','筋板 t=16',3,''),(4069,'2016-05-21 08:55:06',1,19,'1500','裙座筒体 DN1200 t=10 H=1770',3,''),(4070,'2016-05-21 08:55:06',1,19,'1499','引出管 %%C219X6 L=150',3,''),(4071,'2016-05-21 08:55:06',1,19,'1498','检查孔 DN450X10 L=250',3,''),(4072,'2016-05-21 08:55:06',1,19,'1497','排气孔%%C89X6 L=50',3,''),(4073,'2016-05-21 08:55:07',1,19,'1496','椭圆垫 50-900',3,''),(4074,'2016-05-21 08:55:07',1,19,'1495','螺母M24',3,''),(4075,'2016-05-21 08:55:07',1,19,'1494','全螺纹螺柱M24X160',3,''),(4076,'2016-05-21 08:55:07',1,19,'1493','法兰盖 BL 50-900 RJ',3,''),(4077,'2016-05-21 08:55:07',1,19,'1492','法兰 WN50-900 RJ Sch160',3,''),(4078,'2016-05-21 08:55:07',1,19,'1491','挡片-6X71-100',3,''),(4079,'2016-05-21 08:55:07',1,19,'1490','接管 %%C60.3X8.8-592',3,''),(4080,'2016-05-21 08:55:07',1,19,'1489','弯头DN50-Sch120 90E（L）',3,''),(4081,'2016-05-21 08:55:07',1,19,'1488','锻管 DN50',3,''),(4082,'2016-05-21 08:55:07',1,19,'1487','锻管 DN100',3,''),(4083,'2016-05-21 08:55:07',1,19,'1486','法兰 WN100-900 RJ Sch120',3,''),(4084,'2016-05-21 08:55:07',1,19,'1485','锻管 DN25',3,''),(4085,'2016-05-21 08:55:07',1,19,'1484','吊耳 AXA-200-20',3,''),(4086,'2016-05-21 08:55:07',1,19,'1483','锻管 DN100',3,''),(4087,'2016-05-21 08:55:07',1,19,'1482','法兰 WN100-900 RJ Sch120',3,''),(4088,'2016-05-21 08:55:07',1,19,'1481','上封头',3,''),(4089,'2016-05-21 08:55:07',1,19,'1480','椭圆垫 25-900',3,''),(4090,'2016-05-21 08:55:07',1,19,'1479','螺母M24',3,''),(4091,'2016-05-21 08:55:07',1,19,'1478','全螺纹螺柱M24X140',3,''),(4092,'2016-05-21 08:55:07',1,19,'1477','锻管 DN25',3,''),(4093,'2016-05-21 08:55:07',1,19,'1476','法兰盖 BL 25-900 RJ',3,''),(4094,'2016-05-21 08:55:07',1,19,'1475','法兰 WN25-900 RJ Sch160',3,''),(4095,'2016-05-21 08:55:07',1,19,'1474','筒体DN1200 t=46 H=4708',3,''),(4096,'2016-05-21 08:55:07',1,19,'1473','人孔',3,''),(4097,'2016-05-21 08:55:07',1,19,'1472','下封头',3,''),(4098,'2016-05-21 08:55:07',1,19,'1471','铭牌',3,''),(4099,'2016-05-21 08:55:07',1,19,'1470','接地板',3,''),(4100,'2016-05-21 08:55:07',1,19,'1469','中高压氮气储罐',3,''),(4101,'2016-05-21 08:55:07',1,19,'1468','-46X140-600         			                  			',3,''),(4102,'2016-05-21 08:55:07',1,19,'1467','-34X300-500         			',3,''),(4103,'2016-05-21 08:55:08',1,19,'987','筒体test',3,''),(4104,'2016-05-21 08:55:08',1,19,'986','焊剂',3,''),(4105,'2016-05-21 08:55:08',1,19,'985','焊条',3,''),(4106,'2016-05-21 08:55:08',1,19,'984','焊丝',3,''),(4107,'2016-05-21 08:55:08',1,19,'983','焊丝',3,''),(4108,'2016-05-21 08:55:08',1,19,'982','氩弧',3,''),(4109,'2016-05-21 08:55:08',1,19,'981','筒体',3,''),(4110,'2016-05-21 08:55:08',1,19,'980','焊条',3,''),(4111,'2016-05-21 08:55:08',1,19,'881','我只是想试试，试试就试试',3,''),(4112,'2016-05-21 08:55:08',1,19,'880','法兰WN100-900RJ Sch120',3,''),(4113,'2016-05-21 08:55:08',1,19,'879','椭圆垫 100-900',3,''),(4114,'2016-05-21 08:55:08',1,19,'878','螺母M30',3,''),(4115,'2016-05-21 08:55:08',1,19,'877','全螺纹螺柱M30X190',3,''),(4116,'2016-05-21 08:55:08',1,19,'876','配对法兰及紧固件',3,''),(4117,'2016-05-21 08:55:08',1,19,'875','椭圆垫 100-900',3,''),(4118,'2016-05-21 08:55:08',1,19,'874','螺母M30',3,''),(4119,'2016-05-21 08:55:08',1,19,'873','全螺纹螺柱M30X190',3,''),(4120,'2016-05-21 08:55:22',1,19,'872','螺母 M52X3',3,''),(4121,'2016-05-21 08:55:22',1,19,'871','双头螺柱M52X3X375',3,''),(4122,'2016-05-21 08:55:22',1,19,'870','椭圆垫 500-900',3,''),(4123,'2016-05-21 08:55:22',1,19,'869','椭圆垫 50-900',3,''),(4124,'2016-05-21 08:55:22',1,19,'868','螺母M24',3,''),(4125,'2016-05-21 08:55:22',1,19,'867','全螺纹螺柱M24X160',3,''),(4126,'2016-05-21 08:55:22',1,19,'866','椭圆垫 25-900',3,''),(4127,'2016-05-21 08:55:22',1,19,'865','螺母M24',3,''),(4128,'2016-05-21 08:55:22',1,19,'864','全螺纹螺柱M24X140',3,''),(4129,'2016-05-21 08:55:22',1,19,'863','备件',3,''),(4130,'2016-05-21 08:55:23',1,19,'862','垫板',3,''),(4131,'2016-05-21 08:55:23',1,19,'861','管轴',3,''),(4132,'2016-05-21 08:55:23',1,19,'860','挡板-20XD320',3,''),(4133,'2016-05-21 08:55:23',1,19,'859','吊耳 AXA-200-20',3,''),(4134,'2016-05-21 08:55:23',1,19,'858','支承板',3,''),(4135,'2016-05-21 08:55:23',1,19,'857','无缝钢管 %%C76X7.1 L=200',3,''),(4136,'2016-05-21 08:55:23',1,19,'856','环',3,''),(4137,'2016-05-21 08:55:23',1,19,'854','垫圈 30',3,''),(4138,'2016-05-21 08:55:23',1,19,'853','螺母 M30',3,''),(4139,'2016-05-21 08:55:23',1,19,'851','吊环',3,''),(4140,'2016-05-21 08:55:23',1,19,'850','把手',3,''),(4141,'2016-05-21 08:55:23',1,19,'849','锻管DN500',3,''),(4142,'2016-05-21 08:55:23',1,19,'848','螺母 M52X3',3,''),(4143,'2016-05-21 08:55:23',1,19,'847','双头螺柱M52X3X375',3,''),(4144,'2016-05-21 08:55:23',1,19,'846','法兰 WN500-900 RJ Sch80',3,''),(4145,'2016-05-21 08:55:23',1,19,'845','椭圆垫 500-900',3,''),(4146,'2016-05-21 08:55:23',1,19,'844','法兰盖 BL 500-900 RJ',3,''),(4147,'2016-05-21 08:55:23',1,19,'843','人孔',3,''),(4148,'2016-05-21 08:55:23',1,19,'842','铭牌本体',3,''),(4149,'2016-05-21 08:55:23',1,19,'841','抽芯铆钉3*12',3,''),(4150,'2016-05-21 08:55:23',1,19,'840','铭牌座',3,''),(4151,'2016-05-21 08:55:23',1,19,'839','铭牌',3,''),(4152,'2016-05-21 08:55:23',1,19,'838','配对法兰及紧固件',3,''),(4153,'2016-05-21 08:55:23',1,19,'837','备件',3,''),(4154,'2016-05-21 08:55:23',1,19,'836','模板',3,''),(4155,'2016-05-21 08:55:23',1,19,'835','基础环板 t=16',3,''),(4156,'2016-05-21 08:55:23',1,19,'834','筋板 t=16',3,''),(4157,'2016-05-21 08:55:23',1,19,'833','裙座筒体 DN1200 t=10 H=1770',3,''),(4158,'2016-05-21 08:55:23',1,19,'832','引出管 %%C219X6 L=150',3,''),(4159,'2016-05-21 08:55:23',1,19,'831','检查孔 DN450X10 L=250',3,''),(4160,'2016-05-21 08:55:24',1,19,'830','排气孔%%C89X6 L=50',3,''),(4161,'2016-05-21 08:55:24',1,19,'829','椭圆垫 50-900',3,''),(4162,'2016-05-21 08:55:24',1,19,'828','螺母M24',3,''),(4163,'2016-05-21 08:55:24',1,19,'827','全螺纹螺柱M24X160',3,''),(4164,'2016-05-21 08:55:24',1,19,'826','法兰盖 BL 50-900 RJ',3,''),(4165,'2016-05-21 08:55:24',1,19,'825','法兰 WN50-900 RJ Sch160',3,''),(4166,'2016-05-21 08:55:24',1,19,'824','挡片-6X71-100',3,''),(4167,'2016-05-21 08:55:24',1,19,'823','接管 %%C60.3X8.8-592',3,''),(4168,'2016-05-21 08:55:24',1,19,'822','弯头DN50-Sch120 90E（L）',3,''),(4169,'2016-05-21 08:55:24',1,19,'821','锻管 DN50',3,''),(4170,'2016-05-21 08:55:24',1,19,'820','锻管 DN100',3,''),(4171,'2016-05-21 08:55:24',1,19,'819','法兰 WN100-900 RJ Sch120',3,''),(4172,'2016-05-21 08:55:24',1,19,'818','锻管 DN25',3,''),(4173,'2016-05-21 08:55:24',1,19,'817','吊耳 AXA-200-20',3,''),(4174,'2016-05-21 08:55:24',1,19,'816','锻管 DN100',3,''),(4175,'2016-05-21 08:55:24',1,19,'815','法兰 WN100-900 RJ Sch120',3,''),(4176,'2016-05-21 08:55:24',1,19,'814','上封头',3,''),(4177,'2016-05-21 08:55:24',1,19,'813','椭圆垫 25-900',3,''),(4178,'2016-05-21 08:55:24',1,19,'812','螺母M24',3,''),(4179,'2016-05-21 08:55:24',1,19,'811','全螺纹螺柱M24X140',3,''),(4180,'2016-05-21 08:55:24',1,19,'810','锻管 DN25',3,''),(4181,'2016-05-21 08:55:24',1,19,'809','法兰盖 BL 25-900 RJ',3,''),(4182,'2016-05-21 08:55:24',1,19,'808','法兰 WN25-900 RJ Sch160',3,''),(4183,'2016-05-21 08:55:24',1,19,'806','人孔',3,''),(4184,'2016-05-21 08:55:24',1,19,'805','下封头',3,''),(4185,'2016-05-21 08:55:24',1,19,'804','铭牌',3,''),(4186,'2016-05-21 08:55:24',1,19,'803','接地板',3,''),(4187,'2016-05-21 08:55:24',1,19,'802','中高压氮气储罐',3,''),(4188,'2016-05-21 08:55:24',1,19,'717','testtesttest',3,''),(4189,'2016-05-21 08:55:25',1,19,'252','封头',3,''),(4190,'2016-05-21 08:55:25',1,19,'250','封头',3,''),(4191,'2016-05-21 08:55:25',1,19,'247','345345',3,''),(4192,'2016-05-21 08:55:25',1,19,'246','封头1',3,''),(4193,'2016-05-21 08:55:25',1,19,'245','hebing',3,''),(4194,'2016-05-21 08:55:25',1,19,'243','筒体',3,''),(4195,'2016-05-21 08:55:25',1,19,'242','焊材3',3,''),(4196,'2016-05-21 08:55:25',1,19,'241','焊剂',3,''),(4197,'2016-05-21 08:55:25',1,19,'240','焊条',3,''),(4198,'2016-05-21 08:55:25',1,19,'239','筒体',3,''),(4199,'2016-05-21 08:55:25',1,19,'34','筒节DN1680 t=50 H=890',3,''),(4200,'2016-05-21 08:55:25',1,19,'33','下法兰',3,''),(4201,'2016-05-21 08:55:25',1,19,'32','排放管',3,''),(4202,'2016-05-21 08:55:25',1,19,'31','连接短节',3,''),(4203,'2016-05-21 08:55:25',1,19,'27','筒体',3,''),(4204,'2016-05-21 08:55:25',1,19,'26','外购件2',3,''),(4205,'2016-05-21 08:55:25',1,19,'25','外购件1',3,''),(4206,'2016-05-21 08:55:25',1,19,'24','铁片吧',3,''),(4207,'2016-05-21 08:55:25',1,19,'23','洗涤冷却器支座',3,''),(4208,'2016-05-21 08:55:25',1,19,'22','洗涤冷却器支座',3,''),(4209,'2016-05-21 08:55:25',1,19,'21','炉衬',3,''),(4210,'2016-05-21 08:55:25',1,19,'20','搅拌器冷却水进口',3,''),(4211,'2016-05-21 08:55:25',1,19,'19','三通管',3,''),(4212,'2016-05-21 08:55:25',1,19,'18','吊耳 SP-150',3,''),(4213,'2016-05-21 08:55:25',1,19,'17','气化炉上部',3,''),(4214,'2016-05-21 08:55:25',1,19,'16','筒节 DN4222 t=38 H=300',3,''),(4215,'2016-05-21 08:55:25',1,19,'15','压力容器铭牌',3,''),(4216,'2016-05-21 08:55:25',1,19,'14','气化炉下部',3,''),(4217,'2016-05-21 08:55:26',1,19,'13','气化炉',3,''),(4218,'2016-05-21 08:55:26',1,19,'5','焊材3',3,''),(4219,'2016-05-21 08:55:26',1,19,'3','焊剂',3,''),(4220,'2016-05-21 10:30:56',1,13,'28','test',3,''),(4221,'2016-05-21 10:30:56',1,13,'22','d200921051',3,''),(4222,'2016-05-21 10:30:56',1,13,'18','03015007B',3,''),(4223,'2016-05-21 10:30:56',1,13,'8','011012C',3,''),(4224,'2016-05-21 10:30:56',1,13,'7','011012A',3,''),(4225,'2016-05-21 10:30:56',1,13,'6','03015001B',3,''),(4226,'2016-05-21 10:30:56',1,13,'5','20150004',3,''),(4227,'2016-05-21 10:30:56',1,13,'4','20150003',3,''),(4228,'2016-05-21 10:30:56',1,13,'2','20150002',3,''),(4229,'2016-05-21 10:30:56',1,13,'1','20150001',3,''),(4230,'2016-05-21 10:31:33',1,13,'28','test',3,''),(4231,'2016-05-21 10:31:33',1,13,'22','d200921051',3,''),(4232,'2016-05-21 10:31:33',1,13,'18','03015007B',3,''),(4233,'2016-05-21 10:31:33',1,13,'8','011012C',3,''),(4234,'2016-05-21 10:31:33',1,13,'7','011012A',3,''),(4235,'2016-05-21 10:31:33',1,13,'6','03015001B',3,''),(4236,'2016-05-21 10:31:33',1,13,'5','20150004',3,''),(4237,'2016-05-21 10:31:33',1,13,'4','20150003',3,''),(4238,'2016-05-21 10:31:33',1,13,'2','20150002',3,''),(4239,'2016-05-21 10:31:33',1,13,'1','20150001',3,''),(4240,'2016-05-21 10:33:38',1,13,'28','test',3,''),(4241,'2016-05-21 10:33:38',1,13,'22','d200921051',3,''),(4242,'2016-05-21 10:33:38',1,13,'18','03015007B',3,''),(4243,'2016-05-21 10:33:38',1,13,'8','011012C',3,''),(4244,'2016-05-21 10:33:38',1,13,'7','011012A',3,''),(4245,'2016-05-21 10:33:38',1,13,'6','03015001B',3,''),(4246,'2016-05-21 10:33:38',1,13,'5','20150004',3,''),(4247,'2016-05-21 10:33:38',1,13,'4','20150003',3,''),(4248,'2016-05-21 10:33:38',1,13,'2','20150002',3,''),(4249,'2016-05-21 10:33:39',1,13,'1','20150001',3,''),(4250,'2016-05-21 10:52:48',1,13,'29','201160521Jun',3,''),(4251,'2016-05-21 11:31:43',1,13,'30','20160521Jun',2,'已修改 order_index 。'),(4252,'2016-05-21 11:31:53',1,176,'46','20160521Jun',2,'已修改 name 。'),(4253,'2016-05-21 11:35:39',1,13,'30','20160521Jun',3,''),(4254,'2016-05-21 11:38:18',1,207,'3','中高压氮气储罐',2,'已修改 name 。'),(4255,'2016-05-21 11:39:36',1,13,'31','03015007B',2,'已修改 project_name 和 product_name 。'),(4256,'2016-05-21 12:05:21',1,135,'18','03015007B',1,''),(4257,'2016-05-21 12:41:01',1,18,'48','JG-50',1,''),(4258,'2016-05-21 12:45:56',1,165,'14','A2,A3',2,'已修改 procedureQualification_index 。'),(4259,'2016-05-21 12:48:17',1,165,'16','BM1',2,'已修改 weld_certification1 和 weld_certification2 。');
/*!40000 ALTER TABLE `django_admin_log` ENABLE KEYS */;
UNLOCK TABLES;

--
-- Table structure for table `django_content_type`
--

DROP TABLE IF EXISTS `django_content_type`;
/*!40101 SET @saved_cs_client     = @@character_set_client */;
/*!40101 SET character_set_client = utf8 */;
CREATE TABLE `django_content_type` (
  `id` int(11) NOT NULL AUTO_INCREMENT,
  `name` varchar(100) NOT NULL,
  `app_label` varchar(100) NOT NULL,
  `model` varchar(100) NOT NULL,
  PRIMARY KEY (`id`),
  UNIQUE KEY `app_label` (`app_label`,`model`)
) ENGINE=InnoDB AUTO_INCREMENT=260 DEFAULT CHARSET=utf8;
/*!40101 SET character_set_client = @saved_cs_client */;

--
-- Dumping data for table `django_content_type`
--

LOCK TABLES `django_content_type` WRITE;
/*!40000 ALTER TABLE `django_content_type` DISABLE KEYS */;
INSERT INTO `django_content_type` VALUES (1,'permission','auth','permission'),(2,'group','auth','group'),(3,'user','auth','user'),(4,'content type','contenttypes','contenttype'),(5,'session','sessions','session'),(6,'site','sites','site'),(7,'log entry','admin','logentry'),(8,'标单','purchasing','bidform'),(9,'标单状态','const','bidformstatus'),(11,'migration history','south','migrationhistory'),(12,'到货检验','purchasing','arrivalinspection'),(13,'工作令','const','workorder'),(14,'供应商','purchasing','supplier'),(15,'文件上传','purchasing','supplierfile'),(16,'标单申请表','purchasing','bidapply'),(17,'标单申请表','purchasing','qualitypricecard'),(18,'材料','const','material'),(19,'物料','const','materiel'),(22,'明细表类别','const','inventorytype'),(25,'物料采购状态','purchasing','materielpurchasingstatus'),(29,'订购单状态','const','orderformstatus'),(31,'供应商选择','purchasing','supplierselect'),(32,'订购单','purchasing','orderform'),(34,'材料代用申请单','purchasing','materialsubapply'),(35,'材料代用申请条目','purchasing','materialsubapplyitems'),(36,'材料执行表','purchasing','materielexecute'),(38,'物料——采购——关联表','purchasing','materielformconnection'),(39,'过程跟踪记录','purchasing','processfollowinginfo'),(41,'标单评审意见','purchasing','bidcomment'),(42,'实施类别','const','implementclasschoices'),(47,'状态更改','purchasing','statuschange'),(48,'状态回溯原因','purchasing','statuschangereason'),(49,'test','exam','test'),(50,'超级管理员','exam','superadmin'),(51,'群组','exam','group'),(52,'页面权限','exam','authority'),(53,'头衔','exam','title'),(54,'超级管理员','users','superadmin'),(55,'群组','users','group'),(56,'页面权限','users','authority'),(57,'头衔','users','title'),(58,'材料执行表详细','purchasing','materielexecutedetail'),(61,'新闻类型','news','newscategory'),(62,'新闻','news','news'),(63,'文件','news','documentfile'),(64,'消息','news','message'),(65,'信箱','news','messagebox'),(66,'焊材领用卡','management','weldingmaterialapplycard'),(67,'焊材领用卡','storage','weldingmaterialapplycard'),(68,'库房','storage','storeroom'),(69,'用户信息','users','userinfo'),(72,'焊材库温湿度记录卡','storage','weldingmaterialhumiturerecord'),(73,'合同金额明细','purchasing','contractdetail'),(74,'焊接材料退库卡','storage','weldrefund'),(84,'焊材烘焙记录卡','storage','weldingmaterialbakerecord'),(103,'辅助材料领用卡','storage','auxiliarytoolapplycard'),(104,'焊材库存清单','storage','weldstorelist'),(105,'入库单','storage','weldmaterialentry'),(106,'入库材料','storage','weldmaterialentryitems'),(108,'焊材库存安全量','storage','weldstorethread'),(118,'外购件入库单','storage','outsidestandardentry'),(127,'工艺性审查表','techdata','processreview'),(128,'工序','techdata','processing'),(129,'流转名称','techdata','circulationname'),(130,'流转路线','techdata','circulationroute'),(131,'焊缝','techdata','weldseam'),(132,'焊缝类型','techdata','weldseamtype'),(133,'焊接方法','techdata','weldmethod'),(134,'无损探伤','techdata','nondestructiveinspection'),(135,'焊缝明细签章','techdata','weldlistpagemark'),(136,'流转卡','techdata','transfercard'),(137,'流转卡签章','techdata','transfercardmark'),(141,'工艺库签章','techdata','processbompagemark'),(145,'编程套料图','techdata','program'),(148,'装箱外构件明细签章','techdata','boxoutboughtmark'),(149,'热处理工艺卡','techdata','heattreatmenttechcard'),(150,'热处理件','techdata','heattreatmentmateriel'),(151,'热处理测温点布置','techdata','heattreatmentarrangement'),(152,'设计库签章','techdata','designbommark'),(155,'技术准备计划','techdata','techplan'),(156,'焊材明细签章','techdata','weldquotapagemark'),(157,'管口方位图','techdata','connectorientation'),(159,'materiel copy','purchasing','materielcopy'),(160,'焊工持证项目','techdata','weldcertification'),(161,'焊接工艺评定编号','techdata','procedurequalificationindex'),(163,'工序名称','techdata','processingname'),(165,'焊接接头','techdata','weldjointtechdetail'),(166,'生产工作组','production','productionworkgroup'),(168,'焊接位置','techdata','weldpositiontype'),(169,'辅助材料入库单','storage','auxiliarytoolentry'),(170,'辅助材料入库材料','storage','auxiliarytoolentryitems'),(171,'辅助库存材料','storage','auxiliarytoolstorelist'),(173,'焊材定额','techdata','weldquota'),(174,'招标申请状态','purchasing','commentstatus'),(175,'外购件','techdata','outpurchaseditem'),(176,'子工作令','const','subworkorder'),(195,'生产人员账户','production','productionuser'),(196,'工序性外些明细签章','techdata','cooperantmark'),(197,'工序性外协件','techdata','cooperantitem'),(198,'先投件明细签章','techdata','firstfeedingmark'),(199,'先投件','techdata','firstfeedingitem'),(200,'外购件明细签章','techdata','outpurchasedmark'),(202,'钢材入库单','storage','steelmaterialentry'),(203,'主材定额签章','techdata','principalmark'),(204,'主材','techdata','principalitem'),(206,'供应商审核','purchasing','suppliercheck'),(207,'产品','sell','product'),(208,'招标文件','sell','bidfile'),(217,'中标通知书','purchasing','bidacceptance'),(218,'辅材','techdata','auxiliaryitem'),(221,'辅材定额明细签章','techdata','auxiliarymark'),(224,'sub materiel','production','submateriel'),(225,'工序详细信息','production','processdetail'),(226,'综合工部','production','synthesizefileliststatus'),(228,'生产计划','production','productionplan'),(229,'外购件库存材料','storage','outsidestoragelist'),(230,'外购件领用单','storage','outsideapplycard'),(232,'外购件入库材料','storage','outsidestandarditems'),(233,'外购件领用单材料','storage','outsideapplycarditems'),(238,'报价单','purchasing','quotingprice'),(242,'外购件退库单','storage','outsiderefundcard'),(243,'外购件退库单材料','storage','outsiderefundcarditems'),(244,'流转卡工序','techdata','transfercardprocess'),(245,'钢材入库材料','storage','steelmaterialentryitems'),(246,'钢材库存材料','storage','steelmaterialstorelist'),(247,'钢材领用单','storage','steelmaterialapplycard'),(248,'钢材领用单材料','storage','steelmaterialapplycarditems'),(249,'钢材退库单','storage','steelmaterialrefundcard'),(250,'板材退库材料','storage','boardsteelmaterialrefunditems'),(251,'型材退库单材料','storage','barsteelmaterialrefunditems'),(252,'焊接工艺规程','techdata','weldingprocessspecification'),(253,'焊接作业指导书','techdata','weldingworkinstruction'),(254,'材料代用评审意见','purchasing','subapplycomment'),(255,'焊接作业指导书工序','techdata','weldingworkinstructionprocess'),(256,'焊接层道卡','techdata','weldingstep'),(258,'单据终止记录','storage','cardstatusstoprecord'),(259,'焊接作业检验','techdata','weldingworkinstructiontest');
/*!40000 ALTER TABLE `django_content_type` ENABLE KEYS */;
UNLOCK TABLES;

--
-- Table structure for table `django_session`
--

DROP TABLE IF EXISTS `django_session`;
/*!40101 SET @saved_cs_client     = @@character_set_client */;
/*!40101 SET character_set_client = utf8 */;
CREATE TABLE `django_session` (
  `session_key` varchar(40) NOT NULL,
  `session_data` longtext NOT NULL,
  `expire_date` datetime NOT NULL,
  PRIMARY KEY (`session_key`),
  KEY `django_session_c25c2c28` (`expire_date`)
) ENGINE=InnoDB DEFAULT CHARSET=utf8;
/*!40101 SET character_set_client = @saved_cs_client */;

--
-- Dumping data for table `django_session`
--

LOCK TABLES `django_session` WRITE;
/*!40000 ALTER TABLE `django_session` DISABLE KEYS */;
INSERT INTO `django_session` VALUES ('008e5ab6e8850a9429ed7ae2d51362d2','MjE4OTJkN2QyMmU0ODEyZDEyMWZiODM2YWVjNjRiZWU0OGQ0NGMyMjqAAn1xAShVEl9hdXRoX3Vz\nZXJfYmFja2VuZFUpZGphbmdvLmNvbnRyaWIuYXV0aC5iYWNrZW5kcy5Nb2RlbEJhY2tlbmRxAlUN\nX2F1dGhfdXNlcl9pZIoBAnUu\n','2015-11-26 05:52:14'),('0181b34859577765306d0b16ba78eb34','NDkyNDBhMGZiYjU3N2VkNGM1YmY0ODEyZGMwMDNiOWU2ZDQxMWMzNDqAAn1xAShVEl9hdXRoX3Vz\nZXJfYmFja2VuZHECVSlkamFuZ28uY29udHJpYi5hdXRoLmJhY2tlbmRzLk1vZGVsQmFja2VuZHED\nVQ1fYXV0aF91c2VyX2lkcQSKAQJ1Lg==\n','2015-10-12 02:55:26'),('01a3b4447e7f1aed1308fe75030d7848','NDE2OWJlMzc5MWE4NjRmNGUzZmIwNDJjNDY0MTQ1ZTUwYTNjOTkyMzqAAn1xAVUKdGVzdGNvb2tp\nZXECVQZ3b3JrZWRxA3Mu\n','2015-12-16 03:26:43'),('0230f74eec8784e2ac0bf4a8e6c9c03b','ZDc0NGE3M2Y0NmUyNTA5YWJjMjM1MWVhZjQ2YjJiMjM1ZDY4NzNmNTqAAn1xAShVDmlzX3N1cGVy\nX2FkbWlucQKIVQ1fYXV0aF91c2VyX2lkigEBVRJfYXV0aF91c2VyX2JhY2tlbmRVKWRqYW5nby5j\nb250cmliLmF1dGguYmFja2VuZHMuTW9kZWxCYWNrZW5kdS4=\n','2016-05-28 08:31:15'),('045da80564a0eb5fa8d6be4026f46dc6','ZDViYWEyZWYwZjU3NGY5ZjM3MDg4YzhmNWRlNTA2OWM4MjhiNWU5MDqAAn1xAShVEl9hdXRoX3Vz\nZXJfYmFja2VuZHECVSlkamFuZ28uY29udHJpYi5hdXRoLmJhY2tlbmRzLk1vZGVsQmFja2VuZHED\nVQ1fYXV0aF91c2VyX2lkcQSKAQF1Lg==\n','2015-11-17 07:38:15'),('04e72bf16ed1384bffe1919d05826557','ZDViYWEyZWYwZjU3NGY5ZjM3MDg4YzhmNWRlNTA2OWM4MjhiNWU5MDqAAn1xAShVEl9hdXRoX3Vz\nZXJfYmFja2VuZHECVSlkamFuZ28uY29udHJpYi5hdXRoLmJhY2tlbmRzLk1vZGVsQmFja2VuZHED\nVQ1fYXV0aF91c2VyX2lkcQSKAQF1Lg==\n','2016-03-22 14:07:19'),('0710665f229e6a007896cfabd538830e','ZDViYWEyZWYwZjU3NGY5ZjM3MDg4YzhmNWRlNTA2OWM4MjhiNWU5MDqAAn1xAShVEl9hdXRoX3Vz\nZXJfYmFja2VuZHECVSlkamFuZ28uY29udHJpYi5hdXRoLmJhY2tlbmRzLk1vZGVsQmFja2VuZHED\nVQ1fYXV0aF91c2VyX2lkcQSKAQF1Lg==\n','2016-01-05 10:04:02'),('0898dfdf8e80dcfd8e0bd5a6fe4d5e6d','Zjc5NjRkMzg5NDU1ZGQ4NzAyYTA2ZGUzODMzNzA4NDdhZTQxNWFiYjqAAn1xAS4=\n','2016-02-03 08:05:19'),('08bafeb4c8f92f859b496609a9a6d61e','ZDc0NGE3M2Y0NmUyNTA5YWJjMjM1MWVhZjQ2YjJiMjM1ZDY4NzNmNTqAAn1xAShVDmlzX3N1cGVy\nX2FkbWlucQKIVQ1fYXV0aF91c2VyX2lkigEBVRJfYXV0aF91c2VyX2JhY2tlbmRVKWRqYW5nby5j\nb250cmliLmF1dGguYmFja2VuZHMuTW9kZWxCYWNrZW5kdS4=\n','2016-05-20 02:46:16'),('0a7b1258575f85172e55c973bbeaf24e','Nzc4ZDBkZjI2YmY5OGI4Nzc3ZjA1NjI3MDM2MjFlZjk5YjM5ODBlOTqAAn1xAShVDV9hdXRoX3Vz\nZXJfaWSKAQJVEl9hdXRoX3VzZXJfYmFja2VuZFUpZGphbmdvLmNvbnRyaWIuYXV0aC5iYWNrZW5k\ncy5Nb2RlbEJhY2tlbmRxAnUu\n','2015-11-16 14:51:06'),('0a7ce522a28ee7cce2bb8229e3f1f478','OWQ3MzVhMzUzMjRiYTlkM2Y0YTgyYWUzNjM4ZjE5ZDE5NGM0NjI3MjqAAn1xAShVEl9hdXRoX3Vz\nZXJfYmFja2VuZFUpZGphbmdvLmNvbnRyaWIuYXV0aC5iYWNrZW5kcy5Nb2RlbEJhY2tlbmRVDV9h\ndXRoX3VzZXJfaWSKAQJVDmlzX3N1cGVyX2FkbWlucQKJdS4=\n','2015-12-02 14:02:16'),('0b2903f49e08fae0922a5aff2e45ef4b','NjI5NGY3MjAyZmEzNWZjNTYxZmI5NjJkOGE5ZDk5MDdkY2VmY2VjNDqAAn1xAShVDmlzX3N1cGVy\nX2FkbWlucQKJVQ1fYXV0aF91c2VyX2lkigECVRJfYXV0aF91c2VyX2JhY2tlbmRVKWRqYW5nby5j\nb250cmliLmF1dGguYmFja2VuZHMuTW9kZWxCYWNrZW5kdS4=\n','2015-12-01 09:24:04'),('0bbd939ce794d2250cec3d54935bf9d7','NjI5NGY3MjAyZmEzNWZjNTYxZmI5NjJkOGE5ZDk5MDdkY2VmY2VjNDqAAn1xAShVDmlzX3N1cGVy\nX2FkbWlucQKJVQ1fYXV0aF91c2VyX2lkigECVRJfYXV0aF91c2VyX2JhY2tlbmRVKWRqYW5nby5j\nb250cmliLmF1dGguYmFja2VuZHMuTW9kZWxCYWNrZW5kdS4=\n','2016-05-23 06:12:40'),('0c1ab1d8fdb1588547c6a0d2fcb729a5','NDE2OWJlMzc5MWE4NjRmNGUzZmIwNDJjNDY0MTQ1ZTUwYTNjOTkyMzqAAn1xAVUKdGVzdGNvb2tp\nZXECVQZ3b3JrZWRxA3Mu\n','2016-04-08 02:07:51'),('0d2cd6aacf706c7951803200e26312c1','NjI5NGY3MjAyZmEzNWZjNTYxZmI5NjJkOGE5ZDk5MDdkY2VmY2VjNDqAAn1xAShVDmlzX3N1cGVy\nX2FkbWlucQKJVQ1fYXV0aF91c2VyX2lkigECVRJfYXV0aF91c2VyX2JhY2tlbmRVKWRqYW5nby5j\nb250cmliLmF1dGguYmFja2VuZHMuTW9kZWxCYWNrZW5kdS4=\n','2015-12-17 14:53:49'),('10660bbb94201a82cb8b7ee80d294c8d','MjE4OTJkN2QyMmU0ODEyZDEyMWZiODM2YWVjNjRiZWU0OGQ0NGMyMjqAAn1xAShVEl9hdXRoX3Vz\nZXJfYmFja2VuZFUpZGphbmdvLmNvbnRyaWIuYXV0aC5iYWNrZW5kcy5Nb2RlbEJhY2tlbmRxAlUN\nX2F1dGhfdXNlcl9pZIoBAnUu\n','2015-11-18 13:43:54'),('109aae837dee2b833acbfbf2c116cc55','NDE2OWJlMzc5MWE4NjRmNGUzZmIwNDJjNDY0MTQ1ZTUwYTNjOTkyMzqAAn1xAVUKdGVzdGNvb2tp\nZXECVQZ3b3JrZWRxA3Mu\n','2016-05-25 08:28:29'),('121aa3aa0d14d70004df3d8270d4d573','ZDViYWEyZWYwZjU3NGY5ZjM3MDg4YzhmNWRlNTA2OWM4MjhiNWU5MDqAAn1xAShVEl9hdXRoX3Vz\nZXJfYmFja2VuZHECVSlkamFuZ28uY29udHJpYi5hdXRoLmJhY2tlbmRzLk1vZGVsQmFja2VuZHED\nVQ1fYXV0aF91c2VyX2lkcQSKAQF1Lg==\n','2016-05-30 02:50:00'),('12358b34fb0d3fd4c8279f54c7c5e82d','ZDViYWEyZWYwZjU3NGY5ZjM3MDg4YzhmNWRlNTA2OWM4MjhiNWU5MDqAAn1xAShVEl9hdXRoX3Vz\nZXJfYmFja2VuZHECVSlkamFuZ28uY29udHJpYi5hdXRoLmJhY2tlbmRzLk1vZGVsQmFja2VuZHED\nVQ1fYXV0aF91c2VyX2lkcQSKAQF1Lg==\n','2015-10-06 14:57:49'),('1240b6341d83857812d6d61d1ac5ccd1','MzhiNDUzMTVlN2NiYjYyNjFiMDEwYzlmNjQ5ZWNjYTZlMDNiOTFlZDqAAn1xAShVEl9hdXRoX3Vz\nZXJfYmFja2VuZFUpZGphbmdvLmNvbnRyaWIuYXV0aC5iYWNrZW5kcy5Nb2RlbEJhY2tlbmRVDV9h\ndXRoX3VzZXJfaWSKAQFVDmlzX3N1cGVyX2FkbWlucQKIdS4=\n','2016-05-24 13:57:35'),('1317d6c2998dc15b690d43f9bf27a4a9','ZDViYWEyZWYwZjU3NGY5ZjM3MDg4YzhmNWRlNTA2OWM4MjhiNWU5MDqAAn1xAShVEl9hdXRoX3Vz\nZXJfYmFja2VuZHECVSlkamFuZ28uY29udHJpYi5hdXRoLmJhY2tlbmRzLk1vZGVsQmFja2VuZHED\nVQ1fYXV0aF91c2VyX2lkcQSKAQF1Lg==\n','2016-01-09 02:27:51'),('14434f5aba49805981b4546a52d8f38b','ZDc0NGE3M2Y0NmUyNTA5YWJjMjM1MWVhZjQ2YjJiMjM1ZDY4NzNmNTqAAn1xAShVDmlzX3N1cGVy\nX2FkbWlucQKIVQ1fYXV0aF91c2VyX2lkigEBVRJfYXV0aF91c2VyX2JhY2tlbmRVKWRqYW5nby5j\nb250cmliLmF1dGguYmFja2VuZHMuTW9kZWxCYWNrZW5kdS4=\n','2016-05-25 15:32:07'),('1500237077522b04f2c6e494558a04ce','ZDc0NGE3M2Y0NmUyNTA5YWJjMjM1MWVhZjQ2YjJiMjM1ZDY4NzNmNTqAAn1xAShVDmlzX3N1cGVy\nX2FkbWlucQKIVQ1fYXV0aF91c2VyX2lkigEBVRJfYXV0aF91c2VyX2JhY2tlbmRVKWRqYW5nby5j\nb250cmliLmF1dGguYmFja2VuZHMuTW9kZWxCYWNrZW5kdS4=\n','2016-01-11 14:21:37'),('151aa9722d6497b954b62d96f1d1dd6b','NjI5NGY3MjAyZmEzNWZjNTYxZmI5NjJkOGE5ZDk5MDdkY2VmY2VjNDqAAn1xAShVDmlzX3N1cGVy\nX2FkbWlucQKJVQ1fYXV0aF91c2VyX2lkigECVRJfYXV0aF91c2VyX2JhY2tlbmRVKWRqYW5nby5j\nb250cmliLmF1dGguYmFja2VuZHMuTW9kZWxCYWNrZW5kdS4=\n','2016-05-27 15:02:00'),('15b274970bb76222140024ec8235fca7','NjI5NGY3MjAyZmEzNWZjNTYxZmI5NjJkOGE5ZDk5MDdkY2VmY2VjNDqAAn1xAShVDmlzX3N1cGVy\nX2FkbWlucQKJVQ1fYXV0aF91c2VyX2lkigECVRJfYXV0aF91c2VyX2JhY2tlbmRVKWRqYW5nby5j\nb250cmliLmF1dGguYmFja2VuZHMuTW9kZWxCYWNrZW5kdS4=\n','2016-05-30 01:10:07'),('176d4f0cd55da14063b9591018dc7e0d','NjI5NGY3MjAyZmEzNWZjNTYxZmI5NjJkOGE5ZDk5MDdkY2VmY2VjNDqAAn1xAShVDmlzX3N1cGVy\nX2FkbWlucQKJVQ1fYXV0aF91c2VyX2lkigECVRJfYXV0aF91c2VyX2JhY2tlbmRVKWRqYW5nby5j\nb250cmliLmF1dGguYmFja2VuZHMuTW9kZWxCYWNrZW5kdS4=\n','2016-06-04 07:04:31'),('17cef9e7cdd7fdca8a5d2caf1409cc88','ZDViYWEyZWYwZjU3NGY5ZjM3MDg4YzhmNWRlNTA2OWM4MjhiNWU5MDqAAn1xAShVEl9hdXRoX3Vz\nZXJfYmFja2VuZHECVSlkamFuZ28uY29udHJpYi5hdXRoLmJhY2tlbmRzLk1vZGVsQmFja2VuZHED\nVQ1fYXV0aF91c2VyX2lkcQSKAQF1Lg==\n','2015-11-26 05:49:22'),('185134da830e61b15f170e751dc85bd2','NjI5NGY3MjAyZmEzNWZjNTYxZmI5NjJkOGE5ZDk5MDdkY2VmY2VjNDqAAn1xAShVDmlzX3N1cGVy\nX2FkbWlucQKJVQ1fYXV0aF91c2VyX2lkigECVRJfYXV0aF91c2VyX2JhY2tlbmRVKWRqYW5nby5j\nb250cmliLmF1dGguYmFja2VuZHMuTW9kZWxCYWNrZW5kdS4=\n','2016-05-01 09:37:46'),('18a8499cdd78fd3e7434ae281ac8f2e6','OWQ3MzVhMzUzMjRiYTlkM2Y0YTgyYWUzNjM4ZjE5ZDE5NGM0NjI3MjqAAn1xAShVEl9hdXRoX3Vz\nZXJfYmFja2VuZFUpZGphbmdvLmNvbnRyaWIuYXV0aC5iYWNrZW5kcy5Nb2RlbEJhY2tlbmRVDV9h\ndXRoX3VzZXJfaWSKAQJVDmlzX3N1cGVyX2FkbWlucQKJdS4=\n','2016-02-05 05:08:17'),('1997916d21976f4ea41cacafcd7f33bb','NjI5NGY3MjAyZmEzNWZjNTYxZmI5NjJkOGE5ZDk5MDdkY2VmY2VjNDqAAn1xAShVDmlzX3N1cGVy\nX2FkbWlucQKJVQ1fYXV0aF91c2VyX2lkigECVRJfYXV0aF91c2VyX2JhY2tlbmRVKWRqYW5nby5j\nb250cmliLmF1dGguYmFja2VuZHMuTW9kZWxCYWNrZW5kdS4=\n','2016-01-08 15:20:01'),('1b62e46383e618b5e429cef304fcb5b2','ZDc0NGE3M2Y0NmUyNTA5YWJjMjM1MWVhZjQ2YjJiMjM1ZDY4NzNmNTqAAn1xAShVDmlzX3N1cGVy\nX2FkbWlucQKIVQ1fYXV0aF91c2VyX2lkigEBVRJfYXV0aF91c2VyX2JhY2tlbmRVKWRqYW5nby5j\nb250cmliLmF1dGguYmFja2VuZHMuTW9kZWxCYWNrZW5kdS4=\n','2016-02-03 10:44:34'),('1df602b542a66a344bda25fd7b2a1587','MjljZTBjOGIwOGQyZmU0MTYwZTIwMjY5ZGUyOTU1YjE2MzcyY2MzNzqAAn1xAShVEl9hdXRoX3Vz\nZXJfYmFja2VuZFUpZGphbmdvLmNvbnRyaWIuYXV0aC5iYWNrZW5kcy5Nb2RlbEJhY2tlbmRVCnRl\nc3Rjb29raWVxAlUGd29ya2VkcQNVDV9hdXRoX3VzZXJfaWSKAQFVDmlzX3N1cGVyX2FkbWluiHUu\n','2016-02-01 11:02:02'),('1e6b33b43749eba2293f91b9c029f3f9','OGZkYzBlNTVlNmM5MmZkNDUwNTNmMzgwZjNkYTExMDAxY2FkZDhlYjqAAn1xAShVEl9hdXRoX3Vz\nZXJfYmFja2VuZFUpZGphbmdvLmNvbnRyaWIuYXV0aC5iYWNrZW5kcy5Nb2RlbEJhY2tlbmRVCnRl\nc3Rjb29raWVxAlUGd29ya2VkcQNVDV9hdXRoX3VzZXJfaWSKAQJVDmlzX3N1cGVyX2FkbWluiXUu\n','2016-05-18 02:35:39'),('1e7ce9a53aa6717274856606e2ee3e54','ZDViYWEyZWYwZjU3NGY5ZjM3MDg4YzhmNWRlNTA2OWM4MjhiNWU5MDqAAn1xAShVEl9hdXRoX3Vz\nZXJfYmFja2VuZHECVSlkamFuZ28uY29udHJpYi5hdXRoLmJhY2tlbmRzLk1vZGVsQmFja2VuZHED\nVQ1fYXV0aF91c2VyX2lkcQSKAQF1Lg==\n','2015-11-28 07:19:04'),('1edc43c6e8f718f9e406e1e7eeeabd1a','ZDViYWEyZWYwZjU3NGY5ZjM3MDg4YzhmNWRlNTA2OWM4MjhiNWU5MDqAAn1xAShVEl9hdXRoX3Vz\nZXJfYmFja2VuZHECVSlkamFuZ28uY29udHJpYi5hdXRoLmJhY2tlbmRzLk1vZGVsQmFja2VuZHED\nVQ1fYXV0aF91c2VyX2lkcQSKAQF1Lg==\n','2016-05-26 02:02:53'),('1ef115bc21abf111377e78e331d4bf87','NjI5NGY3MjAyZmEzNWZjNTYxZmI5NjJkOGE5ZDk5MDdkY2VmY2VjNDqAAn1xAShVDmlzX3N1cGVy\nX2FkbWlucQKJVQ1fYXV0aF91c2VyX2lkigECVRJfYXV0aF91c2VyX2JhY2tlbmRVKWRqYW5nby5j\nb250cmliLmF1dGguYmFja2VuZHMuTW9kZWxCYWNrZW5kdS4=\n','2016-03-23 01:37:24'),('1ef9ee8524207e3242db2355dd39d826','Njc3MzJjMDAyZjc1YzgyMDg3ODc4ZmYzMDkxZjMyY2Q1ZTYyYWVkZDqAAn1xAShVCnRlc3Rjb29r\naWVxAlUGd29ya2VkcQNVDV9hdXRoX3VzZXJfaWSKAQJVEl9hdXRoX3VzZXJfYmFja2VuZFUpZGph\nbmdvLmNvbnRyaWIuYXV0aC5iYWNrZW5kcy5Nb2RlbEJhY2tlbmR1Lg==\n','2015-11-26 08:04:16'),('1efe8e7e61f3add6bb379f826f20bd81','NDE2OWJlMzc5MWE4NjRmNGUzZmIwNDJjNDY0MTQ1ZTUwYTNjOTkyMzqAAn1xAVUKdGVzdGNvb2tp\nZXECVQZ3b3JrZWRxA3Mu\n','2015-12-16 12:45:18'),('1f146cd93d0f67d88c64bfb92f31ee17','NjI5NGY3MjAyZmEzNWZjNTYxZmI5NjJkOGE5ZDk5MDdkY2VmY2VjNDqAAn1xAShVDmlzX3N1cGVy\nX2FkbWlucQKJVQ1fYXV0aF91c2VyX2lkigECVRJfYXV0aF91c2VyX2JhY2tlbmRVKWRqYW5nby5j\nb250cmliLmF1dGguYmFja2VuZHMuTW9kZWxCYWNrZW5kdS4=\n','2016-02-02 15:10:23'),('2351332fcdbabaf6ddfcb6f3ea09e03e','ZDc0NGE3M2Y0NmUyNTA5YWJjMjM1MWVhZjQ2YjJiMjM1ZDY4NzNmNTqAAn1xAShVDmlzX3N1cGVy\nX2FkbWlucQKIVQ1fYXV0aF91c2VyX2lkigEBVRJfYXV0aF91c2VyX2JhY2tlbmRVKWRqYW5nby5j\nb250cmliLmF1dGguYmFja2VuZHMuTW9kZWxCYWNrZW5kdS4=\n','2016-05-23 03:22:27'),('23afe706f86d924a319d4966c9f3cfd9','NDE2OWJlMzc5MWE4NjRmNGUzZmIwNDJjNDY0MTQ1ZTUwYTNjOTkyMzqAAn1xAVUKdGVzdGNvb2tp\nZXECVQZ3b3JrZWRxA3Mu\n','2015-12-03 05:12:24'),('24266d2809a8f8f5e8d5ed421af6bc84','ZDViYWEyZWYwZjU3NGY5ZjM3MDg4YzhmNWRlNTA2OWM4MjhiNWU5MDqAAn1xAShVEl9hdXRoX3Vz\nZXJfYmFja2VuZHECVSlkamFuZ28uY29udHJpYi5hdXRoLmJhY2tlbmRzLk1vZGVsQmFja2VuZHED\nVQ1fYXV0aF91c2VyX2lkcQSKAQF1Lg==\n','2016-05-25 08:28:35'),('276a281f252ab4268c27b78d3accd4e6','ZDc0NGE3M2Y0NmUyNTA5YWJjMjM1MWVhZjQ2YjJiMjM1ZDY4NzNmNTqAAn1xAShVDmlzX3N1cGVy\nX2FkbWlucQKIVQ1fYXV0aF91c2VyX2lkigEBVRJfYXV0aF91c2VyX2JhY2tlbmRVKWRqYW5nby5j\nb250cmliLmF1dGguYmFja2VuZHMuTW9kZWxCYWNrZW5kdS4=\n','2016-01-17 15:40:39'),('276a5e9e562e3b96dc065de83c27cbb7','NDE2OWJlMzc5MWE4NjRmNGUzZmIwNDJjNDY0MTQ1ZTUwYTNjOTkyMzqAAn1xAVUKdGVzdGNvb2tp\nZXECVQZ3b3JrZWRxA3Mu\n','2016-01-01 12:38:06'),('2a2cee45f9d6706737813c1b7b980c12','NDEwODIyMTQzMjFkMjYxYTI3Yzc0YjJlM2I4MDY2NDMxNzNhN2Q0NjqAAn1xAShVDV9hdXRoX3Vz\nZXJfaWSKAQJVEl9hdXRoX3VzZXJfYmFja2VuZFUpZGphbmdvLmNvbnRyaWIuYXV0aC5iYWNrZW5k\ncy5Nb2RlbEJhY2tlbmRVDmlzX3N1cGVyX2FkbWlucQKJdS4=\n','2015-12-16 15:07:57'),('2a58c07312e9e89cc25e635ffaecd669','NWFhOTA3MDgxNGY3NzgzNDYxY2RlNzEzMjY3Y2ViZDE0YWNiMmVkOTqAAn1xAShVCnRlc3Rjb29r\naWVxAlUGd29ya2VkcQNVDV9hdXRoX3VzZXJfaWSKAQFVEl9hdXRoX3VzZXJfYmFja2VuZFUpZGph\nbmdvLmNvbnRyaWIuYXV0aC5iYWNrZW5kcy5Nb2RlbEJhY2tlbmR1Lg==\n','2015-10-25 08:00:19'),('2a5dd008d35770df01e789f5e3ef7e21','ZDViYWEyZWYwZjU3NGY5ZjM3MDg4YzhmNWRlNTA2OWM4MjhiNWU5MDqAAn1xAShVEl9hdXRoX3Vz\nZXJfYmFja2VuZHECVSlkamFuZ28uY29udHJpYi5hdXRoLmJhY2tlbmRzLk1vZGVsQmFja2VuZHED\nVQ1fYXV0aF91c2VyX2lkcQSKAQF1Lg==\n','2016-03-22 10:11:07'),('2b61911419b80be7e2dccb0ca8d11e43','NjI5NGY3MjAyZmEzNWZjNTYxZmI5NjJkOGE5ZDk5MDdkY2VmY2VjNDqAAn1xAShVDmlzX3N1cGVy\nX2FkbWlucQKJVQ1fYXV0aF91c2VyX2lkigECVRJfYXV0aF91c2VyX2JhY2tlbmRVKWRqYW5nby5j\nb250cmliLmF1dGguYmFja2VuZHMuTW9kZWxCYWNrZW5kdS4=\n','2016-05-18 06:05:43'),('2b8484d14e7b91363db1459a34db756f','ZDc0NGE3M2Y0NmUyNTA5YWJjMjM1MWVhZjQ2YjJiMjM1ZDY4NzNmNTqAAn1xAShVDmlzX3N1cGVy\nX2FkbWlucQKIVQ1fYXV0aF91c2VyX2lkigEBVRJfYXV0aF91c2VyX2JhY2tlbmRVKWRqYW5nby5j\nb250cmliLmF1dGguYmFja2VuZHMuTW9kZWxCYWNrZW5kdS4=\n','2016-01-16 03:36:14'),('2bff09a305efc1c631eb473dbae0b36f','NjI5NGY3MjAyZmEzNWZjNTYxZmI5NjJkOGE5ZDk5MDdkY2VmY2VjNDqAAn1xAShVDmlzX3N1cGVy\nX2FkbWlucQKJVQ1fYXV0aF91c2VyX2lkigECVRJfYXV0aF91c2VyX2JhY2tlbmRVKWRqYW5nby5j\nb250cmliLmF1dGguYmFja2VuZHMuTW9kZWxCYWNrZW5kdS4=\n','2016-04-29 07:12:04'),('2c1e5908e182c3b5db9292aba76a8cb7','ZDc0NGE3M2Y0NmUyNTA5YWJjMjM1MWVhZjQ2YjJiMjM1ZDY4NzNmNTqAAn1xAShVDmlzX3N1cGVy\nX2FkbWlucQKIVQ1fYXV0aF91c2VyX2lkigEBVRJfYXV0aF91c2VyX2JhY2tlbmRVKWRqYW5nby5j\nb250cmliLmF1dGguYmFja2VuZHMuTW9kZWxCYWNrZW5kdS4=\n','2016-05-24 20:17:50'),('2e712f91bea5afd2621ce89a647c74a4','ZDc0NGE3M2Y0NmUyNTA5YWJjMjM1MWVhZjQ2YjJiMjM1ZDY4NzNmNTqAAn1xAShVDmlzX3N1cGVy\nX2FkbWlucQKIVQ1fYXV0aF91c2VyX2lkigEBVRJfYXV0aF91c2VyX2JhY2tlbmRVKWRqYW5nby5j\nb250cmliLmF1dGguYmFja2VuZHMuTW9kZWxCYWNrZW5kdS4=\n','2016-01-17 06:29:42'),('2e8545d9a32f2e926ab8f1fa549fdbcb','MWYwOWU2ZmMyNTVjZGY1MzIxMmUxNDhlZGU3NmEwOTgzM2YxNmJjNDqAAn1xAShVDV9hdXRoX3Vz\nZXJfaWSKAQFVEl9hdXRoX3VzZXJfYmFja2VuZFUpZGphbmdvLmNvbnRyaWIuYXV0aC5iYWNrZW5k\ncy5Nb2RlbEJhY2tlbmRxAnUu\n','2015-10-22 06:44:44'),('2eb5e7cf94372feb203ed411b1b1d9c4','NjI5NGY3MjAyZmEzNWZjNTYxZmI5NjJkOGE5ZDk5MDdkY2VmY2VjNDqAAn1xAShVDmlzX3N1cGVy\nX2FkbWlucQKJVQ1fYXV0aF91c2VyX2lkigECVRJfYXV0aF91c2VyX2JhY2tlbmRVKWRqYW5nby5j\nb250cmliLmF1dGguYmFja2VuZHMuTW9kZWxCYWNrZW5kdS4=\n','2015-12-03 16:34:49'),('300e18946589f546f5b2052a70df416f','NDkyNDBhMGZiYjU3N2VkNGM1YmY0ODEyZGMwMDNiOWU2ZDQxMWMzNDqAAn1xAShVEl9hdXRoX3Vz\nZXJfYmFja2VuZHECVSlkamFuZ28uY29udHJpYi5hdXRoLmJhY2tlbmRzLk1vZGVsQmFja2VuZHED\nVQ1fYXV0aF91c2VyX2lkcQSKAQJ1Lg==\n','2015-11-16 19:51:58'),('3066c34aa74a2426dc6f5c5a01026721','ZDViYWEyZWYwZjU3NGY5ZjM3MDg4YzhmNWRlNTA2OWM4MjhiNWU5MDqAAn1xAShVEl9hdXRoX3Vz\nZXJfYmFja2VuZHECVSlkamFuZ28uY29udHJpYi5hdXRoLmJhY2tlbmRzLk1vZGVsQmFja2VuZHED\nVQ1fYXV0aF91c2VyX2lkcQSKAQF1Lg==\n','2016-05-20 08:08:50'),('30c0d3d792f950ac0b9947523d3874a2','NDE2OWJlMzc5MWE4NjRmNGUzZmIwNDJjNDY0MTQ1ZTUwYTNjOTkyMzqAAn1xAVUKdGVzdGNvb2tp\nZXECVQZ3b3JrZWRxA3Mu\n','2015-10-30 06:51:21'),('31818126a808171713b8676508147994','NjI5NGY3MjAyZmEzNWZjNTYxZmI5NjJkOGE5ZDk5MDdkY2VmY2VjNDqAAn1xAShVDmlzX3N1cGVy\nX2FkbWlucQKJVQ1fYXV0aF91c2VyX2lkigECVRJfYXV0aF91c2VyX2JhY2tlbmRVKWRqYW5nby5j\nb250cmliLmF1dGguYmFja2VuZHMuTW9kZWxCYWNrZW5kdS4=\n','2016-01-14 02:38:55'),('31ae06b99669db0ea6b51a098c959efa','ZDViYWEyZWYwZjU3NGY5ZjM3MDg4YzhmNWRlNTA2OWM4MjhiNWU5MDqAAn1xAShVEl9hdXRoX3Vz\nZXJfYmFja2VuZHECVSlkamFuZ28uY29udHJpYi5hdXRoLmJhY2tlbmRzLk1vZGVsQmFja2VuZHED\nVQ1fYXV0aF91c2VyX2lkcQSKAQF1Lg==\n','2016-01-01 13:29:09'),('3264f02f401e9ec4807be0154a4421f6','MWYwOWU2ZmMyNTVjZGY1MzIxMmUxNDhlZGU3NmEwOTgzM2YxNmJjNDqAAn1xAShVDV9hdXRoX3Vz\nZXJfaWSKAQFVEl9hdXRoX3VzZXJfYmFja2VuZFUpZGphbmdvLmNvbnRyaWIuYXV0aC5iYWNrZW5k\ncy5Nb2RlbEJhY2tlbmRxAnUu\n','2015-11-21 02:36:52'),('346c497d8f98ba2e0bef763a828d009d','NjI5NGY3MjAyZmEzNWZjNTYxZmI5NjJkOGE5ZDk5MDdkY2VmY2VjNDqAAn1xAShVDmlzX3N1cGVy\nX2FkbWlucQKJVQ1fYXV0aF91c2VyX2lkigECVRJfYXV0aF91c2VyX2JhY2tlbmRVKWRqYW5nby5j\nb250cmliLmF1dGguYmFja2VuZHMuTW9kZWxCYWNrZW5kdS4=\n','2016-01-08 15:14:58'),('352f8bd146f6a5f10ff3ea4e93f5c749','NDkyNDBhMGZiYjU3N2VkNGM1YmY0ODEyZGMwMDNiOWU2ZDQxMWMzNDqAAn1xAShVEl9hdXRoX3Vz\nZXJfYmFja2VuZHECVSlkamFuZ28uY29udHJpYi5hdXRoLmJhY2tlbmRzLk1vZGVsQmFja2VuZHED\nVQ1fYXV0aF91c2VyX2lkcQSKAQJ1Lg==\n','2015-11-23 16:54:56'),('361c67e026e0288622e98e9ceff29dcb','NDE2OWJlMzc5MWE4NjRmNGUzZmIwNDJjNDY0MTQ1ZTUwYTNjOTkyMzqAAn1xAVUKdGVzdGNvb2tp\nZXECVQZ3b3JrZWRxA3Mu\n','2015-11-15 06:12:45'),('37ec4469415909ff73308078a182e882','NWFhOTA3MDgxNGY3NzgzNDYxY2RlNzEzMjY3Y2ViZDE0YWNiMmVkOTqAAn1xAShVCnRlc3Rjb29r\naWVxAlUGd29ya2VkcQNVDV9hdXRoX3VzZXJfaWSKAQFVEl9hdXRoX3VzZXJfYmFja2VuZFUpZGph\nbmdvLmNvbnRyaWIuYXV0aC5iYWNrZW5kcy5Nb2RlbEJhY2tlbmR1Lg==\n','2016-05-31 02:07:36'),('383bf37c569040c20d61d08ba2312d17','ZDc0NGE3M2Y0NmUyNTA5YWJjMjM1MWVhZjQ2YjJiMjM1ZDY4NzNmNTqAAn1xAShVDmlzX3N1cGVy\nX2FkbWlucQKIVQ1fYXV0aF91c2VyX2lkigEBVRJfYXV0aF91c2VyX2JhY2tlbmRVKWRqYW5nby5j\nb250cmliLmF1dGguYmFja2VuZHMuTW9kZWxCYWNrZW5kdS4=\n','2016-01-05 08:17:27'),('38cafa130ac7180e2caa379e50205366','ZDc0NGE3M2Y0NmUyNTA5YWJjMjM1MWVhZjQ2YjJiMjM1ZDY4NzNmNTqAAn1xAShVDmlzX3N1cGVy\nX2FkbWlucQKIVQ1fYXV0aF91c2VyX2lkigEBVRJfYXV0aF91c2VyX2JhY2tlbmRVKWRqYW5nby5j\nb250cmliLmF1dGguYmFja2VuZHMuTW9kZWxCYWNrZW5kdS4=\n','2016-06-04 11:57:39'),('38ddf05e2c5acb7a13dcf49ea259eb7f','YmQ0NzhlYTAxOWU5ZGI4NjU3Y2JhMjM0YjhhM2I3OTNhN2MyNTQ5ZDqAAn1xAVUKdGVzdGNvb2tp\nZVUGd29ya2VkcQJzLg==\n','2015-12-16 03:25:56'),('393d99074e5f448154bdf5200c88bd85','ZDViYWEyZWYwZjU3NGY5ZjM3MDg4YzhmNWRlNTA2OWM4MjhiNWU5MDqAAn1xAShVEl9hdXRoX3Vz\nZXJfYmFja2VuZHECVSlkamFuZ28uY29udHJpYi5hdXRoLmJhY2tlbmRzLk1vZGVsQmFja2VuZHED\nVQ1fYXV0aF91c2VyX2lkcQSKAQF1Lg==\n','2015-10-17 13:37:12'),('3ddb65a7b12f417f9eb489c611b6990e','NjI5NGY3MjAyZmEzNWZjNTYxZmI5NjJkOGE5ZDk5MDdkY2VmY2VjNDqAAn1xAShVDmlzX3N1cGVy\nX2FkbWlucQKJVQ1fYXV0aF91c2VyX2lkigECVRJfYXV0aF91c2VyX2JhY2tlbmRVKWRqYW5nby5j\nb250cmliLmF1dGguYmFja2VuZHMuTW9kZWxCYWNrZW5kdS4=\n','2015-12-02 08:25:58'),('3fd8bccbe15f219efd04359abee98411','Njc3MzJjMDAyZjc1YzgyMDg3ODc4ZmYzMDkxZjMyY2Q1ZTYyYWVkZDqAAn1xAShVCnRlc3Rjb29r\naWVxAlUGd29ya2VkcQNVDV9hdXRoX3VzZXJfaWSKAQJVEl9hdXRoX3VzZXJfYmFja2VuZFUpZGph\nbmdvLmNvbnRyaWIuYXV0aC5iYWNrZW5kcy5Nb2RlbEJhY2tlbmR1Lg==\n','2015-10-10 10:17:04'),('41f935b902c87d1c67a604d0fd966536','MjljZTBjOGIwOGQyZmU0MTYwZTIwMjY5ZGUyOTU1YjE2MzcyY2MzNzqAAn1xAShVEl9hdXRoX3Vz\nZXJfYmFja2VuZFUpZGphbmdvLmNvbnRyaWIuYXV0aC5iYWNrZW5kcy5Nb2RlbEJhY2tlbmRVCnRl\nc3Rjb29raWVxAlUGd29ya2VkcQNVDV9hdXRoX3VzZXJfaWSKAQFVDmlzX3N1cGVyX2FkbWluiHUu\n','2016-05-23 07:00:47'),('430bad1c81dbeeec4d53b1fbf39b4879','NDkyNDBhMGZiYjU3N2VkNGM1YmY0ODEyZGMwMDNiOWU2ZDQxMWMzNDqAAn1xAShVEl9hdXRoX3Vz\nZXJfYmFja2VuZHECVSlkamFuZ28uY29udHJpYi5hdXRoLmJhY2tlbmRzLk1vZGVsQmFja2VuZHED\nVQ1fYXV0aF91c2VyX2lkcQSKAQJ1Lg==\n','2015-10-12 02:42:18'),('453786e67e8fa4f6db0d9af43165d2b6','NDkyNDBhMGZiYjU3N2VkNGM1YmY0ODEyZGMwMDNiOWU2ZDQxMWMzNDqAAn1xAShVEl9hdXRoX3Vz\nZXJfYmFja2VuZHECVSlkamFuZ28uY29udHJpYi5hdXRoLmJhY2tlbmRzLk1vZGVsQmFja2VuZHED\nVQ1fYXV0aF91c2VyX2lkcQSKAQJ1Lg==\n','2015-11-19 15:40:24'),('46799a647b03a2efb8442e1ff23cb436','Njc3MzJjMDAyZjc1YzgyMDg3ODc4ZmYzMDkxZjMyY2Q1ZTYyYWVkZDqAAn1xAShVCnRlc3Rjb29r\naWVxAlUGd29ya2VkcQNVDV9hdXRoX3VzZXJfaWSKAQJVEl9hdXRoX3VzZXJfYmFja2VuZFUpZGph\nbmdvLmNvbnRyaWIuYXV0aC5iYWNrZW5kcy5Nb2RlbEJhY2tlbmR1Lg==\n','2015-11-20 08:04:17'),('46fa60d647fc58e1698e25ea8f79a910','ZDc0NGE3M2Y0NmUyNTA5YWJjMjM1MWVhZjQ2YjJiMjM1ZDY4NzNmNTqAAn1xAShVDmlzX3N1cGVy\nX2FkbWlucQKIVQ1fYXV0aF91c2VyX2lkigEBVRJfYXV0aF91c2VyX2JhY2tlbmRVKWRqYW5nby5j\nb250cmliLmF1dGguYmFja2VuZHMuTW9kZWxCYWNrZW5kdS4=\n','2016-06-01 03:19:01'),('4745a21efd15676c70a005478f61e60b','OWQ3MzVhMzUzMjRiYTlkM2Y0YTgyYWUzNjM4ZjE5ZDE5NGM0NjI3MjqAAn1xAShVEl9hdXRoX3Vz\nZXJfYmFja2VuZFUpZGphbmdvLmNvbnRyaWIuYXV0aC5iYWNrZW5kcy5Nb2RlbEJhY2tlbmRVDV9h\ndXRoX3VzZXJfaWSKAQJVDmlzX3N1cGVyX2FkbWlucQKJdS4=\n','2016-02-13 06:17:02'),('4770889897f5c8415c33fb79adc32c2c','ZDViYWEyZWYwZjU3NGY5ZjM3MDg4YzhmNWRlNTA2OWM4MjhiNWU5MDqAAn1xAShVEl9hdXRoX3Vz\nZXJfYmFja2VuZHECVSlkamFuZ28uY29udHJpYi5hdXRoLmJhY2tlbmRzLk1vZGVsQmFja2VuZHED\nVQ1fYXV0aF91c2VyX2lkcQSKAQF1Lg==\n','2016-04-06 16:37:49'),('47c840c3bc4c391cf591147f148ce39b','ZDViYWEyZWYwZjU3NGY5ZjM3MDg4YzhmNWRlNTA2OWM4MjhiNWU5MDqAAn1xAShVEl9hdXRoX3Vz\nZXJfYmFja2VuZHECVSlkamFuZ28uY29udHJpYi5hdXRoLmJhY2tlbmRzLk1vZGVsQmFja2VuZHED\nVQ1fYXV0aF91c2VyX2lkcQSKAQF1Lg==\n','2015-10-27 14:06:48'),('4835a6c95ca30fb549a67d60e8627aa2','ZDViYWEyZWYwZjU3NGY5ZjM3MDg4YzhmNWRlNTA2OWM4MjhiNWU5MDqAAn1xAShVEl9hdXRoX3Vz\nZXJfYmFja2VuZHECVSlkamFuZ28uY29udHJpYi5hdXRoLmJhY2tlbmRzLk1vZGVsQmFja2VuZHED\nVQ1fYXV0aF91c2VyX2lkcQSKAQF1Lg==\n','2016-02-03 02:15:48'),('48eaa1752635563c00ccc2c32d450c73','ODQ0OTJiZjkyOTRlZWE1ZDI5NDZkNDFhMDZkN2M1YWIyOWM4ZDU4ZjqAAn1xAShVEl9hdXRoX3Vz\nZXJfYmFja2VuZFUpZGphbmdvLmNvbnRyaWIuYXV0aC5iYWNrZW5kcy5Nb2RlbEJhY2tlbmRxAlUN\nX2F1dGhfdXNlcl9pZIoBAXUu\n','2015-10-26 08:24:28'),('4a16a671dfef57a22b31984481ca928a','ZDc0NGE3M2Y0NmUyNTA5YWJjMjM1MWVhZjQ2YjJiMjM1ZDY4NzNmNTqAAn1xAShVDmlzX3N1cGVy\nX2FkbWlucQKIVQ1fYXV0aF91c2VyX2lkigEBVRJfYXV0aF91c2VyX2JhY2tlbmRVKWRqYW5nby5j\nb250cmliLmF1dGguYmFja2VuZHMuTW9kZWxCYWNrZW5kdS4=\n','2015-12-02 15:29:18'),('4a2a230c9fc758c4c8b9040e7b26bc8e','ZDc0NGE3M2Y0NmUyNTA5YWJjMjM1MWVhZjQ2YjJiMjM1ZDY4NzNmNTqAAn1xAShVDmlzX3N1cGVy\nX2FkbWlucQKIVQ1fYXV0aF91c2VyX2lkigEBVRJfYXV0aF91c2VyX2JhY2tlbmRVKWRqYW5nby5j\nb250cmliLmF1dGguYmFja2VuZHMuTW9kZWxCYWNrZW5kdS4=\n','2016-05-31 07:56:55'),('4b3a97d1cf84ae7c42cf09ca4164821e','ODQ0OTJiZjkyOTRlZWE1ZDI5NDZkNDFhMDZkN2M1YWIyOWM4ZDU4ZjqAAn1xAShVEl9hdXRoX3Vz\nZXJfYmFja2VuZFUpZGphbmdvLmNvbnRyaWIuYXV0aC5iYWNrZW5kcy5Nb2RlbEJhY2tlbmRxAlUN\nX2F1dGhfdXNlcl9pZIoBAXUu\n','2015-11-02 01:55:37'),('4b68b442cc0d50319aeddb1817b2e21c','NjI5NGY3MjAyZmEzNWZjNTYxZmI5NjJkOGE5ZDk5MDdkY2VmY2VjNDqAAn1xAShVDmlzX3N1cGVy\nX2FkbWlucQKJVQ1fYXV0aF91c2VyX2lkigECVRJfYXV0aF91c2VyX2JhY2tlbmRVKWRqYW5nby5j\nb250cmliLmF1dGguYmFja2VuZHMuTW9kZWxCYWNrZW5kdS4=\n','2016-05-23 10:32:45'),('4d9ffe245fd3643e56f652c21fbe1580','ZDViYWEyZWYwZjU3NGY5ZjM3MDg4YzhmNWRlNTA2OWM4MjhiNWU5MDqAAn1xAShVEl9hdXRoX3Vz\nZXJfYmFja2VuZHECVSlkamFuZ28uY29udHJpYi5hdXRoLmJhY2tlbmRzLk1vZGVsQmFja2VuZHED\nVQ1fYXV0aF91c2VyX2lkcQSKAQF1Lg==\n','2016-01-05 07:27:49'),('4e5e0c94560b33a86e5d3ff986c0c0e1','ZDViYWEyZWYwZjU3NGY5ZjM3MDg4YzhmNWRlNTA2OWM4MjhiNWU5MDqAAn1xAShVEl9hdXRoX3Vz\nZXJfYmFja2VuZHECVSlkamFuZ28uY29udHJpYi5hdXRoLmJhY2tlbmRzLk1vZGVsQmFja2VuZHED\nVQ1fYXV0aF91c2VyX2lkcQSKAQF1Lg==\n','2015-10-25 15:33:30'),('4e867d39a19777c0db1bc75ce1872667','YmQ0NzhlYTAxOWU5ZGI4NjU3Y2JhMjM0YjhhM2I3OTNhN2MyNTQ5ZDqAAn1xAVUKdGVzdGNvb2tp\nZVUGd29ya2VkcQJzLg==\n','2016-04-11 09:59:15'),('4f3bf9c5c4d3b96fa5a25de2ade8ccde','ZDc0NGE3M2Y0NmUyNTA5YWJjMjM1MWVhZjQ2YjJiMjM1ZDY4NzNmNTqAAn1xAShVDmlzX3N1cGVy\nX2FkbWlucQKIVQ1fYXV0aF91c2VyX2lkigEBVRJfYXV0aF91c2VyX2JhY2tlbmRVKWRqYW5nby5j\nb250cmliLmF1dGguYmFja2VuZHMuTW9kZWxCYWNrZW5kdS4=\n','2016-02-02 01:58:13'),('4fa9cb7c2273a3bafb22289b2cc80777','NDE2OWJlMzc5MWE4NjRmNGUzZmIwNDJjNDY0MTQ1ZTUwYTNjOTkyMzqAAn1xAVUKdGVzdGNvb2tp\nZXECVQZ3b3JrZWRxA3Mu\n','2016-05-30 04:15:30'),('53112a5f6d6feae5aba66447b39d0716','ZDc0NGE3M2Y0NmUyNTA5YWJjMjM1MWVhZjQ2YjJiMjM1ZDY4NzNmNTqAAn1xAShVDmlzX3N1cGVy\nX2FkbWlucQKIVQ1fYXV0aF91c2VyX2lkigEBVRJfYXV0aF91c2VyX2JhY2tlbmRVKWRqYW5nby5j\nb250cmliLmF1dGguYmFja2VuZHMuTW9kZWxCYWNrZW5kdS4=\n','2016-05-13 03:14:59'),('54f0a0fc4276384110e57401309c5b34','Zjc5NjRkMzg5NDU1ZGQ4NzAyYTA2ZGUzODMzNzA4NDdhZTQxNWFiYjqAAn1xAS4=\n','2015-11-30 08:12:00'),('5609e14be0734ffeea69e0c80f416ad3','ZDc0NGE3M2Y0NmUyNTA5YWJjMjM1MWVhZjQ2YjJiMjM1ZDY4NzNmNTqAAn1xAShVDmlzX3N1cGVy\nX2FkbWlucQKIVQ1fYXV0aF91c2VyX2lkigEBVRJfYXV0aF91c2VyX2JhY2tlbmRVKWRqYW5nby5j\nb250cmliLmF1dGguYmFja2VuZHMuTW9kZWxCYWNrZW5kdS4=\n','2016-06-01 13:05:22'),('56c19c88afae624d39d9209b3dc07fd1','NjI5NGY3MjAyZmEzNWZjNTYxZmI5NjJkOGE5ZDk5MDdkY2VmY2VjNDqAAn1xAShVDmlzX3N1cGVy\nX2FkbWlucQKJVQ1fYXV0aF91c2VyX2lkigECVRJfYXV0aF91c2VyX2JhY2tlbmRVKWRqYW5nby5j\nb250cmliLmF1dGguYmFja2VuZHMuTW9kZWxCYWNrZW5kdS4=\n','2016-01-31 06:59:26'),('5737e42b2a54148b0f10ed820c74134e','ZDc0NGE3M2Y0NmUyNTA5YWJjMjM1MWVhZjQ2YjJiMjM1ZDY4NzNmNTqAAn1xAShVDmlzX3N1cGVy\nX2FkbWlucQKIVQ1fYXV0aF91c2VyX2lkigEBVRJfYXV0aF91c2VyX2JhY2tlbmRVKWRqYW5nby5j\nb250cmliLmF1dGguYmFja2VuZHMuTW9kZWxCYWNrZW5kdS4=\n','2016-05-20 09:07:45'),('577616f54870d87f8f34f4304fa86941','ZDc0NGE3M2Y0NmUyNTA5YWJjMjM1MWVhZjQ2YjJiMjM1ZDY4NzNmNTqAAn1xAShVDmlzX3N1cGVy\nX2FkbWlucQKIVQ1fYXV0aF91c2VyX2lkigEBVRJfYXV0aF91c2VyX2JhY2tlbmRVKWRqYW5nby5j\nb250cmliLmF1dGguYmFja2VuZHMuTW9kZWxCYWNrZW5kdS4=\n','2016-02-04 12:46:20'),('58edba4ab1759f79b4f821ddc9f33d8d','ZDViYWEyZWYwZjU3NGY5ZjM3MDg4YzhmNWRlNTA2OWM4MjhiNWU5MDqAAn1xAShVEl9hdXRoX3Vz\nZXJfYmFja2VuZHECVSlkamFuZ28uY29udHJpYi5hdXRoLmJhY2tlbmRzLk1vZGVsQmFja2VuZHED\nVQ1fYXV0aF91c2VyX2lkcQSKAQF1Lg==\n','2015-11-25 03:41:27'),('5c1f073eaae3c732bdddc64a2362c427','NDE2OWJlMzc5MWE4NjRmNGUzZmIwNDJjNDY0MTQ1ZTUwYTNjOTkyMzqAAn1xAVUKdGVzdGNvb2tp\nZXECVQZ3b3JrZWRxA3Mu\n','2015-12-01 17:23:56'),('5d0d10612148c44533549b98e17cb04b','MzhiNDUzMTVlN2NiYjYyNjFiMDEwYzlmNjQ5ZWNjYTZlMDNiOTFlZDqAAn1xAShVEl9hdXRoX3Vz\nZXJfYmFja2VuZFUpZGphbmdvLmNvbnRyaWIuYXV0aC5iYWNrZW5kcy5Nb2RlbEJhY2tlbmRVDV9h\ndXRoX3VzZXJfaWSKAQFVDmlzX3N1cGVyX2FkbWlucQKIdS4=\n','2015-12-15 04:49:13'),('5df3c597e39ac43b325687c8b228894f','YmQ0NzhlYTAxOWU5ZGI4NjU3Y2JhMjM0YjhhM2I3OTNhN2MyNTQ5ZDqAAn1xAVUKdGVzdGNvb2tp\nZVUGd29ya2VkcQJzLg==\n','2016-04-06 09:32:50'),('5e477fb4535f1ebd29100df70b1aedea','YmQ0NzhlYTAxOWU5ZGI4NjU3Y2JhMjM0YjhhM2I3OTNhN2MyNTQ5ZDqAAn1xAVUKdGVzdGNvb2tp\nZVUGd29ya2VkcQJzLg==\n','2016-04-07 07:18:32'),('5e5e472d6f97c702ffe69432d89870fa','MjE4OTJkN2QyMmU0ODEyZDEyMWZiODM2YWVjNjRiZWU0OGQ0NGMyMjqAAn1xAShVEl9hdXRoX3Vz\nZXJfYmFja2VuZFUpZGphbmdvLmNvbnRyaWIuYXV0aC5iYWNrZW5kcy5Nb2RlbEJhY2tlbmRxAlUN\nX2F1dGhfdXNlcl9pZIoBAnUu\n','2015-11-24 14:17:52'),('603b3865e9dc64b5a79edbfe37e282e9','NDE2OWJlMzc5MWE4NjRmNGUzZmIwNDJjNDY0MTQ1ZTUwYTNjOTkyMzqAAn1xAVUKdGVzdGNvb2tp\nZXECVQZ3b3JrZWRxA3Mu\n','2015-11-19 01:36:05'),('606c2f47dffb1a1e36e4861336d8e742','ZDViYWEyZWYwZjU3NGY5ZjM3MDg4YzhmNWRlNTA2OWM4MjhiNWU5MDqAAn1xAShVEl9hdXRoX3Vz\nZXJfYmFja2VuZHECVSlkamFuZ28uY29udHJpYi5hdXRoLmJhY2tlbmRzLk1vZGVsQmFja2VuZHED\nVQ1fYXV0aF91c2VyX2lkcQSKAQF1Lg==\n','2016-03-29 15:56:08'),('61128e00fd4990352c90d4f45267af57','ZDViYWEyZWYwZjU3NGY5ZjM3MDg4YzhmNWRlNTA2OWM4MjhiNWU5MDqAAn1xAShVEl9hdXRoX3Vz\nZXJfYmFja2VuZHECVSlkamFuZ28uY29udHJpYi5hdXRoLmJhY2tlbmRzLk1vZGVsQmFja2VuZHED\nVQ1fYXV0aF91c2VyX2lkcQSKAQF1Lg==\n','2015-11-16 10:39:00'),('62229c70197b59de96083d33995174d5','ZDViYWEyZWYwZjU3NGY5ZjM3MDg4YzhmNWRlNTA2OWM4MjhiNWU5MDqAAn1xAShVEl9hdXRoX3Vz\nZXJfYmFja2VuZHECVSlkamFuZ28uY29udHJpYi5hdXRoLmJhY2tlbmRzLk1vZGVsQmFja2VuZHED\nVQ1fYXV0aF91c2VyX2lkcQSKAQF1Lg==\n','2016-03-21 06:35:03'),('6235e685cfbf1293a9baf289de81bc35','ZDViYWEyZWYwZjU3NGY5ZjM3MDg4YzhmNWRlNTA2OWM4MjhiNWU5MDqAAn1xAShVEl9hdXRoX3Vz\nZXJfYmFja2VuZHECVSlkamFuZ28uY29udHJpYi5hdXRoLmJhY2tlbmRzLk1vZGVsQmFja2VuZHED\nVQ1fYXV0aF91c2VyX2lkcQSKAQF1Lg==\n','2016-02-03 14:22:10'),('6251dcef11e9b05fe400f72e91967100','OWQ3MzVhMzUzMjRiYTlkM2Y0YTgyYWUzNjM4ZjE5ZDE5NGM0NjI3MjqAAn1xAShVEl9hdXRoX3Vz\nZXJfYmFja2VuZFUpZGphbmdvLmNvbnRyaWIuYXV0aC5iYWNrZW5kcy5Nb2RlbEJhY2tlbmRVDV9h\ndXRoX3VzZXJfaWSKAQJVDmlzX3N1cGVyX2FkbWlucQKJdS4=\n','2016-03-23 08:47:07'),('627c3d7e7603d9813baac9aec6934d8d','NjI5NGY3MjAyZmEzNWZjNTYxZmI5NjJkOGE5ZDk5MDdkY2VmY2VjNDqAAn1xAShVDmlzX3N1cGVy\nX2FkbWlucQKJVQ1fYXV0aF91c2VyX2lkigECVRJfYXV0aF91c2VyX2JhY2tlbmRVKWRqYW5nby5j\nb250cmliLmF1dGguYmFja2VuZHMuTW9kZWxCYWNrZW5kdS4=\n','2016-02-08 08:19:14'),('63c48514c9e54335a80186bf615a1547','ZDc0NGE3M2Y0NmUyNTA5YWJjMjM1MWVhZjQ2YjJiMjM1ZDY4NzNmNTqAAn1xAShVDmlzX3N1cGVy\nX2FkbWlucQKIVQ1fYXV0aF91c2VyX2lkigEBVRJfYXV0aF91c2VyX2JhY2tlbmRVKWRqYW5nby5j\nb250cmliLmF1dGguYmFja2VuZHMuTW9kZWxCYWNrZW5kdS4=\n','2016-01-17 15:40:29'),('6410ec1a1b9cc507e1804b71ff9d7b40','ZDViYWEyZWYwZjU3NGY5ZjM3MDg4YzhmNWRlNTA2OWM4MjhiNWU5MDqAAn1xAShVEl9hdXRoX3Vz\nZXJfYmFja2VuZHECVSlkamFuZ28uY29udHJpYi5hdXRoLmJhY2tlbmRzLk1vZGVsQmFja2VuZHED\nVQ1fYXV0aF91c2VyX2lkcQSKAQF1Lg==\n','2016-02-04 08:13:08'),('6508898ba11c24fde82ca947626ad741','ZDViYWEyZWYwZjU3NGY5ZjM3MDg4YzhmNWRlNTA2OWM4MjhiNWU5MDqAAn1xAShVEl9hdXRoX3Vz\nZXJfYmFja2VuZHECVSlkamFuZ28uY29udHJpYi5hdXRoLmJhY2tlbmRzLk1vZGVsQmFja2VuZHED\nVQ1fYXV0aF91c2VyX2lkcQSKAQF1Lg==\n','2016-04-14 13:20:26'),('6579269497454ea6aa59ceffd5e10d6a','NDE2OWJlMzc5MWE4NjRmNGUzZmIwNDJjNDY0MTQ1ZTUwYTNjOTkyMzqAAn1xAVUKdGVzdGNvb2tp\nZXECVQZ3b3JrZWRxA3Mu\n','2016-04-08 06:02:21'),('65f293847351656786565074f1ff250e','NjI5NGY3MjAyZmEzNWZjNTYxZmI5NjJkOGE5ZDk5MDdkY2VmY2VjNDqAAn1xAShVDmlzX3N1cGVy\nX2FkbWlucQKJVQ1fYXV0aF91c2VyX2lkigECVRJfYXV0aF91c2VyX2JhY2tlbmRVKWRqYW5nby5j\nb250cmliLmF1dGguYmFja2VuZHMuTW9kZWxCYWNrZW5kdS4=\n','2016-05-26 00:40:44'),('662d9ff554a03336be1179e027492eea','NjI5NGY3MjAyZmEzNWZjNTYxZmI5NjJkOGE5ZDk5MDdkY2VmY2VjNDqAAn1xAShVDmlzX3N1cGVy\nX2FkbWlucQKJVQ1fYXV0aF91c2VyX2lkigECVRJfYXV0aF91c2VyX2JhY2tlbmRVKWRqYW5nby5j\nb250cmliLmF1dGguYmFja2VuZHMuTW9kZWxCYWNrZW5kdS4=\n','2016-02-01 02:40:46'),('6678224edd540406fcaa2f0c036fb688','ZDc0NGE3M2Y0NmUyNTA5YWJjMjM1MWVhZjQ2YjJiMjM1ZDY4NzNmNTqAAn1xAShVDmlzX3N1cGVy\nX2FkbWlucQKIVQ1fYXV0aF91c2VyX2lkigEBVRJfYXV0aF91c2VyX2JhY2tlbmRVKWRqYW5nby5j\nb250cmliLmF1dGguYmFja2VuZHMuTW9kZWxCYWNrZW5kdS4=\n','2016-01-05 01:52:48'),('66f982bf99b319bc31bb28eea1a9aa29','ZDViYWEyZWYwZjU3NGY5ZjM3MDg4YzhmNWRlNTA2OWM4MjhiNWU5MDqAAn1xAShVEl9hdXRoX3Vz\nZXJfYmFja2VuZHECVSlkamFuZ28uY29udHJpYi5hdXRoLmJhY2tlbmRzLk1vZGVsQmFja2VuZHED\nVQ1fYXV0aF91c2VyX2lkcQSKAQF1Lg==\n','2016-02-01 20:42:54'),('678329877ec64e28eeb21928fda79416','NDkyNDBhMGZiYjU3N2VkNGM1YmY0ODEyZGMwMDNiOWU2ZDQxMWMzNDqAAn1xAShVEl9hdXRoX3Vz\nZXJfYmFja2VuZHECVSlkamFuZ28uY29udHJpYi5hdXRoLmJhY2tlbmRzLk1vZGVsQmFja2VuZHED\nVQ1fYXV0aF91c2VyX2lkcQSKAQJ1Lg==\n','2015-11-14 11:30:21'),('67963812081dd2c181857cb7cb3e595a','ZDc0NGE3M2Y0NmUyNTA5YWJjMjM1MWVhZjQ2YjJiMjM1ZDY4NzNmNTqAAn1xAShVDmlzX3N1cGVy\nX2FkbWlucQKIVQ1fYXV0aF91c2VyX2lkigEBVRJfYXV0aF91c2VyX2JhY2tlbmRVKWRqYW5nby5j\nb250cmliLmF1dGguYmFja2VuZHMuTW9kZWxCYWNrZW5kdS4=\n','2016-06-04 10:34:41'),('689d3ac036ce3f5886b41551a3c88e7b','ZDc0NGE3M2Y0NmUyNTA5YWJjMjM1MWVhZjQ2YjJiMjM1ZDY4NzNmNTqAAn1xAShVDmlzX3N1cGVy\nX2FkbWlucQKIVQ1fYXV0aF91c2VyX2lkigEBVRJfYXV0aF91c2VyX2JhY2tlbmRVKWRqYW5nby5j\nb250cmliLmF1dGguYmFja2VuZHMuTW9kZWxCYWNrZW5kdS4=\n','2016-02-02 12:48:08'),('69790cb087bb162e2dc98bebf4e99dfc','ZDc0NGE3M2Y0NmUyNTA5YWJjMjM1MWVhZjQ2YjJiMjM1ZDY4NzNmNTqAAn1xAShVDmlzX3N1cGVy\nX2FkbWlucQKIVQ1fYXV0aF91c2VyX2lkigEBVRJfYXV0aF91c2VyX2JhY2tlbmRVKWRqYW5nby5j\nb250cmliLmF1dGguYmFja2VuZHMuTW9kZWxCYWNrZW5kdS4=\n','2016-01-16 10:48:18'),('6a804a78583f5dcabae1749671e221ec','ZDViYWEyZWYwZjU3NGY5ZjM3MDg4YzhmNWRlNTA2OWM4MjhiNWU5MDqAAn1xAShVEl9hdXRoX3Vz\nZXJfYmFja2VuZHECVSlkamFuZ28uY29udHJpYi5hdXRoLmJhY2tlbmRzLk1vZGVsQmFja2VuZHED\nVQ1fYXV0aF91c2VyX2lkcQSKAQF1Lg==\n','2016-02-01 10:39:36'),('6b4fdc7fc80d1ca515e03dad3efa667b','OWQ3MzVhMzUzMjRiYTlkM2Y0YTgyYWUzNjM4ZjE5ZDE5NGM0NjI3MjqAAn1xAShVEl9hdXRoX3Vz\nZXJfYmFja2VuZFUpZGphbmdvLmNvbnRyaWIuYXV0aC5iYWNrZW5kcy5Nb2RlbEJhY2tlbmRVDV9h\ndXRoX3VzZXJfaWSKAQJVDmlzX3N1cGVyX2FkbWlucQKJdS4=\n','2016-04-14 10:43:42'),('6e9c3c4ba02e9f6065f1d4254e92af56','ZDViYWEyZWYwZjU3NGY5ZjM3MDg4YzhmNWRlNTA2OWM4MjhiNWU5MDqAAn1xAShVEl9hdXRoX3Vz\nZXJfYmFja2VuZHECVSlkamFuZ28uY29udHJpYi5hdXRoLmJhY2tlbmRzLk1vZGVsQmFja2VuZHED\nVQ1fYXV0aF91c2VyX2lkcQSKAQF1Lg==\n','2016-03-29 10:51:20'),('6f1185dc584a4edc96e92fb51f221a1b','NjI5NGY3MjAyZmEzNWZjNTYxZmI5NjJkOGE5ZDk5MDdkY2VmY2VjNDqAAn1xAShVDmlzX3N1cGVy\nX2FkbWlucQKJVQ1fYXV0aF91c2VyX2lkigECVRJfYXV0aF91c2VyX2JhY2tlbmRVKWRqYW5nby5j\nb250cmliLmF1dGguYmFja2VuZHMuTW9kZWxCYWNrZW5kdS4=\n','2016-02-02 08:10:25'),('6f7e0817f893af76a7b0f01ad073ebe1','ZDc0NGE3M2Y0NmUyNTA5YWJjMjM1MWVhZjQ2YjJiMjM1ZDY4NzNmNTqAAn1xAShVDmlzX3N1cGVy\nX2FkbWlucQKIVQ1fYXV0aF91c2VyX2lkigEBVRJfYXV0aF91c2VyX2JhY2tlbmRVKWRqYW5nby5j\nb250cmliLmF1dGguYmFja2VuZHMuTW9kZWxCYWNrZW5kdS4=\n','2016-04-04 05:18:21'),('6ff52177c78453bb57a0a9b90630a7c9','NDE2OWJlMzc5MWE4NjRmNGUzZmIwNDJjNDY0MTQ1ZTUwYTNjOTkyMzqAAn1xAVUKdGVzdGNvb2tp\nZXECVQZ3b3JrZWRxA3Mu\n','2016-05-23 13:44:17'),('705ad92bbaa9d74a8a8313add219c4b0','ZDViYWEyZWYwZjU3NGY5ZjM3MDg4YzhmNWRlNTA2OWM4MjhiNWU5MDqAAn1xAShVEl9hdXRoX3Vz\nZXJfYmFja2VuZHECVSlkamFuZ28uY29udHJpYi5hdXRoLmJhY2tlbmRzLk1vZGVsQmFja2VuZHED\nVQ1fYXV0aF91c2VyX2lkcQSKAQF1Lg==\n','2016-02-02 02:20:16'),('70d0475a8834e092dd194d665c45ec19','ZDViYWEyZWYwZjU3NGY5ZjM3MDg4YzhmNWRlNTA2OWM4MjhiNWU5MDqAAn1xAShVEl9hdXRoX3Vz\nZXJfYmFja2VuZHECVSlkamFuZ28uY29udHJpYi5hdXRoLmJhY2tlbmRzLk1vZGVsQmFja2VuZHED\nVQ1fYXV0aF91c2VyX2lkcQSKAQF1Lg==\n','2015-10-12 15:55:16'),('71fd21e87def40ab3b8d325a4c8f736f','ZDViYWEyZWYwZjU3NGY5ZjM3MDg4YzhmNWRlNTA2OWM4MjhiNWU5MDqAAn1xAShVEl9hdXRoX3Vz\nZXJfYmFja2VuZHECVSlkamFuZ28uY29udHJpYi5hdXRoLmJhY2tlbmRzLk1vZGVsQmFja2VuZHED\nVQ1fYXV0aF91c2VyX2lkcQSKAQF1Lg==\n','2016-05-26 02:02:02'),('7241cb5ca7098a225541b4b2f8e8ac52','ZDViYWEyZWYwZjU3NGY5ZjM3MDg4YzhmNWRlNTA2OWM4MjhiNWU5MDqAAn1xAShVEl9hdXRoX3Vz\nZXJfYmFja2VuZHECVSlkamFuZ28uY29udHJpYi5hdXRoLmJhY2tlbmRzLk1vZGVsQmFja2VuZHED\nVQ1fYXV0aF91c2VyX2lkcQSKAQF1Lg==\n','2015-10-12 13:06:41'),('74734077b06d981a0e05267ea49e5f3c','ZDc0NGE3M2Y0NmUyNTA5YWJjMjM1MWVhZjQ2YjJiMjM1ZDY4NzNmNTqAAn1xAShVDmlzX3N1cGVy\nX2FkbWlucQKIVQ1fYXV0aF91c2VyX2lkigEBVRJfYXV0aF91c2VyX2JhY2tlbmRVKWRqYW5nby5j\nb250cmliLmF1dGguYmFja2VuZHMuTW9kZWxCYWNrZW5kdS4=\n','2016-05-18 12:50:49'),('77dbac853bfd879e3b42728f594d1cfa','ZDViYWEyZWYwZjU3NGY5ZjM3MDg4YzhmNWRlNTA2OWM4MjhiNWU5MDqAAn1xAShVEl9hdXRoX3Vz\nZXJfYmFja2VuZHECVSlkamFuZ28uY29udHJpYi5hdXRoLmJhY2tlbmRzLk1vZGVsQmFja2VuZHED\nVQ1fYXV0aF91c2VyX2lkcQSKAQF1Lg==\n','2015-10-25 16:26:33'),('78747cb4f24b2788d87151ce66b6ced1','ZDc0NGE3M2Y0NmUyNTA5YWJjMjM1MWVhZjQ2YjJiMjM1ZDY4NzNmNTqAAn1xAShVDmlzX3N1cGVy\nX2FkbWlucQKIVQ1fYXV0aF91c2VyX2lkigEBVRJfYXV0aF91c2VyX2JhY2tlbmRVKWRqYW5nby5j\nb250cmliLmF1dGguYmFja2VuZHMuTW9kZWxCYWNrZW5kdS4=\n','2015-12-09 09:11:09'),('78cb611d656b6358cc8654cc1ad6c3ac','ZDViYWEyZWYwZjU3NGY5ZjM3MDg4YzhmNWRlNTA2OWM4MjhiNWU5MDqAAn1xAShVEl9hdXRoX3Vz\nZXJfYmFja2VuZHECVSlkamFuZ28uY29udHJpYi5hdXRoLmJhY2tlbmRzLk1vZGVsQmFja2VuZHED\nVQ1fYXV0aF91c2VyX2lkcQSKAQF1Lg==\n','2016-02-05 13:16:25'),('78d1f8b7b9f115c3a2575d154935cf47','OWQ3MzVhMzUzMjRiYTlkM2Y0YTgyYWUzNjM4ZjE5ZDE5NGM0NjI3MjqAAn1xAShVEl9hdXRoX3Vz\nZXJfYmFja2VuZFUpZGphbmdvLmNvbnRyaWIuYXV0aC5iYWNrZW5kcy5Nb2RlbEJhY2tlbmRVDV9h\ndXRoX3VzZXJfaWSKAQJVDmlzX3N1cGVyX2FkbWlucQKJdS4=\n','2016-02-04 17:25:42'),('7960a1e684d25b0b42be18040911d1ff','ZDc0NGE3M2Y0NmUyNTA5YWJjMjM1MWVhZjQ2YjJiMjM1ZDY4NzNmNTqAAn1xAShVDmlzX3N1cGVy\nX2FkbWlucQKIVQ1fYXV0aF91c2VyX2lkigEBVRJfYXV0aF91c2VyX2JhY2tlbmRVKWRqYW5nby5j\nb250cmliLmF1dGguYmFja2VuZHMuTW9kZWxCYWNrZW5kdS4=\n','2016-05-27 06:32:58'),('7a509e51a94b646705189471be2a30f4','Njc3MzJjMDAyZjc1YzgyMDg3ODc4ZmYzMDkxZjMyY2Q1ZTYyYWVkZDqAAn1xAShVCnRlc3Rjb29r\naWVxAlUGd29ya2VkcQNVDV9hdXRoX3VzZXJfaWSKAQJVEl9hdXRoX3VzZXJfYmFja2VuZFUpZGph\nbmdvLmNvbnRyaWIuYXV0aC5iYWNrZW5kcy5Nb2RlbEJhY2tlbmR1Lg==\n','2015-10-14 05:26:57'),('7a6937342fbe46df4cc546c8f64c2507','NDkyNDBhMGZiYjU3N2VkNGM1YmY0ODEyZGMwMDNiOWU2ZDQxMWMzNDqAAn1xAShVEl9hdXRoX3Vz\nZXJfYmFja2VuZHECVSlkamFuZ28uY29udHJpYi5hdXRoLmJhY2tlbmRzLk1vZGVsQmFja2VuZHED\nVQ1fYXV0aF91c2VyX2lkcQSKAQJ1Lg==\n','2015-11-01 08:35:23'),('7a76df02cc19b894d52b2c9d39eff520','NDkyNDBhMGZiYjU3N2VkNGM1YmY0ODEyZGMwMDNiOWU2ZDQxMWMzNDqAAn1xAShVEl9hdXRoX3Vz\nZXJfYmFja2VuZHECVSlkamFuZ28uY29udHJpYi5hdXRoLmJhY2tlbmRzLk1vZGVsQmFja2VuZHED\nVQ1fYXV0aF91c2VyX2lkcQSKAQJ1Lg==\n','2015-10-28 15:13:39'),('7b473fc2da669c7ff393a293806c211c','NWFhOTA3MDgxNGY3NzgzNDYxY2RlNzEzMjY3Y2ViZDE0YWNiMmVkOTqAAn1xAShVCnRlc3Rjb29r\naWVxAlUGd29ya2VkcQNVDV9hdXRoX3VzZXJfaWSKAQFVEl9hdXRoX3VzZXJfYmFja2VuZFUpZGph\nbmdvLmNvbnRyaWIuYXV0aC5iYWNrZW5kcy5Nb2RlbEJhY2tlbmR1Lg==\n','2016-02-05 03:19:20'),('7b90349fcbe4c865cb20b191b8ab90c5','ZDViYWEyZWYwZjU3NGY5ZjM3MDg4YzhmNWRlNTA2OWM4MjhiNWU5MDqAAn1xAShVEl9hdXRoX3Vz\nZXJfYmFja2VuZHECVSlkamFuZ28uY29udHJpYi5hdXRoLmJhY2tlbmRzLk1vZGVsQmFja2VuZHED\nVQ1fYXV0aF91c2VyX2lkcQSKAQF1Lg==\n','2016-02-02 03:00:49'),('7e03cc6ce4aa69bef332140c79af7c3b','Njc3MzJjMDAyZjc1YzgyMDg3ODc4ZmYzMDkxZjMyY2Q1ZTYyYWVkZDqAAn1xAShVCnRlc3Rjb29r\naWVxAlUGd29ya2VkcQNVDV9hdXRoX3VzZXJfaWSKAQJVEl9hdXRoX3VzZXJfYmFja2VuZFUpZGph\nbmdvLmNvbnRyaWIuYXV0aC5iYWNrZW5kcy5Nb2RlbEJhY2tlbmR1Lg==\n','2015-11-01 02:43:06'),('7e18ba29739eef4f9c3ea695e238eeab','OWQ3MzVhMzUzMjRiYTlkM2Y0YTgyYWUzNjM4ZjE5ZDE5NGM0NjI3MjqAAn1xAShVEl9hdXRoX3Vz\nZXJfYmFja2VuZFUpZGphbmdvLmNvbnRyaWIuYXV0aC5iYWNrZW5kcy5Nb2RlbEJhY2tlbmRVDV9h\ndXRoX3VzZXJfaWSKAQJVDmlzX3N1cGVyX2FkbWlucQKJdS4=\n','2016-03-29 08:42:27'),('7edaf9326a0f738ab7e419a6903b2688','ZDc0NGE3M2Y0NmUyNTA5YWJjMjM1MWVhZjQ2YjJiMjM1ZDY4NzNmNTqAAn1xAShVDmlzX3N1cGVy\nX2FkbWlucQKIVQ1fYXV0aF91c2VyX2lkigEBVRJfYXV0aF91c2VyX2JhY2tlbmRVKWRqYW5nby5j\nb250cmliLmF1dGguYmFja2VuZHMuTW9kZWxCYWNrZW5kdS4=\n','2016-04-01 10:36:17'),('7ee7e95b3e18950f1d9eca738592c6ac','NjI5NGY3MjAyZmEzNWZjNTYxZmI5NjJkOGE5ZDk5MDdkY2VmY2VjNDqAAn1xAShVDmlzX3N1cGVy\nX2FkbWlucQKJVQ1fYXV0aF91c2VyX2lkigECVRJfYXV0aF91c2VyX2JhY2tlbmRVKWRqYW5nby5j\nb250cmliLmF1dGguYmFja2VuZHMuTW9kZWxCYWNrZW5kdS4=\n','2016-02-02 02:39:32'),('7f99adf2e996a2759ff2f9022163965b','ZDc0NGE3M2Y0NmUyNTA5YWJjMjM1MWVhZjQ2YjJiMjM1ZDY4NzNmNTqAAn1xAShVDmlzX3N1cGVy\nX2FkbWlucQKIVQ1fYXV0aF91c2VyX2lkigEBVRJfYXV0aF91c2VyX2JhY2tlbmRVKWRqYW5nby5j\nb250cmliLmF1dGguYmFja2VuZHMuTW9kZWxCYWNrZW5kdS4=\n','2016-06-04 13:09:08'),('80def0eecdf11a6cca8ca058f19e7ff8','NjI5NGY3MjAyZmEzNWZjNTYxZmI5NjJkOGE5ZDk5MDdkY2VmY2VjNDqAAn1xAShVDmlzX3N1cGVy\nX2FkbWlucQKJVQ1fYXV0aF91c2VyX2lkigECVRJfYXV0aF91c2VyX2JhY2tlbmRVKWRqYW5nby5j\nb250cmliLmF1dGguYmFja2VuZHMuTW9kZWxCYWNrZW5kdS4=\n','2016-02-03 07:37:03'),('82797de59e90c4b7d3f4713b79b5e2ec','MjE4OTJkN2QyMmU0ODEyZDEyMWZiODM2YWVjNjRiZWU0OGQ0NGMyMjqAAn1xAShVEl9hdXRoX3Vz\nZXJfYmFja2VuZFUpZGphbmdvLmNvbnRyaWIuYXV0aC5iYWNrZW5kcy5Nb2RlbEJhY2tlbmRxAlUN\nX2F1dGhfdXNlcl9pZIoBAnUu\n','2015-11-02 05:54:07'),('83d74d51a798c222426d36ea8cbbe69d','Njc3MzJjMDAyZjc1YzgyMDg3ODc4ZmYzMDkxZjMyY2Q1ZTYyYWVkZDqAAn1xAShVCnRlc3Rjb29r\naWVxAlUGd29ya2VkcQNVDV9hdXRoX3VzZXJfaWSKAQJVEl9hdXRoX3VzZXJfYmFja2VuZFUpZGph\nbmdvLmNvbnRyaWIuYXV0aC5iYWNrZW5kcy5Nb2RlbEJhY2tlbmR1Lg==\n','2015-11-23 02:35:51'),('86802c71d18cafacced7c0bd3f8ceab2','NjI5NGY3MjAyZmEzNWZjNTYxZmI5NjJkOGE5ZDk5MDdkY2VmY2VjNDqAAn1xAShVDmlzX3N1cGVy\nX2FkbWlucQKJVQ1fYXV0aF91c2VyX2lkigECVRJfYXV0aF91c2VyX2JhY2tlbmRVKWRqYW5nby5j\nb250cmliLmF1dGguYmFja2VuZHMuTW9kZWxCYWNrZW5kdS4=\n','2016-05-01 10:32:36'),('86cea1d4442a24378a05218536418e1f','ZDViYWEyZWYwZjU3NGY5ZjM3MDg4YzhmNWRlNTA2OWM4MjhiNWU5MDqAAn1xAShVEl9hdXRoX3Vz\nZXJfYmFja2VuZHECVSlkamFuZ28uY29udHJpYi5hdXRoLmJhY2tlbmRzLk1vZGVsQmFja2VuZHED\nVQ1fYXV0aF91c2VyX2lkcQSKAQF1Lg==\n','2015-10-10 10:18:28'),('88fae83b03193167c6e1c8f494936aba','MjljZTBjOGIwOGQyZmU0MTYwZTIwMjY5ZGUyOTU1YjE2MzcyY2MzNzqAAn1xAShVEl9hdXRoX3Vz\nZXJfYmFja2VuZFUpZGphbmdvLmNvbnRyaWIuYXV0aC5iYWNrZW5kcy5Nb2RlbEJhY2tlbmRVCnRl\nc3Rjb29raWVxAlUGd29ya2VkcQNVDV9hdXRoX3VzZXJfaWSKAQFVDmlzX3N1cGVyX2FkbWluiHUu\n','2015-12-17 05:27:50'),('8914dc0580f3274feab559b192cbb038','NDE2OWJlMzc5MWE4NjRmNGUzZmIwNDJjNDY0MTQ1ZTUwYTNjOTkyMzqAAn1xAVUKdGVzdGNvb2tp\nZXECVQZ3b3JrZWRxA3Mu\n','2015-10-28 15:13:28'),('8a1e5c24022e688eb8d3ef3086640e8f','ODQ0OTJiZjkyOTRlZWE1ZDI5NDZkNDFhMDZkN2M1YWIyOWM4ZDU4ZjqAAn1xAShVEl9hdXRoX3Vz\nZXJfYmFja2VuZFUpZGphbmdvLmNvbnRyaWIuYXV0aC5iYWNrZW5kcy5Nb2RlbEJhY2tlbmRxAlUN\nX2F1dGhfdXNlcl9pZIoBAXUu\n','2015-10-22 07:52:54'),('8a480a24bf2483f479b2aff20f748c5d','ZDViYWEyZWYwZjU3NGY5ZjM3MDg4YzhmNWRlNTA2OWM4MjhiNWU5MDqAAn1xAShVEl9hdXRoX3Vz\nZXJfYmFja2VuZHECVSlkamFuZ28uY29udHJpYi5hdXRoLmJhY2tlbmRzLk1vZGVsQmFja2VuZHED\nVQ1fYXV0aF91c2VyX2lkcQSKAQF1Lg==\n','2015-10-23 03:28:07'),('8ab1c8ac657b1681e2677911f13a1c25','NDkyNDBhMGZiYjU3N2VkNGM1YmY0ODEyZGMwMDNiOWU2ZDQxMWMzNDqAAn1xAShVEl9hdXRoX3Vz\nZXJfYmFja2VuZHECVSlkamFuZ28uY29udHJpYi5hdXRoLmJhY2tlbmRzLk1vZGVsQmFja2VuZHED\nVQ1fYXV0aF91c2VyX2lkcQSKAQJ1Lg==\n','2015-10-21 14:41:19'),('8be2a8c03556e320f85d9e6a533854e0','NjI5NGY3MjAyZmEzNWZjNTYxZmI5NjJkOGE5ZDk5MDdkY2VmY2VjNDqAAn1xAShVDmlzX3N1cGVy\nX2FkbWlucQKJVQ1fYXV0aF91c2VyX2lkigECVRJfYXV0aF91c2VyX2JhY2tlbmRVKWRqYW5nby5j\nb250cmliLmF1dGguYmFja2VuZHMuTW9kZWxCYWNrZW5kdS4=\n','2016-04-26 14:15:53'),('8c77b81d7cf2258ae5ccb02110aa6f2d','NjI5NGY3MjAyZmEzNWZjNTYxZmI5NjJkOGE5ZDk5MDdkY2VmY2VjNDqAAn1xAShVDmlzX3N1cGVy\nX2FkbWlucQKJVQ1fYXV0aF91c2VyX2lkigECVRJfYXV0aF91c2VyX2JhY2tlbmRVKWRqYW5nby5j\nb250cmliLmF1dGguYmFja2VuZHMuTW9kZWxCYWNrZW5kdS4=\n','2016-02-01 08:04:15'),('8d0534d4bffe620342ade9a06429f321','ZDc0NGE3M2Y0NmUyNTA5YWJjMjM1MWVhZjQ2YjJiMjM1ZDY4NzNmNTqAAn1xAShVDmlzX3N1cGVy\nX2FkbWlucQKIVQ1fYXV0aF91c2VyX2lkigEBVRJfYXV0aF91c2VyX2JhY2tlbmRVKWRqYW5nby5j\nb250cmliLmF1dGguYmFja2VuZHMuTW9kZWxCYWNrZW5kdS4=\n','2016-05-30 18:55:17'),('8d0772c693917d87a3a4aca47d7cdb8e','OWQ3MzVhMzUzMjRiYTlkM2Y0YTgyYWUzNjM4ZjE5ZDE5NGM0NjI3MjqAAn1xAShVEl9hdXRoX3Vz\nZXJfYmFja2VuZFUpZGphbmdvLmNvbnRyaWIuYXV0aC5iYWNrZW5kcy5Nb2RlbEJhY2tlbmRVDV9h\ndXRoX3VzZXJfaWSKAQJVDmlzX3N1cGVyX2FkbWlucQKJdS4=\n','2016-02-09 09:52:44'),('8dacbb571becf0b086eb4d52cd17112a','ZDViYWEyZWYwZjU3NGY5ZjM3MDg4YzhmNWRlNTA2OWM4MjhiNWU5MDqAAn1xAShVEl9hdXRoX3Vz\nZXJfYmFja2VuZHECVSlkamFuZ28uY29udHJpYi5hdXRoLmJhY2tlbmRzLk1vZGVsQmFja2VuZHED\nVQ1fYXV0aF91c2VyX2lkcQSKAQF1Lg==\n','2015-12-01 01:22:38'),('8e921114f6aed835a6f92ec8bec3c0f7','MjE4OTJkN2QyMmU0ODEyZDEyMWZiODM2YWVjNjRiZWU0OGQ0NGMyMjqAAn1xAShVEl9hdXRoX3Vz\nZXJfYmFja2VuZFUpZGphbmdvLmNvbnRyaWIuYXV0aC5iYWNrZW5kcy5Nb2RlbEJhY2tlbmRxAlUN\nX2F1dGhfdXNlcl9pZIoBAnUu\n','2015-11-26 15:25:17'),('8f423ece44f0d0f02d9f89ff585f4e5a','OWQ3MzVhMzUzMjRiYTlkM2Y0YTgyYWUzNjM4ZjE5ZDE5NGM0NjI3MjqAAn1xAShVEl9hdXRoX3Vz\nZXJfYmFja2VuZFUpZGphbmdvLmNvbnRyaWIuYXV0aC5iYWNrZW5kcy5Nb2RlbEJhY2tlbmRVDV9h\ndXRoX3VzZXJfaWSKAQJVDmlzX3N1cGVyX2FkbWlucQKJdS4=\n','2016-02-10 05:54:48'),('90baef86d5b9d4cdf7516957ef4b9903','ZDViYWEyZWYwZjU3NGY5ZjM3MDg4YzhmNWRlNTA2OWM4MjhiNWU5MDqAAn1xAShVEl9hdXRoX3Vz\nZXJfYmFja2VuZHECVSlkamFuZ28uY29udHJpYi5hdXRoLmJhY2tlbmRzLk1vZGVsQmFja2VuZHED\nVQ1fYXV0aF91c2VyX2lkcQSKAQF1Lg==\n','2016-05-24 14:26:31'),('90f4308b36c3e4b4258bf0def859141d','NjI5NGY3MjAyZmEzNWZjNTYxZmI5NjJkOGE5ZDk5MDdkY2VmY2VjNDqAAn1xAShVDmlzX3N1cGVy\nX2FkbWlucQKJVQ1fYXV0aF91c2VyX2lkigECVRJfYXV0aF91c2VyX2JhY2tlbmRVKWRqYW5nby5j\nb250cmliLmF1dGguYmFja2VuZHMuTW9kZWxCYWNrZW5kdS4=\n','2016-05-28 07:25:44'),('921792b4997a4f9c79209a0a85ed44d9','NjI5NGY3MjAyZmEzNWZjNTYxZmI5NjJkOGE5ZDk5MDdkY2VmY2VjNDqAAn1xAShVDmlzX3N1cGVy\nX2FkbWlucQKJVQ1fYXV0aF91c2VyX2lkigECVRJfYXV0aF91c2VyX2JhY2tlbmRVKWRqYW5nby5j\nb250cmliLmF1dGguYmFja2VuZHMuTW9kZWxCYWNrZW5kdS4=\n','2015-11-30 09:02:20'),('952aa57e8a76fdcb8f986720a9219a09','ZDc0NGE3M2Y0NmUyNTA5YWJjMjM1MWVhZjQ2YjJiMjM1ZDY4NzNmNTqAAn1xAShVDmlzX3N1cGVy\nX2FkbWlucQKIVQ1fYXV0aF91c2VyX2lkigEBVRJfYXV0aF91c2VyX2JhY2tlbmRVKWRqYW5nby5j\nb250cmliLmF1dGguYmFja2VuZHMuTW9kZWxCYWNrZW5kdS4=\n','2016-06-02 03:04:27'),('964d12f1dcd77f62a525d351d0e05a15','NDkyNDBhMGZiYjU3N2VkNGM1YmY0ODEyZGMwMDNiOWU2ZDQxMWMzNDqAAn1xAShVEl9hdXRoX3Vz\nZXJfYmFja2VuZHECVSlkamFuZ28uY29udHJpYi5hdXRoLmJhY2tlbmRzLk1vZGVsQmFja2VuZHED\nVQ1fYXV0aF91c2VyX2lkcQSKAQJ1Lg==\n','2015-11-02 07:26:13'),('96e25065df4120454679e189fb876a20','NDE2OWJlMzc5MWE4NjRmNGUzZmIwNDJjNDY0MTQ1ZTUwYTNjOTkyMzqAAn1xAVUKdGVzdGNvb2tp\nZXECVQZ3b3JrZWRxA3Mu\n','2016-05-18 02:41:50'),('96f6f44a813cfb4cd20050199b09f933','NDkyNDBhMGZiYjU3N2VkNGM1YmY0ODEyZGMwMDNiOWU2ZDQxMWMzNDqAAn1xAShVEl9hdXRoX3Vz\nZXJfYmFja2VuZHECVSlkamFuZ28uY29udHJpYi5hdXRoLmJhY2tlbmRzLk1vZGVsQmFja2VuZHED\nVQ1fYXV0aF91c2VyX2lkcQSKAQJ1Lg==\n','2015-11-01 07:28:26'),('97b877690bc9f4c998c5f1ed1a00f629','ZDViYWEyZWYwZjU3NGY5ZjM3MDg4YzhmNWRlNTA2OWM4MjhiNWU5MDqAAn1xAShVEl9hdXRoX3Vz\nZXJfYmFja2VuZHECVSlkamFuZ28uY29udHJpYi5hdXRoLmJhY2tlbmRzLk1vZGVsQmFja2VuZHED\nVQ1fYXV0aF91c2VyX2lkcQSKAQF1Lg==\n','2016-05-24 17:10:05'),('9817123cac013ae2e1d3cad2eff79994','MzhiNDUzMTVlN2NiYjYyNjFiMDEwYzlmNjQ5ZWNjYTZlMDNiOTFlZDqAAn1xAShVEl9hdXRoX3Vz\nZXJfYmFja2VuZFUpZGphbmdvLmNvbnRyaWIuYXV0aC5iYWNrZW5kcy5Nb2RlbEJhY2tlbmRVDV9h\ndXRoX3VzZXJfaWSKAQFVDmlzX3N1cGVyX2FkbWlucQKIdS4=\n','2016-02-10 02:09:15'),('988dc00090fab5b61c053d86c84f1785','NjI5NGY3MjAyZmEzNWZjNTYxZmI5NjJkOGE5ZDk5MDdkY2VmY2VjNDqAAn1xAShVDmlzX3N1cGVy\nX2FkbWlucQKJVQ1fYXV0aF91c2VyX2lkigECVRJfYXV0aF91c2VyX2JhY2tlbmRVKWRqYW5nby5j\nb250cmliLmF1dGguYmFja2VuZHMuTW9kZWxCYWNrZW5kdS4=\n','2016-02-02 15:53:14'),('99932d7dc9f0f1a2fae17e153f3f33e8','NjI5NGY3MjAyZmEzNWZjNTYxZmI5NjJkOGE5ZDk5MDdkY2VmY2VjNDqAAn1xAShVDmlzX3N1cGVy\nX2FkbWlucQKJVQ1fYXV0aF91c2VyX2lkigECVRJfYXV0aF91c2VyX2JhY2tlbmRVKWRqYW5nby5j\nb250cmliLmF1dGguYmFja2VuZHMuTW9kZWxCYWNrZW5kdS4=\n','2016-05-15 14:10:03'),('9a3301a06c0ce366acc2a9e77344aab0','NDkyNDBhMGZiYjU3N2VkNGM1YmY0ODEyZGMwMDNiOWU2ZDQxMWMzNDqAAn1xAShVEl9hdXRoX3Vz\nZXJfYmFja2VuZHECVSlkamFuZ28uY29udHJpYi5hdXRoLmJhY2tlbmRzLk1vZGVsQmFja2VuZHED\nVQ1fYXV0aF91c2VyX2lkcQSKAQJ1Lg==\n','2015-11-17 01:06:36'),('9beda90e358d89356982431c1ce5cbd3','ZDViYWEyZWYwZjU3NGY5ZjM3MDg4YzhmNWRlNTA2OWM4MjhiNWU5MDqAAn1xAShVEl9hdXRoX3Vz\nZXJfYmFja2VuZHECVSlkamFuZ28uY29udHJpYi5hdXRoLmJhY2tlbmRzLk1vZGVsQmFja2VuZHED\nVQ1fYXV0aF91c2VyX2lkcQSKAQF1Lg==\n','2015-11-19 15:15:51'),('9c149adc52fe155281531eeb56dd6dee','ZDc0NGE3M2Y0NmUyNTA5YWJjMjM1MWVhZjQ2YjJiMjM1ZDY4NzNmNTqAAn1xAShVDmlzX3N1cGVy\nX2FkbWlucQKIVQ1fYXV0aF91c2VyX2lkigEBVRJfYXV0aF91c2VyX2JhY2tlbmRVKWRqYW5nby5j\nb250cmliLmF1dGguYmFja2VuZHMuTW9kZWxCYWNrZW5kdS4=\n','2015-12-09 01:34:57'),('9c2884ce19dc83e7a2bdae3baa9c8035','OWQ3MzVhMzUzMjRiYTlkM2Y0YTgyYWUzNjM4ZjE5ZDE5NGM0NjI3MjqAAn1xAShVEl9hdXRoX3Vz\nZXJfYmFja2VuZFUpZGphbmdvLmNvbnRyaWIuYXV0aC5iYWNrZW5kcy5Nb2RlbEJhY2tlbmRVDV9h\ndXRoX3VzZXJfaWSKAQJVDmlzX3N1cGVyX2FkbWlucQKJdS4=\n','2016-05-28 07:25:00'),('9cd5c34db5c0c26a74447b3555450397','NjI5NGY3MjAyZmEzNWZjNTYxZmI5NjJkOGE5ZDk5MDdkY2VmY2VjNDqAAn1xAShVDmlzX3N1cGVy\nX2FkbWlucQKJVQ1fYXV0aF91c2VyX2lkigECVRJfYXV0aF91c2VyX2JhY2tlbmRVKWRqYW5nby5j\nb250cmliLmF1dGguYmFja2VuZHMuTW9kZWxCYWNrZW5kdS4=\n','2016-02-13 08:24:30'),('9cfe4d98228b145132a548ad9814ca16','ZDViYWEyZWYwZjU3NGY5ZjM3MDg4YzhmNWRlNTA2OWM4MjhiNWU5MDqAAn1xAShVEl9hdXRoX3Vz\nZXJfYmFja2VuZHECVSlkamFuZ28uY29udHJpYi5hdXRoLmJhY2tlbmRzLk1vZGVsQmFja2VuZHED\nVQ1fYXV0aF91c2VyX2lkcQSKAQF1Lg==\n','2016-03-24 15:21:29'),('9d2bb3da22fd2522a3de85e99db8fe7d','NjI5NGY3MjAyZmEzNWZjNTYxZmI5NjJkOGE5ZDk5MDdkY2VmY2VjNDqAAn1xAShVDmlzX3N1cGVy\nX2FkbWlucQKJVQ1fYXV0aF91c2VyX2lkigECVRJfYXV0aF91c2VyX2JhY2tlbmRVKWRqYW5nby5j\nb250cmliLmF1dGguYmFja2VuZHMuTW9kZWxCYWNrZW5kdS4=\n','2016-02-02 03:16:48'),('9d6295d41eae2123355582579d676f28','NjI5NGY3MjAyZmEzNWZjNTYxZmI5NjJkOGE5ZDk5MDdkY2VmY2VjNDqAAn1xAShVDmlzX3N1cGVy\nX2FkbWlucQKJVQ1fYXV0aF91c2VyX2lkigECVRJfYXV0aF91c2VyX2JhY2tlbmRVKWRqYW5nby5j\nb250cmliLmF1dGguYmFja2VuZHMuTW9kZWxCYWNrZW5kdS4=\n','2016-02-02 08:16:57'),('a1200cf43aab1b55fecb8639ff8808eb','NDE2OWJlMzc5MWE4NjRmNGUzZmIwNDJjNDY0MTQ1ZTUwYTNjOTkyMzqAAn1xAVUKdGVzdGNvb2tp\nZXECVQZ3b3JrZWRxA3Mu\n','2016-02-02 02:20:23'),('a197d4453627b163e321cb01da5810ee','NDkyNDBhMGZiYjU3N2VkNGM1YmY0ODEyZGMwMDNiOWU2ZDQxMWMzNDqAAn1xAShVEl9hdXRoX3Vz\nZXJfYmFja2VuZHECVSlkamFuZ28uY29udHJpYi5hdXRoLmJhY2tlbmRzLk1vZGVsQmFja2VuZHED\nVQ1fYXV0aF91c2VyX2lkcQSKAQJ1Lg==\n','2015-10-29 15:01:49'),('a1fc4709ffb35f84f71837b75ef5360c','NWFhOTA3MDgxNGY3NzgzNDYxY2RlNzEzMjY3Y2ViZDE0YWNiMmVkOTqAAn1xAShVCnRlc3Rjb29r\naWVxAlUGd29ya2VkcQNVDV9hdXRoX3VzZXJfaWSKAQFVEl9hdXRoX3VzZXJfYmFja2VuZFUpZGph\nbmdvLmNvbnRyaWIuYXV0aC5iYWNrZW5kcy5Nb2RlbEJhY2tlbmR1Lg==\n','2015-10-21 15:03:03'),('a205d8154d90efb470dfe8867829ff5e','NDEwODIyMTQzMjFkMjYxYTI3Yzc0YjJlM2I4MDY2NDMxNzNhN2Q0NjqAAn1xAShVDV9hdXRoX3Vz\nZXJfaWSKAQJVEl9hdXRoX3VzZXJfYmFja2VuZFUpZGphbmdvLmNvbnRyaWIuYXV0aC5iYWNrZW5k\ncy5Nb2RlbEJhY2tlbmRVDmlzX3N1cGVyX2FkbWlucQKJdS4=\n','2015-12-16 07:14:07'),('a21e96632c3f40da44bdd4e6b76888d1','NDE2OWJlMzc5MWE4NjRmNGUzZmIwNDJjNDY0MTQ1ZTUwYTNjOTkyMzqAAn1xAVUKdGVzdGNvb2tp\nZXECVQZ3b3JrZWRxA3Mu\n','2015-11-02 07:26:09'),('a22360194b20610e51b090e286248356','NjI5NGY3MjAyZmEzNWZjNTYxZmI5NjJkOGE5ZDk5MDdkY2VmY2VjNDqAAn1xAShVDmlzX3N1cGVy\nX2FkbWlucQKJVQ1fYXV0aF91c2VyX2lkigECVRJfYXV0aF91c2VyX2JhY2tlbmRVKWRqYW5nby5j\nb250cmliLmF1dGguYmFja2VuZHMuTW9kZWxCYWNrZW5kdS4=\n','2016-03-24 15:20:41'),('a36877527a071902f017ae089753f80f','NDkyNDBhMGZiYjU3N2VkNGM1YmY0ODEyZGMwMDNiOWU2ZDQxMWMzNDqAAn1xAShVEl9hdXRoX3Vz\nZXJfYmFja2VuZHECVSlkamFuZ28uY29udHJpYi5hdXRoLmJhY2tlbmRzLk1vZGVsQmFja2VuZHED\nVQ1fYXV0aF91c2VyX2lkcQSKAQJ1Lg==\n','2015-11-23 16:54:36'),('a3dc44a1ed306f7a29360bacdbb2137a','ZDc0NGE3M2Y0NmUyNTA5YWJjMjM1MWVhZjQ2YjJiMjM1ZDY4NzNmNTqAAn1xAShVDmlzX3N1cGVy\nX2FkbWlucQKIVQ1fYXV0aF91c2VyX2lkigEBVRJfYXV0aF91c2VyX2JhY2tlbmRVKWRqYW5nby5j\nb250cmliLmF1dGguYmFja2VuZHMuTW9kZWxCYWNrZW5kdS4=\n','2016-04-02 03:55:04'),('a4c0a1725b5b2c4d6959d0ec97a94880','ZDViYWEyZWYwZjU3NGY5ZjM3MDg4YzhmNWRlNTA2OWM4MjhiNWU5MDqAAn1xAShVEl9hdXRoX3Vz\nZXJfYmFja2VuZHECVSlkamFuZ28uY29udHJpYi5hdXRoLmJhY2tlbmRzLk1vZGVsQmFja2VuZHED\nVQ1fYXV0aF91c2VyX2lkcQSKAQF1Lg==\n','2015-12-01 08:32:22'),('a5669c3b7757695b17dce2ccc2783517','NjI5NGY3MjAyZmEzNWZjNTYxZmI5NjJkOGE5ZDk5MDdkY2VmY2VjNDqAAn1xAShVDmlzX3N1cGVy\nX2FkbWlucQKJVQ1fYXV0aF91c2VyX2lkigECVRJfYXV0aF91c2VyX2JhY2tlbmRVKWRqYW5nby5j\nb250cmliLmF1dGguYmFja2VuZHMuTW9kZWxCYWNrZW5kdS4=\n','2015-12-01 07:54:07'),('a56d1ed45fd2f41389ee99371451c681','NjI5NGY3MjAyZmEzNWZjNTYxZmI5NjJkOGE5ZDk5MDdkY2VmY2VjNDqAAn1xAShVDmlzX3N1cGVy\nX2FkbWlucQKJVQ1fYXV0aF91c2VyX2lkigECVRJfYXV0aF91c2VyX2JhY2tlbmRVKWRqYW5nby5j\nb250cmliLmF1dGguYmFja2VuZHMuTW9kZWxCYWNrZW5kdS4=\n','2016-05-31 15:54:58'),('a69aeaec11307ae6d796167295da8353','MjE4OTJkN2QyMmU0ODEyZDEyMWZiODM2YWVjNjRiZWU0OGQ0NGMyMjqAAn1xAShVEl9hdXRoX3Vz\nZXJfYmFja2VuZFUpZGphbmdvLmNvbnRyaWIuYXV0aC5iYWNrZW5kcy5Nb2RlbEJhY2tlbmRxAlUN\nX2F1dGhfdXNlcl9pZIoBAnUu\n','2015-10-31 07:41:38'),('a6ce6806c8e410c1c3022771da225aa3','NjI5NGY3MjAyZmEzNWZjNTYxZmI5NjJkOGE5ZDk5MDdkY2VmY2VjNDqAAn1xAShVDmlzX3N1cGVy\nX2FkbWlucQKJVQ1fYXV0aF91c2VyX2lkigECVRJfYXV0aF91c2VyX2JhY2tlbmRVKWRqYW5nby5j\nb250cmliLmF1dGguYmFja2VuZHMuTW9kZWxCYWNrZW5kdS4=\n','2016-03-22 07:01:32'),('a93116305c96e3f9bbd96b7bb7c74f9e','NjI5NGY3MjAyZmEzNWZjNTYxZmI5NjJkOGE5ZDk5MDdkY2VmY2VjNDqAAn1xAShVDmlzX3N1cGVy\nX2FkbWlucQKJVQ1fYXV0aF91c2VyX2lkigECVRJfYXV0aF91c2VyX2JhY2tlbmRVKWRqYW5nby5j\nb250cmliLmF1dGguYmFja2VuZHMuTW9kZWxCYWNrZW5kdS4=\n','2016-03-28 15:20:46'),('aabc3a33892182d75cf46a8776aeb9e3','ZDc0NGE3M2Y0NmUyNTA5YWJjMjM1MWVhZjQ2YjJiMjM1ZDY4NzNmNTqAAn1xAShVDmlzX3N1cGVy\nX2FkbWlucQKIVQ1fYXV0aF91c2VyX2lkigEBVRJfYXV0aF91c2VyX2JhY2tlbmRVKWRqYW5nby5j\nb250cmliLmF1dGguYmFja2VuZHMuTW9kZWxCYWNrZW5kdS4=\n','2016-05-21 03:19:40'),('aae2c071a723cb8c101451b067fa97bb','ZDViYWEyZWYwZjU3NGY5ZjM3MDg4YzhmNWRlNTA2OWM4MjhiNWU5MDqAAn1xAShVEl9hdXRoX3Vz\nZXJfYmFja2VuZHECVSlkamFuZ28uY29udHJpYi5hdXRoLmJhY2tlbmRzLk1vZGVsQmFja2VuZHED\nVQ1fYXV0aF91c2VyX2lkcQSKAQF1Lg==\n','2016-02-04 08:21:16'),('ab6afa40fcffe0f785013c831f9c0178','MjE4OTJkN2QyMmU0ODEyZDEyMWZiODM2YWVjNjRiZWU0OGQ0NGMyMjqAAn1xAShVEl9hdXRoX3Vz\nZXJfYmFja2VuZFUpZGphbmdvLmNvbnRyaWIuYXV0aC5iYWNrZW5kcy5Nb2RlbEJhY2tlbmRxAlUN\nX2F1dGhfdXNlcl9pZIoBAnUu\n','2015-10-31 13:12:44'),('abbabe6912076721418d3a87bf8b58d9','ZDViYWEyZWYwZjU3NGY5ZjM3MDg4YzhmNWRlNTA2OWM4MjhiNWU5MDqAAn1xAShVEl9hdXRoX3Vz\nZXJfYmFja2VuZHECVSlkamFuZ28uY29udHJpYi5hdXRoLmJhY2tlbmRzLk1vZGVsQmFja2VuZHED\nVQ1fYXV0aF91c2VyX2lkcQSKAQF1Lg==\n','2015-10-19 16:19:40'),('ac096a447d675c923e905770af3ae5cf','NjI5NGY3MjAyZmEzNWZjNTYxZmI5NjJkOGE5ZDk5MDdkY2VmY2VjNDqAAn1xAShVDmlzX3N1cGVy\nX2FkbWlucQKJVQ1fYXV0aF91c2VyX2lkigECVRJfYXV0aF91c2VyX2JhY2tlbmRVKWRqYW5nby5j\nb250cmliLmF1dGguYmFja2VuZHMuTW9kZWxCYWNrZW5kdS4=\n','2015-12-09 02:33:50'),('ac09bb8bc6c7148c0d326d76dbd15aef','ZDc0NGE3M2Y0NmUyNTA5YWJjMjM1MWVhZjQ2YjJiMjM1ZDY4NzNmNTqAAn1xAShVDmlzX3N1cGVy\nX2FkbWlucQKIVQ1fYXV0aF91c2VyX2lkigEBVRJfYXV0aF91c2VyX2JhY2tlbmRVKWRqYW5nby5j\nb250cmliLmF1dGguYmFja2VuZHMuTW9kZWxCYWNrZW5kdS4=\n','2016-01-30 15:52:55'),('ac658d619b9f3279f8dbeca33759140b','ZDc0NGE3M2Y0NmUyNTA5YWJjMjM1MWVhZjQ2YjJiMjM1ZDY4NzNmNTqAAn1xAShVDmlzX3N1cGVy\nX2FkbWlucQKIVQ1fYXV0aF91c2VyX2lkigEBVRJfYXV0aF91c2VyX2JhY2tlbmRVKWRqYW5nby5j\nb250cmliLmF1dGguYmFja2VuZHMuTW9kZWxCYWNrZW5kdS4=\n','2015-12-07 12:43:56'),('ad0f249a2d715c3648d01dcd39dfd99a','NDkyNDBhMGZiYjU3N2VkNGM1YmY0ODEyZGMwMDNiOWU2ZDQxMWMzNDqAAn1xAShVEl9hdXRoX3Vz\nZXJfYmFja2VuZHECVSlkamFuZ28uY29udHJpYi5hdXRoLmJhY2tlbmRzLk1vZGVsQmFja2VuZHED\nVQ1fYXV0aF91c2VyX2lkcQSKAQJ1Lg==\n','2015-11-10 10:47:28'),('adaf8623f863bda5ff6b338ffd3885f0','NjI5NGY3MjAyZmEzNWZjNTYxZmI5NjJkOGE5ZDk5MDdkY2VmY2VjNDqAAn1xAShVDmlzX3N1cGVy\nX2FkbWlucQKJVQ1fYXV0aF91c2VyX2lkigECVRJfYXV0aF91c2VyX2JhY2tlbmRVKWRqYW5nby5j\nb250cmliLmF1dGguYmFja2VuZHMuTW9kZWxCYWNrZW5kdS4=\n','2016-05-01 08:12:53'),('ae114b4fdcdd049a04488aa96a8b3867','ZDViYWEyZWYwZjU3NGY5ZjM3MDg4YzhmNWRlNTA2OWM4MjhiNWU5MDqAAn1xAShVEl9hdXRoX3Vz\nZXJfYmFja2VuZHECVSlkamFuZ28uY29udHJpYi5hdXRoLmJhY2tlbmRzLk1vZGVsQmFja2VuZHED\nVQ1fYXV0aF91c2VyX2lkcQSKAQF1Lg==\n','2015-11-28 12:58:45'),('aed1f1768e1d2e4aa112579daa4484d0','NWFhOTA3MDgxNGY3NzgzNDYxY2RlNzEzMjY3Y2ViZDE0YWNiMmVkOTqAAn1xAShVCnRlc3Rjb29r\naWVxAlUGd29ya2VkcQNVDV9hdXRoX3VzZXJfaWSKAQFVEl9hdXRoX3VzZXJfYmFja2VuZFUpZGph\nbmdvLmNvbnRyaWIuYXV0aC5iYWNrZW5kcy5Nb2RlbEJhY2tlbmR1Lg==\n','2015-10-12 02:05:24'),('af1a20f6123074ddefe2b7f45c16145b','ZDc0NGE3M2Y0NmUyNTA5YWJjMjM1MWVhZjQ2YjJiMjM1ZDY4NzNmNTqAAn1xAShVDmlzX3N1cGVy\nX2FkbWlucQKIVQ1fYXV0aF91c2VyX2lkigEBVRJfYXV0aF91c2VyX2JhY2tlbmRVKWRqYW5nby5j\nb250cmliLmF1dGguYmFja2VuZHMuTW9kZWxCYWNrZW5kdS4=\n','2016-01-05 02:53:16'),('af7311098c47b8455ac3119cacf309d5','ZDViYWEyZWYwZjU3NGY5ZjM3MDg4YzhmNWRlNTA2OWM4MjhiNWU5MDqAAn1xAShVEl9hdXRoX3Vz\nZXJfYmFja2VuZHECVSlkamFuZ28uY29udHJpYi5hdXRoLmJhY2tlbmRzLk1vZGVsQmFja2VuZHED\nVQ1fYXV0aF91c2VyX2lkcQSKAQF1Lg==\n','2015-11-18 03:59:52'),('b32f1bd49587418c5c95038c5b6f6654','NjI5NGY3MjAyZmEzNWZjNTYxZmI5NjJkOGE5ZDk5MDdkY2VmY2VjNDqAAn1xAShVDmlzX3N1cGVy\nX2FkbWlucQKJVQ1fYXV0aF91c2VyX2lkigECVRJfYXV0aF91c2VyX2JhY2tlbmRVKWRqYW5nby5j\nb250cmliLmF1dGguYmFja2VuZHMuTW9kZWxCYWNrZW5kdS4=\n','2015-11-27 09:24:29'),('b34cab581224901a09c6f3e8044de35d','Njc3MzJjMDAyZjc1YzgyMDg3ODc4ZmYzMDkxZjMyY2Q1ZTYyYWVkZDqAAn1xAShVCnRlc3Rjb29r\naWVxAlUGd29ya2VkcQNVDV9hdXRoX3VzZXJfaWSKAQJVEl9hdXRoX3VzZXJfYmFja2VuZFUpZGph\nbmdvLmNvbnRyaWIuYXV0aC5iYWNrZW5kcy5Nb2RlbEJhY2tlbmR1Lg==\n','2015-11-20 01:53:27'),('b3504630305f071c6a7b6c6a0d787919','ZDViYWEyZWYwZjU3NGY5ZjM3MDg4YzhmNWRlNTA2OWM4MjhiNWU5MDqAAn1xAShVEl9hdXRoX3Vz\nZXJfYmFja2VuZHECVSlkamFuZ28uY29udHJpYi5hdXRoLmJhY2tlbmRzLk1vZGVsQmFja2VuZHED\nVQ1fYXV0aF91c2VyX2lkcQSKAQF1Lg==\n','2015-10-12 17:37:56'),('b3dd645323b9c47b78d0869c18d985f2','MjE4OTJkN2QyMmU0ODEyZDEyMWZiODM2YWVjNjRiZWU0OGQ0NGMyMjqAAn1xAShVEl9hdXRoX3Vz\nZXJfYmFja2VuZFUpZGphbmdvLmNvbnRyaWIuYXV0aC5iYWNrZW5kcy5Nb2RlbEJhY2tlbmRxAlUN\nX2F1dGhfdXNlcl9pZIoBAnUu\n','2015-10-14 14:01:28'),('b428babe75c5773deab739fe0d0e9407','NDE2OWJlMzc5MWE4NjRmNGUzZmIwNDJjNDY0MTQ1ZTUwYTNjOTkyMzqAAn1xAVUKdGVzdGNvb2tp\nZXECVQZ3b3JrZWRxA3Mu\n','2016-05-18 13:09:50'),('b459b7687d23c79a7fcef2a93ab5d5b4','OGZkYzBlNTVlNmM5MmZkNDUwNTNmMzgwZjNkYTExMDAxY2FkZDhlYjqAAn1xAShVEl9hdXRoX3Vz\nZXJfYmFja2VuZFUpZGphbmdvLmNvbnRyaWIuYXV0aC5iYWNrZW5kcy5Nb2RlbEJhY2tlbmRVCnRl\nc3Rjb29raWVxAlUGd29ya2VkcQNVDV9hdXRoX3VzZXJfaWSKAQJVDmlzX3N1cGVyX2FkbWluiXUu\n','2016-05-31 07:44:54'),('b49bed47213349d90c313172efc75d97','ZDViYWEyZWYwZjU3NGY5ZjM3MDg4YzhmNWRlNTA2OWM4MjhiNWU5MDqAAn1xAShVEl9hdXRoX3Vz\nZXJfYmFja2VuZHECVSlkamFuZ28uY29udHJpYi5hdXRoLmJhY2tlbmRzLk1vZGVsQmFja2VuZHED\nVQ1fYXV0aF91c2VyX2lkcQSKAQF1Lg==\n','2016-01-05 07:34:05'),('b5cbf0dbc1273549b0fa667b2e06441c','ZDViYWEyZWYwZjU3NGY5ZjM3MDg4YzhmNWRlNTA2OWM4MjhiNWU5MDqAAn1xAShVEl9hdXRoX3Vz\nZXJfYmFja2VuZHECVSlkamFuZ28uY29udHJpYi5hdXRoLmJhY2tlbmRzLk1vZGVsQmFja2VuZHED\nVQ1fYXV0aF91c2VyX2lkcQSKAQF1Lg==\n','2015-10-12 09:14:14'),('b62a5c28263fd7ce457426e92af324ac','OWQ3MzVhMzUzMjRiYTlkM2Y0YTgyYWUzNjM4ZjE5ZDE5NGM0NjI3MjqAAn1xAShVEl9hdXRoX3Vz\nZXJfYmFja2VuZFUpZGphbmdvLmNvbnRyaWIuYXV0aC5iYWNrZW5kcy5Nb2RlbEJhY2tlbmRVDV9h\ndXRoX3VzZXJfaWSKAQJVDmlzX3N1cGVyX2FkbWlucQKJdS4=\n','2016-02-02 03:27:14'),('b67d65581a302c08b7bf0c8f7c8a4ccb','MjE4OTJkN2QyMmU0ODEyZDEyMWZiODM2YWVjNjRiZWU0OGQ0NGMyMjqAAn1xAShVEl9hdXRoX3Vz\nZXJfYmFja2VuZFUpZGphbmdvLmNvbnRyaWIuYXV0aC5iYWNrZW5kcy5Nb2RlbEJhY2tlbmRxAlUN\nX2F1dGhfdXNlcl9pZIoBAnUu\n','2015-11-18 19:31:59'),('b7664eb10c33e9313fda779d0ea0daae','NjI5NGY3MjAyZmEzNWZjNTYxZmI5NjJkOGE5ZDk5MDdkY2VmY2VjNDqAAn1xAShVDmlzX3N1cGVy\nX2FkbWlucQKJVQ1fYXV0aF91c2VyX2lkigECVRJfYXV0aF91c2VyX2JhY2tlbmRVKWRqYW5nby5j\nb250cmliLmF1dGguYmFja2VuZHMuTW9kZWxCYWNrZW5kdS4=\n','2016-02-06 02:42:03'),('b8c7afd541b782b96fd8311d42a7382d','YmQ0NzhlYTAxOWU5ZGI4NjU3Y2JhMjM0YjhhM2I3OTNhN2MyNTQ5ZDqAAn1xAVUKdGVzdGNvb2tp\nZVUGd29ya2VkcQJzLg==\n','2016-03-25 02:44:21'),('b8c9ba001ed0d7687eabb5ee0c5c7e92','NjI5NGY3MjAyZmEzNWZjNTYxZmI5NjJkOGE5ZDk5MDdkY2VmY2VjNDqAAn1xAShVDmlzX3N1cGVy\nX2FkbWlucQKJVQ1fYXV0aF91c2VyX2lkigECVRJfYXV0aF91c2VyX2JhY2tlbmRVKWRqYW5nby5j\nb250cmliLmF1dGguYmFja2VuZHMuTW9kZWxCYWNrZW5kdS4=\n','2016-02-02 15:50:45'),('bb9f8b9a9ab06aa916966ac0ecc7d9fc','ZDViYWEyZWYwZjU3NGY5ZjM3MDg4YzhmNWRlNTA2OWM4MjhiNWU5MDqAAn1xAShVEl9hdXRoX3Vz\nZXJfYmFja2VuZHECVSlkamFuZ28uY29udHJpYi5hdXRoLmJhY2tlbmRzLk1vZGVsQmFja2VuZHED\nVQ1fYXV0aF91c2VyX2lkcQSKAQF1Lg==\n','2016-04-26 14:19:07'),('bbbf53a2d8c3ce859529d0487b107e45','ZDViYWEyZWYwZjU3NGY5ZjM3MDg4YzhmNWRlNTA2OWM4MjhiNWU5MDqAAn1xAShVEl9hdXRoX3Vz\nZXJfYmFja2VuZHECVSlkamFuZ28uY29udHJpYi5hdXRoLmJhY2tlbmRzLk1vZGVsQmFja2VuZHED\nVQ1fYXV0aF91c2VyX2lkcQSKAQF1Lg==\n','2015-10-25 16:26:33'),('bca77f14549ea1e06ab25cb4f8689b9b','OWQ3MzVhMzUzMjRiYTlkM2Y0YTgyYWUzNjM4ZjE5ZDE5NGM0NjI3MjqAAn1xAShVEl9hdXRoX3Vz\nZXJfYmFja2VuZFUpZGphbmdvLmNvbnRyaWIuYXV0aC5iYWNrZW5kcy5Nb2RlbEJhY2tlbmRVDV9h\ndXRoX3VzZXJfaWSKAQJVDmlzX3N1cGVyX2FkbWlucQKJdS4=\n','2016-01-17 07:57:32'),('be3cfaecf8cb951c6d7d5e92c07946ae','NWFhOTA3MDgxNGY3NzgzNDYxY2RlNzEzMjY3Y2ViZDE0YWNiMmVkOTqAAn1xAShVCnRlc3Rjb29r\naWVxAlUGd29ya2VkcQNVDV9hdXRoX3VzZXJfaWSKAQFVEl9hdXRoX3VzZXJfYmFja2VuZFUpZGph\nbmdvLmNvbnRyaWIuYXV0aC5iYWNrZW5kcy5Nb2RlbEJhY2tlbmR1Lg==\n','2015-11-01 05:05:37'),('c16c695d7d83af677d151553e68be3d6','ZDc0NGE3M2Y0NmUyNTA5YWJjMjM1MWVhZjQ2YjJiMjM1ZDY4NzNmNTqAAn1xAShVDmlzX3N1cGVy\nX2FkbWlucQKIVQ1fYXV0aF91c2VyX2lkigEBVRJfYXV0aF91c2VyX2JhY2tlbmRVKWRqYW5nby5j\nb250cmliLmF1dGguYmFja2VuZHMuTW9kZWxCYWNrZW5kdS4=\n','2016-05-31 08:08:05'),('c1eed3d0464b6de729bde8070703c0ef','ZDViYWEyZWYwZjU3NGY5ZjM3MDg4YzhmNWRlNTA2OWM4MjhiNWU5MDqAAn1xAShVEl9hdXRoX3Vz\nZXJfYmFja2VuZHECVSlkamFuZ28uY29udHJpYi5hdXRoLmJhY2tlbmRzLk1vZGVsQmFja2VuZHED\nVQ1fYXV0aF91c2VyX2lkcQSKAQF1Lg==\n','2016-05-26 02:08:12'),('c22ac6e6bfcf2df5bb9e683c99f7eff0','ZDViYWEyZWYwZjU3NGY5ZjM3MDg4YzhmNWRlNTA2OWM4MjhiNWU5MDqAAn1xAShVEl9hdXRoX3Vz\nZXJfYmFja2VuZHECVSlkamFuZ28uY29udHJpYi5hdXRoLmJhY2tlbmRzLk1vZGVsQmFja2VuZHED\nVQ1fYXV0aF91c2VyX2lkcQSKAQF1Lg==\n','2016-06-03 10:58:37'),('c3b368c43309be846267d23f6db3acc2','NjI5NGY3MjAyZmEzNWZjNTYxZmI5NjJkOGE5ZDk5MDdkY2VmY2VjNDqAAn1xAShVDmlzX3N1cGVy\nX2FkbWlucQKJVQ1fYXV0aF91c2VyX2lkigECVRJfYXV0aF91c2VyX2JhY2tlbmRVKWRqYW5nby5j\nb250cmliLmF1dGguYmFja2VuZHMuTW9kZWxCYWNrZW5kdS4=\n','2016-02-02 02:20:50'),('c3f7d190a2a3a359008a25f755f66b3b','ZDc0NGE3M2Y0NmUyNTA5YWJjMjM1MWVhZjQ2YjJiMjM1ZDY4NzNmNTqAAn1xAShVDmlzX3N1cGVy\nX2FkbWlucQKIVQ1fYXV0aF91c2VyX2lkigEBVRJfYXV0aF91c2VyX2JhY2tlbmRVKWRqYW5nby5j\nb250cmliLmF1dGguYmFja2VuZHMuTW9kZWxCYWNrZW5kdS4=\n','2016-06-03 05:20:48'),('c58138fd9e872c742b0e9f5cc9ef55b9','OGZkYzBlNTVlNmM5MmZkNDUwNTNmMzgwZjNkYTExMDAxY2FkZDhlYjqAAn1xAShVEl9hdXRoX3Vz\nZXJfYmFja2VuZFUpZGphbmdvLmNvbnRyaWIuYXV0aC5iYWNrZW5kcy5Nb2RlbEJhY2tlbmRVCnRl\nc3Rjb29raWVxAlUGd29ya2VkcQNVDV9hdXRoX3VzZXJfaWSKAQJVDmlzX3N1cGVyX2FkbWluiXUu\n','2015-12-16 03:11:55'),('cb1248d7039b77b577dd5cd8e38e105a','NDkyNDBhMGZiYjU3N2VkNGM1YmY0ODEyZGMwMDNiOWU2ZDQxMWMzNDqAAn1xAShVEl9hdXRoX3Vz\nZXJfYmFja2VuZHECVSlkamFuZ28uY29udHJpYi5hdXRoLmJhY2tlbmRzLk1vZGVsQmFja2VuZHED\nVQ1fYXV0aF91c2VyX2lkcQSKAQJ1Lg==\n','2015-11-20 11:26:48'),('cc363298bebf44a628ea12fb9ceb3714','NDE2OWJlMzc5MWE4NjRmNGUzZmIwNDJjNDY0MTQ1ZTUwYTNjOTkyMzqAAn1xAVUKdGVzdGNvb2tp\nZXECVQZ3b3JrZWRxA3Mu\n','2016-02-08 05:06:55'),('cc66f31604fca0b169050d8b8a83b660','MjE4OTJkN2QyMmU0ODEyZDEyMWZiODM2YWVjNjRiZWU0OGQ0NGMyMjqAAn1xAShVEl9hdXRoX3Vz\nZXJfYmFja2VuZFUpZGphbmdvLmNvbnRyaWIuYXV0aC5iYWNrZW5kcy5Nb2RlbEJhY2tlbmRxAlUN\nX2F1dGhfdXNlcl9pZIoBAnUu\n','2015-10-21 02:29:45'),('ce8f77fef5a41b0287036e21076d0ee5','OGZkYzBlNTVlNmM5MmZkNDUwNTNmMzgwZjNkYTExMDAxY2FkZDhlYjqAAn1xAShVEl9hdXRoX3Vz\nZXJfYmFja2VuZFUpZGphbmdvLmNvbnRyaWIuYXV0aC5iYWNrZW5kcy5Nb2RlbEJhY2tlbmRVCnRl\nc3Rjb29raWVxAlUGd29ya2VkcQNVDV9hdXRoX3VzZXJfaWSKAQJVDmlzX3N1cGVyX2FkbWluiXUu\n','2015-12-16 12:12:50'),('ce9a7f2b13d8c96b25a9d1815ace0b78','ZDc0NGE3M2Y0NmUyNTA5YWJjMjM1MWVhZjQ2YjJiMjM1ZDY4NzNmNTqAAn1xAShVDmlzX3N1cGVy\nX2FkbWlucQKIVQ1fYXV0aF91c2VyX2lkigEBVRJfYXV0aF91c2VyX2JhY2tlbmRVKWRqYW5nby5j\nb250cmliLmF1dGguYmFja2VuZHMuTW9kZWxCYWNrZW5kdS4=\n','2016-02-01 03:38:26'),('ce9c66aa674b25b7857e3f73acd31a11','MjE4OTJkN2QyMmU0ODEyZDEyMWZiODM2YWVjNjRiZWU0OGQ0NGMyMjqAAn1xAShVEl9hdXRoX3Vz\nZXJfYmFja2VuZFUpZGphbmdvLmNvbnRyaWIuYXV0aC5iYWNrZW5kcy5Nb2RlbEJhY2tlbmRxAlUN\nX2F1dGhfdXNlcl9pZIoBAnUu\n','2015-10-13 15:59:07'),('cf816608bcafcef5d4fdd3250af7b0f9','NWFhOTA3MDgxNGY3NzgzNDYxY2RlNzEzMjY3Y2ViZDE0YWNiMmVkOTqAAn1xAShVCnRlc3Rjb29r\naWVxAlUGd29ya2VkcQNVDV9hdXRoX3VzZXJfaWSKAQFVEl9hdXRoX3VzZXJfYmFja2VuZFUpZGph\nbmdvLmNvbnRyaWIuYXV0aC5iYWNrZW5kcy5Nb2RlbEJhY2tlbmR1Lg==\n','2015-11-23 21:42:02'),('d016fa8ea5ecc868de61bf666ded7e3b','NWFhOTA3MDgxNGY3NzgzNDYxY2RlNzEzMjY3Y2ViZDE0YWNiMmVkOTqAAn1xAShVCnRlc3Rjb29r\naWVxAlUGd29ya2VkcQNVDV9hdXRoX3VzZXJfaWSKAQFVEl9hdXRoX3VzZXJfYmFja2VuZFUpZGph\nbmdvLmNvbnRyaWIuYXV0aC5iYWNrZW5kcy5Nb2RlbEJhY2tlbmR1Lg==\n','2015-10-28 03:09:42'),('d30d9dc1b060fd2bf4a5807d5f420bab','NDkyNDBhMGZiYjU3N2VkNGM1YmY0ODEyZGMwMDNiOWU2ZDQxMWMzNDqAAn1xAShVEl9hdXRoX3Vz\nZXJfYmFja2VuZHECVSlkamFuZ28uY29udHJpYi5hdXRoLmJhY2tlbmRzLk1vZGVsQmFja2VuZHED\nVQ1fYXV0aF91c2VyX2lkcQSKAQJ1Lg==\n','2015-11-01 10:32:50'),('d3f0a4994c004ce4c386ee4d009efad9','NDE2OWJlMzc5MWE4NjRmNGUzZmIwNDJjNDY0MTQ1ZTUwYTNjOTkyMzqAAn1xAVUKdGVzdGNvb2tp\nZXECVQZ3b3JrZWRxA3Mu\n','2015-10-22 14:19:59'),('d524c61e32423225ed0b1b83a3afd802','ZDc0NGE3M2Y0NmUyNTA5YWJjMjM1MWVhZjQ2YjJiMjM1ZDY4NzNmNTqAAn1xAShVDmlzX3N1cGVy\nX2FkbWlucQKIVQ1fYXV0aF91c2VyX2lkigEBVRJfYXV0aF91c2VyX2JhY2tlbmRVKWRqYW5nby5j\nb250cmliLmF1dGguYmFja2VuZHMuTW9kZWxCYWNrZW5kdS4=\n','2016-04-01 10:47:39'),('d5674313b1afb2a90e9893ebb5fd7eb8','ZDc0NGE3M2Y0NmUyNTA5YWJjMjM1MWVhZjQ2YjJiMjM1ZDY4NzNmNTqAAn1xAShVDmlzX3N1cGVy\nX2FkbWlucQKIVQ1fYXV0aF91c2VyX2lkigEBVRJfYXV0aF91c2VyX2JhY2tlbmRVKWRqYW5nby5j\nb250cmliLmF1dGguYmFja2VuZHMuTW9kZWxCYWNrZW5kdS4=\n','2016-03-21 02:21:27'),('d5bc99e7ca70530320c2aabf614ef7e2','NDE2OWJlMzc5MWE4NjRmNGUzZmIwNDJjNDY0MTQ1ZTUwYTNjOTkyMzqAAn1xAVUKdGVzdGNvb2tp\nZXECVQZ3b3JrZWRxA3Mu\n','2016-02-02 12:40:46'),('d7867aaf50cb027eccbb7aca0d047103','YzcwYzc4ODVkZjJjZTBlMDFjMjU5NzFlMzhhZDVmODMwYzE2NWMxZTqAAn1xAShVCnRlc3Rjb29r\naWVVBndvcmtlZHECVRJfYXV0aF91c2VyX2JhY2tlbmRVKWRqYW5nby5jb250cmliLmF1dGguYmFj\na2VuZHMuTW9kZWxCYWNrZW5kVQ1fYXV0aF91c2VyX2lkigEBdS4=\n','2016-05-25 07:15:39'),('d915f456d03f19a16799b434bafff7d5','ZDViYWEyZWYwZjU3NGY5ZjM3MDg4YzhmNWRlNTA2OWM4MjhiNWU5MDqAAn1xAShVEl9hdXRoX3Vz\nZXJfYmFja2VuZHECVSlkamFuZ28uY29udHJpYi5hdXRoLmJhY2tlbmRzLk1vZGVsQmFja2VuZHED\nVQ1fYXV0aF91c2VyX2lkcQSKAQF1Lg==\n','2015-12-06 07:56:40'),('d9ccc1f609b7bb51a437d1e13e8c9407','NDE2OWJlMzc5MWE4NjRmNGUzZmIwNDJjNDY0MTQ1ZTUwYTNjOTkyMzqAAn1xAVUKdGVzdGNvb2tp\nZXECVQZ3b3JrZWRxA3Mu\n','2015-11-21 10:58:14'),('da12678f78b12c2012545a613c7bc8af','NDkyNDBhMGZiYjU3N2VkNGM1YmY0ODEyZGMwMDNiOWU2ZDQxMWMzNDqAAn1xAShVEl9hdXRoX3Vz\nZXJfYmFja2VuZHECVSlkamFuZ28uY29udHJpYi5hdXRoLmJhY2tlbmRzLk1vZGVsQmFja2VuZHED\nVQ1fYXV0aF91c2VyX2lkcQSKAQJ1Lg==\n','2015-11-01 08:54:55'),('da428e01d1c6e3d08a9d39159ac3a70e','NDE2OWJlMzc5MWE4NjRmNGUzZmIwNDJjNDY0MTQ1ZTUwYTNjOTkyMzqAAn1xAVUKdGVzdGNvb2tp\nZXECVQZ3b3JrZWRxA3Mu\n','2016-04-06 09:56:46'),('da91583c9978eb407bbc302a9685e0e5','NDkyNDBhMGZiYjU3N2VkNGM1YmY0ODEyZGMwMDNiOWU2ZDQxMWMzNDqAAn1xAShVEl9hdXRoX3Vz\nZXJfYmFja2VuZHECVSlkamFuZ28uY29udHJpYi5hdXRoLmJhY2tlbmRzLk1vZGVsQmFja2VuZHED\nVQ1fYXV0aF91c2VyX2lkcQSKAQJ1Lg==\n','2015-10-27 13:59:41'),('db3d370e6b6995c933dc877625a8978d','ZDc0NGE3M2Y0NmUyNTA5YWJjMjM1MWVhZjQ2YjJiMjM1ZDY4NzNmNTqAAn1xAShVDmlzX3N1cGVy\nX2FkbWlucQKIVQ1fYXV0aF91c2VyX2lkigEBVRJfYXV0aF91c2VyX2JhY2tlbmRVKWRqYW5nby5j\nb250cmliLmF1dGguYmFja2VuZHMuTW9kZWxCYWNrZW5kdS4=\n','2016-03-24 09:07:25'),('dbd5ed46790233d494fa2274c42fdd70','NjI5NGY3MjAyZmEzNWZjNTYxZmI5NjJkOGE5ZDk5MDdkY2VmY2VjNDqAAn1xAShVDmlzX3N1cGVy\nX2FkbWlucQKJVQ1fYXV0aF91c2VyX2lkigECVRJfYXV0aF91c2VyX2JhY2tlbmRVKWRqYW5nby5j\nb250cmliLmF1dGguYmFja2VuZHMuTW9kZWxCYWNrZW5kdS4=\n','2016-01-07 09:42:48'),('dc638b3b3691f1ce8258e8a7b40da6a1','OGZkYzBlNTVlNmM5MmZkNDUwNTNmMzgwZjNkYTExMDAxY2FkZDhlYjqAAn1xAShVEl9hdXRoX3Vz\nZXJfYmFja2VuZFUpZGphbmdvLmNvbnRyaWIuYXV0aC5iYWNrZW5kcy5Nb2RlbEJhY2tlbmRVCnRl\nc3Rjb29raWVxAlUGd29ya2VkcQNVDV9hdXRoX3VzZXJfaWSKAQJVDmlzX3N1cGVyX2FkbWluiXUu\n','2016-02-02 08:16:00'),('e0b96bd5186e1e161a294e1a3360158e','ZDViYWEyZWYwZjU3NGY5ZjM3MDg4YzhmNWRlNTA2OWM4MjhiNWU5MDqAAn1xAShVEl9hdXRoX3Vz\nZXJfYmFja2VuZHECVSlkamFuZ28uY29udHJpYi5hdXRoLmJhY2tlbmRzLk1vZGVsQmFja2VuZHED\nVQ1fYXV0aF91c2VyX2lkcQSKAQF1Lg==\n','2016-04-04 12:04:32'),('e35b644174cb518be9783dfe363a05fa','MjE4OTJkN2QyMmU0ODEyZDEyMWZiODM2YWVjNjRiZWU0OGQ0NGMyMjqAAn1xAShVEl9hdXRoX3Vz\nZXJfYmFja2VuZFUpZGphbmdvLmNvbnRyaWIuYXV0aC5iYWNrZW5kcy5Nb2RlbEJhY2tlbmRxAlUN\nX2F1dGhfdXNlcl9pZIoBAnUu\n','2015-10-29 06:54:53'),('e4073ed0bbcc8648c93f4de75da4c60f','MzhiNDUzMTVlN2NiYjYyNjFiMDEwYzlmNjQ5ZWNjYTZlMDNiOTFlZDqAAn1xAShVEl9hdXRoX3Vz\nZXJfYmFja2VuZFUpZGphbmdvLmNvbnRyaWIuYXV0aC5iYWNrZW5kcy5Nb2RlbEJhY2tlbmRVDV9h\ndXRoX3VzZXJfaWSKAQFVDmlzX3N1cGVyX2FkbWlucQKIdS4=\n','2015-12-04 15:35:14'),('e4245d2184be3436753bdbda4148afe8','ZDc0NGE3M2Y0NmUyNTA5YWJjMjM1MWVhZjQ2YjJiMjM1ZDY4NzNmNTqAAn1xAShVDmlzX3N1cGVy\nX2FkbWlucQKIVQ1fYXV0aF91c2VyX2lkigEBVRJfYXV0aF91c2VyX2JhY2tlbmRVKWRqYW5nby5j\nb250cmliLmF1dGguYmFja2VuZHMuTW9kZWxCYWNrZW5kdS4=\n','2016-02-06 01:45:37'),('e5b846454fafcb2f89c3b993348f8bbe','OWQ3MzVhMzUzMjRiYTlkM2Y0YTgyYWUzNjM4ZjE5ZDE5NGM0NjI3MjqAAn1xAShVEl9hdXRoX3Vz\nZXJfYmFja2VuZFUpZGphbmdvLmNvbnRyaWIuYXV0aC5iYWNrZW5kcy5Nb2RlbEJhY2tlbmRVDV9h\ndXRoX3VzZXJfaWSKAQJVDmlzX3N1cGVyX2FkbWlucQKJdS4=\n','2016-06-03 01:21:00'),('e91119aade624603094c68b278324e86','ZDViYWEyZWYwZjU3NGY5ZjM3MDg4YzhmNWRlNTA2OWM4MjhiNWU5MDqAAn1xAShVEl9hdXRoX3Vz\nZXJfYmFja2VuZHECVSlkamFuZ28uY29udHJpYi5hdXRoLmJhY2tlbmRzLk1vZGVsQmFja2VuZHED\nVQ1fYXV0aF91c2VyX2lkcQSKAQF1Lg==\n','2016-02-02 01:53:09'),('e9f721b8f35ff01959d48b5b48aa651d','NDE2OWJlMzc5MWE4NjRmNGUzZmIwNDJjNDY0MTQ1ZTUwYTNjOTkyMzqAAn1xAVUKdGVzdGNvb2tp\nZXECVQZ3b3JrZWRxA3Mu\n','2015-11-18 12:34:26'),('eb3235ca44fd3b3e5c27f3b13095cf03','ZDViYWEyZWYwZjU3NGY5ZjM3MDg4YzhmNWRlNTA2OWM4MjhiNWU5MDqAAn1xAShVEl9hdXRoX3Vz\nZXJfYmFja2VuZHECVSlkamFuZ28uY29udHJpYi5hdXRoLmJhY2tlbmRzLk1vZGVsQmFja2VuZHED\nVQ1fYXV0aF91c2VyX2lkcQSKAQF1Lg==\n','2016-05-27 12:07:15'),('eb36b74caaaf8a54c84323e809b7f74b','OTQ4NmQyNWIxOTJjNjlhNzJjNmFmNTRhOTRlMDA1Nzc1YTU5MzFlOTqAAn1xAShVDmlzX3N1cGVy\nX2FkbWluiFUKdGVzdGNvb2tpZXECVQZ3b3JrZWRxA1UNX2F1dGhfdXNlcl9pZIoBAVUSX2F1dGhf\ndXNlcl9iYWNrZW5kVSlkamFuZ28uY29udHJpYi5hdXRoLmJhY2tlbmRzLk1vZGVsQmFja2VuZHUu\n','2016-05-22 10:02:27'),('eb63024def99cb558886c7a5584b9cba','NjI5NGY3MjAyZmEzNWZjNTYxZmI5NjJkOGE5ZDk5MDdkY2VmY2VjNDqAAn1xAShVDmlzX3N1cGVy\nX2FkbWlucQKJVQ1fYXV0aF91c2VyX2lkigECVRJfYXV0aF91c2VyX2JhY2tlbmRVKWRqYW5nby5j\nb250cmliLmF1dGguYmFja2VuZHMuTW9kZWxCYWNrZW5kdS4=\n','2016-05-17 07:47:03'),('ecd591f8b4c7a8b60de1a46c51408824','Njc3MzJjMDAyZjc1YzgyMDg3ODc4ZmYzMDkxZjMyY2Q1ZTYyYWVkZDqAAn1xAShVCnRlc3Rjb29r\naWVxAlUGd29ya2VkcQNVDV9hdXRoX3VzZXJfaWSKAQJVEl9hdXRoX3VzZXJfYmFja2VuZFUpZGph\nbmdvLmNvbnRyaWIuYXV0aC5iYWNrZW5kcy5Nb2RlbEJhY2tlbmR1Lg==\n','2015-10-19 10:20:36'),('ef1726bf6610d44b7500d9196ad59fe8','ZDViYWEyZWYwZjU3NGY5ZjM3MDg4YzhmNWRlNTA2OWM4MjhiNWU5MDqAAn1xAShVEl9hdXRoX3Vz\nZXJfYmFja2VuZHECVSlkamFuZ28uY29udHJpYi5hdXRoLmJhY2tlbmRzLk1vZGVsQmFja2VuZHED\nVQ1fYXV0aF91c2VyX2lkcQSKAQF1Lg==\n','2015-12-09 10:16:56'),('efe0fadc982b2f782ffa33aad8934a3a','NDE2OWJlMzc5MWE4NjRmNGUzZmIwNDJjNDY0MTQ1ZTUwYTNjOTkyMzqAAn1xAVUKdGVzdGNvb2tp\nZXECVQZ3b3JrZWRxA3Mu\n','2015-12-07 06:11:15'),('f06d166a04b3d36fd402843a1b5d78fc','NjI5NGY3MjAyZmEzNWZjNTYxZmI5NjJkOGE5ZDk5MDdkY2VmY2VjNDqAAn1xAShVDmlzX3N1cGVy\nX2FkbWlucQKJVQ1fYXV0aF91c2VyX2lkigECVRJfYXV0aF91c2VyX2JhY2tlbmRVKWRqYW5nby5j\nb250cmliLmF1dGguYmFja2VuZHMuTW9kZWxCYWNrZW5kdS4=\n','2016-02-03 14:50:35'),('f0959d3115dc53cc0ae1f0d2c1e36234','MzhiNDUzMTVlN2NiYjYyNjFiMDEwYzlmNjQ5ZWNjYTZlMDNiOTFlZDqAAn1xAShVEl9hdXRoX3Vz\nZXJfYmFja2VuZFUpZGphbmdvLmNvbnRyaWIuYXV0aC5iYWNrZW5kcy5Nb2RlbEJhY2tlbmRVDV9h\ndXRoX3VzZXJfaWSKAQFVDmlzX3N1cGVyX2FkbWlucQKIdS4=\n','2016-05-31 02:51:08'),('f0dd5b5dd272575925ae71d746b77109','OWQ3MzVhMzUzMjRiYTlkM2Y0YTgyYWUzNjM4ZjE5ZDE5NGM0NjI3MjqAAn1xAShVEl9hdXRoX3Vz\nZXJfYmFja2VuZFUpZGphbmdvLmNvbnRyaWIuYXV0aC5iYWNrZW5kcy5Nb2RlbEJhY2tlbmRVDV9h\ndXRoX3VzZXJfaWSKAQJVDmlzX3N1cGVyX2FkbWlucQKJdS4=\n','2016-02-01 15:45:38'),('f3aea97fd8876aaf76867fdb94f08897','ZDc0NGE3M2Y0NmUyNTA5YWJjMjM1MWVhZjQ2YjJiMjM1ZDY4NzNmNTqAAn1xAShVDmlzX3N1cGVy\nX2FkbWlucQKIVQ1fYXV0aF91c2VyX2lkigEBVRJfYXV0aF91c2VyX2JhY2tlbmRVKWRqYW5nby5j\nb250cmliLmF1dGguYmFja2VuZHMuTW9kZWxCYWNrZW5kdS4=\n','2016-06-02 01:32:39'),('f3d6bade413763d7edacd55502a6b80f','ZDc0NGE3M2Y0NmUyNTA5YWJjMjM1MWVhZjQ2YjJiMjM1ZDY4NzNmNTqAAn1xAShVDmlzX3N1cGVy\nX2FkbWlucQKIVQ1fYXV0aF91c2VyX2lkigEBVRJfYXV0aF91c2VyX2JhY2tlbmRVKWRqYW5nby5j\nb250cmliLmF1dGguYmFja2VuZHMuTW9kZWxCYWNrZW5kdS4=\n','2015-12-09 05:49:01'),('f3ffe283160d5463a64bf9fb089706c2','Zjc5NjRkMzg5NDU1ZGQ4NzAyYTA2ZGUzODMzNzA4NDdhZTQxNWFiYjqAAn1xAS4=\n','2016-04-05 03:12:10'),('f40255c155008ba5ddd0cd99ca194b7b','YmQ0NzhlYTAxOWU5ZGI4NjU3Y2JhMjM0YjhhM2I3OTNhN2MyNTQ5ZDqAAn1xAVUKdGVzdGNvb2tp\nZVUGd29ya2VkcQJzLg==\n','2015-10-19 16:16:50'),('f584b81abaf47a258b4c20f3383aad63','NjI5NGY3MjAyZmEzNWZjNTYxZmI5NjJkOGE5ZDk5MDdkY2VmY2VjNDqAAn1xAShVDmlzX3N1cGVy\nX2FkbWlucQKJVQ1fYXV0aF91c2VyX2lkigECVRJfYXV0aF91c2VyX2JhY2tlbmRVKWRqYW5nby5j\nb250cmliLmF1dGguYmFja2VuZHMuTW9kZWxCYWNrZW5kdS4=\n','2015-12-05 14:41:53'),('f75f6353fe6c50284f93f00ba0e2511a','MjljZTBjOGIwOGQyZmU0MTYwZTIwMjY5ZGUyOTU1YjE2MzcyY2MzNzqAAn1xAShVEl9hdXRoX3Vz\nZXJfYmFja2VuZFUpZGphbmdvLmNvbnRyaWIuYXV0aC5iYWNrZW5kcy5Nb2RlbEJhY2tlbmRVCnRl\nc3Rjb29raWVxAlUGd29ya2VkcQNVDV9hdXRoX3VzZXJfaWSKAQFVDmlzX3N1cGVyX2FkbWluiHUu\n','2015-12-09 01:31:55'),('f93a7b9939d5362c52965e48dc659c7b','MjE4OTJkN2QyMmU0ODEyZDEyMWZiODM2YWVjNjRiZWU0OGQ0NGMyMjqAAn1xAShVEl9hdXRoX3Vz\nZXJfYmFja2VuZFUpZGphbmdvLmNvbnRyaWIuYXV0aC5iYWNrZW5kcy5Nb2RlbEJhY2tlbmRxAlUN\nX2F1dGhfdXNlcl9pZIoBAnUu\n','2015-10-23 14:41:44'),('f9d7bc39305b1a45781a8a81467ff764','NjI5NGY3MjAyZmEzNWZjNTYxZmI5NjJkOGE5ZDk5MDdkY2VmY2VjNDqAAn1xAShVDmlzX3N1cGVy\nX2FkbWlucQKJVQ1fYXV0aF91c2VyX2lkigECVRJfYXV0aF91c2VyX2JhY2tlbmRVKWRqYW5nby5j\nb250cmliLmF1dGguYmFja2VuZHMuTW9kZWxCYWNrZW5kdS4=\n','2016-02-01 16:25:35'),('f9e3a326f6b1545bfef722ab25f8bc4e','NDkyNDBhMGZiYjU3N2VkNGM1YmY0ODEyZGMwMDNiOWU2ZDQxMWMzNDqAAn1xAShVEl9hdXRoX3Vz\nZXJfYmFja2VuZHECVSlkamFuZ28uY29udHJpYi5hdXRoLmJhY2tlbmRzLk1vZGVsQmFja2VuZHED\nVQ1fYXV0aF91c2VyX2lkcQSKAQJ1Lg==\n','2015-11-01 10:51:48'),('f9e800f35e35158d067115546cd3cb3d','MzhiNDUzMTVlN2NiYjYyNjFiMDEwYzlmNjQ5ZWNjYTZlMDNiOTFlZDqAAn1xAShVEl9hdXRoX3Vz\nZXJfYmFja2VuZFUpZGphbmdvLmNvbnRyaWIuYXV0aC5iYWNrZW5kcy5Nb2RlbEJhY2tlbmRVDV9h\ndXRoX3VzZXJfaWSKAQFVDmlzX3N1cGVyX2FkbWlucQKIdS4=\n','2016-05-31 07:46:25'),('fa6411187f8da0a9b7baa04d877c0283','NjZmMDJmOWJjZWVkYzJlZGExN2M5NzBkOTA1OWRmMmM1YmEzOWU3ODqAAn1xAShVCnRlc3Rjb29r\naWVVBndvcmtlZHECVQ1fYXV0aF91c2VyX2lkigEBVRJfYXV0aF91c2VyX2JhY2tlbmRVKWRqYW5n\nby5jb250cmliLmF1dGguYmFja2VuZHMuTW9kZWxCYWNrZW5kdS4=\n','2015-10-12 08:06:15'),('faf981ac933ff0b3c48a97fa4db0e235','OWQ3MzVhMzUzMjRiYTlkM2Y0YTgyYWUzNjM4ZjE5ZDE5NGM0NjI3MjqAAn1xAShVEl9hdXRoX3Vz\nZXJfYmFja2VuZFUpZGphbmdvLmNvbnRyaWIuYXV0aC5iYWNrZW5kcy5Nb2RlbEJhY2tlbmRVDV9h\ndXRoX3VzZXJfaWSKAQJVDmlzX3N1cGVyX2FkbWlucQKJdS4=\n','2016-02-13 06:33:35'),('fb7d9b101e885c221a7616d35b6fbf65','NDE2OWJlMzc5MWE4NjRmNGUzZmIwNDJjNDY0MTQ1ZTUwYTNjOTkyMzqAAn1xAVUKdGVzdGNvb2tp\nZXECVQZ3b3JrZWRxA3Mu\n','2016-05-23 06:09:06'),('fc3fd02dd06cd11784f8e12e6038c80e','ZDc0NGE3M2Y0NmUyNTA5YWJjMjM1MWVhZjQ2YjJiMjM1ZDY4NzNmNTqAAn1xAShVDmlzX3N1cGVy\nX2FkbWlucQKIVQ1fYXV0aF91c2VyX2lkigEBVRJfYXV0aF91c2VyX2JhY2tlbmRVKWRqYW5nby5j\nb250cmliLmF1dGguYmFja2VuZHMuTW9kZWxCYWNrZW5kdS4=\n','2016-06-04 13:07:02'),('fea6c8f9af7c403fd832ef93084e0511','ZDViYWEyZWYwZjU3NGY5ZjM3MDg4YzhmNWRlNTA2OWM4MjhiNWU5MDqAAn1xAShVEl9hdXRoX3Vz\nZXJfYmFja2VuZHECVSlkamFuZ28uY29udHJpYi5hdXRoLmJhY2tlbmRzLk1vZGVsQmFja2VuZHED\nVQ1fYXV0aF91c2VyX2lkcQSKAQF1Lg==\n','2016-02-10 20:18:53'),('fedd191dc4986fa935cd5252fc7defc7','NjI5NGY3MjAyZmEzNWZjNTYxZmI5NjJkOGE5ZDk5MDdkY2VmY2VjNDqAAn1xAShVDmlzX3N1cGVy\nX2FkbWlucQKJVQ1fYXV0aF91c2VyX2lkigECVRJfYXV0aF91c2VyX2JhY2tlbmRVKWRqYW5nby5j\nb250cmliLmF1dGguYmFja2VuZHMuTW9kZWxCYWNrZW5kdS4=\n','2016-02-02 08:17:47'),('ff7d2331a6472d669967ece3d7d5640f','NDE2OWJlMzc5MWE4NjRmNGUzZmIwNDJjNDY0MTQ1ZTUwYTNjOTkyMzqAAn1xAVUKdGVzdGNvb2tp\nZXECVQZ3b3JrZWRxA3Mu\n','2016-03-22 10:10:58');
/*!40000 ALTER TABLE `django_session` ENABLE KEYS */;
UNLOCK TABLES;

--
-- Table structure for table `django_site`
--

DROP TABLE IF EXISTS `django_site`;
/*!40101 SET @saved_cs_client     = @@character_set_client */;
/*!40101 SET character_set_client = utf8 */;
CREATE TABLE `django_site` (
  `id` int(11) NOT NULL AUTO_INCREMENT,
  `domain` varchar(100) NOT NULL,
  `name` varchar(50) NOT NULL,
  PRIMARY KEY (`id`)
) ENGINE=InnoDB AUTO_INCREMENT=2 DEFAULT CHARSET=utf8;
/*!40101 SET character_set_client = @saved_cs_client */;

--
-- Dumping data for table `django_site`
--

LOCK TABLES `django_site` WRITE;
/*!40000 ALTER TABLE `django_site` DISABLE KEYS */;
INSERT INTO `django_site` VALUES (1,'example.com','example.com');
/*!40000 ALTER TABLE `django_site` ENABLE KEYS */;
UNLOCK TABLES;

--
-- Table structure for table `exam_authority`
--

DROP TABLE IF EXISTS `exam_authority`;
/*!40101 SET @saved_cs_client     = @@character_set_client */;
/*!40101 SET character_set_client = utf8 */;
CREATE TABLE `exam_authority` (
  `id` int(11) NOT NULL AUTO_INCREMENT,
  `authority` varchar(100) NOT NULL,
  PRIMARY KEY (`id`)
) ENGINE=InnoDB DEFAULT CHARSET=utf8;
/*!40101 SET character_set_client = @saved_cs_client */;

--
-- Dumping data for table `exam_authority`
--

LOCK TABLES `exam_authority` WRITE;
/*!40000 ALTER TABLE `exam_authority` DISABLE KEYS */;
/*!40000 ALTER TABLE `exam_authority` ENABLE KEYS */;
UNLOCK TABLES;

--
-- Table structure for table `exam_group`
--

DROP TABLE IF EXISTS `exam_group`;
/*!40101 SET @saved_cs_client     = @@character_set_client */;
/*!40101 SET character_set_client = utf8 */;
CREATE TABLE `exam_group` (
  `id` int(11) NOT NULL AUTO_INCREMENT,
  `admin_id` int(11) NOT NULL,
  `name` varchar(100) NOT NULL,
  PRIMARY KEY (`id`),
  KEY `exam_group_e972820` (`admin_id`),
  CONSTRAINT `admin_id_refs_id_6821f4d1` FOREIGN KEY (`admin_id`) REFERENCES `auth_user` (`id`)
) ENGINE=InnoDB DEFAULT CHARSET=utf8;
/*!40101 SET character_set_client = @saved_cs_client */;

--
-- Dumping data for table `exam_group`
--

LOCK TABLES `exam_group` WRITE;
/*!40000 ALTER TABLE `exam_group` DISABLE KEYS */;
/*!40000 ALTER TABLE `exam_group` ENABLE KEYS */;
UNLOCK TABLES;

--
-- Table structure for table `exam_superadmin`
--

DROP TABLE IF EXISTS `exam_superadmin`;
/*!40101 SET @saved_cs_client     = @@character_set_client */;
/*!40101 SET character_set_client = utf8 */;
CREATE TABLE `exam_superadmin` (
  `id` int(11) NOT NULL AUTO_INCREMENT,
  `admin_id` int(11) NOT NULL,
  PRIMARY KEY (`id`),
  KEY `exam_superadmin_e972820` (`admin_id`),
  CONSTRAINT `admin_id_refs_id_3cc8177` FOREIGN KEY (`admin_id`) REFERENCES `auth_user` (`id`)
) ENGINE=InnoDB DEFAULT CHARSET=utf8;
/*!40101 SET character_set_client = @saved_cs_client */;

--
-- Dumping data for table `exam_superadmin`
--

LOCK TABLES `exam_superadmin` WRITE;
/*!40000 ALTER TABLE `exam_superadmin` DISABLE KEYS */;
/*!40000 ALTER TABLE `exam_superadmin` ENABLE KEYS */;
UNLOCK TABLES;

--
-- Table structure for table `exam_test`
--

DROP TABLE IF EXISTS `exam_test`;
/*!40101 SET @saved_cs_client     = @@character_set_client */;
/*!40101 SET character_set_client = utf8 */;
CREATE TABLE `exam_test` (
  `id` int(11) NOT NULL AUTO_INCREMENT,
  `name` varchar(100) NOT NULL,
  PRIMARY KEY (`id`)
) ENGINE=InnoDB DEFAULT CHARSET=utf8;
/*!40101 SET character_set_client = @saved_cs_client */;

--
-- Dumping data for table `exam_test`
--

LOCK TABLES `exam_test` WRITE;
/*!40000 ALTER TABLE `exam_test` DISABLE KEYS */;
/*!40000 ALTER TABLE `exam_test` ENABLE KEYS */;
UNLOCK TABLES;

--
-- Table structure for table `exam_title`
--

DROP TABLE IF EXISTS `exam_title`;
/*!40101 SET @saved_cs_client     = @@character_set_client */;
/*!40101 SET character_set_client = utf8 */;
CREATE TABLE `exam_title` (
  `id` int(11) NOT NULL AUTO_INCREMENT,
  `group_id` int(11) NOT NULL,
  `name` varchar(100) NOT NULL,
  PRIMARY KEY (`id`),
  KEY `exam_title_bda51c3c` (`group_id`),
  CONSTRAINT `group_id_refs_id_65627db6` FOREIGN KEY (`group_id`) REFERENCES `exam_group` (`id`)
) ENGINE=InnoDB DEFAULT CHARSET=utf8;
/*!40101 SET character_set_client = @saved_cs_client */;

--
-- Dumping data for table `exam_title`
--

LOCK TABLES `exam_title` WRITE;
/*!40000 ALTER TABLE `exam_title` DISABLE KEYS */;
/*!40000 ALTER TABLE `exam_title` ENABLE KEYS */;
UNLOCK TABLES;

--
-- Table structure for table `exam_title_authorities`
--

DROP TABLE IF EXISTS `exam_title_authorities`;
/*!40101 SET @saved_cs_client     = @@character_set_client */;
/*!40101 SET character_set_client = utf8 */;
CREATE TABLE `exam_title_authorities` (
  `id` int(11) NOT NULL AUTO_INCREMENT,
  `title_id` int(11) NOT NULL,
  `authority_id` int(11) NOT NULL,
  PRIMARY KEY (`id`),
  UNIQUE KEY `title_id` (`title_id`,`authority_id`),
  KEY `exam_title_authorities_8a3b4cf` (`title_id`),
  KEY `exam_title_authorities_6858e55a` (`authority_id`),
  CONSTRAINT `authority_id_refs_id_272b352` FOREIGN KEY (`authority_id`) REFERENCES `exam_authority` (`id`),
  CONSTRAINT `title_id_refs_id_ced594f9` FOREIGN KEY (`title_id`) REFERENCES `exam_title` (`id`)
) ENGINE=InnoDB DEFAULT CHARSET=utf8;
/*!40101 SET character_set_client = @saved_cs_client */;

--
-- Dumping data for table `exam_title_authorities`
--

LOCK TABLES `exam_title_authorities` WRITE;
/*!40000 ALTER TABLE `exam_title_authorities` DISABLE KEYS */;
/*!40000 ALTER TABLE `exam_title_authorities` ENABLE KEYS */;
UNLOCK TABLES;

--
-- Table structure for table `exam_title_users`
--

DROP TABLE IF EXISTS `exam_title_users`;
/*!40101 SET @saved_cs_client     = @@character_set_client */;
/*!40101 SET character_set_client = utf8 */;
CREATE TABLE `exam_title_users` (
  `id` int(11) NOT NULL AUTO_INCREMENT,
  `title_id` int(11) NOT NULL,
  `user_id` int(11) NOT NULL,
  PRIMARY KEY (`id`),
  UNIQUE KEY `title_id` (`title_id`,`user_id`),
  KEY `exam_title_users_8a3b4cf` (`title_id`),
  KEY `exam_title_users_fbfc09f1` (`user_id`),
  CONSTRAINT `title_id_refs_id_aa03648` FOREIGN KEY (`title_id`) REFERENCES `exam_title` (`id`),
  CONSTRAINT `user_id_refs_id_3bd34c6f` FOREIGN KEY (`user_id`) REFERENCES `auth_user` (`id`)
) ENGINE=InnoDB DEFAULT CHARSET=utf8;
/*!40101 SET character_set_client = @saved_cs_client */;

--
-- Dumping data for table `exam_title_users`
--

LOCK TABLES `exam_title_users` WRITE;
/*!40000 ALTER TABLE `exam_title_users` DISABLE KEYS */;
/*!40000 ALTER TABLE `exam_title_users` ENABLE KEYS */;
UNLOCK TABLES;

--
-- Table structure for table `management_weldingmaterialapplycard`
--

DROP TABLE IF EXISTS `management_weldingmaterialapplycard`;
/*!40101 SET @saved_cs_client     = @@character_set_client */;
/*!40101 SET character_set_client = utf8 */;
CREATE TABLE `management_weldingmaterialapplycard` (
  `id` int(11) NOT NULL AUTO_INCREMENT,
  `department` varchar(20) NOT NULL,
  `index` int(11) NOT NULL,
  `create_time` date NOT NULL,
  `workorder_id` int(11) NOT NULL,
  `weld_bead_number` varchar(20) NOT NULL,
  `weld_material_number` varchar(20) NOT NULL,
  `model` varchar(20) NOT NULL,
  `standard` varchar(20) NOT NULL,
  `apply_weight` double NOT NULL,
  `apply_quantity` double NOT NULL,
  `material_number` varchar(20) NOT NULL,
  `actual_weight` double NOT NULL,
  `actual_quantity` double NOT NULL,
  `applicant_id` int(11) NOT NULL,
  `auditor_id` int(11) DEFAULT NULL,
  `inspector_id` int(11) DEFAULT NULL,
  `commit_user_id` int(11) DEFAULT NULL,
  PRIMARY KEY (`id`),
  KEY `management_weldingmaterialapplycard_914271fc` (`workorder_id`),
  KEY `management_weldingmaterialapplycard_3e1f6ffd` (`applicant_id`),
  KEY `management_weldingmaterialapplycard_50ccb7fb` (`auditor_id`),
  KEY `management_weldingmaterialapplycard_90828abe` (`inspector_id`),
  KEY `management_weldingmaterialapplycard_7ec53ccc` (`commit_user_id`),
  CONSTRAINT `applicant_id_refs_id_1da4d82c` FOREIGN KEY (`applicant_id`) REFERENCES `auth_user` (`id`),
  CONSTRAINT `auditor_id_refs_id_1da4d82c` FOREIGN KEY (`auditor_id`) REFERENCES `auth_user` (`id`),
  CONSTRAINT `commit_user_id_refs_id_1da4d82c` FOREIGN KEY (`commit_user_id`) REFERENCES `auth_user` (`id`),
  CONSTRAINT `inspector_id_refs_id_1da4d82c` FOREIGN KEY (`inspector_id`) REFERENCES `auth_user` (`id`),
  CONSTRAINT `workorder_id_refs_id_22caa1eb` FOREIGN KEY (`workorder_id`) REFERENCES `const_workorder` (`id`)
) ENGINE=InnoDB DEFAULT CHARSET=utf8;
/*!40101 SET character_set_client = @saved_cs_client */;

--
-- Dumping data for table `management_weldingmaterialapplycard`
--

LOCK TABLES `management_weldingmaterialapplycard` WRITE;
/*!40000 ALTER TABLE `management_weldingmaterialapplycard` DISABLE KEYS */;
/*!40000 ALTER TABLE `management_weldingmaterialapplycard` ENABLE KEYS */;
UNLOCK TABLES;

--
-- Table structure for table `news_documentfile`
--

DROP TABLE IF EXISTS `news_documentfile`;
/*!40101 SET @saved_cs_client     = @@character_set_client */;
/*!40101 SET character_set_client = utf8 */;
CREATE TABLE `news_documentfile` (
  `id` int(11) NOT NULL AUTO_INCREMENT,
  `news_document` varchar(100) NOT NULL,
  `news_id` int(11) DEFAULT NULL,
  `message_id` int(11) DEFAULT NULL,
  PRIMARY KEY (`id`),
  KEY `news_documentfile_b146a413` (`news_id`),
  KEY `news_documentfile_38373776` (`message_id`),
  CONSTRAINT `message_id_refs_id_ccc77eec` FOREIGN KEY (`message_id`) REFERENCES `news_message` (`id`),
  CONSTRAINT `news_id_refs_id_e2047e75` FOREIGN KEY (`news_id`) REFERENCES `news_news` (`id`)
) ENGINE=InnoDB AUTO_INCREMENT=51 DEFAULT CHARSET=utf8;
/*!40101 SET character_set_client = @saved_cs_client */;

--
-- Dumping data for table `news_documentfile`
--

LOCK TABLES `news_documentfile` WRITE;
/*!40000 ALTER TABLE `news_documentfile` DISABLE KEYS */;
INSERT INTO `news_documentfile` VALUES (45,'news-documents/2015/11/25/创新创业学院优秀研究生标兵申报表.doc',NULL,98),(46,'news-documents/2015/11/25/创造发明实践班2015招新录取名单_1.xls',NULL,98),(47,'news-documents/2015/11/25/Struts2权威指南完整版.pdf',NULL,99),(49,'news-documents/2016/01/27/附件.txt',NULL,97),(50,'news-documents/2016/01/27/附件_1.txt',NULL,104);
/*!40000 ALTER TABLE `news_documentfile` ENABLE KEYS */;
UNLOCK TABLES;

--
-- Table structure for table `news_message`
--

DROP TABLE IF EXISTS `news_message`;
/*!40101 SET @saved_cs_client     = @@character_set_client */;
/*!40101 SET character_set_client = utf8 */;
CREATE TABLE `news_message` (
  `id` int(11) NOT NULL AUTO_INCREMENT,
  `title` varchar(100) NOT NULL,
  `content` longtext NOT NULL,
  `writer_id` int(11) NOT NULL,
  `time` datetime NOT NULL,
  PRIMARY KEY (`id`),
  KEY `news_message_62351b1d` (`writer_id`),
  CONSTRAINT `writer_id_refs_id_78ea6e5d` FOREIGN KEY (`writer_id`) REFERENCES `auth_user` (`id`)
) ENGINE=InnoDB AUTO_INCREMENT=105 DEFAULT CHARSET=utf8;
/*!40101 SET character_set_client = @saved_cs_client */;

--
-- Dumping data for table `news_message`
--

LOCK TABLES `news_message` WRITE;
/*!40000 ALTER TABLE `news_message` DISABLE KEYS */;
INSERT INTO `news_message` VALUES (97,'日常管理','办公室管理（制度制定及执行）、考勤管理、人员优化、招聘；员工档案，培训管理；保险、卫生、水电、办公用品、电话使用、、值班等、ISO管理监督推行、执行公司规章制度，考核各部门（财务，采购，市场，厂长，仓库，质量，安全；监督各部门工作进展',1,'2015-11-25 02:25:54'),(98,'制度通知','李长旭：规划公司制度，考核制度；\r\n人事管理，保持优秀人员稳定。制定公司培训计划，定期对后勤人员进行培训管理，树立公司文化；ISO管理监督推行、执行公司规章制度，监督各部门工作进展；灵活公关各客户及政府部门；善于组织、协调，团结各部门协调工作，公司制度有力执行，下情及时上达。',1,'2015-11-25 02:27:18'),(99,'办公管理','办公室管理（制度制定及执行）、考勤管理、人员优化、招聘；员工档案，培训管理；保险、卫生、水电、办公用品、电话使用、、值班等、ISO管理监督推行、执行公司规章制度，考核各部门（财务，采购，市场，厂长，仓库，质量，安全；监督各部门工作进展。',1,'2015-11-25 02:28:37'),(100,'生产指南','生产班组要为厂部负责1、为该班组产品质量，安全生产完全责任人，组织本班组人员进行“质量第一，安全第一”的思想教育，2、根据当天的生产情况，布置当天的工作安排及工作要求，3、组织生产工人学习操作规范，严格按照工艺规程各规位职责执行，保质保量的完成生产任务，4、对当班生产线的技术问',1,'2015-11-25 02:29:23'),(103,'办公室管理','办公室管理（制度制定及执行）、考勤管理、人员优化、招聘；员工档案，培训管理；保险、卫生、水电、办公用品、电话使用、、值班等、ISO管理监督推行、执行公司规章制度，考核各部门（财务，采购，市场，厂长，仓库，质量，安全；监督各部门工作进展',1,'2016-01-27 02:08:47'),(104,'办公室管理','办公室管理（制度制定及执行）、考勤管理、人员优化、招聘；员工档案，培训管理；保险、卫生、水电、办公用品、电话使用、、值班等、ISO管理监督推行、执行公司规章制度，考核各部门（财务，采购，市场，厂长，仓库，质量，安全；监督各部门工作进展',1,'2016-01-27 02:09:00');
/*!40000 ALTER TABLE `news_message` ENABLE KEYS */;
UNLOCK TABLES;

--
-- Table structure for table `news_messagebox`
--

DROP TABLE IF EXISTS `news_messagebox`;
/*!40101 SET @saved_cs_client     = @@character_set_client */;
/*!40101 SET character_set_client = utf8 */;
CREATE TABLE `news_messagebox` (
  `id` int(11) NOT NULL AUTO_INCREMENT,
  `user_id` int(11) NOT NULL,
  `message_id` int(11) NOT NULL,
  `read` tinyint(1) NOT NULL,
  PRIMARY KEY (`id`),
  KEY `news_messagebox_fbfc09f1` (`user_id`),
  KEY `news_messagebox_38373776` (`message_id`),
  CONSTRAINT `message_id_refs_id_9a3ba349` FOREIGN KEY (`message_id`) REFERENCES `news_message` (`id`),
  CONSTRAINT `user_id_refs_id_20dee547` FOREIGN KEY (`user_id`) REFERENCES `auth_user` (`id`)
) ENGINE=InnoDB AUTO_INCREMENT=99 DEFAULT CHARSET=utf8;
/*!40101 SET character_set_client = @saved_cs_client */;

--
-- Dumping data for table `news_messagebox`
--

LOCK TABLES `news_messagebox` WRITE;
/*!40000 ALTER TABLE `news_messagebox` DISABLE KEYS */;
INSERT INTO `news_messagebox` VALUES (85,1,97,1),(86,1,98,1),(87,2,98,1),(88,2,98,1),(89,3,98,0),(90,3,98,0),(91,1,99,1),(92,2,99,1),(93,3,99,0),(94,1,100,1),(95,2,100,1),(96,2,100,1),(97,3,100,0),(98,3,100,0);
/*!40000 ALTER TABLE `news_messagebox` ENABLE KEYS */;
UNLOCK TABLES;

--
-- Table structure for table `news_news`
--

DROP TABLE IF EXISTS `news_news`;
/*!40101 SET @saved_cs_client     = @@character_set_client */;
/*!40101 SET character_set_client = utf8 */;
CREATE TABLE `news_news` (
  `id` int(11) NOT NULL AUTO_INCREMENT,
  `news_title` varchar(200) NOT NULL,
  `news_content` longtext NOT NULL,
  `news_date` date NOT NULL,
  `news_category_id` int(11) DEFAULT NULL,
  PRIMARY KEY (`id`),
  KEY `news_news_e3b28245` (`news_category_id`),
  CONSTRAINT `news_category_id_refs_id_afbcd3e9` FOREIGN KEY (`news_category_id`) REFERENCES `news_newscategory` (`id`)
) ENGINE=InnoDB AUTO_INCREMENT=52 DEFAULT CHARSET=utf8;
/*!40101 SET character_set_client = @saved_cs_client */;

--
-- Dumping data for table `news_news`
--

LOCK TABLES `news_news` WRITE;
/*!40000 ALTER TABLE `news_news` DISABLE KEYS */;
INSERT INTO `news_news` VALUES (41,'山西省委书记王儒林在太重调研','<div><br></div><div><p style=\"padding: 0px; margin-bottom: 0px; color: rgb(84, 83, 83); line-height: 24px; letter-spacing: 0.5px; text-indent: 25px; font-family: SimSun; font-size: 12px; background-color: rgb(236, 242, 247);\">8月4日，山西省委书记王儒林深入太重，就太重经营现状和发展对策进行调研。他强调，太重要把科技创新、全面创新作为企业应对经济下行压力、实现转型升级的战略举措，不断增强企业活力和竞争力，在我省非煤产业发展这篇大文章中发挥示范作用。省委常委、秘书长王伟中参加调研。集团公司党委书记、董事长王创民，党委常委、副董事长、总经理张志德，党委副书记丁永平，党委常委、纪委书记王敏陪同调研。<br></p><p style=\"padding: 0px; margin-bottom: 0px; color: rgb(84, 83, 83); line-height: 24px; letter-spacing: 0.5px; text-indent: 25px; font-family: SimSun; font-size: 12px; background-color: rgb(236, 242, 247);\">王儒林一行首先来到太重展览馆，详细了解太重的发展历史和主要产品板块，不时询问太重拳头产品在国内国际市场所处的地位。随后，王儒林考察了矿山设备分公司和起重机分公司的生产现场，并详细询问了企业经营状况、职工收入等情况。考察中，王创民汇报了太重在“新常态”下的转型发展情况。太重深化产品结构调整、推进国际化发展的战略举措得到王儒林的充分肯定。</p><p style=\"padding: 0px; margin-bottom: 0px; color: rgb(84, 83, 83); line-height: 24px; letter-spacing: 0.5px; text-indent: 25px; font-family: SimSun; font-size: 12px; background-color: rgb(236, 242, 247);\">王儒林强调，煤与非煤是当前山西经济发展的两篇大文章，尤其是在非煤产业中，装备制造业的发展被寄予厚望。太重作为我国装备制造业的龙头，在很多方面拥有不可替代的优势，要在我省加快发展装备制造业中发挥好示范作用，促进装备制造业成为我省新的经济增长点。</p><p style=\"padding: 0px; margin-bottom: 0px; color: rgb(84, 83, 83); line-height: 24px; letter-spacing: 0.5px; text-indent: 25px; font-family: SimSun; font-size: 12px; background-color: rgb(236, 242, 247);\">王儒林强调，当前经济下行压力仍在加大，我省企业效益普遍下滑，面临的困难前所未有。太重要坚定信心，化挑战为机遇，坚持把科技创新、全面创新摆在核心位置，继续提高产品高端化、配套化水平，提高资本运作水平，加快转型升级，降本挖潜增效。太重还要积极对接国家“一带一路”战略，拓展国外市场，提高企业国际竞争力，推动企业持续健康发展。（牛帅）</p></div>','2015-11-20',2),(42,'特大型铸件浇铸成功','<p style=\"padding: 0px; margin-bottom: 0px; color: rgb(84, 83, 83); line-height: 24px; letter-spacing: 0.5px; text-indent: 25px; font-family: SimSun; font-size: 12px; background-color: rgb(236, 242, 247);\">日前，我公司浇铸成功特大的立柱型铸件，该铸件重量达565吨，采用5个钢包同时浇铸，使用的钢水重量达到935吨，这个重量创新了大型铸件的世界纪录。</p><p style=\"padding: 0px; margin-bottom: 0px; color: rgb(84, 83, 83); line-height: 24px; letter-spacing: 0.5px; text-indent: 25px; font-family: SimSun; font-size: 12px; background-color: rgb(236, 242, 247);\">该立柱型铸件的外形尺寸：11.5米x7.5米x4.4米，为我公司35000吨多向模锻压机配套生产。</p>','2015-11-11',2),(43,'160万吨焦化总承包项目进展顺利','    \"在此编写新闻内容...\"  ','2015-11-18',1),(45,'太重亮相印度钢铁国际展会','    \"在此编写新闻内容...\"  ','2015-11-12',2),(46,'特大型锻件锻造成功','    \"在此编写新闻内容...\"  ','2015-11-18',2),(48,'公司领导慰问一线职工','    \"在此编写新闻内容...\"  ','2015-11-11',1),(49,'全球最大520吨铸造起重机出厂验收','    \"在此编写新闻内容...\"  ','2015-11-12',1),(50,'35m³挖掘机再次出口南非','    \"在此编写新闻内容...\"  ','2015-11-14',1),(51,'test','<img src=\"data:image/jpeg;base64,/9j/4AAQSkZJRgABAgEAYABgAAD/4Q8HRXhpZgAATU0AKgAAAAgABgEyAAIAAAAUAAAAVkdGAAMAAAABAAMAAEdJAAMAAAABADIAAJydAAEAAAAOAAAAAOocAAcAAAf0AAAAAIdpAAQAAAABAAAAagAAANQyMDA5OjAzOjEyIDEzOjQ3OjQzAAAFkAMAAgAAABQAAACskAQAAgAAABQAAADAkpEAAgAAAAM1NAAAkpIAAgAAAAM1NAAA6hwABwAAB7QAAAAAAAAAADIwMDg6MDM6MTQgMTM6NTk6MjYAMjAwODowMzoxNCAxMzo1OToyNgAABQEDAAMAAAABAAYAAAEaAAUAAAABAAABFgEbAAUAAAABAAABHgIBAAQAAAABAAABJgICAAQAAAABAAAN2QAAAAAAAABIAAAAAQAAAEgAAAAB/9j/4AAQSkZJRgABAQAAAQABAAD/2wBDABALDA4MChAODQ4SERATGCgaGBYWGDEjJR0oOjM9PDkzODdASFxOQERXRTc4UG1RV19iZ2hnPk1xeXBkeFxlZ2P/2wBDARESEhgVGC8aGi9jQjhCY2NjY2NjY2NjY2NjY2NjY2NjY2NjY2NjY2NjY2NjY2NjY2NjY2NjY2NjY2NjY2NjY2P/wAARCAB4AKADASIAAhEBAxEB/8QAHwAAAQUBAQEBAQEAAAAAAAAAAAECAwQFBgcICQoL/8QAtRAAAgEDAwIEAwUFBAQAAAF9AQIDAAQRBRIhMUEGE1FhByJxFDKBkaEII0KxwRVS0fAkM2JyggkKFhcYGRolJicoKSo0NTY3ODk6Q0RFRkdISUpTVFVWV1hZWmNkZWZnaGlqc3R1dnd4eXqDhIWGh4iJipKTlJWWl5iZmqKjpKWmp6ipqrKztLW2t7i5usLDxMXGx8jJytLT1NXW19jZ2uHi4+Tl5ufo6erx8vP09fb3+Pn6/8QAHwEAAwEBAQEBAQEBAQAAAAAAAAECAwQFBgcICQoL/8QAtREAAgECBAQDBAcFBAQAAQJ3AAECAxEEBSExBhJBUQdhcRMiMoEIFEKRobHBCSMzUvAVYnLRChYkNOEl8RcYGRomJygpKjU2Nzg5OkNERUZHSElKU1RVVldYWVpjZGVmZ2hpanN0dXZ3eHl6goOEhYaHiImKkpOUlZaXmJmaoqOkpaanqKmqsrO0tba3uLm6wsPExcbHyMnK0tPU1dbX2Nna4uPk5ebn6Onq8vP09fb3+Pn6/9oADAMBAAIRAxEAPwAEdOEftVkR+1OEftXqcx59iuE9qcENWBH7U4R0uYdiDbmjZVjy6Xy6LjsQBcUuCan8ujy6VwsV9po2GrOyjy6OYLFby6aY6t+XR5dHMKxT8ujyzVvy/ajZ7U+YOUqeVRs9qtFKTy6OYLFYR5pDFVkR0FPai4WKhjxTCn1q6UXvTCoo5gsWRH7Uoj9qt7PalEftWHMa8pVEdL5dWtntSiOjmDlKvl07y6seXS+XRzBYreXS+XVjZS7PalzBYr7KNlWNlGyjmCxW2UbKsbKNntRzBYreXR5dWdlJsp8wWKpjNGwDtVjZSFKOYLFcr6CmFDVorSFafMFioY6aUq0VppT6U+YXKXQlOCU8U6ubnNOVkYWnbafSMyqpZmAUDJJ6ClzD5WJto205WV1DKwZSMgg8EU7ijmDlYzbRsp9MeeGM4klRDjOGYDijnGothso2VA+p2aMVMwyP7qkj9Kq6zfeXZj7JcLvLYJUg8YPft2qJVopXuXGjOTSsST6naW9y0DuTIuNwA6cZx+RH51Wm1+zjO0LIX7jA9cetYjyZ825n+YBC5YknP4jOB07cAVAAx6447+v1rieKm3psd8cHDZ7m+mvW7dYZMYB+XB6//qNayhXUMpyCMg1yy42KjR8Omcgd6veH79Bb3Ku22GHawJ7bs8f59a0oYmUpWkZV8KoxvE2ylNKileRVUszAADJJ7VD9ttT0uIj/AMDFdnOcPI2PKimFaab21BwbiIE/7Ypv2+zzj7TD/wB/BT50Hs2OK00rUcmpWUeN1xH8x2jDZ5pP7RtScLcQk+gcU+cPZsyU8SDeUaWLpnPNPTxKu3L+WT6K1cYNRkZzsj3M3ABO7j6U4i6nkUlhH04U9BxXLdrc7LRe2p2UnidIo1kZMocg4OCD/nNUtT177dbxpBgB3Csu7kcgg/8Ajv6msKOzhRj5773J4z0PerqbEBWMKOedq4rKdRWsjenQd7vQ2tK1mSCwjilVnZWcZLcgBjgc+2APwqy/iONbhYAjM7DdlTwB7mubDYZiuFyMbuh7/wCf/wBdQQxNBcNI8zPlSPm6jn1zQqjaCVFJ9zrf7bd0IVApI4bdnFZ7TNLI0h+Zj3JOemKzRcFTtz+NSx3A6ZxxWMnKW5rBQjsi27bY2yVAx+AqGK5gvpEjjmJVAcnJ68f4Gq2o3cSafIGOC64XHc1R0ZXhj84qQScgnjI4pOHuOTKU7zUUbt4EFpMy7WVlIK4xkY/TsPxqGzIa+CugbKElyOARjg/oahbzJF3qQPlZQMeuP8Ki3OkyMCCMY/Haev6VilpY3aZo3D7IUKZ+Q4OO/HNU7WVkRolZirqikD1yDn8P8alWZngKsDgfwrjpVXc3zFWKkn1PHApxdg5bmjeapNcQNEEKBuGO7t6cVnG4KjB3fSqbSSqehB7jFR/aXMgXJDYzhhj+dd/M5bnnpKOiuTS3ixtuYsGI4xzxTIr0TcLngdSOOtQmZiuODgY3bwePzpHZ1UZBHHbkj8BTurCV7lgTFyR2z/n+dNZiCduDnvmoMNImdznIJI9v6f8A16RuSQWdCrcYP5VKdind9CqIgCdjOrEAYB7/AIdulSwiSPlyzn0NMIMmCw69z/nmnYwQofoMYzmqbuZ2tsTh33MWB2+lPRsYAYKpHQH/ADiotvIIYycdMY4/zmnFd653hQSMYAyPfms3Y0SZP5mXOw5PXr+tIZSpDbgCOT24+tQuqyRhfMf7wJKgAn/PWolt7YMUVJJ84OQScevTHpSVimpE5uYk+ZnXA4OCP6UrakC4W3TznboADx/WgxSlQImEaYAKoTn8/Xp2q0qW8SsyKEB27s9Tjofrz165qXOK6FqlJ9SO0tXebzrraWAOI+CE9DWjwDznI6e9ReYF+8MD1I/z7Upfcx5OffnFc85OTuzphBQVkThsHK1WmY+UzKDu6gZ6nHSkeQLHuABzyO1A4x5vG3sT3/z/ACqUral+RZjYqOnX8ajk6ZGBSFgR8vpTfMUjBOewx/WlYZBKkcgJIyR3HUCqEjGB/wB5GzdgdxI/wFX5RsBOOB6CmLIVPYZ71vCTRjOHN5Mom6BzgBh1+7x1Jp4ZdhLgfN/D0/H6c1JKiSEFFHmD1HSq6GVCWKZPXqcH8MZ/ya2TT2OdxknqK0hJbb8oJBJAHH4/hUbZPy7hjAwOCKSViIx5gXcMA8Zz3/wpizrt5JwTjA6Y/wA4q0tDOT11YBtuQwxzgg0qs2SCo44wTj9arCbahVd2O3PFKJ8tmQFueSDgmr5WZc6LW/k9OBn6ilSTcSAu/PTblj+lQs0S/wCrfOORx1oS5UIS4ye204/rUuJakr6snXe4UeRIHB4YggU9LhXYCQEMwyvPXOOhBz2x/Sqqv+5MhLED5Rlj+uAP505QiADy1bjPIyalopStsXX8t2XawKkjqxP0x7/l1qcSoRvb5gozgjHSqaklVyScAk5UYA6cfpSK52nbcpGBgcPkZ4/zxWbgbKokaSyJIhIcna2So7f596YWB4O3GRnPUc9f5/8A16pozNGNkiOo4LAED3z6VK0rqBGp81sk5GW259cdc+nHf1qOTU0VTQnQ7BkADapBGM4Hpn8Kfuc4cAln4HH456+lUTd7ZCzFWKnO3GMduRmlWR5AhmbZnO3axPU8Zx7/AMxR7Nh7VbIu+Y2OAVDD5c9T/n8fwqIHfvZjnb6DOD1H+frUTSuEBYcyHBbAGB1Ax61FPcwooVBztwOMcfX0oUH0G5pLUuCXCqPl29PXmoJC3JUbunHP/wCqoWlVcxsXdsZJ2D8fp9aimvsDCBT2+v5cVSg76ESqpLVlkNIUACZYnJ4xx/n+VRzeUEZm4x8uByf1qtJO7ggZCkclhz9M1HDNl1UvsGeWzya0VN7mTrLYnBVidkRyD6cAfSmyASKpMZ+XgneMnn9KhRnbhZAu05GT/Sn/AGZvMO6QHt161drGV3JaIeJ4kXG3d7HGKTcmV4QgY4K5A5z1NVg2Paj7x4J/pT5Re0uXMQLnCLJnBIx059hUYmjjfJWNSM7doB/A/wD6u9NVI2iIMzbsZOOAf8aURwqmVlY89DwKVkU79LCySMvXbJ24cN/9ejyJwMRqzqfRc/rzSs8kkeLcSbV+X6f5xUSfaW2hSxwMjnPtTRMnfuwDuMHzFJJyGYE7fyzVgSSgLLN5b7skZY5HPPf9KY8MixLKZVPXjOT16eo5qMShWZicnoSO/H6/55o32D4dyYybzuIHoBTVZUbk9O1NPl8NjHuD+uDUv2eQrmJinGDuUgfy9KWiHdtjo5mjyIgE4y2Bk8evenQvMoL7QoHPzDkn/PeqqxqGK3K7D/eHSnSMCAPMdlUHGeDk+vrScUNTktyR3SMLuChR/CMYzn2NQ/alXkRhjn+LoB6Y/rQI41OXRmzwOeDTxNsP7uFFJxuAGadibt9bDY4POcPK2TuO47gQf1pstz8/yMD6vt5/CiV/MxvKgA4AHGaTbxjau3P0H+NP1Jdtoiqu9C5Jck9Tyf1qRflt1YMv3jge1IwQkKZMADIyTj34qJiM45K+mcYo3K+EeJB5Y3BCR3xUbMM7gW57A9KTK85VunY//rppY4+UsR6H/PvVJEObFwo7kn0pMjuTRRTRLdh27B+XdSh8kkxjdnOc4/z2ooosF2SjeOnCdz1z/nNOModQpZiw7hsUUVnubNuKGbwXLH5g3VSMfjxSB03EFN6noD/D9KKKqxLkxBI6EhWbYRgAnOKCdx4yvpzRRTsTdi+cwUKX4Pp/Wm5HQ/z60UUrDuw3R8EhuTk8A5/rUglXcFRFIxgAZPX9TRRTaEpMgEmPmYMz9QxP+fSmPIXYnoPSiiqSRm27WDaSM447cU7cSu0kkenpRRSHsA5IJYcdKcCFwcdOcg0UUDTP/9n/7gAOQWRvYmUAZMAAAAAB/+ELPWh0dHA6Ly9ucy5hZG9iZS5jb20veGFwLzEuMC8APD94cGFja2V0IGJlZ2luPSfvu78nIGlkPSdXNU0wTXBDZWhpSHpyZVN6TlRjemtjOWQnPz4NCjx4OnhtcG1ldGEgeG1sbnM6eD0iYWRvYmU6bnM6bWV0YS8iPjxyZGY6UkRGIHhtbG5zOnJkZj0iaHR0cDovL3d3dy53My5vcmcvMTk5OS8wMi8yMi1yZGYtc3ludGF4LW5zIyI+PHJkZjpEZXNjcmlwdGlvbiByZGY6YWJvdXQ9InV1aWQ6ZmFmNWJkZDUtYmEzZC0xMWRhLWFkMzEtZDMzZDc1MTgyZjFiIiB4bWxuczpkYz0iaHR0cDovL3B1cmwub3JnL2RjL2VsZW1lbnRzLzEuMS8iPjxkYzpjcmVhdG9yPjxyZGY6U2VxIHhtbG5zOnJkZj0iaHR0cDovL3d3dy53My5vcmcvMTk5OS8wMi8yMi1yZGYtc3ludGF4LW5zIyI+PHJkZjpsaT5Db3JiaXM8L3JkZjpsaT48L3JkZjpTZXE+DQoJCQk8L2RjOmNyZWF0b3I+PGRjOnJpZ2h0cz48cmRmOkFsdCB4bWxuczpyZGY9Imh0dHA6Ly93d3cudzMub3JnLzE5OTkvMDIvMjItcmRmLXN5bnRheC1ucyMiPjxyZGY6bGkgeG1sOmxhbmc9IngtZGVmYXVsdCI+wqkgQ29yYmlzLiAgQWxsIFJpZ2h0cyBSZXNlcnZlZC48L3JkZjpsaT48L3JkZjpBbHQ+DQoJCQk8L2RjOnJpZ2h0cz48L3JkZjpEZXNjcmlwdGlvbj48cmRmOkRlc2NyaXB0aW9uIHJkZjphYm91dD0idXVpZDpmYWY1YmRkNS1iYTNkLTExZGEtYWQzMS1kMzNkNzUxODJmMWIiIHhtbG5zOnRpZmY9Imh0dHA6Ly9ucy5hZG9iZS5jb20vdGlmZi8xLjAvIj48dGlmZjphcnRpc3Q+Q29yYmlzPC90aWZmOmFydGlzdD48L3JkZjpEZXNjcmlwdGlvbj48cmRmOkRlc2NyaXB0aW9uIHhtbG5zOnhtcD0iaHR0cDovL25zLmFkb2JlLmNvbS94YXAvMS4wLyI+PHhtcDpSYXRpbmc+MzwveG1wOlJhdGluZz48eG1wOkNyZWF0ZURhdGU+MjAwOC0wMy0xNFQxMzo1OToyNi41NDA8L3htcDpDcmVhdGVEYXRlPjwvcmRmOkRlc2NyaXB0aW9uPjxyZGY6RGVzY3JpcHRpb24geG1sbnM6TWljcm9zb2Z0UGhvdG89Imh0dHA6Ly9ucy5taWNyb3NvZnQuY29tL3Bob3RvLzEuMC8iPjxNaWNyb3NvZnRQaG90bzpSYXRpbmc+NTA8L01pY3Jvc29mdFBob3RvOlJhdGluZz48L3JkZjpEZXNjcmlwdGlvbj48L3JkZjpSREY+PC94OnhtcG1ldGE+DQogICAgICAgICAgICAgICAgICAgICAgICAgICAgICAgICAgICAgICAgICAgICAgICAgICAgICAgICAgICAgICAgICAgICAgICAgICAgICAgICAgICAgICAgICAgICAgICAgICAgCiAgICAgICAgICAgICAgICAgICAgICAgICAgICAgICAgICAgICAgICAgICAgICAgICAgICAgICAgICAgICAgICAgICAgICAgICAgICAgICAgICAgICAgICAgICAgICAgICAgICAKICAgICAgICAgICAgICAgICAgICAgICAgICAgICAgICAgICAgICAgICAgICAgICAgICAgICAgICAgICAgICAgICAgICAgICAgICAgICAgICAgICAgICAgICAgICAgICAgICAgIAogICAgICAgICAgICAgICAgICAgICAgICAgICAgICAgICAgICAgICAgICAgICAgICAgICAgICAgICAgICAgICAgICAgICAgICAgICAgICAgICAgICAgICAgICAgICAgICAgICAgCiAgICAgICAgICAgICAgICAgICAgICAgICAgICAgICAgICAgICAgICAgICAgICAgICAgICAgICAgICAgICAgICAgICAgICAgICAgICAgICAgICAgICAgICAgICAgICAgICAgICAKICAgICAgICAgICAgICAgICAgICAgICAgICAgICAgICAgICAgICAgICAgICAgICAgICAgICAgICAgICAgICAgICAgICAgICAgICAgICAgICAgICAgICAgICAgICAgICAgICAgIAogICAgICAgICAgICAgICAgICAgICAgICAgICAgICAgICAgICAgICAgICAgICAgICAgICAgICAgICAgICAgICAgICAgICAgICAgICAgICAgICAgICAgICAgICAgICAgICAgICAgCiAgICAgICAgICAgICAgICAgICAgICAgICAgICAgICAgICAgICAgICAgICAgICAgICAgICAgICAgICAgICAgICAgICAgICAgICAgICAgICAgICAgICAgICAgICAgICAgICAgICAKICAgICAgICAgICAgICAgICAgICAgICAgICAgICAgICAgICAgICAgICAgICAgICAgICAgICAgICAgICAgICAgICAgICAgICAgICAgICAgICAgICAgICAgICAgICAgICAgICAgIAogICAgICAgICAgICAgICAgICAgICAgICAgICAgICAgICAgICAgICAgICAgICAgICAgICAgICAgICAgICAgICAgICAgICAgICAgICAgICAgICAgICAgICAgICAgICAgICAgICAgCiAgICAgICAgICAgICAgICAgICAgICAgICAgICAgICAgICAgICAgICAgICAgICAgICAgICAgICAgICAgICAgICAgICAgICAgICAgICAgICAgICAgICAgICAgICAgICAgICAgICAKICAgICAgICAgICAgICAgICAgICAgICAgICAgICAgICAgICAgICAgICAgICAgICAgICAgICAgICAgICAgICAgICAgICAgICAgICAgICAgICAgICAgICAgICAgICAgICAgICAgIAogICAgICAgICAgICAgICAgICAgICAgICAgICAgICAgICAgICAgICAgICAgICAgICAgICAgICAgICAgICAgICAgICAgICAgICAgICAgICAgICAgICAgICAgICAgICAgICAgICAgCiAgICAgICAgICAgICAgICAgICAgICAgICAgICAgICAgICAgICAgICAgICAgICAgICAgICAgICAgICAgICAgICAgICAgICAgICAgICAgICAgICAgICAgICAgICAgICAgICAgICAKICAgICAgICAgICAgICAgICAgICAgICAgICAgICAgICAgICAgICAgICAgICAgICAgICAgICAgICAgICAgICAgICAgICAgICAgICAgICAgICAgICAgICAgICAgICAgICAgICAgIAogICAgICAgICAgICAgICAgICAgICAgICAgICAgICAgICAgICAgICAgICAgICAgICAgICAgICAgICAgICAgICAgICAgICAgICAgICAgICAgICAgICAgICAgICAgICAgICAgICAgCiAgICAgICAgICAgICAgICAgICAgICAgICAgICAgICAgICAgICAgICAgICAgICAgICAgICAgICAgICAgICAgICAgICAgICAgICAgICAgICAgICAgICAgICAgICAgICAgICAgICAKICAgICAgICAgICAgICAgICAgICAgICAgICAgICAgIDw/eHBhY2tldCBlbmQ9J3cnPz7/2wBDAAEBAQEBAQEBAQEBAQEBAQEBAQEBAQEBAQEBAQEBAQEBAQEBAQEBAQEBAQECAgICAgICAgICAgMDAwMDAwMDAwP/2wBDAQEBAQEBAQIBAQICAgECAgMDAwMDAwMDAwMDAwMDAwMDAwMDAwMDAwMDAwMDAwMDAwMDAwMDAwMDAwMDAwMDAwP/wAARCAMABAADAREAAhEBAxEB/8QAHwAAAAcBAQEBAQAAAAAAAAAAAQIDBAUGBwgACQoL/8QATxAAAgICAQMDAwEGAwYFAAAXAQIDBBEFBgAhEjETB0EiFFFhcTIjFQiBkaGx0UJSJBbwweEzCfFicpJDJReCorLC0lNjNBjiczUm8icK/8QAHQEAAQUBAQEBAAAAAAAAAAAAAgEDBAUGAAcICf/EAFMRAAIBAgQEAwUECAQFAgMCDwECAxEEACESBTFBEwZRYSJxgTIUB5GhQiPwscFSYjMVCNHhciTxgkNTFpIXomNzNCWDRLKTo1QmGMLSszWElDb/2gAMAwEAAhEDEQA/AMh1tcIjKy4EgCqPLyJ7/qpPX7LXEmpqnH5g7cpjQw83FP1YeLSlLkoSgBypJAwfTJHr3H7Om2lQAcycS+hOhNPQPEmlfswqladWYrLkknywThjgAY7dCZVHFTg1juWOlZBX2nDpoD4Ymz9uCX7nOO5x4gjAHSo2rNeeCkR1Gm4PAcTWlMO4ojhZEBZT3Vic57fT69RzlkeOHYAzFZUFU8cKSAu4GDgk9+3rj65z3OelAHPATSuz6VGdae/9px5aMZ82YL5dh3Vfp3x2H0z0XVdcl4e/HJbRlCzkVU0OWHghTCIvcAYwvp6jPYD7f29ASWNTxODmCdNUiINFPDBo6sUcksoALTAefr3H0+pI/X/DotRoF8MMiNEd7ilTIMx/liRhiUr4+RAI/wCHOFI75/Z6evTLmhrTPE63JKFAfSRw8PP9K4M1dfuRo/NSw9QcgY9f2en7uiVzyybDUoUjoupYA5Hy92FVqQ+ahECxj7QqjHiT3HiB65z/AK9J1XodXE4U28DSKY/hH3YcLXMRBKEx4+5hg474GAGz0OvUKDJsO6WiyIrHzwRq6hmMKlgD5HB/w7g/d3/To9RI9eIpiQSH5cVWlScKioCC7qAwUBQD9zKST29ewOfqPXoDLnpGaHDqQhl1NkeWHsEeHWaSN0yB4liCG9PTBOMkdMs5HpU1GHEIUmaVCGHA+PmMSMEMRBYRt7mT9qd+4xnOD3Pf/LpppXI0n4cOR9PT1dFJKZjmP2Yfpkr7YHl3z45yVGP4mGf29MMSDUUpjnlK8alPDwwtHAAwADHJDHJ9G/Q/oOh1g8aDBxmOvpFMjiSSsXGA4GO2D9M49PXt36BpSvwiow6EeStWGlT55YcIjRMPQKvqy5Awfr3JOcnqPqJGYIxyv0Wqua4dlGiiCKAgZvcwCf4iDk9s/r0oZWNRmRhfVAummkE1wxklGQQC8gXxD4PYZ8vHv2Pr9enVFD6vhrXCPOpZZYq9YChP34XrzsoAJ8WAyQWwSyZZRjP16SVDJmorXDqzsqhTUt41xJV5iyhZf5ZJEh8RgBiCAMfTt1BZQc14YNJH06TkaYstB65xJ4OrEFCzf8X1AyCR3P8Ah0B1V0HgMWdvJAE6iLSTgT44lEmEaHxlEYYY8e/3P5H64Pr1GkzbE1Ln0EBgufDxw8jKyoiuZiAv8xl/hVjnIDEjtg/69N/ZgKhiJCz0HGnDDCzIvgiVkyCcOc4XAGcnOOx6eiSlS2R5YalnJ0JCNWf2Yg7EbznydVGW8OxGceoJIJ/TqUAAMuAz9+K+XXM2phRq0plw8fZhmtcP5KBmSNiI/IZJjAJ8xgHJJOP165moMuB44BItdVX40OQ8uNftywQRBCwYBvsIyoOPIH/h7j0/w+vTyMoQCtCOOErFwZa5caYIiKXAyMAfdnt4+RP3H6989dJRh6cyRiGgo/qyA4+WDSeKThg4KsmFb6BifT6n066FSBTB3RUSgAgin+GFfbLNkL9pwRjA8vX9cZGR07qUcSMdGsqkGh04WLNEGRoj7kpBRvsC9gFHbyByBnphqM+sHIYlmR1VoyprIajzp78KKHlijUEHx7N9PH+I9znuD6dKDoYluJ+/hiOEaeFY0OY4+XHjh1TYOpZm83VSEX0xhhkntjsD+vr01ItDUAgHEi0laTUXcEhSKe/j+zATJ7rAOxDkhvTuEyR3wCAM56WJ2UEj4cFJokpETnWvnh2lfxCsmWQdvLuM+p7Z74JBHp02xJJLccPdMKtUzj5HxxJVoU8F8sh/HAUk5BGO3/Ln/Z0ElaUHDDiJE6+o+vwxKgnxAPZMdv2ken6nOD/p1HxNShXQT6cOICyEEHsRkr3xn9v0B6F11LTDfw+la5mv7MSsdr2+yuv3jPic5Vvqp7Hvj9OoxjYmtOeWJCPIg0oePHy9uCC3L5lfdcr28kPbI7fUf4dL0lAqAK+04FpnA0s2WJMT5TIKk+P3n6YBBHYY+4H9D00yk+nnh/5g6RTieOFIrkbEAyKXJPkuGHp29fEg9NtCy+oA0wEU0bZBhrJ4YWFho2dh4Fs/aDksew+pGM4PTZQGhNaYkpIYtQB9RPDEdLIsTY8yyHse+MY7H9x6fRS/q54jFxHVFNcR88wXB8s/d/Grk+II/wCEkY8gepAQ8RliHJKFPrGR54g5jJKxMbySj6ZX9+Q2W/iOepkYAXMYBpZCaIajDGSNjMrSNgqAB5fvz3AH6dHUEEL54berOpc0pxwYklEYrDEf/sch/wCYjGR4g5yD/n0vpBK1Jwol1KJGVFbkeeHMQaRCrL7jeLYJHY/uwf0b9Om20ggjxw7G+qJlI9XjgrThURfc8hkZXvlc9iB/wgDHSaWbOnpw1JOqqqA+rwws06ABY1buPVu0Tfp5YOe37ukVGJOHnuV0hQKn9Puwo9xokfuB7ikPjsyg4OR27YxjrlgBIIpgzOIUZq5sM8RLOzs8pwcAkKf42zgeIP2glh36lKAF01oK4r2bUxlHEDLz/wCOCNEgQTv9vl28DkFXx6HBOO/XEk+gZjCNGmkTSEBj+lMsNfY82JBzIhH2t27kD0JIwVHRA6QAeBxCaLquzg/mKchiSiCkeU3k7HPkpx4jJ7eJBPr6dNMeJXE+NhpLz5uPsGHCPGsfig8GDEYPqcZB79x2P+XQUVmqc8PJIqw+igY8fP8AQ4h5vEhiqFR3GT3DY/ic/XH06fRSSCeGIctwhBoCAD+h88RM0cbgBXZHL9ySWRj2BLA+h74+vUpR02LcvsxTzOrZoSHOZJzBwDQFlKxyBF8SQfUL6A9vTBx0oIQhqerC9KZgUVwI1GR5e7nnXng8ERgjy3aRGDByO7+X0A7+oPb9nSu/UyHw4cto/lkLT/zhmPP/AI4TlbzdJAVaYqVMojLFYy3/ALP/AAn6k49O/wC/rlQaSPwg8P24GWVTKJ0I65XNv4a/B7efvGDfhwM8qVq48ZFC/d6+TYznHoSScD6DrhK4yc5jACK1kcxWcelWzr5/pnhAxvH5gN4xeXhIwBIGAe3j6sc9cBmCfiw2Hlj9Jb8qvq8MOKyyK/mnZe4Mh9PAEf8AAe/rjrpSrIAc2rwxNtJJI36sZpHwJ5U88JSRqZJCG9zLZ81+uQOzL4hhjPSLkKHLyxHuHTUzq2qRjkRwp51+/CBiZZV7E4Xu4/jHqfs+gP8Aj05qBXLjXEMDRKvMDn/hgUQALGZmGMfr4j1x9AD/AA/r0gPBqYfUgMIS35Y4E8B+n+eEGRSRC8okKt5qCO/oV79sejdOOCRqAw0zKVNu7BiDqA+6o+3BDErfzAwLoQUHfOA2cd/9emyPRpUc/HCK1aMzZrw9mEpHkBk8cFcjDEH6gehz9Tnp9R6Rjnk9TOtNI5+7Ee1eMA+SlWbt6gtkHI8/FDn0/X16ISScc6fp54iukIqhUhsC6rJCjOMupwAM/wAGCAcfv/29JrYGmdMLKyvEOpUEHywjHGQ7eEixr7f3eRJzk+gwDjIx0QeuVM8DACKmN6RU4HmfswWQoqiFvt8eyJ3yjkA+bHuPqMd+3SUzJ8cNvdLGiw1/MHLngSroRn+Wf4gT3xj69s/XpKVy8cNKHjcMfSfE4I7TTIfdbyYeQVAp7juPI9gBnHShNOeHZJprmMhzVuQ5+3BPal9tYVf2lJVmA7ZGADnt/F2+vXZVrzwOmboLEp0mueHQhkj7x5cY7EAHyHbyyCw9T0hAYUbExutGuqEF/wBvu/4YTkV3x5TBlg+5e/Zv+HCnBJzn/IdcAMwOBwzIWeT1sKR5+3l+3DiKcqgjjwfFQxb17nAwwOM+JbGek0AHUCK8OeJCXJVenDUgDVl48KY858ZFZjjOXYeXiQ/ftgZ/i8R0hBOXEHCMaOA4pUVPt/QDBVv2hIzI4AX7SpB+z0AUt2BPbPb9elW3QLmtfPAG8kdyVYAk8M64M5/Jj9qSRA65Zok+0ugPbJzjsB+vSCgNaUpzw4Wa4j6LtVhxXy5j3e3CU8VRUCqfJxnAHoOx9fUdif16RRJXywUwtBSozHDDV4nmhyw8hGzdzjxAwG8XHr4AZP7+jyVs8q4YbXLHqB1KrfYMsF8fOP3Pc8cBfaYk9l/hOO365xnHSaTw0nHF9a9ZZBop6cuPL9eCqyPInmQMEkAjABI/YPpn9endNAcGlyJHDSGhrhOV2bEbA4JLfTGcYx+0464aRiPPK8j9I+OWCvVVvUd0OfHPfy7fQYA7Y6TqU+HmMdOsepQxoQc8LyV0K/awIQgevcDxOSRkH1PQgk50OJr6JEATNeWEDUySHQsgH3jI9P8AU+v6dGWp7cMNHqBRhUcxhaCtIcBJAsY+7xx/FjtgH9em2kAzOWH4ndAFVgI/DEmlKKMe4FDPJIRIO2ckDP29vUdMmRmNB4csSYxEFMiGhLZ/ZmcGeFWR41x4j7MDOe+CR9xAyc9N1euqmOZ43Ro1YEg0Hngr0IyFVXjV8/ackiMj6n1PfuOu6siktQ4QwroRVZVkH/w/rx4U5YmCPKrq/YjxBwDjDZXJI7dK0qsutR6sOaJonEUrqUb9K481VAxjUZAJwynxXH6Dyx6dIJWA1GoJwj6YyYVNV8cIrVjVXwkivnIcA+Of17HuMDrmlc8aUwxEF1kDx54TNOBAmcKUPZfXBOR27EEgH6no1mYg4JkgjRVemoHhx/ywosMYUBV8l8uxOAVYg4wO+T3/AHdNvIWFK4kgQlBUVqcvDEirrGgRpwR/EEXOSv6sew8u3+XUbSzGoGJYKINDOp8vDywhK3kU/mgx5yiknIXv6gL656diUg5qa4ZmfLJxSmQ/T9WCKo8gVwqk+Lp/wgYzkj6AEeo6FRmAePjhwEaOpHQL+IHh76VwhMB5H+A+X25X6nOPqB2IHUgGlKVwyzvQldC1FKj9X/DCMlQNF4+ShvLz8frnGB6DuSB36Xqtq4ZYdRQYKFgX4/pXjiL9lA/g7+Kg9ifUnGO30yOnw1V1cThmNY1NXIX9PLDGWtWaTzOSrfUZGc/rjp8TS00rXEdkt3o7Lx4eeGMtSvH2hH2euf0J+g+vUhHkYeutcOdK2VRHb00VqaYb+0EHY5Ddj3JIJx2IP69KTU1PxYf9K/ZgDVUjsgdc4du/2n9CPXtnpOpQ0JocRtMEjMQCSONMGWp7oVIkP3J4/eoZs5/4QxGRgdv2dC8qqKsa0waJblemg01yp486DDg62VsRlpEBx5MufTHr458Rg/69M9ZB66UOJAAp0R6Scv8ALB1oxxt4ysWCjCv2Hb18cfcO567rFs0GeAqA/RejaedcOAtSMIirgow8nY5yD3PcEnPft26XUxFW58sTRJboAEyoOPjhk8nuyBnGVJ7jHr9rEdiP1Of39HkFKqfViMZo7gh39UZ5eOHEayTIolYSELgSZwoH0iB7DyA/2dNadDV4YmQu8sdJjVhwblT93BUriNpG7ntg+gKjJ9T6H16R3JFMHEtGJodNOPnniFtxCBpXrqEmcEtN9JfQ9ux9M/XqTGxkQBz6OWKybRETNEpSdiasedP2Uwg9mycK7O6HHkPId1z3OML3BH+nRdNBmDnhxZ7gkKxLLzGWeEizs7FBglcFsr5Mue4mIOPMt/s64KVXPCtO3WPTFBpzP7MNZoyVLCM4UZY5AAPqD69/p/j0S6jkDgX0EfDiKnPYAgqBnAP07j0PT8YIbz54itOhrE2QGX24r2rrCrF4ufB2yR55LD6eoBHke/Ttw4dwV4DwxS7REbaIiU0Y+PHD6JorPdFYMJCpY4+7xHfHc5U9AyaCAacMP/OJdJ+QD6WzJpn7P88PIq4JPj3ChmZf2d++QcevQSNkAMOxipLDJgM8KynzjCxIoBHcv37jt/wg9s9ci6T6vuws1w00NI1pllX9tP09mFkj8Av2H7D4sCpADYII7jAyP8OuJB554cjcxIqqpCLxyy/Thj3tNKpKgDuW8hk4OMY7d+x6UMAc+GI0qSSVaL4sz7MKxKoARu5PdiM4z9Rnsc46ViDwywEWR0vVjzI8fDP/AIUxJwU0+1kwxZScEEj6+vbueojy+oqa4sIY41bVHzHPB2rl+8Sqy57hcg4Hp9AB/n0a0BqcsHOZJBWAAofbg8SuSY0QZXJIAHYemf8Alx+7pWCgaq5YaSSQ1jAGsDlhWKKZHKmMEN97DtnH18ScD09BnOc9ITHp4545Osj6dNV44exKryeaxlUH8KvgN4/6475+vUdyVNK19mHY5nJLhQo5VpgTXmCmQ5ITGVLDv/gB39ej64PpGRw0yEIXBJIHAnjh2kC+znH3HtgZz6A+g+g/x79Aj1b1HElGAhoQKsOX24COAH1wcYA9R2A/cT69JI9DQHlhnJRSudMLFYgqocN92WUA+QHqe+Ox7dN1YmuG3nUDSxqByyw8SMq7hVPdsjv44+3Hc+o6GtMzwph1FZWJf4SKezhh7HGVxhTlux/5R+4+pz005Ujjhx2XSNI9dcP4onBIcKVwe4x2PYdz2/T9/TJpywQLadLU0/f9uHCRDsAGyp7v2BHfP2/rgddWmCT0vRa6eficHZVVCAD9PqP2ftPRhV5kYAjLDdJpgAsuAWYhPXGO+P1IP+nr0rKlPRhtZXUUlI1E0H6fp4YOiF2++TspI9O4OPTv6Dv/AOnQMNIwsZEjUqBQ+eFPA+52aNvHA8iuQc+n6Y7HHp01rPhh5oyHpUUHPEjW+w+y8eGJyCAe37/qfT6fXpls/UpqoxIibSuiUUcnLFghVI1Efl5dwwxntjy9fLBz36aJBfVy/wCH+GJkQ0x6edcP4X7BMrnLMob07g4A747kdR2Q6sSI3YZLT3jANK5cCSV1x29pQQARnGO5/wDXoaUywL1EhrWh404fZgxjLnJYCNj4hfRv2D/lz0+TQ0ocEseQYkUJ/Q+GG70zEDIp8vqV8iTgdzhfTsfX9/RiXWtKYR7fpPrBrlhIVvu8lkQFiM9yAc4JHoD2PbHSAj8VcJ0dNGVl1Nnn4fZ48sEkimichDDJ5klc+WQAPRsdu5z6dOqBprhuQyxSUjKEHhx/4fZhk1cxKoZSWJ9exB/Zkj+In9cenSxsC/6sQZlZEC09ZpU+X6eWFmhMYWYRIwKKgVgDhgPXGcdivr0qoWJQnhjnUoVmIBUgCn6z92CNLKxHl4ocEAADBHc9xnOe/Tgt05k/q/VgXu5WOVAKYcqheL7ihkxhWaNT4jJz92Tj06bKhH0jNcS6tJbqxp1SMvLPCjr4IRHGSGzjAAC4z3bvgZ/yz1ygkjUcDOwjU9MHA0k8VfIIYt/gR3H7yfI9LOa+zA2KFEYMKMTiSjXx8iYw7OhVew7d8jOfUd/TqPnSlcTFIiJNAXP6fZhUIYQDOPsx9rDuhH0PbBIH+fQmrZLzwuoxqPmOA4U4Yd119x/tBBRuwYsUYgFe36/49NMxpnwOEjJ1+mlRnnh8EDIpz92SCO/Yd8kZGCegqa0xLTSw6n4zlhYZ8QpaMAj72PkGz+ox29P3dJUA4GV9NF1AAj34FlCAGKRGby8lLliPH0wT44yP8elB58sCTpTSjZtwOfjnXHkIZVUuCzkqT3LgDPoc5747fToDGSa8xgIiNHTY1LZYdgmMDux+hGexHftnscZ6HQT8VKDD9Ao409uDLP4FSAFGQMYGT275/XrnXKmGyVjoy51PLxxIJKMtLKcAMR457tlRhgoJ7EdQ2UkBQDiYrqKuxzB/Zhuzq5aX0TJ+1lUN37+mfXPTqA6dHOuI7uKs+Epo43iOe5OGCZzgH0OB2HRCoNMuNME8YYDUARiO/HTB7BT3AI9Ppj9uc/7enyxrlww1RR8GRwyaPDupxlu/YfecYOcnC4IH16eAJAYDPEdq1OrjgDHGZWjV19pQPEMTkDt/DgfQ/XriPTqPHHBYy5Wo0D9PvwTydS3h6AYbH1yM9u56UKDx44EM3LgcNZWJTB8Rl8EHIf0ycD+Hp5BnQcf044ZlbIcKH7cBEwjcgkkdvFcHJOQc5AAI6Jl15kgYbV+kSrVKjh44NY7DGAxPkuMH7PHHc5P1z00pJGqoywc7kD1c8GRAyYAOftAOcZPj3JOR2yeuqTnywsbBlFBSmF2qAnyYj7UBwxyvnlu+M9z9OkEtAQRnh7pBj1GIyGQw0/nSeRZQnj/yj+L1wATjP2jp0aMjniN1JpQwfSKffhVGjZzH4OAcEjAyniWJyS319OkKnTXxw5HKpLR51/wwnKx9smLCr5OgLH78nBOMBgMAYJ79z0UaAN688sNtLVarkK0864jZEf2z4nI8iME4IJHdgAOwyPr9fp08NIbMUGIUgmVCY6Znh+gwWpU9x1E5VWUhsjyUHHoEJ7jAP166aXStRw4YS2t9bfmkavu93lhyK8UMWFy3uL9wPfALfXHYHIP656Z6jSSDyxLdFt4CifC2RrxGEJYwx7KyqFUDI7hguPJOxzj06dRippliPLqejU5U+7CMcBHqo+4nu3b/AOu+ufr2z04XJzyxEjiB+IZ1w4iiMLl4iCxPcNkAnGMDv6Y6bf8ANGl8gPDD8Wm2cshGuvPB5K7Zw6kxM3l5gYV2we6qQDn/AE6RX55av1YJ4Rqo4rEeDZZ+zDMoyoVUHKqT45OWyfQj9fL93TykHM8cNtlAyx5L4eJ8MEigLqPIFJMHHde2AR37nPfpWcBvTmuGI4y8dHBEvuphWGuE7vl5O2WdftOP2Dv0DyM3CoGHYYREatm/OuYwRI/JyWEbA5DEZPYjvgle3fH16Ut6aLXXgoiZZCW06Gyw3ampbz8e/cKQR/CM4yfpjpzW2nTl78RvlkLEt8XKmEVpyN5FwOzfaVJ/h7Hv+369IXUcKYbWCWh6ukmvLwwQ1l8WTwyGIyc4wQPoSew6OpxwQUaPmTiPMCLL74diM/Yj49cY+/HqP8fXqRrJGmmeIXTRJvmgTTwPL209v6sJPWbzD+DZI7+PZFBJfy8T6DIx0mtfhOElhJbqaWNfs9uEPbX3MGSNcDLqQwJH6EeOCe37ujpww2igMYxIAaVP6U44WhrxTxTNlXlVyFIAwcY7Zx5DAHQM+hgvLDkEUVzG7jOZTTBPbYtGxTzVm74OCAR6nOOlJFDTiBhSVcozAlK5j24dSVlBCp9pIyc5Pb9D2/XpsOefDEkRxV0oArHBRXjwyuCZFJ7A9yMev7s9czE/CaVwBIBKGtfHB1Cxxg+JAHbHqzd8HIJAHfpQzDIgk+ODEiR0NT7uOI2SssPk6+bBvQL4jvkdu/7B+p6IMGGKuSFYWaQajXh92BjheQHwYnI79zjsc+oGOk1jjiRArh/TnUYXSBR7hlPmytjuXP24A+o/aeh6mVaHEwOues1I8/8ALCEsCxlmVG74Zf8AlbP0b6n16JGZ2pkB54iXJjQF1B92DPV7AHuxYiTwwWVMnx8Rkfdkd/8Ab0nUyqAcOugYCNzQtkxH3U/bgpoEEfcQAOxOfIjHoQTgE/vJ6EzDkDjjba0Eeehc64R9n1ETkfd9yjHh2APcMWJPbo6niwxHMekf7dqtXPjT2YUEIJPuK+Dg+KePbt9M9u306MMSMSEDfjA0+HhgWpg/dERIM95B9O/q3YMM5/164sQM8dJCSRJEQRXiOAx6OkBP4HGVUSlm/hYdhgfXy79xjodVVqOODigAmCtQkCteXswmIpf5jgIR5f8AEvcHHpkqcjoWZQQDXhhFeUF2GnTq5jPCyU/dXz7Rn/7J6fc30KgYGMH9nRF9IBHD78KsXWBkJIP3e4V4Yew6+IOJAx/4sKxz6g+XbDA9z26Zd2cAHhh1YVEhda6jl/xw5FRFjBXPkpAx9VySchf0x69NnP0tX7cPdNmiLCnGnnwwdavnE8gGGWQRsH/hbOD5rgfUt9cdNvRSFHMVwkMRdGlIoVNM/Zx+/CIg7/cjEZ9Aq+vocdKEanpphRTWWela8segrCUmMnEhYlW+gYd+/wBcdj/j0JFDWuQw9bKJlMbekk0ry8fDA+xC0ijDqY+7O57ntgqviSCe/wBew6UtQcq+WOMcDzA+vSvjTM+WeCyRRl8L5+IBP3EZB/QkHB9OuUFh5YJhbq1BUA+P+VcImIO4AkK4IUfeyoM9g3YdjjpaU48cMMgml6eQQ5Aj9OOAsQLBM0cfdWGckZP6+JHp2/Z0KnVmTTD0qrBNSLMDmcINCHUnJRl+77VIGMYIB7HPRGnCow2UWUE1IkGfgMAawZUYeTdsH6YbJ7AZJIxjpVbT6TxwvpCjSGrwPt/wwUVzlSFZlX1/5Rn9v6D/AG9H1F4HClWSQMgJp44OtOR2j9j3JDn7iV+04H65/wCXv0zqVTUkYkdE6q2wZqfZgslORGDSRsD64IAAwcnB8sdujEqnAPE0ZGsEP4YI4TuucHx+hPrk/p9eiZtPAVwv5QylYg+yuIeyjFgvtArkgSdwcZ7Bv8/Xp+IgLqJAPhiPIRUKtWBORp+vBDW7kMoIx9q4Hf8Ay6PWozBzwZAzr8PL9OWEZaIfuE9tT+jMCxx6D1GOiE+nPIn7f144xowqaKfKuE4tbIAVMWUb/iJLOOwBxkYA9fr69IZw2eVfLA6XH5VCFOdTWvuw8j1yRFC6n7mw3fuf/plJGMd/1Hp00biQmgAJGHESO3VVbOPn44lJaUCN5KgLqAVft4qTkeXcZHr1DE7saE4sOminUooR7KYaFfIlcdox5dvr3AK9vT1/06cEgHHEYBpJtQHAg/qw19gMzyMo8R9pPr37dz64wOnQ5I9JphFOiVpnB01OGD1oyWbyBGcEZP1GM4/Zj9nUlWYqK4FRqUuCNFcsEkhDIsUaoCvgVzkd2HYE4zgAf/R6BZHjer5rXAteABVQCo4/5Yjj7katBKhXv5ZTBP1APqBhh/l1Lqsmake/DsUrSRaH5GuX2Z/b9uCAkKyh8q3dRhvc+nZj6Y/ZnoCCM8D1JI1oG1LXgOI+3Lh54QaB5D5ePbPb7h+79e/TgcAUOHD+YufDDWSl5OCkhwuQUYHOAD64H29+nVdQpB4nDZgTWGjfIHzwU1kjwfQ5H6gfr9c56EMDkMPaRwHH7hgntxsxBdSCoAC+Q75z3OFGR0hYgcMLSMfEwIpwGGd2rCFXxI7/AEZh5Afrgdu5H06OF3LZ4jXaR9PWpGeYHMe3FeghWZM+LuwP18cY7eg8f2+vUljoahoBijieKdBo1GQ8a8sSq1YkKeMYB8fuyoIOcDzPoMd+mNblczzxarBFHSONRqp4DCy1vAhgAMjGQowVb/iH+eMfs6TUaUwhi0ydTgaUplTDhIgAI1Ufbkdxk+uR6Y/XptqMaljXCoAfy15YVkrYT7QwJAUfcSApwfHHfI/f364SKD54dmEVCq1pgi1zGuUyDjJBxgjIH0x3J6c6iNkaYj06SllJrTCsdT7RNgAD+JMDJYZwR6kD/PoXkAOmprgOijL1hw5jxw8RX9kyqq9s4Bzj9MN44J/w6YoNeeCDyiLrRgV8Dg6RCVB4ZhI7YGMdgMHuGxnPoDno2kINGocKriZAkdY6Z8MsPErP7WCoV/8A9Kn8TD0wc/T6+mc9NhwDyI8MPqKJQ5TeI5jAQRyksknovkMPnOfEYdSME4HqOlkKkBl44ZTray7Upw92Fnj8ADny7YLHsWJOATjt29OmgxqR4YCSVo6BQCRTM8/sw+NfwXH8JbGVf7v39l9PXpoSknPDpJCVHE4MIiqg+JP0yfErj17AjI64NU4Al1UGmdcLLCG+4qcjt2H2n9o7ZPQsSDkcEjMRzGHEcUQyfbJbtnyHYn9npnoSzHnhxTGPwktzr+ymFkjB7sPEn0K9gD+vfy/1z0jNllXAL4y0Hs/zw7SFlKFcOGP/ANUckZ9R4nOD6dNB/GmH+mwoy5qf05Yfmk7lG8fLP2/bgLnBPb18mx011a8a4ktEzLqAFAKZcMJqrRMfsGf0b6f4ZHqP9vSgBjTDBcwqWoNQwTBzhixU/QkZ7+me2O316P1ePhgARqNc4+XCpwYwkDLYKP8AaO339vpn9D04hoNROdfdhWhLJVlGk/bhylZU8RJA3gVGGXHmDn1wQ3bt6fUdMNKWNQRg0jjjIjZTwrlhZ6TRASJkqRkg47dyO/ocMP2DoVYth2WJlWqjKnA4fwQM8PvBGMjeQ8n/AGfUEAA5HTZcI+gHI4cCieDXQ6m8cOqMLlJJZM/b2wAAO7Y9SM9ukdxXSDjrKM0eRsqDIe/EiInAV/BsH0OM5AyQPT9Cf06bLLwJxMocmoakcsOFVXkBkiX9MkHJ7Hucknt/h0yR4cMGGHMZ4N9qw+2c4SQMrE4PYdsnPYg9Oh2ZuGO6ipEFFfTTM4OpWTybDDxU9s5RhjuCDkkk/oeuYlQKcCcEZVddR5cvHER+MSzebSDvhfDH8PbuxIwcHqUJFCjTTEMqzSNqZgScvCnvx5KkosJ3D9+5yR/h2P6dI0o0kcMCtvOLlasCowvOiBZVAOCMKARnBOexbJHpj/HoErrFOOJNwYihDEg/p44bNFPhIsISMHJY48Tkf82fLJ/b1IDKCX5HLEKRHCrEdNePu+7PPB3pMF8v/sviMAAFfEnuCDlskE9IJ1r5YI2oRNQIL8gMHSuWjjDZjKg+Xj+pJxkHyJwP2dNmWjkjMVwaRF4lD1VqZ0wrHXYIyOMq6nAJOQM5/i9CRj/LrmccUrgwhCFHFa/8cLwoCuFx2OPTsCM4znvg9NtWueWFRlZaL8IOHkaLkenn6dzgZPoRjt2yem2Yrww4tFauer7sOfbVVxKc98JGhBwGOQBnOcdug6hB9IGHXRenSY1PIDC/tMsMf2/d3L9x5fvbABBzjpPibPgcNfCgA+IccLQAKPGQyH6IAVxntjPY9uhOfDEmBkVSJK5nKnj/AIYcLGFUlz5Fu4Denj/D9D+vQEVOD+XXSWcjVXKvhg0oVFViFC+PiAmQQOxyQ2RnPSVNaL9+GHZYqGQDSOFK/fgFiUEyxLmNe6hyA3f6KRjOc/u67W1M+OEBQnqRfyxwrx/T3YWdQVAcHyznGQBjHrkjOe/SCSvCmH9QZPWPXXh5YaOypIoAxgeYGcg/TGV+ufp+nTi+pThmRgCFp54U/Ikdg/hnsAVAbB+nkfXB6QIAKYJp6tXSMOXEynJ8PtAHivcnvn0Oe5z00KcM8FIJCpNE4cjjyksMnCjAHh6dwfUZJOf9Ok00+2uASQk6uYFKVx4ImSXbCHBXxIx5Yx3zn1IH6dKa8sOIUK6nNBhm8WcmTuM5wuO+Prn19MdOCRgKDEc5euTNT4ccFMI8GkKKnbJ+h9QBgZPf9/REnIE5Y4Rkq0oHpp9mCxR+JQ4DIWLEhSSPtIwQBjA/29KWrmDnTHIwqv7tc8RU1bNl3AYqZGPc4AHrhewOCc9SEeiUPhiDJCxmZgfTqqMLoPOQqoCOO2WLlRgegwRjOf8AXoahRXiMOK7SyFaAMvHw/T3nHniUMpl8mwTllHZyRnHp+z9/SD4acsG66iNfHy4YMpVPNDESAocEZJz2Pix9AMN/j0pU1qDhBIFJUjIeH6cMHSN3iZ8kjy7BiCxP25VQO/jjv2756F/iocJEdYLA5Bs/Hhy8sekHuFG8WRQM5QYz+rd/LvkY7DpRVRQZnBlVlo/DDP25GOVXvIrAnPcg5z27dSCyaczkMRAH1Ejn5YbiJiGADHvntgdxnH0GcZ6UtwZcM0IOhTnXC8MBRz5o7fYW8R9M59e3qSOmzIGHEccS4V0P6gW9OBWqZMyMUjRiSo8wWUemAvYqM59elZ1pprU4bETOSxoqnCwX3CTKAMqE+zHiuc5YZDd+3TIJUjTy8cO1WdS0mSkDhyw4eJDG5GCfbKIAD9zZU/d2H09OuDMcjkMSDpI1AZ6aDwOI54e4IUgqoLIcj7i30x6gr+316dRzTxxXyKddQM+ftwdK6SZQo6zeiISDG2e+cg+RHf8AXojIF48MLHEktQwIm5eBwLVpIX8TJ7yA/Yr4AHb0yPHuMn9eh6okFCAvicI0EtvIfVqgHwg0oPZTnhsI/ubyQFcfwjIbyycAnOCv3fTomb0gKRXAIRq0OKrWuXj5+WAerLGnvRKHye6dyEB9D2IOAM/X16RJkbJjTCSQTRRmaMhiX4HgBThlnhKVZPBDCgZgAG7HDHLegDfQH/Lp2PTU6jlhqd5DEDANTjBYIWjRkkXPl2Gf0XsD29GGP9eulYs2teWG4VeCIoc6+OF2hTICrkeKkgZ9SM57fv6bWWoo1BniQ8XTlopJqoPLngRWURSsU/hwe/rk9h/9NjpdVWBU5YcVPy2rywwWv5F1ZGyW/lDP8SAZyf1yepHUoor78Qo4dZYuDWvppz9uGDVpcgsqlXAzkvgd84HfsSR39enuqunKuWITW82rSQKNl7MLvB4p5lsEph0RMgA9/I5B8ceOOmFOp9NDTjie6kKHcgemhC8MR5piTLMgEYBIYHLHHp5ZyBgf49Surpy/FitFtHMtZF9PGo4+/BPDxQNXITP8TL/DkZ/ix3J7d+kY+o68cHWg6FFbnTAxwSkANH4IP4SM+XYZHY5HqOkZkByOZwqJIy1YDp8iAan24VeEsyOSVMZz28fuyD2/Qf6dICBkeeDKaiDnUH7cePtAswWQZ+pIH3Y+mFz6HriGNFFK4USR+o0anurX9uE3SMohdT5ux8ic5GCfuBxjPifpnpU1g0BqMNu0TRhmFZOfLCcVSMxEOHOM47ggk9/0znpHapy4Y6KNOmQ9dXLHq8QCeP8AA6u2U7AFMYGckEnv/n0rfF5UwkApHmaShuXCmHAhh/mGRV8WGWIJLKADjAUt2z+vQHURQYkxiEFjIMuJoM/Af54amISEYiPtkE9857dgADk47d+nBVQASKjEZWWT8xVPTOf7MAlGVSolCL9/kCGPm+B/D3b0yc/r0JdCuleBwK28qsGlIGdRTn5c8KSRSH3ML4qqkknzbyHb9SR2B6QKo4VrhzU/qyogFa+Ptx6GpH7Z8R4tIfLyYDwzgADAwRkd+iaQ8zkMLb266Kxj1Ma54IacoJDgIR2zkePp9O+Rk9EJMsuGFaKRWKsKEYPDUVVPtufEjDIR2Ydx3JU5P16EzBsjTHQwiJSkfwYRZHhH3H0YlZO3kQcgKf8Ah7Z7DrkAJqnxU92BLdFaHgDxPH2YcrXUxgBMeShu2MEn9jE5AP16Ekls6ZZYdIUoKcSK4WWmUEBZCwZPJgM/qR2wT9QegLqxYVoRhwR9MRSUYoRnQe3DmOuQygeBwxIHjj1BBGc+nfpsyA5VxLjNGGS5Hz/xwosHgSygsG+3wkPb/nH8OCe3SOxIoTTP9OODWPpklRqryP8AlTC+FKCLwxliZHVfsBzjAAySMD179NgGpNa0w9qQp01FCTnTBHgoxr6tIfq3l6kk/QDOMDpFkmLFeAGBkSxjWoBJ8T/lhCxXVHYRrjPj4/sJIz6dgejQ6hU5YanjEdQnGg++mE2rH+LC9sJ38gp9cnt/xHHfoagMUrXHGMsNVKZAZfrwR6qqvmxj8c+JCnMmfUYGceBAx6evTivT0jANEoGpgKD7cJGsnkGAyAQRkr3Hr3z4k/5dKXJFCBgFCq4kTgOGEzEC/kATHgjy+uMk+oAHoeg+EUxxYlsvh5HnhRKzPEZAucMVP6ePjnyH18s9DUVpWvvw8iGSLqrU0bl4YdQ+DMUjhC+CscNkg/qe2MkZ6jygqQcTLeYNVI1GoCufh/jg35EPiSEdjkCQDsrED6jt3/d0oWXiRkcL85BpqBU88sOXeIxMYFWN/RFQgZB9Afr6ft6aQksKnLD8ki6CbegelBQ4i2ZlJ96HPkPEs2TkfUD7sfTqSE1HJssRuu4zlQGopXnX7cRf4Qf3JI4l9e2S6gg/XAxkY6caQKaVH3YiRwOwJKVz548ddP4ugjDAgNgg4UnH8LZ9P8+k66c2I92H1gkVCFUVI58vZg66SyJAj+SAgYzgr+31XIA643I5H7sEbOQNpPxYePo/b8PyCrQ/xZUgOGx2wPHx9P2d+gFwWqAcSGsdDKs1Olx864SmgRf5SKrRjBVj4+X1zn6Z6HUeNc8LItPSo1JyPswynrxgR5VG+3w9fvQ5Jz2wP8eiV2rQYCS2jMak6akeOYNeeI+wzBSvm5P1XPrjHr6nPUvpKT54hTSkAgMSKfp+nPCYkUoGXyVvQ5wfLsQB3B7Z6UJQ55jCmdTGNFQ/PEfOsw+5FYxnBZD/AMTAdyCCM/p06ugih+LENxcD1DO35jnXDWOFmV3EcgLsW8GAVUzgEKPXH19fXp0vpotOGFt3URs1GFeXhh5XhBGWVU7oPuBOMdhjGe/7+okzagaHPEiFVH4Rx44LaqRLKAqsWYLjKhiwOT4jAA8c/wCzpIZXC1Pw4fudKkRwElaff4ez78eFSKIjMQYlMtlSApyew9PQfXpTOzjjQ1+3CxxKGHUFfTnXxw1kpBleQeAjJ7DyfzI7HGOw6cjuG+DI0GEZJCNUWnTywmtOMD3Ps+xiWwT5EH1/iJU+vRGR6UriMGH4vh8uOGlmis5UI4XLZ8MkFsDAxhWP1+vTyz9M0Irl/hh3Q7j8lqL9h9/LDZNRHE4LMCxb+H73HYehIC/XpWu65UphEiEMlHGTHPPBpqEIZj7IcfX6I2QO/fBx+/06ATlwKGmHLmOJxUCgJ92KpQqMtcBx/NfAIAJLYOcDPfHbPfqwmfXLVPhGKrb4OlbCR1AnbiPHD1IJPeUFMDA7sDgg9wMfXJ6a1+g5mtcPAzGYnT5V8sKT1HEyrGxC4yw7/a2WHqfrgenSCSi58a4S4Ruquhm06KnwrU4dx1jG2SfHOPJsgkdvp6fT69NPKNNTgqrENfM4VFcmTBRT9w8T37H/AA7nt12occCZImYEjP34W/DIb7gHBXGM9s/5jv0BmUcONcDJQerip5csAIZAxRU+z18u2R+wE+uD0Zda6j8WO6mldMYqcOEgLARea5fOQew759f07dNmZQaYXqSUo2nzGeF/xGWFQp8lzk5GfL7s5/Qdx0PXUsQaYWSKUW4JOR40/b4YciEyIF88EdyGI8QM/Rsfr0HURT6aZ47qM6BK+oYFIp1wskfgD/A3q0iZ7MDjuCSe/R61b4Dn4YEyXHCQaV++njhb2I2HdRIMDsT2z39SD3OeozSSBiAaZ4QrGxXV6l/T2YX8PtACjyJHkGwU+n8A7sOiDrXBlivppU8vb/hhY1JgwZlKwhCceoz2IP25PoeuWWMgj8WJDQXAbUwpFT9Dg4Rm/hQkDAyCO/b9ue56HqJzw3SQ/CtRgyI6sc5UD6HH6E/Tv646Rn4FeFMdEzq5ByI+7CqxNOscXdS4wXBHuAgk/f5ZxnH06LqAHUR6cKwNwiwgfm8zz/w/xw4EUsQCZPivYZ74PrljjJzjpv0O9QBTBVlhUoWOQy+3EjGszxJgswAwe/jg/p9M9umSqBiDlnicrTPCun1Cmft+7BnqSkJhBkgnBPrn1yf16VGCmnLCSW7OoqBVv14TiqyyFSgIwTh8Bgvb7iFwc+uPr69GWUcf+OGBBNJTpEgAmlOX24VSvLK2C3ft3LBcHPYlcZ8gP8OhDgjTQ0wq6pW45rkT5+OJKOG0isRiTwbu2QW9Owx4gHAPQMIQ1K6a4mKtyqalIYA+GFkV/FpZfrnKHxK/TsR4jA7/AOfSCoaiZ4VS2gSzcCDUHlh6peQCMscEdgABgjIGO36DplwB6vxYfJZ/TxweFTGsi5PiwIxj0YkMzZ+pOP8AXoKDSCOOGlXQxp8J5e/PEvD5LGv3hVAzgkdyfQDI79x+vTZAJxYLJ04QeGWEpAD9w8Ce5Zst3wfVvp2/Z0arXLER5A3rbLC3s1zAWETZ9fuzjPqcj07g/wCXXLUSDPBflNFmtSThqiH2B9/iFdiCSMkBgAO/fsT/AKdG7eog+H34jJmoI5E4M0bSAhVx4r3dexyuWOTlu5P7O/QKaHM4fca1quQpT34bxoqhGByVOA+ckjPcHvg4wenxmM8NxqFAIJJHOueFGrBmJK+R8ux757nOBj9f29IslDQVzwbLHIayKDgJKvb3JQPDsoDZBHjnufHH1/w6LWR6a58cBLBqpI/ClB+gwqsC4/gAB/hz5EMB6N2Y+p64muZw4EUKCgAyrhJovAln9Mghfoo9MHGW7nruNAMNM2gl2Pp8MOI43kBJPmx9C2Axz2xjt6jpl20tU/CMOgszZULH7cOIa0UaN9g9SzKpx3yBn1z/AJH69c0rOa4WPooCoAD8aftwuyIIlCoFPlj/AOmJwe4P6d/TP06RKs/qzywcmnpgqOJzphYQtGRMBhI+xBY5/XuST/4HQGT8HM4aB0HrU9K4QCszeRYIW/ixkZH17HI9ejPpFDxxx5mtK8cO/GJGVQ5cHAbtnuQB2Ofr0wC9Knjh6sSOFB1Aj7PP3497cHkytIe+Sgz6L5dgEOT6+n69GpLDVTLHMqA0Y5/sx6QoAow58AQ/bx88ZySuSfTsOjAUnMDPDEiKOIqBx88OFKpFDIRkg5/fnOO3p/FjphhqZlHPCLT5ZGIqAcOSp8PKXDN4l8tgsF8cAdsL4j/PpsIATpqMSwrKKyZsBX3eHuw0848kYXLAkZA7dyPL93UoIQK8sN9ZG4AVOYwvF5FgXcxqAfE4UZ74zkg5x009R8PHCRu5fS5onI5Z4AxKjDI7k4zg5HoAfXHboTmKjHBVjYBviPPwwf20Vgftlb1Abt37Aeh/Q9JU88sFoiLVOZODtD3BKYVVJdcHx8h+p8vUA5x12ofCD6jjmQUpQaeNPPxw3ZfvJUYB/iI+nYAeufXogCBRszhhnKuWTLBz4Ejt9rNhvTGME/qf06Uk0yw/1ldqPXQfZgpwHJjXwTxwMD1OAT6k9+hWo4n1YZdwW1QikPCvnhuVbyKCJWRu5Y4yD/y4I/Z+/v04STmScMLJKWEagEEnPww4NNnQErHnA74x6HAyQMn/AF6QSlcq4f8AlJmzrhutcHyVDkMPtX9SP0Pf6Dow5FCeWIqCUOQCSOQwVIVHmg8c9iR45cKOw+p9MgdFrLZcsPRsuojhJTPBIopPLyjUNjt5Ad/rnOSAT/v6M6aVY54UK+v0AEYTmi/9kYCH8opIBk/acfaTnsO/+Z64cTp4UwMhddPL8yh9mFFrSQnDqCpyEyAMMQQCMAfX/TpsyBhllgQxQ1kqVbhwwSOky+XkMyFvMP6EKc5H8QBGSMdGJa5D4aYGGILXXnJXj5YXSCZG8lAxg5yASe49Tk9v8ukbSRwzxJHUU6kAK0wg8CzBHCBcd2AQkHHqMA47dJq0krnhiUxyipFNPEeOFPxG8Si4RiP4Fy6nBz/GcFRg/wCfXdRa1zOAkQ9IqRoc5Uw4WpiONQpJC5dx6n09fIkdAZAxqRlh8LwQDMCuCikWb21GGbMhyQCyjA9fQDI+nQtIFNTww08IZtAAEhz8csekSQRL7cSsyDAxjzwPoe/fDfv64FTngmZ0QaFBZcN5YgqqzAOy58SRgg+ucDxwO/RqWLUrkcMltJHVJZhwy4YbQxhg0asB5EktjJPY/YCT6ZHTspApXhgIT1KkZN7OXhgUWSH+U5/lyZcqAcsclQfqSD4AdF6ZBXnh8N0vyifS2ef2YVjhUllgRmkUd0Jx4t/sI79AQOLfD4+ODTSBSADXhrJWZYw4HkwyScj0Pp9O3XLJmVBIXESRKwhuLV+3Hoq/vK33/eq5YNn7EHiM+nbuQP8AHomdU+IVU8PbghH1hq1UlHEeWDCILH7DIGLkt7qls+KeoIJ9D0hJBEgNF8PPB00jpEZHPV5cMNjCkTFDIWdP4JD6qrd1GP2A9KXLDWOHPDYiiSkZc6uR/TL7cMnrvKQjsS7fwZxkk9wwXxwOwx06JNJqR6RyxBMczL0dR6h588F/DaRGRpfAL3Yk481H2+2cA4BP0/Z0511UhgKYT5ZnQxF2HjwzHhhOOtJ3V0QIMgAHx8lwCCQSSexPSySqTqUmuChDAGOUKFFQAPD9OeG0NZQGwoXDME7n7cHuo7kMT+7p1mJINcqZ4iW0Kqr0UByTpPgM8GjqyIgjdz7y4IJJKkfsH7BnpC6FiwAzw6sUoQQMx6gp+n2YUFVz/A32jBbsCfIDBx2I756FpFX4+eHRbsW1RkhRxwSaJj4DtgYz2wCQT+gyTnpY3ULlxx0tXohPpHLAtWaUFUAZ8g/cVPiR+g7Y7dKJAubGgwkiGX0xULjkeA/wwgK7tg+QJA+0Ak+nfHpjHbpwSLwpiC0Nx8QYFhw/SmD/AILMrMyKrN9ysB3CemMDsAT3/wAOhaUA04r+3D4tpWQtJ6ZfHy8MKimI1XsD5r3P/EwyQBn9Mj/HptZdVdJyBxJSARopbNiOPjgv4zFXCnxx2z2+wDuAf2jpesFPq4YaaIt6IzTlg0lONOx8SQE8WIYfcf4ivcAf69N9Ug+GHXt7atWzcc6nlgRAoX7WLg+uP17/AL+iEhbjQH7McAiCkZrXjXAFFXsc47HBAx2z3wRjogTX0nPHFqDU1MsvLCX4/l9ySEKf4R4+QA9OxOcgkdFrYZHjhunVPUQjSeGHLReZJ8BGvYkpn7VHb9Mf/R6arp45nEtlEgqDpHM+GEbNSvYHjgeKYcZzh3C+Hfv6gH9nRRu6Z8ziPeWsFyun8Az9/ngRUTwjkjVpBGvtvjsqN3Pj657gg9I8zj0czngvlk0KyH4Vp9+HiK5icr9gXw8RgHwHfyA7ds5/b36YOkMAwJOJSSOsR0mmnIYepWR1w6qjn+H1wSmQfI+uHznpgSkHLD0SQtTUul8IPWKzAhwir3bsPEj08PrnP6/p04zFlpxrgjCVfUDRRn7fLDcwlJy5CiMoZDGp7FT5AE4Oc9v9eu1lVohzriOsbC5MjCiFa+Rw1Zc59PHvgfZgA98fXt0a1Gf4ueFNHFaCmCyuhYeZ8AQAe5ByMkeRHTygqKcThqaQM3qyHDHgWeNgseUU+XuEHPb1BHby7HOeg0IGrzw4GkMfpFUHPCcaqW/5sxM+D6q+GwB+wY6I1HlnhFVDJx1eg+454QxI5yFBx2OMgsc+uAQM9LwxHA6oFB6/14ciq2DX8VVv4vcORgdmOPqSQP06i9R6Fiag4mJbrpFrlrHPAxmSr/JaPxRs4YEfe3p+oBwOhpqNVOeCjkktG6TKFjIyPicCkTY9719wEAjGcE4IP0z0Qqwo2dDh6ICplHFv1eGDJWIICRqD+voSOxzkknv6ft6IuRka0wqRRxtqUADDmtp5nLYC+oKZH2qe2Tkk5PicfoB0y8yJRqe3Cw2RMjKvxVqPL2Yl20zZWNl9VBYrjBPc475+meopuixIHDEx7UowStBTDldZBGVWSLsFHcAeo7AH07E9NGV2+FqYeMKqQGAwDVlDMY4VH29u3+0En9/S635nHdNFJ0imI+zC0bhnCucnEaZwxPbHbH7COjSQlCV4+OAlGlh1hV+Q8T7sR8sAZfFlJIz5K5OPTOOxB8h2+vTkcrKanhgXVG9ElWYjgfDEdJr1ESusYAUFexz3yfHPkT6/v9OpEcuo554YeJY1GkUQDgMQhp+9IRhipYdu2D+uP8upJcL6eBxXp+dIea1GGdjWOGj/AJuX8syD07YIBJx6Z+vTwnJrllhqa1CqjByWrw4ffhNqbRKHkZfHOAVIOD/F5d/QDHXCUnIHANDpGoio9tcFSJZYmMis0SvgSjGckAle31JOfT69IWbX7sPRIpiLSD8oH9mGnjCkjh1b2c/YzDBPYYzg4wMH/LpTrIBHx4aUwxu1crcnI+I/45YU8oY0RlK4mOApGRnBOATnPp0XTYsQw4YdEkaKrJmWOQwMdZWlWSSQjJ+1V+4hge2c5Pjjpt2IBVRhYUUzB2bTU8MEmULMV8mbyY92GTjucAZyAf3joR8ABHqw4SGmaNDVuNf2YjZZom8PAAAOVKD+EAZGPQ5zj69SlgYDP4vHEFpQZFaMflrxXl+n7cNGHn/D2BODjAOf2eoHRvk2XjgDQV5DCiU3LKQn8XbOD37Z8TjA79BI4pnx/VhxYZSRIoqpy/yw4kgConmpDEZGGb08j/w+pB/XphTWudRiQ0eihYUYjDKV4ipQgF17efcDOQSHU5Hbp9I5D6s9J4DHSujRhNPrHPFQpUpYvB4iMOf1xkYPbBHp26sJ5tZ0tijghkiPpaq+FDibjQDKlFD4B8mBOQMZHYH0JHUck8R8PlixWWGmkAh+Z/ZhzEg8PvHgc47ZCt2BJ/bj/wAumnNDngAygZk0rhdVAbDYGcFR+o+p/wAOhqPswY9JLDngyxrG3thUZXywYZAVz49sn17Doas5DmowhfR6JPUx4HCjxtEfFgqlwMg/8hIz6fTpSQwqudDjmYxN03y1DOvhhSFCMxpgszZDL/D6DPr3Pp0oOWpssEjKPyoc35EfoMOFruHZpXHqC4yPcJ9fsGcAfv6Zd1OSiow6kUpctI9Gx77wviAviM+IGO3r3HSila+OG3mkUaAaU4HBnqAp5MVJyGXGT9+MYwRj0/w6NJSSVPhhhoFI1agefsOFDEcEkn+EKD2OfoQPX0HTeQyIwRiLgHkBl54cJWbAPjjPoVyCe2O/07noSy1w+sbKoy9I8MKxK7uWKllORJjA+36fXP6dKQABTI46OUtKxYVjHHC88eSqrICgxhVBHjgfxHsAT36FcuPHxw7Ky6RRqr4Z4BI/Egh/vHYDHcrgH1IwO/8Aj0QIOR+HDAkSM9QH83hTyxIrGyRRvgqgQDyJ/hyT2z65IH6dNmlWHM4mg0jD19Gnj54Fq/lOAf8A2lJMZwD5dvoAfQ5+uOuqojqPiPHCMFa5MTH0Dh54cSRTMsYCM6IQwfA7diP1BJ79x0Csqgk5VwUwnCqiIWQNxwtLHZZYxH5LGGGSwGFfP6g4yB36FXi5nPB3TXUiokfwU+w1/wCGFvbIJByz9h7mP09T+nr/APR6TUvjh3Qy5k1YYWMU0Z+8Iv1wAfIj9nip9ekXM5UwTHSKnBFiZ5ssuFz5eTdgAQcE985LdO0Cr5nEINNJOGIooz/zxJsnl4eJBZkGfVu+Tjuq4H2jqLQitfHFgzKaL+Kn7TgCZIwYcgZ9VIP78en/ABf4dEFBFcNltD9NviPLB4oUPtr7YypPY+nofoexz1xC6ag4NCpYVzHhh2UlRQUUYJOVQjyVSD3Plgev7ehXTWhwr9VV9IqteHh54UhrzmTzz4p2IJI7t9T/AK/6dK7oBpwMcTMwdclw6krqcFgHbyw5AJVgAO/0yDj/AD6RWpmOGHJIi5p8Xswq8b+QZRhVXBXP0YYwf246BWAGfHDao4NUGkeHl4YKsPtliP8A3D2+0ZPh65APrkjpQx4DDhpCBoILnCRhhDgOC3kO/wBvbyJIwOxxn/Xow7jjUYjzGNSKjUSPLj4YU9gR/aF8ceiYIx9cYHbP7+gLEmuODECgFB4Y9HFFIQoUxKcA5Bz2yck4OBn/AD6VyVFa1w6nTdgEGlTheSpHEnkjFi3298+nY5xj07dAkrHjlg5E6a6lNfH2Y8iEKAEDxAgsDgZY/T0yDjo9Qbic8NqxKV/BX78C0YkIZYQue/i3qpx6ft9OiJGkAHAqysSRkK8MAtdgxn8T9jeefoT44z2yMHP06EOP5YOZw4ihwLgUIGYOFC/aNjGzKH9QVIBwR6EA+h6ULUEcDg2maqsVqtcHQI8rFFI8kZmU+pYjBz+nTUgIUV4Cn68Nhla4IXiVP7cLCFQuZMjIwq9gOx9M/XHQ6jyphFiQIOoSGPs8cBMie0jeBJc91ZiwJ+mV+oz1y/GfdgnKiJA3P78IGBlYFvJfoVwMAHyBOcHt9B1ILr76YAjSRqyB5YU9lFZH8SzBe2cHGSe36A9NsfSVB44VmhBVjQsB+3Dp18h5keIz2KZJHYjB7/7umgKZYOR9cYbhU/44BI3Tv5g49EOcnP8AkPTrjQnhgImZVI1gkDh+n6eWHKofufGB45fJBwv64yM9Ix5c64fWgUycCVwU1/P+YCPFRjJJB7DPYfp36WtD54beMynWCAvn/wAMCYx4JhSc5xgk59fT9e/S4FiOmEBqRh0fKQeRVQE9SB2H07Z79z+nQBQpy+LD5m1KWFSvjgixeMgLgopGW/djP0+pPp26WtQdPHDZOmYFsgRg71VJLoS0Rb7jj/iOO2e2R6dB1Sp0kZ450ZGJTOInh54FIYgfHwcHtkAYOcZ9cHtg/r0hcnPUBXBRtGWPoIOEijtnEAcAKGVD3Pp3GckdHqQZ6sN9RyD6dVOIwDVz7atkYJH8o+qEgk/U+h64SoTQHCOrdPVXKvDwwiK/k2Gwq49fVc9+xx3z26IutOOI6lWajGijOvng8sRf22wT9g8sYH3eRGDn6Y65OfhXBSzI5U6hWmeFpKvtgnAKH6kD6jsAQSTnoVkDGn4sFNDo9aVpgYgyqMANhCMn9hH6HP16STQPU2WHoZn00pnTBHiLYZwq5GFCqSMZPb19ejQqR6TUYZcuxq4p4YItd2DqoJ758BgeYwMn17dulYhRVjlhAGOQwZ6zBce4sZbsr+J7H9e3QdZPCtMKYiVqpAJ4HPHhTm9GHuMFDeYA+5T+g7HrurHxqMd0ZFOdWPjgjQr5DC57ZyEA7p3H3fTJPTnEZYixlVejqTgyVY53TxTyx5d/+X0+uTgjPQFwi1Jw+I1uJxpHpUfZhX8dAkfixPc+5hWyF+mAw7YPTfVbVQ4JUiKrTkc/0ODpXi8/tclmHoB39f8AiPiBjI+h9euZyBmQBh5CuoqhzpjwqsxbsgKk9i+CQO+ew79F1U8cB0ZWJK0pXn/wwEkXtACbJXAEaRgkkE/r4+nY9cGVs0yOHFOhdEuYPL9BhF6f5CKUY+QJTPp4sMjuSe5I6XrMjVYHThp42nRNBowP+P34bxUYIWdZlJLZVmx9qr9Ce+Qew9O/RvMzCqZ4jwxxRBlnUljz8POuFRXbA9l1EargOftBAYnt28u4P1HQ6iR6x6q+3EqNW+KNgIQtAff9uE/aJVFde3kQD2AbJycZJzgfu6MEVywwRUATL6Rz8fP9BhvJGHlVRlcEZCBiMeo74PbPc9LwFeeADq04VKqK5jBmp+wWeGRiXAw5OcjByFAIPbH16TqdQUamWCkia2OqP4Dzw3MRfJbLk/UZ81A7+X1HY5/b0SsU4cMNlmkGhiCT9tPfhstJVclh5D9DkfTt9c9GZWIywEaqhKyZpywj+LIJJEZGUMrZYgN2B7dvLJOR0QkjAGk1IwJjImbqelWBocAaJDJ4v4ny7nwAOPEn/nOe306PrmhNMcIAHXptnXPhwwm2vkd5P5inxPqwAB7A9sZOcdcLjLKuG3thI7GQ10nL9gwEcCsxQZyDgKfofXByCO3+zoWdiKj4ThIyxYoPjHEYeGoCTN7p8osNg4AH0yhwMdj031ScjTPEsRKoM4ILJngv49dSG8wXLegbscjuSQOxJ9Pp0up2yArgUEYYMCC2G9iGMSDB+mT92e4BH0/d04hJGeWeI92umWuWYrgkKRBvJ4iyqvkxGcqvceZBA+v/ANDoiGyoaVw5bmMKSVzUVJw1nrK+BKpVFIYSkHxb9n69OxyhUJUjX4YgXMWshXH5ANdXj7MLV4kQOjR+4SnigH/Nle+CcAADoJJiaZgZ4mW66AVZSVpkB+nhg0sagxp4+2BGPLyOe+XPr37nt0AZmBPE1w44VnUEFEC1z8anCJjedsFQ2T2HYgDsPqQOx6UDprXgaYYb/cSHUNQ8MH/GZlGQfEE4XHZP1J9SB/v6LWBmDnh8rVSeWHPsKvtle7eQLdm+0ev2jHr03rY1J8PLHehQpBqa548KgkZh4V38mLfzPLuCT/Dj6gj6/XrusV5sPZhQglcqVjK+fGn+GAloNGvuRj71HY+ucE/cPXoOsXanGv24GWDprqiAV1pSnA+zBxA2YsZwP2Y8ThvUEH/TpSy1YjErgq5gEHPywr+CJX8pWXvlfuzgL9DjBz0HUIFFGAMXWOuVhU5f54M1MqGRB28W8cF/vXHY4GAPTpNZ44MLIB0VzNDTLiPH7cFSJERVdCrADK/cSMk49CekPqOWG01KBqyAGFhH5t4BSx9T5dmHb9D2PQnLPDqQl205H3YJMGXCHuPL7Yx3y2D6H0H19T1woc8dKzR0jYZV4e7lhnKiOjHIVwQpBI+w47ggfv8AUdGh0nywCmNlJYaWBpXDBopIyI/eHtS5LPkkDHY5JHkfT6evT5KsxIGYwJDRDS7jQeJ/T9DhlNVUusBHoq+3g+XkwHkPH0xkd+jUkDV4YjT2ySOIOQ4eeAMHgyAggk4CuQAe2Tj/AA6ONgatywvS6dEPDlhIQecngiMfJiQTjsR2GCP2Dp0yLp1VywwkZaYx0Na1ry8Ke3C4rTRyky+UeWz5fvAIBI/XHUUlCSVFRiUsc6SEyGmHi1fejVIgzB/tBVSCfqex+n2/p0x1CDqNMO6tcYiiGoE04H9uHkepsO/kFZR4BfNseK5YAfX1wcdNmeICj0Of34lC3lMgJFBppiaq8aVAZLUoJ8ssGIycqO64z9vUaW+FQIhiXBt6ouqR+daYeSa+lAqeChhKM9k9cYwM/wAWO37PXplJZpCaEVGJMsECgaRk+f7M8EFhICQIva88eOMqnoMZQZHicfr69cEkYglqjA9dIVMbeknAiWRpWzIWZRlwDgePYAZ+pzjt1zoCtAOeEDtqAU+rj7sEIYySMzAYP29sEL6gE+jd+m9IApywKB9bSSkZHCDuCY5EIcsPuxjse+fUjsenUX0UPDCtODplizUjlhlJXIlBMisgOSxI9wAZAL9sHORn69OEA588NaZNYJaq88eMeV7Afb9wC48e3YMcn+I56VWCnPnh3SWFRyxF/iZkDffgtl1x9Qf3g+PUgPl6cRBDRuPprhGWFQ/lHH5hDkkjvk5GD2B9P065Hbgw4/p+njjnDrLrjFR92Gs9UugcjEy4wD2IH6H+IHsfTo1mqdIrQ4WaLWoLj1qfsxDGq8knj4xkkZXy9PLOMdiB6fTp9CEzavDFeySSz9NQpAFfVw+3x/ZhraqSg+DpHCuAmY+wJyT3JP8AET+/t07GygEqScFcLMHVJEVV4enhx/4YbrSeNigjDsxBVnIIXGSRnIByf3dK8lczwwMUcodhp5inDCbV4WHnK6oyvllx2xjsSVz2+7pBI4yUGuFKxj8yRgCMM7McoAVRHgfekq/XAI7EnI7d+/T0WlvUxzxHl6lRp4UqCOHtwxlrTyhWIeQ+JXywCAoJGB3BAz69HrQGikU8MMtbzMBLJm/I+X/GuEY6kvg0i+BYN/w93bP1P1yB+nS9VQwU8AMHGkqws3GQ/fhNIij/AMtQrqexVlPgw/wHfHRFmYUfNOfHAqiqwCCj+7L7sKxTh0kR1LlJQ3uemDgqfLBzkf4dC8JDagfSRww7Hc6ojGVJo3H3YRsg+JLMCGHYjHYZx3/b0oKvzzwsg0Ranao5eWId2jk+yNvNlOCO4Ix9TkADue3UgK68csV5lt5BpQVccafoMJ66HxQB07D0VSP8CRnOcHrrk1aq+OF2+i5SZnEh7HiS/qScYOfQ9+xP7f06jmTV6BXxxJMehzKKaTlTA+17gH2yLhsEgExj9+e4P7f29dUqa+WANJcipoDx4DC6V194qf5ik9mPr2GPqM4yf39AfgHJsEijrtXOPlheKsoaSWQZQKfFV8vLufH9Avb/AEHSGSoCrhRGFd5pM1pkByz+zCy1zL3bCsQCPLOCvcD0B9B0gk6ZzzBwiq0768q0wcVGX0Hkv1ZQ2Mn1BJAPYD6dEZUbPOuOeGZW9I9FMyORw6jpJIM5Yfr+n+H3ZIHQGYjhwxIjgVlHH9P0rgz1ljT2yv3EhSGBOCPTxxj1H7+kVyx1VqBhqaMQjpD4jUZ8cKJUMigFXUYxlQD4nOMny+mP079IXoajCC1LR5g5j7OHHC5qRRrnBkw/gWY+J8sA4GMdsH9+ek1sx8Dh7pRwQgn1CtD7cOY4fadVIb25BkBO5X19fPxJ/d0h9Qr4YKMiOUK/BuAHLyP2YMtVGYlfsjkbsDn+H1Hp2wT9P93QGaq05jBC3rKXH8puIws9QIMqqsmMr4juTjJGCB0Amavngnt4wCaEgeHHB0orJEZAjB84H/DgY9CO3cE9GJqGjYbNqskWuMEGvPC1Wu0SsZPFsHsjEHAznupIGSR+3t1zFnzWmnC2iGCpkILHkTw92HaxQeLuqs7Ht9pUKP2gMQegAc0qSMSVaM1kUajSlR/n+zCogLr4orDBJ7ELgd8ZHrjv0JJrQnDgJPDhgfGTzVHXMWP0Bbyyw8vI4XGD+/o9KsKjjhkySdTQR+VT31/wpjy1HckRAlh+ucjP1IzjIB6A6QKE+rDqA/AuZwf8S2pjclm8P4g2D4/QnxXORg9IHUinAnEDTeGQMTSnGv7cOUgGD2cu3diygL3IzgsR+nbog1DmQR5YkxqoOskGQjPDpYwF8fEj9o9ewGRle2P9ehOZrh4uKUywolZXDdgWBxls+pzkd/2dAztXLhjkjLg0OfKuDQQuUIfxaT0z6EYI+44XDDB+nXSPqb05LhtQzqA3xmvu/Tlh21ZBEPUOR92T9px+oHr0IYg+K4kGNUjA1EPz8MJrCyggFXyc9s57geucdE7BzUCmI8iGuTCnlX/LDgAoFIY+X6DBA9QMfb6DHQD7sPamSNQGzw5IUgsMsi4JYDsM4H1H7ekw60q0LICyjmMGWASMCFJDDAGcNn9R+/HSE0OOVOodVKgimDR1Qk3g4/4WOT9P2k4zkHriSRVcMdAibTIKCmA/FIds4ZSf17/uGcdulFaZ8cEYW8RhZK49t38fQ/a5AAOD9PUFvp9Og9WoA0x0aBYWdRmB+lMKiNZIseLA/Q5Gc9/XJ7DpQCDU4lEo8PDPCXtFR7eM5IYHsF9SCCRk5Hbo6c8RWBAEQ41rhxBWUkZZST6hD2Qd8ksyg56jySstacMORw6BUkVGE0hDEi0CirgKo7N6Y/4uzf7uniafBmcdGoYVuDReQGPGvAv8Hlj9ARn95A7Druoy/FhDFEW9BPDCkUUat5BWJwRllz+nbsMfXrixkFOWCREjbUfipjxhMjRkjEanJGD5kHORgjH6dJqArQ54FkMpUSfyx4VrgqQKZceMmE+4eYAIA7dgD4joWk9NRTUcAi65af8ATXkcLvCHBBJ/j8hnxGUxjxPjnvn1+nQiRlOdKHwwcgqtXpUHl4YB4UKBsEEN44UjBGAc9z29ejRiSRgGMbKG9QAy5Z864XNbsPHC+AwGznPbOSP17/TprrgEggnDjxkqErwx6KuWRZCPL1DKB/CPEd8Er9T048gGQzOGbeM6Fc8ScwcLx1lkcK6sFHdcAjuPo3rkd/TptpWp6RRsPhKtSSujBzFI3kcL4xsYh4hsnsCCftI9D0gk0D1VLnCHW0hTIIOHswqIEBGVZlUYwo9T6ZHYd+hZ2pXxOHAFUCgzGAjiIBaSMnOc4B8R/j2IHSswJIWtfPCJGSKyZHCiRqUIZDnzPiykemPtUk+nYdNsWDcf14cHpzYVODOjjxQp4ggsrDGCp+px3zkdJxFfxfp44RmbhTLx5YMrskpwv2qBjIJ7YI+vqcj/AC6RgKAEnApICSAMhz/zwVqriQO2Bn+H1B9P+P07nrmYdPLlhdJLFjwpl7sC0IUlWTJIz5ev6EZA9Rn9OgVq5jiMNhlJ0nLBBUBVowPIP947faD3AAOfLOB0RlKkE8MARGD06cRWuGn4yg+LJJn6qqgjP7OwJz69upKygKKUphlQukVDV8hhQVSr+ADlSMIWPYEf8x/5Rj6dNhstQ4jCdNtekmq8s+HtwssKoWCk+YbwfxyO3rnJGcHA/b0jFnXPh7cORDTJpqCacsLew8eGTwclRlXVj4g+o/h7EfXpsEgUzph9up+HTTzwEcCElvB/IkkkBfE+mcA9/Hx9O3SlmJox9OBjNSSwFcJPAZEY+JCY7AgBwSRjxJ+rD164MoYUPqw0zK0TM38unAZEf4YW9lwBH7f/AAgknPl+n78dAzL8VeeHOoEAVc1wl+Dk+WAB6FT5H1OcgAY7nozcZUzrTDBVWcMoy/b/AIYcLXEbeQHc+gxkfuwAB69CZlK0INcSFKRNwz50wf2JCvYqI/8AiUjDEeuOwb6/TPp1xZOXHDrhhmAAPHBhXiyMKB+pz69vpj6knodYGbGo8v8APDYKAeLYEwKpJAwcEg9+6nAx+/sf8OiEi8uGHaELUZc8/wBWAWKRvBj4rFH9oVvX19fQj6/r0hkTzrgVfWakDTTnhi9Vz/AhA8QfEDHlIO3Yenp06stcmNcRHVjXon3CtcDFDkhZovtCkYA8XYg+XbGCcD9xz0rsRmhzw9ECQVlAp9+ExWQ+5ImFCt9iMD/CQDg4BGc/59A0ziinn54bosbmnu8MCKHuEOT/ABN5t4HxCH/l79+3+zoxdBBppwwYjSX1SZk8h/ngI4TG0giCFQucsG8j6jC4Gcf4dJqJprJpXxwSExytoAHnzw3/ABwWWQlkPl4BSMKSScAduwGD08ZSRpUcsMyIj+smhJpmcsvDCclL23yygrIwJ8T9vif+IZx3z9P06QSkjI8MAItNDTMmnuwdqtX32Qg5+p7BB2BHcsP9nQiSUioOH624fpnjiPMJMnkuGyf4T9exyP8APp0OQKDjiGxYHUMyBhOespRZI/ASiTxKk4GCpOQSvkRn9O3RLMQSG+Gn34SSMFNaZS8/8sGEQYIqxkSEfeDjLMScFADgLj/HolKgVrlXHDQxVaHqUzwD1B5Krrhj3LYKvj6gnuhbH+nXCVeWCniAopyY+H7celo+0QUcu5P3Ad1wB9RkYOD6dckwfkcI9t03ojDCElUtGSVyv18Bgj9Q2CcdunAwrTnhkoz1DDJRXIU/QYapSJXy8WUZ7YDEH/6s4GD+49c0unIk4aEJk9YNV8T+rD2tTVpGZmRVMPgSc/ewYkEdsY/f6npt5iOINa4m28cWvSWGkpQ+3x9n34bSQL4FETIcYCdiCQf1zkZx9B0qux9VeHHDDxhFaKgKEZV9uHZqqPEYAZUVio7EA9gEYgE/t6TqjzpiTIgCqFIDU/SmCrrxMx8k8e+AWBPbt3Yj9p6QzKorhoRvIaHl54WXTyA+cYjMIH3knDK2R6BhkdukN0CKZ4NrN9aslKAZ5/5f4YXTXkFCyuqFSpMa593JPiCG9Acf6enQGY8qVw4luyCjDI+GDNRAQvGPFgcMsgIyD5d0IX+LI/y6FZ2JoaYM21Ml99cNxBCSDGkw7+Tkp5AgZBwUyPT9enA7kZlRhpY0GcQPngZIVIz5hEGAI2Byq4P2kMpxjP7uljYqanM144cZUY5kBa8DxGASoCBJ/MZc/wAAx5n9306HrmtMsIlupILAaffXCckLAnxX+WDnyyO3fGGOcDuejEgpnxwjrR6LwHjjy+S4GAQBgt+p+vjkZI6UUfPwOHVmaM6RQrT34FW/lBG8UbuA7rlf3grk9z0OlwxYHLwwgkLKIyAAOZHHCHiwfyjwxHqVBH7vX9nRgMfiOWG1DKw6NDTwGG5VifJ0YBT65x3/AGYyCMdFwyGA9TkPICKNhF6ySB5Pu9zOAi4UH9MjsCcfXrgSCP3ccYIH1SMT1K1A8fPEe8LyJCG+1zkNnOVJz2IGfXt6Z6eDqHJ5HEZ6zRgEgNzrgFov5AhlDkBQzFlKNj+I5HoR13Vpkfhw6kbMwXUpY+39dMOY9SXMZk8yzMcD0Lfb3/QEeP69A9yqjIgCmHflkBGuvH9mJCHSmOQEhFUjz8mP8K5xg/tHr/j1GN3VDmSfLDotAjEg0U55/qP2YkjT16KzSzRP5EhijMXDED0wABgj69RepcMfSDTEt44NPUcqR5cf2YAWqUYD04w8jkeJKL4A47+Qzn0/T69cI5mylY6f1+zDbTxqFe3AYnw5e3CqSKfFnGPJj5CNSAvbyySQMICO/QvHpHpJPtw4JSGDMDUinkMOIbhcMiw+QVj5MfQgYwQSe4x0y0a8SaYGK6Zqih0g8cHKmQsxiYBvQ4+0fTyUepAH+vSKdAqpzxKVwGZ6Zk5V4YjmqiNfEHyJ9AT9365Hcj6dSeu5Ok0GI6gspI4AYJ7YZlwpyMh2VSQSfpkdx0odh8dMJG+uQUBHtwo4X3D5DxUqf+Hxx4j9v0z+nQUZhVSMSSVaQgA6aUIwzaKNSQG7/wDKpP6Z7Zx+vTykgUoMRjbQg0OWC+wsykfaoBGG+4HuexZvHHr1zNpFaYd0CQaTwOCrSaJ//d9Vwe/kMHBGQAP8OkV1cVGE6Bhc0JNRgzVl7sZVBJyc/Xt9BjJ7DokmPADDvRGnUSPvw0krRnuvmzkDAUeQ9e/Yd84H6enRl3Psw1QeGG0lcuxHuBc5x3GSMen1x6dOAhaGhyxzqrPoLAg4hnrhJWP8xgvZQoBPqSHyMHOBj/HqRqBPniGAoejBiAeX68JGFfvdlyvbJYMG8wASvcd+3QOxBAXicFRBVzmg+0H9WGaQK4L9x4n6Dvg47jGe2ejLHTlzwMA1HVUAg8+eWI+eDBlxBkMuMqGIyP0B7DBH+HT3UUZgiuG5IKal0FhT9OOI56zMj4HbOFywLd8qMDAbAz36cWRa5V4YhrG4qGpnw8hhYUHMaICvkTknyPi6Ak9u3rnt9BnpoyBWzBxOeMJCqmhk8vDwwo2rQReeJFYfwhcFm9P4suATk9H1jX9P8MNGCIKZamoHDn+vEUdYC7hH8WyCuUwWU5GQ2MD/AB6dWeiVOIrWitVgThSXVV4Bgq7OxDlx2U/vH09OhEzSZg5YkfKQ28YVQ2vifD9dcJ2KkMg+1Ssfipx6ktkd8egBA79dGxU1PH9mG7gRlahTpp+hxDyU0Vu6MO3l9qnBA7DBGck9+/UvqE8xT24r1ijyZQa4JTryyxo5jRZC385AoHtAqSCSQTgsempXCtTiBwwlqks0aSuoV6+oZ4eT1mAChBhXGD9e4+pBGQf16BHFdVc6YkTLLkoApXj/AI4XirP5Kni2CgkYdyM5b1wBn0/06F2UjUTTwwSB69Jl9NK4cR11JJZPF8jCnsoOAO/7c9MtIa04jDscYFCFp4jC3tgtjwUgn7gcOMf/AFS4A7/p0qspFWNDhWfIFQChODmBkfMaeWU7hx3xkDK+JUdz36IOpFCcsDKpjkBt1JqDUHC0UZkOPF8LnzH08sfTIIz44/w6Esqnzw7GzPkahRx8K+/ywoIn8nRYmEeexyvlj17kntk9cHWlTxwDvKGKRrRK5eP68OxSQoJY5GkIBbLhcnvgkYGPQ9umjN+HIV8K4cVImUOG1kZ1P+Qw5CKgXKlT28/r2x+0H9M/v6EUY0Jyw+pqKDhhVo43XAUAZzlcqT+ucg+vXEBTkeXPCsy00kZVrhVlhRPJoge2Wc5IH0GMfd9O+MddpJz4jCtLCsVStTzOA8Pt+wH7B5PknPiCOydwMkn9vSBswDwxHMrBddAEAz8fdg8OMAiFyw7knOM4xjtjIH7Oi9JNARXBLOgo5BqPLCiQ/flfIeXfw8PsB9P+XIzj9elJAy445XBYuCaHlyw7atGCoZCxdfJm8jj1IHbt+nTWp86EgVwcjBRqpUkV4nxp+zCzQ1wCIogshIBwCIwex7gdyO3Xa3r6iKYVzboNESkOeFOH6ezAewoPcOowBg4GSTnOQoIHj9OlMlRp5Dzw01KVNcuXLC5gyq+MQAIzkA5PcjJ8ifUdIHVTkfvw6XGkUAAIrhwkTRRrIR5L6sB2cD9CRkn/AG/s6FmDsfHB6ulF18jHz8ceVA3uOyt9wAwo+1c47/qDn946SlAAKUGG1Oos76qNlTKmDCBDkIHLA4wfEj0z+nrnpQa+GE0J/wBMGvnT9gw7SqiDyI8iCPt7Y/XuAMnHSVJNBww+sSIOowqw5YFYS5l8Uw7sCEA7FQAAMZBz69Az6TTlgkDHU1KEnIeX6Vx4QMsnkAMH6ZI/X0PqeiLimXHDaROsmo0p+r9OWHCxBzGjKMO30yAD3/xz0HUOHmUMQDwrg6QxdwMqwYgeJ9V9MnIJ/wBOhLsT5YJAi1UZGuPeyqsc5z+wrgdh6dul6jeX6e/DJKLISQ2rAeH2NhGROwdFA8CPQFu5K/59L6QePqwJ0gZBgvMcsKAvXcfaCvj9gJB8ST/EMfT9PXrtYcZ+PLBJK8ElVAZSMga5YNGxeQu3kxJP7fEYGFXAzj9+ejBy9NKYQSFpNcpJY4XETlsBfsHqTkn698ggf6dNtJp40w6dX4KafPBvalyUVCyj0A9B9Mj1AyOhE3PKuGzqDGJaU8eXvwc1pifDOGAyQOy479wcdzn93SicccqY6jOwjI4c+WHcNL7vI+RKjOWIByASAPpgn06Bp28h7MOJGgPngrQtG7SYJDtkjx7jGFA/06HVqArT7cARoczEkqeVP1YXMPnGPcTyKg+OMZJHpnHQ0ZBqU4cKBs3zPLCaV/NGCRCMqc5Gfu+mP9eikkINCcsJpoK00nCiVsD7vLyP/wBNgf5Y/XpFl08WGFC1z4+6uFlqnxGFJH0Pc9s9u+Rnpl5W1GhP6e7DZkZTpAFMAK7ENI6BZHx9o/g9e/Y5YZ/Z0RZQtAQRjj6auadQj3YCSoGZFGfDOWIAz+nbAIxjoY5OPCuOdNbBc6Ur/l/jg5q+5lWH8tcMqoAreWMEkEYx2/TJ6dWbRmCCThWj1AR8Bx/ZhWOFnU5U+OVD/wDMcdh4HsSQB02zIcwczggwbLLVXCnsqhJA8c/b4AdgD37DB75H69umhIw9uGuqQagD2YAKcjxGW+gYHBz2+uO/fo9evJzQY7qliAchg/sY9AMv97DJwGA8Rj1+gH7ek6mk+nMYdTShJYkqefnwpgfY7kLnyBywB7D/AGDrhMwOrKuALvWgHqwRIZCZA+fBe6nxw7ZIxkZIHb9OnGdQNQ+PC9RxqU0IH24WVfJRGFGQ3mxfIOPTAPp6t6dNBgx9ZoMd1TINJ9IGeDiL1KL69mJJxn1wP/Trm0eJOFbUwAGaDASwRuPUglfE+Pb6k57j165ZKHhUeeAmVemNBIJ5V4YXEJ8FyO/bJwP2/wCfTeXDCqshjDkknmM8CIsHuFPb69h9P2jv11SBgPhOoivLMUwAhIfIUeJHc/of0GGHp69cT445TQ6wopjwgyWVkTB/h9P3kft79dq8zhY9BYh8k5ZmuFhEPJh4A9h9R5ftyfQddlxw9WJVotGbArWVSW8BlyMk4x6f5H0+vXaq88DF0AdVAHpTAFPHyAA/XHfvkkHOPt79JhCUT0DNT92AMQVXYAq5xhWA+uc5bA74HS1z8hgTpX1qK5Dj9mdMeMTKhCqvfuQykHGcYzn69JlgfVpOilPP9OOB9lQSpJBAyPTvk9h6fp0vPD4iT+XnWlcFETBg4XMZGPu9e+cH1Hoeu8ueG0WRGLZaR4/rwmYyzqQoXy9T3z6kehz+nXUzw2xZ3BAybCpVv+Q/5qP2eoOR0gIOVcFrdvSakHlgChyP0wGyST92B2+4jHXAU48cOTIsZGgZU8a48yFhj7fr9e5z+3OPp12AaUumngcItkHxMbfb/wAuME9z64JPr0uG2kJAQjhg7I3iQoAOAcr28ckYIz29D1y0DAnMYXWRmMjhFon8wCSSV/i7E/QdyAMEg9OmUAZccOPqQgHMkccEWsUDKDlW7t275z+0j9O3Qa1YequXhgNQNdXE4OYCO+AP+bxPZjj1OO3p13o8/uwYZBTTUHxwisAJLHy8iMD+EKnr3XHf9ejaQEUwiMDVhxp+n68JPWVVHfyw2cMPQkN3B+n8XSrIxPu5Yb1KBRhUVr7zhMpKuWVVkwuDkH7V9O2CM46MFSM8jjnlatABppz5ezAJUMkXiPDxIyTj+aSf1x2ABHbHqOuMwDczhI41kTSaUPPnhI0iuXBUqv8AwyZHl9CO3pg9L1lOXPCaQDqTgPHDV6LN3YK5GPEBwQR+0epAUdEZR+HPxww4ZTqHGuQ5YW8WyhWunmoK+S+RKnJ9AWOMA/4dArVzZqCuDExLCoUP451woKrMsvueSsWz5AAscAZ7tkY/d0pkUEEHLDxTXGwkOfjho1WUHwKEk9gT3LepwCc5/wBenBKgzByxFdZa6DTUfbhZ6Q9se2G8mwH7jxB9T/w98kdcswBrlh5owEojGpFD+lMGNWUKg8MpkeaNjxZc9mOMHOf06RplJrXPHZqoRANNc/8AH24WNDsTAiDPdFbPiBnGD3BGDn69M9Zq1PHD/TBQyRKuG51fmkbr4LIceDEHxY59VA7/AMH69GLha5g0wz8u8qrJHUeTYcSUgHR8q0gwP4T4NHj9gBB8h9Oh6wppzA+/HOh6gZvj4EDhTDv2G9vuqFu/ovYn6ZJH7egDr/F7ziUq6UqBl+3DcV5xHL5KoPfCIG9CPQ5OM9KWi1A+rEcfMCKQSVBY5ZcMC0MsaR5aRlhPkUDAt9V7YAP16LqKT4E4c1FFXVWi8T408f8AKmC+37srECQxBMfcQR55XyUA/s65nAUUpqBwglDSFgWKU8OeAFYRRvjz8snC5wO4+pXHQGVmPIYRPSpoefDAR1w8LNLEpkBwCv3Fh6Zcknvgfr1xdgaA5YOKkkZLAdQYN7PiqxgA9gSFB8sZGfHPbPb16VpFzI44dWReXE4a+wrGRUUIhBQr3LlvIEEEkr3Ud+lMjChOZwx1TKGCgaaUJ5jDdafm3izABFK/TOMnuSftHr9PQdOC5KDIAk4bggdgQ1BGo95w1euX9yMSMSkJeJCFI9cEE+OfUH9OpKSAgMeJOeFZdYKDMKlV+3nhJazrO0bMsaFcIVyPJiDjz9SAT+mOiaVdGpeOGFWSOfpMSvgR+2uHA180pUBcd1w5P2MMYKhc58vI9v2dMm5VRXj5DjiUwaSQJn+z/j7+GEzq51lILIoY48s+hOR2HfLDruuHFRUDCLbt1CRStKYLLra1fvLNNIxYk+PicH9gxnH+WO/SrM7ZAD78IbVUyYk+dBXDYS14SqQQoAT/ABzq0shwCR3Y4AB/Z6HpfWwJYmtMCenGAkQBB4nngtmzalZXPhGqZCiJSuMjuxDeXc9LHGlKGpqOeBuZJDpalKeH+dcR9g25igWTC+JUk5LN6t5evr39T06OnEchhpnuJ86jSBTnhIQNHEPNv4pCgViS0in6qT9c/wCHTolLNUZZYIJIsI1kamegHiPEYkYfCKR2jACd/BCPqPtAU9v1/Xph1JWlTqw7GqIxeIUiAyrhRLE2JFKBXZcDAPiFJGGUEk+X6k56aeMNTOo+zCL8xIWDACoy44kKwkZF8M+QYjx7YbBz5NjB9Ox/d1FkCq1DwIxIt7dgNNc/A8D5n9WJSNm8I1kaNpASrLgjxOe4HfB7fqemMq5cMTgGWMK+ksOXIYZiJ0Ehz7jeGCQGBAyM/p2IPRsw1A4jQdaOAqyg5YCRoh7cmP8AjwyxqfDAGQT/AMQI/wAR1yhjVTxxJaRVCyOPVWmEphEULo/mWk+4OGyiMoyVyc9yPX06NGZTpIywjvqQvHxrwwzkjPgDDAjPgYd85Iz6/wAQx6dPh1/EaYYZ6oGjFWPjhKMCJmVifHGclsAj9T5faB36QuxyywsZo+lziQdo5vArGjDsBh1OcD6hFX7T2759OmQGjJOY93+eJcs4ZRQCvlhjNA/b+WAo7EKTgd8fUknsf1+vTkbqo9+Inr4sPswiIo1wzqxxnJDsoYj9gwR6dKZCeHDCB/AZeeGlqsMKU/j8iGBY9h+zBznPTyTOw1ADCywmoII1Vz8sNvZbuX7DH/Ae5OV7kn937uiVnJpljtIB1HwxE2hklIwpUt92CTh/1bv646e08CeIxEkZaFUppPHEfKWiBmMbe3HkFY85yMepycEf5dPqy00njiNJJ0k6pDFR4YV+72v+MyYyRIB4n6feFAbBB+hHQHTXiSMSIroAFyWLnkeHv50xGmkzys4C+RXxIAk8fX1UZ7EE/U9GsgUU5YYKh5eoK1PKmXu88Oq+vCOnkHPYA+LZJbLdzkZHjntjHTMk45UxKigBfS1QNNcSL0WdkBJVPHthiD9Tgeo7kY/Z031fTlTX4YOSLVKoqQgHKmEJNcA4aPGB/wATkfwj079hgft6LqEAq2FMGlhpqRXn/lhGaq3nhkBUqO5TI/YPLy8T6dxjv0IkoKDjg5FLt6gOnT31wxkrZ8kCIPtK4H2nIPc98gtnPf0x08jsBVsRWCOdC/FXEVYpsijxTylC+PiXPiCcEFQuM5B+nTySaszXTht4hENK/GOPh7sN6dRxgSSSebt9jMBnOO+SABgY/b69LPKtar8IwzbRtULK3ratDh+9MHDhsDyAIx6kAnOcn16ZSQ1pQg0xJeBDRomqOBw8jgjXxGGUlezKcZH6DP7egdnJrxGHlVImC1IkI4+X2YVekC3koAOclu5ORjux+n6enTaykceBwMluHJ0UB5nx9uE118mAoYe257RhgFBP3dsKM+npnp3rLwpmOeGFtSq+mojbgK8Puw6SqzN4uuXCnuSceJI/TC49B0jSUUFchh6NNcpVx6gP2+OHkVNU88lQpUkp28s/8y9sEdsevTLS1IrmcPCNI9RJohFSPPxzwilb3eyLgDP8RIYjufp+wdGZVUZ8cQkjWYa4wNPicOPxfFhEcFG+09gCuCcAdkGQR+vS19Os8RgzEIm6AoEbxHLjhYVkGFdvJSfHGPQ+vr5H0A65Za1CcfZTDgjUH1NlhaWtj2440QeSjv4gkEk9gW/d0LOSavXLDkikUEIBqOJ8cD+Kqo/veLMmB4gDI9PUDsSM9KJiKaa0wAVdDdU+scfLCzxKQV9tfIjAPoR+nf65/wA+lIpn+HHSlG9JFZDwwWGsP5aS5XPcH6k59D9fQ5A6EygcBhtYc6SEgcs8SJoxxhlVgzHDeg9CB3ypAU9ugE9TUcPbiQbdFXSpq5zGCpSLKRIoXt9rZIIBzj7h9D0pkJNV4YFIS3pmyUZYdwxRRPIC/lIB2yo7/vGO4I/y6AlyBxph2IRKWQGrjHpKqOqggKGYEZHdzgjxB7/Trtej34CeKNwA3j9uFTV+2NJFaMeQCyJj+Hucepyc9N9VakjP3Y54kICH0+GDGmIxMiF3yfsY4IcADJOT3Pf6dKJqgHw+7BGBER0U1SuZ92FlhIUA4yex7EE+p7/p04STxw6DQAY8IAWY4GTjJ79u4wOwGM56B2KAEGhwBDE0Awo9YM4KKBhe+PoTk9j6ePfpInkodRPHBMsbEMuZAwrBXYn3HPgIsgMAO4/QZx0rEcKVJwoDF9dfhwZKpeKTIHmXwhwAwHb0wR2OehZ6HUM1GApqUgccLxwJhQ0YLqfLJJyM+n1x2z0glBPOmFXSTp/EMHWpH7gb21HbHY5Jxn9vbOe56bkdkyrngWjBkDDjTBvZQMEVQ7t3Cnvj6HGCP8OgEjnMkhRgm9LaRm5+7CxgBjZSPtYYPoB2Oew+vp0KyEOGJOAJU+hsweWERVBYsSXVV7Ajso7ZPrnA6NparRcmrgDDrarH8sDh+n+OHMNRclgoII7Yzj19fU+uehEzgUrzwSdKBiW+FhlhVK5LKmG+7Pl6YY5z9AO4HXGVjU1wcepnWp9J88HSt4+QyQCMEdgMEnyGMk+o/XoTJq5DDVVVmRaUpheKFe6+WB4/5Y/b6+nQVzwcT1ahIGFvZABJYIPQHH8a4H3EgDOfT/DpRgzEGOrNeWXPCYgQ+Xjhu+SfuBb9cAnAAH+vRB24VwESBZGArgzV/HuFGR2AJOT+zuMYx12t+FcsI6yKQQa54IInz2XwVfuJwO/bGP8ALvjpSxI9RqcMFpman4VzPn5YcNCWUMnYZHpkZOB6+owem60w67EqHjyB5YAL4geYz6/X1/x9e3XVrnhrW3Pj7seKfYrjsGwP2ZyO3pnpcyaHlhyQkxrKSPVw/Zg5QeJyBg9if8e+APXuOkwUhOpfYMCkOMYJ/wAcdhnAx+pPS4eKsXBBoKYWEIU58cH6kY/b/wDTft6QnEVxpkJXxwJrnPcYIIx2A7/Q+uOuqMPCJwRVRT3YNJEEdcjKjuB+3P8AtHp1wOWOnQI4JA6YFcCIQSG7HPdQn8a9+wY/w5B/067DZ9bKF/lnMAYH8YoWdkILOBlu7DsD3GcDpNQw40ely8gOkn9Bj3shVbyHiwAwAVznIBA+hAB6QVJ8sN1Kgs3pc8vHypgErs5ZlwSBklTgYz6enqD0rGmBSN5SdPECuFoYlx4tgNlip7gAYAOcfX/b0hrWow4mjSYnJBr+zB2pgHPiJASMhQ3kMgfTy9P3dIG92D6BjIZaPnw8P8RgUrMwf+EKnovfPqB29f1/f0oOefPAp1TEXVvSvL7sJtGfL7lC+gx+zH0ByR/D0eGWkZ8jwwKqwPiv8Oc4GB3x/h9OhPjzwIY008sLR12Y5Udwf4c+uBk9z6duhrTjwwccbSGi8cCa6jJOV9Mt64/w+vr11ThAanMkDBxD5EkEHwHl/wDVfQD17+v6fTruHkcGimSoXiPOmCPA5w38sBsZ+jE/w5zn08v8Ou1gZc8Pyq6oNNAvP2/4YSMI9D+0dw3l+px2+h6UMSKjhiJ6h6Tg5XABJ9f9owDkfs6KgxxZianjhMxZ+4AZ/wCY+oGfTpKmtMcXbVqr6sCIHfKjy+0eX0/hH0/w6Sp4nDimaSuk8BgI0wQxUME7MMYHb/UH/TrvVwxyy0cMRwwcQljgK3kcZXwx4/U/uyB/r0GtRnXChJS1AoB8acMF9h3ZQFHqAfFPL9Vzj9h/2dFrqK1yxwLSsE88eMADMMAlTg9vHBH7PXv69dU0rgGBjkKniD+n6eGAWItkAd/XIPcfuPoB0RJHswQ1yH0/p92BWs+FXxz37gZOcg9vXv0lR444Qy1yWpwVqztkL3bGMHBKAH+LPp0gIB8sL0nfIZycKeHngqQrgeUoDjsfLJP+nb0PSnPhwwgSMihajDI88KNGFXsw/wDb8vJfuOcnv4ggg9uh1cRgpEVEBWhqvH3+GCe0PEKQ64z5HPpjPrjvgkj/AD6cPCuB9HAgjLjhAVyAWkyQGOO5wc/w/X0C/t6SvIccNBW0VoSK0r5+GAeuwI/jjyufs7fac4J8hgEj/HpAw9pwbpRQGyJGG6U/BmZWyCfFQT3BwP2AdHqHAj1YjrEEzx5o5GGGC/r92M4/ZjAPp+nXDLhh1xIc2Gfjg6LC4wqKpHqQpByf9oI6QlxzNDjleKVaoBVef3YTNRizMq5GO7Dtk5JGcse4wOu1ZUPhgArF9QApz/ZhU1XBPuLlMDxDdsZA+05Axg9dqGJJ6yrSRaoeRGCvVJZZFZh49x2GDkfUE9vXrg3KmZw3KA0glRiNJw4iqeYOPHyx5Htn1x9B6ZHSFsHCGIIWgODyV/AYbH3A5x6kf4knpKivngnDpmaE044LFRz90YYd8jA7Bj/qfTPSNIBxwMMLlT08k+7/AI+WHsVQEAyKrgeq49ASP4QOwx+vY9JqA9+JscA6euajKD7MJyVVQM32xrgCLsPU4PgM5IAAPXauR44jyQoodzRRy9vhgUpynw8shWHkFxklTlfM/oAPXoTIvAcRhyOCQqok4cR/jgJYk8mR1diMKSAoyAMj1IP16JTqWoNAcDMUDlHBNPMYQaIhF9vxJbt5dyT6+mTjPbpa5+WG3ULGCNOrDf8AGKg+UYwf1/UnGf4ifr0Va8OOGVbSCppQ/r8cFNPxTyYeme/ng4yCCVxj69CScOGBtBk5YJ7DYZlOMfahGCe/1Gcjsfr0oPLAKrqnUUkZ0wZYz5duxLFfuGG8SD9v7M9Flxw/AqMSwGdf2YbtVWIOqKE8m8iF7k/XIJPc/wCPS1LZnA/LaCRHkpw1av5HyXJxnsoI9T6HA9eiV9IoQKYao0ZyA1+/ARQp5P5RCGSP+WJD5DIADFfL0wQfXHbomY8j6TywsTIxYOoSRcqjw9/3488caMAVSRFIKggZH/Kzgdx36DUw4E4KXpHiajwwkHdC6Fc4UyLgjI8mX0Pb0/16PSNAbhnTHLKVOilSBX2DDGSOxOyM0jRKBhgCCz+pzg9sYP8An09G0cYORJPPDJeWWXKqjy54AwhZDhfGUf8AMDmTI/iPoA2P0A6IEMtfw/qxKClTTPXzJw1GqwR4lg5Qlo8eShsf8/qAD+zpTdA5EZYjLZaaVchjwH+WEpIJXjUYQKD4OcAfd3+4kDPl2/y6JJVDeZGOmTqIFB4H7cNHiMcqj2wRGPqc+QBYfTGQT9P2dOmWoqpphpI3RtNAwwjPErHxdAoViyL3+wnB7HIPbp1OGrmRgJULHS3wqageBwtJChLgyljHGFA7KrSAg57Af5dMhnyPCvE4kyKrgrXURwB5YVqx+/MPKNQI08GUlssc5DN45IPiP3dBKemvEmp/ZgbefrSVIoOH6fsxKpAYwD/D6gEEnOO5UhhnuT1Ed9dBTPFgaVNMlGFY/Ev2IR8+Xj2wT2GQCG9egOpcm4Yb0xknSaPzw7mUmLu6ISclcBQwyMggd8YHQ88sPMWEdTVScNvx/LxZVBAznxJCnA9T6d+uLUzPHCGMkB2zFcPIqikg+2GJhYqCDgqrnHfOFPbt0Bc8OWJCQgSaiBqC/wCOGs9dT4BVJVh39CEOR6HtkBf39ErezDOnplRlqOGEmtcMGUiRWHiWb0A798dvTI9f16eWYcwARhJINMgZTqVufhgYKLxP5hQfX+E+n1yR2+3oZJVceeEMYU8z7MSC1pTH7rhWfv4DsD4/U9u3rnt0ySK0GDBKjVQlgeJxGyxhhJ7irGUIYuqkZT0we+B6dOgkAaDU+GBydWeQAOTx/T/DDWxQJLGP+aMDykAOOx+uWOMn93T0UwA0tkMNSKtSyGvicNjr2eNsBQyr5Ej9P/rjkd+nTOi88EITJGWXwwwfW4cqR2x3GMgnP69sjHR9bnU0xHWJKZiuCCm6lk/+xsfuXAwe3bPbIH7Oh6oJ1VOHY0oGjX4G4j/jgP6cvuh0jdAD6qe7/Q+ufXoTOwzOrCC3QShVABw7arEBgwsCAPJhjBz6fr9ekE58WpiQYwBkM8NxCqZKqPLGPoe3b1B7dj03JIzEFScsKFoan4v2YTdQ2AIwSvo3ofU//TfqT05GAVDV9RwhHlWmGTof+Ikj6/TH+HcdOaScuNfHDdaZ4B4i0YCsTknGB6FhjIB/Z02aJJ+nlgmq0YSpzOGkVOJHPueSt45zgY9fqWz36eeXUooMzgIbeLXQ5NT7/HEdY9oSgqin1yzjscYAJxgfr0SiTRxOGJI06wHGtffwwyqVZJq8EpJWKU5KqcqqkkjK4P1+uOpErolR+IcMQ7ZHuLZJWYaW40HL9OeJeOmoVgvfyH6nPr37sABnHUFpmb24nLGqDSgzwpDXIB8wARITliOwIAz6tkZ66Vg5FPDCRIQp15Z4W9hioX9jeGBgHv6jt2+vQqCCCOGClUlKLnlhU11dD45cEdsH+Lt9MgDv69GHY0rWnswjqWjJSpqMsD7RELHxIGAPt79ww7fXGOkTUrkgYAg9Ig+Awqlc+2jMD3BHi3fKlv4s/wCPXNOQ2ZofZg1j/KGvhThh2kXiqDBUKAft/i9cnyzj7s9LrUnVXM4OKmgKop5YOKkRYdiQP4iOxYegyPqe/TY0k5DP24RaVzFRhQ11IP8AwBsqFU4wD38v2k4/yPTrGnKuDKjTXl4YMlaOPCsC3rjsCPTuCRn16bca8yOGBSNEydSSThT2FILeOFU9vXw/Z5A+px0RYhAq8hhz0Cp0/wCWAjiJIkbCsxwR3z9QewHiP8eiLKBQUqMRwwqHbKQ4cNDgoP1Yn7sH0+uO57dNFicjg21FQSPTXC6xY8G8FPf/AOx5Jx4/xfp0OF0llGnOmF40hCsjZDeioc5PckkjGOm21aq8hg1VdJRj+YeGPNEuQDnzYHxBJJP/AKgdLrbjnpwzNKofS1RXIYfRwRCMFlDuO4jbsFX/AIT2+uOmi7aqgkYljRFGK5uBWmA9lfLIjCBu+Ae2c9yfr+zotbHnhnrLUsMqnP24UWupZR49j69iM5xn1YDA6TUa5nPAN0GbSwFTx9uDezjBKrjI7qGz+n7uhGZwAkVT54drV8lRSP5h7hM47H07+nfpKj3YelaqgKR1K8PLAGp4sA48c+voSP29LXwzw2GaNwJRTnj0kEcbBvL+LJAIAJPcAZ+pYdGryUoKgDCTSogBHxNwx5Ylz4k+JZ8j9ew7kEZx6Y6HMZjljtWsjMB8svPCi108jnHkQMYwe3b6+Iz0hY0qcNtJ+EfH4jC3tRqnZVZ/LIY49PTx9e/fpAcOIxCFWqH8cE9hyqjGJDjyI7KSScEZHYYx0RKk5cMORyAKqsfVhx7DBRnIBOQWzg/TJIz9R0lR78B04hQ148K4AV19SRnOThsj1PXBuXLARDQ5Y0Apg/tsVAU/aSSe3c9sZwB2GO3XVGHjIjDTXI4WWL2wCDl8YZTkYyfoew8cdAc+PDDQHRPoILcxgY4HwTnIGc4wF/Ttkj/h6IkcDxwyqvTWoyGFViVGLyL5KGBx2HfHqMft6E+WHI2jEnVcVNeGDCAsWkRCAzZLKe307HP1Ix1wNMsCyNIzSotEJwMcKgkyH2kX6nyH19CwB/39LnxGCiRdVJDpAwsY4iPJVb6+WCB3GPUY/wAu3SZ4dkMbnUinSOP6f8MImIEA5OAcnv29MdsDOOlHHEZuGRFK8MeWswCsFIPfDDs2Mnt+oXI6U8cLTSoqKOTl7MH9iRiT7fnk+ikeuMeIzjHb179DqCjM0wRjlkOoAknDgQICPIDzfKyA9vEd8McH07ddmeHDDyrDGR1MpDUGvIef34TaHBbxwV9fUdv2eo79KPPDMiKGOkinL/DBlRlHt+S4yCVLYOT2/bkH/b0LMAamuCRpGXohgAeWHArSOCmQoBwPIjxyME4/XA/b0mtK154fWGd16Zb0Lw/b+nPAwxMoJkBQ5/f647Be/wD9HoWevDPBRqwWrVDV4nB5BAAC0bElv4/IDPr6KO4Gf2d+uVmJzpTCOYCprGS1eNaf8PswWFIs+TEKAzD7u30/YpyG6cPLAWwjRi0h0/af1D3YWEXhFIyBWdzlf4s4OP2YyAOmy1WzFAPPDqExQsENWJywzaLzY5Ax5eTAnHiAe+f2dEHHDEOSrkk1BAz8sOoYmGR93gX+3H8PkB3Az3Pb164lAfPEiEOFpn0jwwaaJkKMuWOMZGTjJIxjOcAdcpU1zwUyurKyg/D7eeBVG8JvcVlkfvgqe5wv0HYDoDTUKcMErPofX8beXswVVdisYbyBOAB/s74HqM+vTh0AV4YjBp5CIgW0nyw5WANIRIRIQhwVHiAfQg/T/bnptnCrUHKuJZQtLpmIcBcjTgcFWBYUPuRFmb0I+insfLLDvnrhIHIowHl+gwxpjiFJF1MTkRyH3YVWNQqkDxXGQCx7DP7z0DMC5Fc8SFZAgNaDCLVHHY+AI7+vfI7j0H69GZFpiMbXSfWyjCor/aAMEg+WfU5kBLj6YIPbpkuK1JxKTphQqmpwSSo0jDt4jGCSRkYJ+mcjollRR54alj6jjwGEXrhHVVPkygZC47d/r+wjpxWDA1yBxGaFUlBizccaY8tNgGK+L/TsSPu9cd1HcL0gkNc6Uw4YNSkpQnyr+3CteF1ZvJM5HiB2/izkj1JPYddJIAAK4ctVeOpYEYJ+MCrRe2yzFs4xkeIHrjPpn9Ou6tTUUK/twCxK6FCKS8fdhNKkrMc/wNnvj+H6DtnPSmZR7fDDaQOzerIePHD+GIn7ZPElvQ9iV9PqcNnt+vTMrj4l5YmxOp9MpqxPHw+7AmthvEegySfE/wCAzk+ueh6uWYzwo1FyAPSBxwV6zF0xgBfV2HYHP8PqxyAeiSdAKHieWBZXMgccF5/blhs/mZTjP2/QFT6AA98/U9OBVKhieOGJJJ2kOitK4U8I2mkKt5F8ALjKejnKfXOOkNQtSDQYeV4zKxUipAp9+A9seLePfI8TjA9cHBPQ1BNOeCDK4IU4QWlliA2FK/pg+fcAZ/4gMjommKinPEdLZFcivpIrw5/p9uPCpKEHlIow2fDJJAP0AwVB6ISDMgZ4FbaSnrb0chnl/n78eiriKwPdUsO+GDDBP6jHf6/XpGOpPRlhYoRFc65RqJ4H9M8DZjLYIJKZGI/Xx7Hvn9nSpQceOHZtVdRPo8MNlUkeIIVGILEjOf2D1P06JiRmMMdQ/wAsGiHj+n+GFDWi9I2VHB7u5/i7ZByB2x+7oau2ZFR4YIpD+AkODz5/4YM9QAABj5HPip8fX69sAj9vfpeqp4UwTQoF0AnWeAwmaJH/ALX3fU+Pb9uDk/tHRLKK+vLDfyrx/wAnPxwtBW81kVlImjJMbZ7AYxjBPf0PQySaWBFdNPDBww6lZWFJuX6fbhCWBo1ZW79wSfocK3kBj08Sf8+lDkkUGWG5UeNCvFsqeeR/4Yew01KkvgydyM/w47fcRj1AP7+mmmJyHw4kwQKV6j/EK4N7KhkQN3ZgFUYAJ+7sO/c/v6RXAzHh4YdIjBCimpjQZYK0cSs4ZlDKxDAr5FSAO2Rkf5dKXc5qDT7MNtJGhKkgEHPBkPb+SWY5BAUYB7+oyMdJVT8eWFE9BWLM4cqiqrL6hlbyUZz9ftx+3oCynOuWJCldJVs8sxhsYQqDJKhO6RnJ8n+mf2lejDA5DDGnKpOQzA88GjBLNKz+23hhc/vzggA9c3DTSueHIidXV1aWpSmEYwhbE6Fu/wBzjuHPqDjPoOlYEfyzhImVmpOufM+OGlhAzpnw8ckYGQVBwcntjP0+vRrUE044jTFSwUkAeXux6zEg8XBBXHiWUBceuO2PQY/y6WEkGhx1yFYB0zFKftwlIkUgBMg8R6Lk5P1yBjGPp+vRkmtAMDIEc11enw8cB7ceBgN7bgFm75Ujt6BvqR26SreGeEKqooKiFuJPEf8AGmG8qhZFPoQigg91Bxg4/bg9LGKLQ4CavVBXwGPe2gVgshY+I8Quf4vL0wB2GP1PRcTnhxYYih0sNenh78NGhwAcHHcEj9R2wc5OcY6UEDLEUodIYDLn7cJvAcAYOTgj6nv6Z/QduiqMG8ahApyl8MNlQOSGBRvUgDIyMn7j4nv/AOfSsCuYzw2JC7er0mn2YB4G8yxPmuB6AgKAe30Hr1waq04DDgqa6jrA/SuFIo4rPuRouTGPJyc+Kf8A0xJ7t9OkYlPVzw8jR3AZY60Rak8gOGf6HBo6JFgTAs5iXJGcnxPfIz2Iz+369A0w0VbgcdHFILjqkVI5+I8sKPXXAWIowYgAjIK4B7/cBjt11aZnDqJpyhILHEbLAqSEOMsMt4/Uj/mz6Y7/AK9GDUYjSSnq6H0g8ziOZYI1Z8DLZ+ufu9MEj0bGPT16cozZcsA0kEKkKcjmfb+3DSQQlADAyuynJPbv3wfX9f8AHqSgYAUOWG3kTpgupJIwNYJIIRIAGjXxSXDYDEjsexPp6D9ellBVTQjPlhmG6jZfUKaeBPM/48cT4rBIwECMzICcKM/U/U5BH69QNVT6uOLNVrRV+E5+/BERVJX7g+Cx+4EZHYDucZ6UjKuB/lyahUvSlKYPJFFGCFV3Vo/IupH7e+QTk47Yx0gYnOorh5lFNRAocNZgEZj4qRNhSXBY/rgjOBjH7h04oYjLlhJEeGSrVAbLD+CBWhHkhClcIxb7fcx28VXOCR9f06ZY1NBxxNRfyQXHpwokE0eUdvGGQ/qCvljBHkuT6DoCUJqPiGEVZIydTeimFEhRkaF2LIW/l+pBOcjxzjIA/XpamtaUJ44bQh0ZXOoVypkThP2CZDAK/gUwUOPvyMd/4u+M9cTRdVcIjMZuiIyGXhngyV4/MkuFZpEH3dx9vf6evp+vXF3pkKjDSonXBdqGvnxwB84PN0H2M7RkAnDg5cMEzjAHpk9IDqpq40+zD7FkDtX06qU8cuP34auyR5BDAAD7O6eOe/8ACvkO5P06KleQrgBcLH+WBQD9PDDeSFEIilaRYWOI3PkwbIJ8uwJ9R9R0erVmOOIzlkZVeggJyPjhu1ORJe0bePfxP08c9z/98D0utQtCcKFNNLCiccL/AIIaNnOD92Mu2CT2OOw/Tpoy0anLDscaMNQNM6YSfW4VSY1Ge2SMDH/Mh9TN+8dEspJyJxIaEoNTGgp4YRNIKfFE8m9FGFDNnv3PYDP7OlMnpqTlhKp+FSW8MLTZZHR42jCx4B+ueyhRgElcE46bWhzBqMSZGSQaR6TpxDNAPBSn3OuQQO5GMnvg4B6fLGtDwOILEaQyZngfb4YIqoAPJSrYBYD6d/8AH9elAJ4DD0UsOkErVhxw1av4SSErjAyD+hJGQABjyz/t6UaTQc+eGgqqzOPi/wAOGGsiCQkkjKYJBJx4D/iHbOMnpCoB0rhM5QXcZjx8MMpayOh8PEscsMZx4+nbIBxno43KGh4YSiMlFpq8sRMlTKuvgQcZxn6DsDn6d+pfVJzHD24aCNoIzzwFOI+yniV8PEeCkAFSAM58cr/h0EzHXU8sQLEEQKy0EYGQxJLEGXDA/ovgSf2YwSO2fr379MB11VIypiYWrkeGCrUCt5Anv3B8mJB7/b+h+nRmVeAH3DDJiUmtT9uHkcRRPFvFgD6nu3qD6nuO369GJRTMHLDq0ACjCorqzAL3RMlsepXuPtHYeuOmtbqMzngsioC/AvHCyVokjde4Zif4vpnBz2z3z9O46UTeqprTAoI40IFSx8cESs6smCHQAhjk5zknAyPqD0RYSZgYZVJA4C5rT78PFgy3c+pGO+SB9M4GOk4Z4lRIQ+dKjHkjGFbBCnuQc5APpn9vfoSeQ44YGahjkD+nKuFljU9wpwP2Bs/TsD2J6El140wgbKuVa4XWBsZUEgjJIQDGe2CMEknH06TqE5mgw8S7OGQAin6DC8UMbOAy48f8s4PYgDtnoWYnwph0As1CAPEePsx5gGYssfiGHdcYHYHvj0z0QIC6a54bkbU+n0+3CsVJWVC33NgjB8vHuc9u3c5GO3SPJyHDA/LAHXq9R+zDpKn3BVYKEwx//F+o9f8ALpvVzODiTp+kmtTXDc1y0jMFGAPQjv69uwB7d+nAxAphuo6muoC4cx1/JlyO4z3x3BAz2B9egLEDLhhPy5HGoevlkMLxxqDkggkYXA7euMsQTj/DpD44bV9IKOfWeB5D2/Zg5iz5Hxzj1JyBn0OB9BnpPbhoAFyCajjl+vCiRlfvUKCPAD1JUMfp+h6455csHG7opcUIHGvnhdsk5dSpPqoGGPfHY9wTnv3PXAUzx0rFqEgEHw44GKEtkN9pz2x6+Hb+E9u/cfXriacOGOjjEldRzH6vDC7V1LhA3/B5guSMjJBHbIB7dcDQVw60KswRWp6eeDNU8kCkDz8ezdyo9cZ9f0+nr0mrPywjRao6f9QcK/q9mFfxR7afyH90DJJAwTn6AkN9P06GrAkkjTjugRGF0N1RxNMv14Bqv2djhu2VUHzAJ+pxjtnuOk1GviMC0ApkRq40z4YWWuohCkE+TeWDkBSOwIwAfMY/d364vQ0xJSIGOhpU480DKqliSo8e32/TP6YOO3ShwThiSNoyrkjSKDB2qsR2cAdyEI7hTjt/59J1BQgDByRamJBGnw5j9mCivgAAZbP29gBn1OR/y4z9OuV68sAYQiHMktlwwqa6p2Kliyk/YGI8iSMdyCQAOlU1r7cE0KpQNU+nl41wZIDJIqv9qkkBnHiCD9CSCe3Qu+mpH6sKsesgTUUEfF/jhQVvLsCPb9G8c+R/UA4wR12rLkWwYhq/p9MZ4/5YMtaLyABc4/i7DDA+qpjuX6VnYDCCGMvp9VBxr+zzwpHF5M8aIxUHIBxkDGMNk+ox0Oqgq3E4VAKtHGDprX9mDLHGyujFlZj28gPEeOQM+pyOkYuDUfBjkKOjoxoWPPhlg8NfwIUqwDHuwwSvr3Pfuf8AA9ukLMRXL2eOCiXpEJnmeI9nngn48ckoWN1+4YY98AjucjxwB2+n16ISEDU1aYbaBJZAkTKCT+lcsKyVSn2tmT21ABUqMjv2GcY67qls1yGHJLfSdD+ogUqKU4+eFVgEYjeLHkcFw5bt/Fnx8exyp67qA5NhxYzCoeL4/P8AywZqZK/TIHqDgDvk9wQcfs79NLP6s6454hJUDM+OD/jeMeMKcYP3YOcH1APfPThkrwrXBrCEj05fp+3APW8l8fa8WLAmQgDC+OCMjv6jP7uhqdeomophqSOqdNFANak+XhhVK4iI+q5I+4EkAjv5fT1HTbOvDnh1VEOVaivvw8NVFRyqqTjtnJ7gj09cenTKysXCtwPlh/R6NahSfb/lhiank/kV7E4wc4X9uR3x26kM9FoeGIfR9etxXUaU/bhwtGNT4lVJIyP4vXv+0dAHqtRUDD/y8SmhAJOfPB0hTJjMZHiceRJ8T9e2GycdAzvxBFMINIbpgcP08ceWooLOexYYIY59f2enQ9Rsq4URorljTPx/4YIamHUhgVz3TPY+uDgft6PrZUAocNtEgcMjCvh7fdh17EZx5ICRjDfUen6Y9Og1v5Yk0GQPGnjj3sJg5Gc/vzkfUZI/TrhJJzI+zAlaCvE/p54AQCQ/whST9Ox/wx39OiLsBWowKRvIMqU+/AmBx9oxgehOck+mPTuf8ehLFsKYpV9L0C8sB+P/AM4XP7fXHQ4Dok8aUwY11Zewx44Hb6/u+nXAkHHGDVGTlQYKteNv+HLH0yc+vfomdvH088ckAcVz18sFeBgVCqF+7ucEfaPUdgc56QEEYF4pQwXIVOFWgLHxRSGHbBGM9snHbv8A+XQFtJzw5oLtpT4hxx5YSkh+1T6k/UjGPUkHv04HJWqnHaXjfSQD7P2nANCqfw4x6sFJwW/5v3467W3EnCyx6D6fhwBiXyGAB+05AyM5Pqf064sSaE1w2FJywPsgAv4fzcAj7vVT3PoT36QMRlWi4Lp0XWK9UH7sEKhQGK4B/Z2AyR3+mMjrgdZ454bYsBqYUrg2Qe3io/aF/wBnTYYeeD45ZfZ/lj3iCceLHP1AA+n1JII6IMCcJp5EMR5f54I1fxcFifEjyKlgDnuP1wQOi1ilBTANFpPqrpODCJF7hc59O3l+zv3x12t6ccGg0H0g6fZghgXAfwCk5/5fIfQ5x3H+HSmR6GpNMN6TpBA4+QwMUSBSrqvr5D6Z9F/Z36AOSaqaGmHoEAQqceMShwFTC49R+uT+8+nRVLCpNTgX+KgUgeOPFB3Pf/A+n6ddrplXCVYZA5YH8JcESLkAHOMEgdvQHBBz13WpwJwXy70/N4eX/HBfwouwjUkscMGx2X1+mQT5Af59cJ38TgTbDLQTUnn/AMThUU4T39sL4faQQP4vXI/z/wA+uMz0+Ljh9beMnMUYZYSlrIWJRFOcYBAyT2x+/wD3dcsrUpqzwEsRDkqKrXwwK1Q2PPDyd8MFw2SB6d+2QO/QiQA5VGBWB8q0LcsGWoiggkeX/L39AM/7OlMpHM4cEJI9RANOHP8AVj348KlWTCk/xZyMkfUYB/X9eh678DXHGJFYNGQDzr/lgGrxsxlUKXPp5ZKn1Bz2Jx/h13zDUoa/djjApk6iUqfHh92PGH3G8niZGj7gggKfTt3wSP8ALpzUFSnjgAsk1dSlSM/LCPgFl7o5K/crDHjnOM5OO+D0gJHA4brobMGuD/jRyMWZO57kk985I+h/QdcZZF+EmmHlhjnqWFW4nBkKANFGoYocAfp/xYOcHOP06B6j1uTnhIXWNikaV08hjzQ+JDqB2P3ZzjGMDxA/9Oi4A1wrqQQ6EDxrz+zCb5cMuASil8fcM47YUnt5HP7OnI6K2fPAGTXUeArhJI1ZA4Vvu79xgg+mMAn6Domcg+nhgFOtQy1zwHsAsR44P7R+zP69D1GxwJJocvbgfxkZwVXJHceQGOw7+n06Uu9OIwRjDSBxxHlgrU1J8vFWP1Hcrg/sP6E9CJHGCMArry1fdho8aBgFVBkZ/h7L69u4/Z06rFhU4aCrXVQV9gwCwMpLr4eTYOCv2diR2GP064y09PIYHTpYsgFSefDCEkKM2VUjHbB9e/6H9v8Ah04poCDwwskaMdVMEaHAXwV1PkCWGD29MYHf1/w6VCFNT4YZdKgBBQ1rWor+vASxtJH4n0DZPljyP0/4cjt0QZQ2rM4ekLTRaCAM+PM/ZhpJGgdfEEj7R9c5+oPoOx6MOCtfDEOQKsqhTwpgr1hDIwlRz5A+AAGe2SAW8s4GP8+lBLLkc8PPCIZqSA0bh/n/AJYbMiEZVmHcARkZ7YJ9c4z1ylgfVwww/QKa4yQ3Cn6csGrxrGQSGcFysiJ2YoQPHPopBb179cxLCgyy44OBlj0vSqkkMBxK0FOPOuHJMqO47KoJAPfBU4PhjHcfsP6evTVRkDn7MSFMgkYcq/dyGDCmkkSM4+32/d+0ZOM/twAT/iOk6uk++mHVgW4VWf01XVQcaYipI0PbGCGx3ZM4H6BScYP+3qRivkWILXPI0NeOI5q6O2QpYhs4x29PX7sZPfo6tyxGIWuri44YOa8cmS8fgAQArDI7Ad18TjGT9ekDFeHHD4pMzMwpTx4/rw4rQQgqkaBiCSviM/vOAMkdI7mlSTg4ikjUpn+3AWIAGIDHyRQ4CnHbIGSDg479IpqMOLEULEsOoFy8OPDDcKZFKufE92z4gkgAerHx7n6AdEcsFrqNJIDEVw3MRTLI3uMW+9MYHhgfauQO+P07dcTq5UAxBYgKSpJPgeNf1ffhYBcBvAyI47xv/F2xnyPcZ7567PMc8SmmdQJDQxk5eIw5iVsp5E+2c+KANmIkEAj7c5A7dNN44e/NXify2HDPDlYzErBy7qfux9c/TCsQD6ddqDeWDX8qI5kpXnx93lhWv4kK7Rv4g5ZT6/XxPqABj6Z79C7BRxzw/blaBlRqH2YcSNB2cuEkB+8/cTIO/ZcDHl0zH1AfUKr7cHNJACGLaX5/5YQjljMRiQeUjyAjKt9oOe/cAkA+g7+vTjKzN4DDEU8bR9OKjSV8OHma/swaKIO7GZSRGGyo7HIPZu4/5j+/oJC6fCRTBxK0jlZgchy/XhtKUbAroMtnzM5UggehGDnJB9Ow6NQ5HqP2Yalan8lTq8/0OCyRRCP3Zf5Yx6BiyqTk5APoC37+iGrVprXDhVHiEktOmB9mGsfukhmcFMFgD5d4zkYHbAY+uP2dc9OAFThgLX1AjSMSKo8wQRRErgEtg4DZYEZ7gY/8+o5IUFmPDEwKWQCNSRzOHkNCeRndkfB+4Zz44H0BGe3bpk3KKNNcSYoZpGZ6HLx/ywtJTrnuit5+IZc4JPfB79sjpoTPSjHI4ky28dNSZEYYTQwY/mYZ84AP2YBGQWAXP7MdPI70qhBHvriOUioAzeo4h7UESMMxKoI8R7SgZHbucnJP3dSoyzKc86+3/hiO8ZUkEAJ+vzxHTRQAkiN2bt9oVCfQevcDOD0+nUAqSPvwwXhB9KsT5U/xxFtlQrDLKc+QYfd6/ocZ6cGZxGjkIcAnLww2m8x4siKMt9ylQPJcHsPtI+meuyzxIGoU0kZmhBrwwyLyCYkqMePj447r92cY9B6dEEqK1Awqy9OXKlCKYayeKlmdGAI9Qpxn0/XIA/29EARkGGAZyDVhTDKukrwQSxxAIM5EgByD2+hAOOn5tAYqTwxWwOzW0csYFOYIz92Jda/kv8LeQ79v0/TqNRfHLEtU1L6fi5+zBxEO3b7sY+g/d6jPp07QccNnLLCkUXm4VmK57fX6HGPr2IPQliAeGFRgSE5E/tGHEcJQkvHhCD2OfA5GQDg5wT+nTReoocPKroxAA0nlyw5WuPbaT+UAMYC+eRlv4SCScD6Y6GtTTAPEVUyKQPL/AArj34obuf4QcMR2+mfqc+h/b0avpFOeEVj06itOfDj5ZYWjrhCADkejE4LfuAXt/p0pdjww2GOvI5DicL+wWVcKpVTjGDk/sOWIz29B03VQKnBIhdKBRqB4+OBaNc4ClWI/h7eI7k5UnJB6QGnPBOseQAo9M/D7cPRCUAVV/Vj374Ax65wO3SalrmRXBv6B04cmwMVYeDTlwJFbPgfTJ+0fu7emOlry5Y6NiqM75uDnhNIMj7hg4/U4Bz+mT6ddqUnI4iMwDahx+7DyMAYHh6f8QPf/AB65hhyOauTA0py/zwukPk5kRewAUh/rkk/QDOB02TQUw8p1nIEAeOCtB4tg/QjtnK9+/ft+nRgahWpxFkOiQoKUGFFAVhhVCgn1znGD9f0J6AA8zh3qDVWNRQZ8/t44XhhUxsxwCD4DHYAfxeR9TkY6524AYWKNGRmkz5fp5494xkeJPix7BsHBB7dyfqT+mOkYPTCL0TWPgaUr+nPCqV/BVj8iR279skhiftwMfX/DpOoa0wSQIidOpIPP2YFYGjUghfID17eecAZ6MuMCYnSPlQZ4cIjeQQgH7Q2ftJ7+ufHHQazTEgKqnpAZ0rXmcLGEuD/Ly6gkMO3Zcn9p+vSdQjHPGKVFdQFf8vfggdyQfFFIAyPuwMAKB/F9MDo6qDQnEdpWZifSK8vDCiLIxOWmKkfy2LKGJ/QnxwcZ+nSM2VDSvPDqNI5LM0gTl/nhZYR5L5I2fIZbOSwHYqRgAjHfputa0I4YcCLqHjXjzw8NVSPJfPDZIBK/b9Ao7dgPXplpGGWWH2iCLqWpqfswSWoDGDGP5h+mfr6egIHfpUmIbMCmI8yhkBT4+OFGgLYyPAfrjsPTuf4ukWYcOR88OUdj6gAPYf8AHBhVYDzyrjOBhSTjPYN6AD/DGehaRWFFOeDMMiLqNCuFvaVySe7qAFy6/wCQ7dh3+nQhmHDCV1D+LBZYf5RBHrk+qnxx3+1gM4OOjWVi/LlgZRSGjZ1BwcU3MalmXJ7FgD2P/wBKAxOekM4DUAwYhkeIMxAr4cv04YUWn6DyBIxgn17fvyOkErHB9PStK1blgwqewA6DzkY5fz9FDN3wVAOfqOlEzN6TwHCmBMfy66kzkY51/wAsKtXUx4SJCR6Fv8ycA/qT/h0PUaupqacOyxLoGhQW88KJWjCkqPXOA3fv1zSPy4YNYkVTr8MIxVghLlFjbJUBV9f24Hl3OPX69C8h4GpH7cQ4Yk+M0ElaCn68OliTBL5PkPEfqfr6EdNmQ8FNMTVRAvrrXBTEPAdzg9wO364GBj9On1cgYZfJK48YjEnj4+Td8ePceoz6nHr02DWjA8MJpeBdJFWPhg5qiZFyw7Hy/fkEYPoMAH06Lq6shgzA8qBqgNXhhb21QeJ9T6MD/h3znJ6GhLVJNMOZD8uSgYjlgUhJLksP8AO3bJ74x12qhAzzx0dtUsWINMFCn07989/T17nv9OlrTPlgFQqukVwIRsgEevbPqR9cgD646TUCDTjjljIYDM18cGMXcN3GD4kHue59ew7DB67qUGk8xXB9M6tR+EGmBMeWKkEjHYr9fTv6HpsyGlRwrgpEUkxnlzw5EPbDhc//AEjL2H7Cc9CZGBrT7cP6ARpk0knww0dPuAGMEjuDnB79jgdvTo+oaVoOOIrRLUAUHswr4qiqzEntjAGVB8s9yQPT/XpNbHww9VFUZVNMeMTELIFz5fcVyPHGPQAYPS6zWhwJU16hGTZ05YMI2UYIPl6Dv2yfpj16DU3M+nnjlOgU/FgxrSscAAYHllvL9QO30z36USrwAwpjkdqA5gc8D+OM/YrHH8Xl/wAx7nH0I79L1acaYQRg/CGOCeDBzGwAV/U/X0+ueu6hIqKY4IFJR6hW+3CvsDKsAQQe2Co9QQfpj69IZCRSgwISjhqnLANAfJSpDYbOT6DGR6YByP8ALoSxpQ8PLC56tRzPnhwsXtZfwRiwI7/TI74wQc9v8egyYZVph9T0SWoCzfd7MIpCoQO/kS/2+Xbt3Pcds5H+PTocjIUoMNhdMQ1VOrnz92PR0yww4HYfXsx7/tGc9A01RQUwSQkCjf54LNUjQIzeYHmB2+vYnByB2JHSpI1TwOWG54ogF1E/F+zC8MMSny8ftA9XXuT39e5wO/SO9f8AVhyNQTUiiAYTao05Mg8QuTgfqPTI/TGOlDhOPHDfRa4J4AVwh7B8m7MfEehx+wDvjBzn6dLUAA1wOlqnwGPeyxZcKVywyR64/QfQHpSwIpWuBo1RTIVzwdofInykOVPiAQCcepPZR9f8eg1hcsOH1cDkDTCDR+JKgeWD9p74Ydu/06LUSK8sAQAaYcCqhIU9gD6/aP2nuB39O36dAHHvODCLkpPpHPCS1S4Yx9wrYHY5I/X0HqeiLKpzwKoZBVOAODCsexGPFfsdTnu3diQAM+JB6TWB7TjtIJ8hxGPLW8nw3iqZwMen6jGckf49KZFpTi2OVNbkGiphVg4TzKZ8h9yt/D+04B7ZPXZVw5WTSGOan9OGEoSPPz8CM4AUfwg5A+vfuOkIywKyBHDUz5YWlRvLIVcuA2PrnAH0OR6dCGFPLDkgYtqIFWzwDQfYDgh/UkY7EHt9MkdEONeWGyKgA/FzwiK7oA/kMg9sZ7f5rjJHSalOWEzQaweGAALMAVADHBkHd/E5BHc9+56UjmK4RZFY0y/bhMxj3QqAMobALep9AQcYxg9LnSpxxCaqAAjzwDqYyw8R2P1JPr3+jD9ek4jC/AdNBgxLsECoWZce4Apx/jnP6j9OiJU1y44UyGi0pqU5jl78JuCxPlEBn9jDuMemTjt/n0IUA88Czg5sBn+njgFDg+KJkt+w9hgAnAwP/XpwMBhtKq1Y6Enj7MedAjHAPZvXABJx+vbpGYuKNwwoRUaq8fHCz128QxyQQM4OPuz3H6Yx1xcnLBFARQ4SKBRjxC5+3y9Tk/syRk9AKg1BzwWlAukACuRPOmEwpH2pk9+xxn/AAY6cDtTPjhsKqjSMxXBCxyysvcHBAyPT6jyz69dqYZjnhssrOUYEaf0/QYUVGwGJOP1z2J+vb16UEaqaq+7D+k9MPQV9uPeGTkZ/aAPUdHngQCeGEmgQHJHr+zuT0hNPDDYhQfGSP09mEvxyQQwIIP2gfQEn1P17ddUnNaUwIioKNXVho8LqwIQN3GM5xg/4gnHUgSePDyw02tWyAIrgZIZAoZEUgkBvIHOPQ/wkHrlljLaSSMOEPpDKopXn4YTki7KcAHx7gAAfu9MZ7dcZKcM8Cx8MMvxWd3+3AOO4IDZHcEE5AGej6igAkjViMIeo7BuBp7cvdgqxytHiRfMoCQz5LrkBSf2E9OGVeVB78OJ1Gi0ympHCvEfZj0dSFVJaPzOSQzdxn0x9O2D+/oHlPFTnhI4ooxWgJBrnh7HUVR7kaouQAf2E9iy9/UKf8OmDM5Ok8sSxCKdRKCvLkP0+/Cv9OMf3IwkRh3Jxnvg9s5B7dvT6dB8yK0wfyzR+qoZD9uAesYB5evhEsQBwRgtjOF9Tjv8Ap1wm1ekigrWuCaJo/wAwA5LSmWI6XXvHllCFH7+LDuCR9MEFRgev06kJOsnp4EefHEWW1MI1ekq3I5kfYRiOlr4OHjbvjBjHbHp498/7+pAky4j7RiE8cQyINfIf8cJfjxrH9/ud27RlRhu+P+XJPb6duiDV4YExIsRJLazwHj7cOIohGmVDBm8i+MAp+n8I7A/+fTbkEZE4kImmPKofn5ftw2mA8xL4f8I8gQCcAgZVjjscDt0qN+EnLATU1B8/ZhvIpdlaNVHlkENnywcfX6+h6cDLXjhmUq5DRDMnC34PkwRVLYA8gvj3z3yxx2bv+zoTIAta4kNao7AKMwOXP21/ZhZNdL5e40cfhHjsp+79DgHPck989NNPHwrmcEttIfWAugcv8MOvZkR8p9mQBhApBwBnOR27+vTJdSKV1Z4fJkVtUdQaUyH+ODtBNM48zEB45IGAcAE/w5Ax2/T16RX0qacf08cOaJpmGsilOfH7P209+AMJjKurEA4+xQMYx6EYPp0ImLeggVGFaJ4842J8vDDPyrqUPg0kwI8iwQ+CnPdft8SSD9fp1JZZGNDkuGIzAjCtTKvM0y9mWEJZG91WBKqG/hQKG/YSQvRogQU4nHSuDMsq1EdaZADDINceyxg9xoyCPJshs5/wU9jnP16M6NI1ccRWkn+ZPSJ6f6e7D6GrOUV5JYlUegfszZJ7EZ8fIDPoB0y0wBogqcWEcR0gtp0+J4nDtakIgX3z7gJ8sZ7N3+wEY9CB6dA8zVIUD24NIU+WCykezxwVa/kWCRqY/IMPIMPT7cAqQMYPoemhIalieWBWIkaQo6YxKQzJU8D4ouB2AGQT3PfJ9cA/6dRH1Sk4slkSIBVFKDwwZ9swJU+hOR9p+zP6E/T9/QC2qKn4sJ88qnp0+LyxF2bXteEkRVj6E+uBgjIx2LZHUpYFNVauG5brQFK0IOIizZyrOfvdyFIx2H/F5Kf4sjGOpUUYHpGQGITyxsCTUk/d54i2n94qCwwoIGcYBOO+Cc9upAQJw54aSbUNDVpwz449K0SRnuPeRuzr6P2yS3bv6dsdKK8TwwZMca+mmqn24jZ1dwrfacf/AEO5BGfXpQcMhiPiOWGn2EuJCS/iAoX0DDHc9v8Alz9ejPgPHA641Gpjw8MMyhMihACx/iycgtk5PYjKgY79LUjLlgFJJVo6knPPCr5iZF8Y2bH3Z+4A5OcYIyCP16Tzw68zR6QQCaZjkMziPqQn8WPBYZQMEfGI/uOMY7/X69OSkaqfixU27/kpX4WOQxLxV5FHuZb7R5EEdmGcY9M/XPp36bryxPQSRBpKGlPt8sHSrns33e4fNS3YqoAB/cMqT0usj3YbWNi1DT1Zj9X68K/je05BADLj7sDJPYg46EvUUOOaMxyHMVBw5aAqoJJIT0Xt+7H6/Xoa14DPDzBqEFiQPLjgfYYL5+LePqQuCcDv3XHY9IXplzwyYjTWfgrww/RYpECCI9/0Hfv6nHqe316CjA6mPDDxdGGlaU8MAK8fkI40K4I9x8ZPf7h6nAOB0QkAFSRhvTHQxAANzwtHGwxB6lyPBlwQD6gsf4hjH6+vQ1A9XLnjqt/JBzbgceli8pCiqoKrk+P1IJDE5JJP6/TpVYUqcBJVpNEeVBnTx99cKR+4jAEeZftg/p3GQAfTI79CArA0ywCySxzaWFTTnh0axbyOfEPglQVxkAehZvIAHrlcKKZmmJDxli2ZAY5jHhV8mGDjCjOBkEf8w7nyyP2dJqC8hqwLQ9TMGi48K8iyYRuxycjBHjj6g+n7e3Rawy+rDQikST0mmX3YceAJx2JwMEfa3bI9Bgf6dcmYPhXEsZ588HMAznxfPiGySMep/wDwf2/XoS7A0ByGAMaVLOAa4GKHziYn1bt5AAj6fr0JlXmDhiKhjI5/8MKLXOMFiyqQxXxXH6ZOCT9egMgJ9PxnHCI00qaDjwx40y3cHCk5AwB+z1PfGOlEtMmqWGO6RA01+7D6OuoiXKhmAP3ehGP2A4PbplnJYkcMSUVRGFpmOeDiDz/iGB/9Mck/vxkY7dGZVpkCGx2nUKNww4SsowxALHCqf4QMegBwO3bpoyEcTgwpLauLUpgGrqGOSQSDnEhHY+o7dKJGQUYg18cc0ZrmaZeNMKJUj8VIRD692LEnJ+p+p64yOxrXCC2j05hfbhwIP5fifRRgAdgp/UepJ6TUeJxIVWEejlyGCeyMgliPHBwR9p/T1Ve/cdcH/dpXDJQrQsdOf24ceJHiCoAcfYBg9yT6Afr0PHnh5nKgBxSoy/xwBrlcZ9xv1IB7+p+hHr6dAZRXlgRbsooxNcLLH5rjHlnt27Ht3+npno8hnlglBddJzqD+sYW9twMYIUD0GMfrgnsegZ1GfHDgSSmkghRhIxKjBvHue+O2T9Owyc46QSA+OGmQK4HA0rhd4EZADgeQwQPUfsPqpz0gkINQM8PSwoyCp4jHhXaMBmJZX7KhIwhx3xgA98fU/TpeoHNBkfHAiB4lq3qjPBTwwf2PLuhww747nt6HAJ+ueldiopywaQiQ604jOnhhQxlvtAYADHbswx27k57nprXpyrhwoX9Q9+FY4pSQACwX9oP+Pp39ei1+nIVrhUD105UwZoT4+RA/fjv3/XpOpXKhGDeM0qaVwmIlw5J/hUkevqP8ekLMcjhogEEniOGFRX92EEgDA7Hv69iD2/X9vSBqNQccE0XUiDHlgoqt4ZLDsOwAGRhsYbv26IS0OnA9ElQTTT4YVETR5ywJPfuoPr+wk/r0JbUK8Rg11xHA/iFiXYDvhQTkfd2/Qj6dIJaDL9X+OFMFRqfh+nhhZKsZKqVOMkMO/fAzknOT2PXdY+eCWCIrRjlXHvxIwWIJCsS3j+w/qc+vbrjMfPHLbiMnT8Bwq9fHcDBH0Ax6EAg5YkEZ6QSmlDhySNq5HLAJWcN7jfcmOwI/hJ7evb6HpOpyXicAkLIdbHLCgrs+ceQXI7YP0AwfTPQmTPPiMsONGzjLhgDV+04x5A9275+nrnsAMf8Ag9cHNc/hwDQlv9fPHlrRr2WNQT9Rkn/DLN+vSmQnCRxRxAKBQ+/ANCnl6IPtx2H7f2Y75/29Erek1wLRgvRaZDCwg8Y8+AKn0bHb6dj9Om9VDUYcCkJpb4fHBQi4VPoe4wcgYJ7DGO3S6jU8jgaKQErWvDCqVXd5WlQZUeS/r64HofoPX16EvQADhglgLOzSZEcBgAv258SW8seRyO2D2Hp1wJHDCpmM82BpXBlRj38Ae/1Ix/5npC3icFnyGCtWVnyyj17ZBP0z9oHb6dKGNMjhto9Zq3HChgAH3eg/f9f8B9ekLnkc8EESvDAPWVvT6DP/AC4/wP7elDsMKYojlwwcwgxD6kFuxPcAAYyekL6TxxxjRYzTPjhH8YuiqCQB3P7MH9x9Oj61DU0w3oMiBQRQYXWu/mvkSxJ9T6n6fTt0x1EAyw6qnUFapY4dPUBjJwMrhgcejZ7HJzk9+h6o88OvCShLAZcMEEXuIRIGc+A8SMADBPqAF9Pr+zo1YcUyzw2PUtHzwzEDYZIl8WzhG9SPU4Xvjv06WPPMYYEZKHp5MDkcHNQhv1LZzgDv6/TP7Om+qCOOWOZGWTSeJwH4uG+7sMYHZfX6+hJ6VH5rgAg10JywAq9yIwpzknOM/vHrjrmk/ewvTUE6SPPArrHcl27MTkeoAH0AwMdJ8wAKDhhDAxzz92E5ajhvtOVbuT/uI9OlVxxpnht0YNRDVPHC6U5QMIwX9gI9O3bJ7noDIOJw8iMq0Q0wK02T/i7/ALD/AOR9PTouqDhVR0rRuOCtRRjlvIn6/cB/pjruqRwBwJiRiWcnUeOeAak5CjIZc9++O378d+k61DzrgtLEBW+EYE0MZ8Men/Cc9/06TrhuNaYLog10DPCK1XQksPIj0+hx+mR6/wCXS6weGWGlV04muAEKuSf5gJ8iAuMN27j07Y6cDMBlg+kH9TFqnANDN4/d/B/xEEftHYeI79AJFLUBzwJ6rCktQnM/oMIiDJ8QAFUfa31Iz6fQ9OaiBkTXALGCaACnI4I1RQRgHJ9PE47/AOORnohIeBzwpho1BTCDVn8j6+vowOf8cADohItMNPG5YmuDrXdZHI+9m7PkEYx6/wAJyR2/TodQPlThjum0TkA6geJwJjyMNnOM4zkeoH0OPr1xfLLBlQ3xYIYSCGjIUhSGz9cZP6EYx/s64NQUfhgCkiHXCdIpTBRF7gwCPMHJP3HP0yex7HP+fRFwrZ8MIrax/HgURnBjJOQSxx9SCR+wds9cxKmv4cdCHcdOv5gzwWSq2GHcjH3AkD079vQ57dKGBNMOPEStG4HzwQRHwUJ9gXAx5ZOewJyQcZ6XLmCcCBRaJQKOWBMCofORQ2WBBOSDj9D656Xjw4YIDSdTAGv6fbgywysv3RKqH9g7d859c/69dUA1HLBr1GTTpGn9WEBBMXIjGcDvgg9v9ucnrusp4n7sNhX1emtfLBZIWXDSjDkFVDdvIeo7/v8Ap9ek1BjVeGOZOHU+PkMFMU7ZZkAOe4zgLj9R9MDoxIFGnnhCkj1c5GuCNGwIL+IHqFyST2/w9OkLHTpXhhSh1apcm8MIsTGHDDsR9nfHiD9MY9OhpnqGBJ0ZeWWExDkDy7k98HA7HBB7Yzjp5G1DDfTAzYccGZVjChQPT1GMkjuT36UAkmvDCu0SJ6QNeGoj8ftYhgzBVB7AE/u/Xojn7sNRekENmrZD24OUVVwRktnOPqO7f5DH7Om6nXTlhwqoh1ACtcEYjx8Y0VgGGQA3buD9xyfu79GFz4nDbyqUoiggHDqGQrn7R930f+Af/UgkeIHQNEDmKVxOhaPiRng7t5k4wT9TgD9vb6YGeo6MSwBORx1WbKvHCBhWQklQzYx3/Z2GMkdSSFQcMsNmLW5LVOWEmg8crgY8sle2QfTsckenSqFcVphGiIGlcvcMMZ6/kQxb+E4XyAyO30x2/b+nRpKq1QUy9uI08TGjNQkcDzwlFTmHmwc+bn7iMEt9e4wAPTp0yx1AoRjorZwC5NGbjXifdgJKEwAwSCGHquMgnBHfP0PS9eMZ0rhWtpgAVNc+AHHBjr0eSPxRVYEe4Bk5wASDk+mOgM+lSTXywvyqykdIaXHHD6Kp4F/FVChsMPqx7fVjkevUV59Qo1cSoogr6lFAuR88KLQkAKqMHA8/uyrj17DuR+/pvrZ1IwqwOg6afh4054H+nyt6ocDue+ew7fXHRCYVqRhwQy+BxHzUCGyvkrA4z2z29fUn69PJcAAgjLzxElt2ajknUD+nljz15V7IrFu33DGPp3Gc+o6ESxHiF+/Bv8xH/KHq8cQj1m+8uPHyB82A9R9PtH/036dTFlWooeGIBQ5kgivH9KYJDB7bsJD7p8lEaSKR2P8AyEBe4H0P0PTruDkhp7MJba4gVmOoHlxy8v04YlzFH4r4x+J8QO49O5zj17dsfs6iBnPxGuLIpGwBCgYavURhlnYBsjw8shR6H6dv8+iEpU5A1w21ujcSaeGDQUY2dm94yxxgYi9V7dlH0JwTn16ba5JXSAAWwMVqrOXD6kWlB4YXRZD/AClP8AAPoBnuQT9fr0J0/EeeHgZTJ0k/d/bhGaKZceRIBIwe3+gwO3b9/XLoJqvHBaJ4zSU8TXDKXz8mw2QpADHHr/ln1P16MgEnLDbVZyeJHPDN4XMPkMBQT5KAMKQcZXPcAf49SNaqc6VxG6cjRa1roGGc8OFILdmUYJAz3+449MZx0sUis2XHHMeiRzUjEW8Cth0OWGcZP0GT5eP1GepQYZ+GIy/nsdGTj9WGdhHkClTg+eGAGPTGB4kHA7fvPRKeWFkYaRJxCmnvw1MjyeUShc4wDkjy7gnJ9PtH+zpwooFa4NgzqUAFcICuz+YUqfFcnBOSe2B6A479DUL8WeGET1UYDLxwda8ixkeXiDkkADsfqe+D6DpCyk8MPAH4FOlfAf44aPCyHPc5H2Mcjt3BwCSRg9GGSmYzwDx046iBzyxNVK5iAKglQpy3fGcnPYHJ7nqPIyO2ZzOGLZipJX4OeHj12dvJfUKPX9DgZPp/xdDq0DD0iiYgnNQOOFUrzoFAcp5ZIHpn6E/wtj06TWrccCFMYGk0B4eeHK18eSTAvMT6v6YH0yB2A6EyoPhIw6q6WIfJsPFiH/2L7APWP9R+zyBz/iemSziuoV88GWb4kyA5eP8AjhI1I4yxKGTz7AL4nB9SSVwceIPSdRnFMhTEaSNIzUjVX9eF4o1jiZ0iZJTlApOSUIx5/wAQHj3/AH9uuWpYBiNIwo0omuNaTVp7vHBkikwFAZjj/hXIP/0OkfSWJqKYVTJ8ABZsLiqVAaAGNWz5Lgd84/Ugj/P9nQ1rm+eO6ejKH0qce9g+al28gG9SMFTjGcj1xn9p6cZ16YA+LhhNJNNZrQ14YW9hkU+rF3Drnv8Ab6DHYDOV6Z1BjlyFMG0ZjQscgxy+zDox+S+BXyb6Egdu+cEdyRk9cGdM044edoymjTWQcf054OYsIRFkxjtIB+05B7+vp0GsChJ9WFAND0K9Lngy1jjvGwHc+q4/f/FjPr0ouM6DM44RO+PNWCt3Rx27n7fTv27EnohMx4DAPEYzRssKRQd/cQMyAH784x2A7j1z/wCXSM4r6smwsaOx1oCVHPCrIMiQnt44fGcAdsdv93r0g4U5DBSsP5tfi4gYVijV2wviSPoc4+n6j6g9IXQcThI1LnLCxhZSWKgIP0/h9D+np1wkQ8DgzG9asKLjxgDeTpgDIDMSfXAAOR36bMhrQYN4w56ikU5nC0cLZ8/4hn1x2/T6YHYH/Pp3UvjhY4mRw5IoMHeAOF/5iew/UgE49foB9egZlYek1wrpU1PCpwVapJHlkAZAzkggdgR3HbPTWo/hwekH4uOHYrKPDt2AwfTB/wBpHXa3ocOaKFW5DACsv8RbOT6dv8BgnP8AoeuJJaow0Y6ENUafdgxreQBUds9849AD+gGcHpNYwRj1AGlRhYwnsmCw8Qe3fA9SfqSOkFKlsOGM5LxyrgwhKrgZMSdiT6N9SfT9fTpCzhqCuO6elPT/ACxheKthf/ZiU+q+Ocj9oA8RnHXMzMaVbPxw9HEBSkaA8qYN7CHzl8v4GypGcM3oVyPQ46XUTkBhOnER1ag0OXt8MB7P2+R9WYHH3E4xgdsZ6QN+9lgKNozBqTX7qYMYGPlhSe/p+uP3kHpQwxzKxYkDLCoryBhhT5A5HcY/T6k4/wA+kLKRxwqK6uKihwotYK3uspBYYycEH0PoD/r0hcHhxGHVio5Yc8D+M+c/w5JP6en7B0uoH4hngOlLU6chXDhYAV74J+uSM/49x020ihqYcCqFq/EccvHhjzV891HoMg5+np2yfTPSCVRk1aYRlDetMvA4IaxkDKxOVHkBknv6fQft6MSKM1rhtkdwQzVIwCwMGSMr2x3Yeue4+v7B0jGufPAKrVCUNOeHhhHj4gl1VAMN9M57d/qc9MtIQ1CB7sTFOlaDgvHACIlmLZAAyvl3BP6A5/b0QccVz9mG8ndtfAcPPB/aBK+WMZz2xk9iO2Ce/XCRvAjClFyJGVcGaqwwwA8e3c57Z9B6AY/aek6hpwrT2YdZWUhgDpwIrsGH29sen7T39B9D0okWmZocLqHPjhVIF818wPE+oyfTBPXGRKZHBoA5ofhwKwhW7DKkdh6eJOBknPbodYPA5jANoBKnOnDCprsInLN7jKV8P/pV+3A79KGBNRgwKJxqMegTDAnP17YwAT65Oe/Ydc7rwqK45SK4EQF/IFwUUFs4/aPtyT3OekLqM+ZwgQmoJ9C4TETebeQZfFcgqf8Ah8gQfr265pABUZjDZPTYqcG9gMBnywe4JIzjtn1xn06ASjwwoq4rT0HArW8GP8DIQPEepAx6HHp3/ToS1eGRwiwGNywIZK1phcIrK/mrZK4Hj6k/r4+mehFVIOHUlWUEEUc4K8blVUByoI8VbPbAx6/r36djcaqtQZYRpB8P4RgscZGEIx5EkD1JwMfU4wcdDIy6q1yphp21UUcK4cPAUbHopK4PbHp/pjv9OmQwOYPDBygBiB/KJGf6Z5YKIcE4LZX1+mMj9fI49enS9RnSmGw7Vy44MkCuHwe6jyySBg5xjBGT69BqK4MKkqlvxjnhKOEHyAYZ8jn1+4/qPt6VvV6hwwyqgCnOuDtXJ7EGTBx4r/EO2cd8Y7HodYFKZYdEdSNfqGeQ4480PoTgYX1z/h+7uo9ejLMRTLDZj0nPiME8PI+K9lHc4I+vbP8Amfr0iEqa0xw1E0Xng6VACxwMHuDkfoO3qO/XPOQfDBdJ1NK1ODCoQxzGw7DHp9e//N264TinE4LTKMsAsJLHAU+mMY+gOc+mSP29KXUICDhhVJbB2rH1ZcD9R6j94BxjoRL4Uw4YiR6sgMHWH64xlT39c5z0LOvjnhyOorq4aTTCPtL4hCh9wZAAx3GTjGOx/wAenDIOR9JwwsY0VPxjgMKfjOcr/A+D4Dtg+pOSMjt0zr/FxwZQ0KcCRheOsVXykK5zkYGcMe4JIHboHbXlyw6qUBLNhuI2dizFcLkMWHlkj9APoeiBC008cAQzmrcMHNNH+4NEQfQ5I/0wOuMzDI1rgDChNRQ4VSvGVGFf97HIGP1AbprqODRv0+7DwXWpKqaeOBaqPQSZbGf4QTj0OMnGM9GJDxplhvQPHDaSvIB44JU9xnths+mMn6dGsvOtMKY+a5jCKR+P3HsCMZX64P1znHp/j0ZNaYBcjnhiIz9hRT9cgY+oJz3PT+vka0xGGriBgZInZf4T2/UAZz29Qx/XpQw5Uwp6h+IYKtXK+JGMYYgn7cn1+vqAP9euZjStK4Tph/S2XPCPssfsxkDtnt2x/wDR66o446hDFfxDCgiMYI8chz94B9Pr9c/p0nHxyOOVhGPENxGAFeL/ANxR9zHxx39P3j17jrlZgTllg10J61+M5YTkrK7BSrAkYDBsAHv27/XpzqMBXlgJCJGCsPV44KaqRR58vu7eXrnscDPb6Z/XoeqSeGEaNIV1VBI4nAzVPcPl38x/An/L6+uc5x+/olkoaY6WNpTrGTcseeupRcJl1GWZj6/QgYPbOeu1cq5YekRdNeLgccNoo3w3kgGWwCcfwnt+3sCOjJXKnhiPGSTSTLPHnhVHKj0B7eIwD+4Y/XoRwqcGwC8Pg5YIkbeQyMA+pPpj9vXFgBXHLTUK8MeaFVZivkTjue5U4+g/b0gcnI5DA0XUSMIuqEZkTOOwJ+me+Prj16IHwOEZo0GqQVGEGrox8gpCnuO/b0/9OnQ6gUJzwh0nNclPAYO9RVznHb+Mk/xDP7PpnpFlNM654cMJHGgwiyDAjCYX+LP09Mdu+eiPitCcBU00/hwmao7EnzA7YGR+7ueuDmtG44QwoDqBqcJtWdgGAL5zkDGcZ/aPXHRK+n0k0AwrRNTWoqx5YKYcjDqPD/iz6Y/1+vXCTwOeFMdRSQeg8cJLTMakhcDuQD3wvY5GG7DP06N5Sx5VwzHamNSV4eHl44H2PIZxnvjsCPpn9T9D0OtxyGFMWsajw4YN4eAw2UX9CceXcftz3z0wdTOTzw8imM0Y0WmCJhV9QR6sfqDj9PXHUiYgmg40wCSEpqHDB8j6/Xt6Hv1G0N4YF31ACmEmXOSuSAcH9h/T/XqRCwRSHyNcHGDpJ5A4II3yXwQyk4XtlgR9B9f/AC6J5EOQOWEA0OZKesffg0EZCrhTgLkr+oz2H7z1HcVagwsQIFCKrTB3iRh3Qg5z3z+h+vr1ylkzGWCalPQhU+eFIoFPoQD6fcftz9Sc/r0rOzHiT7sORRdQVY0OD+z7LA+OcHJI/wAwQe4756GpJBODEZieoFQMOcGD7QgCnHfxAwB9e/cYz1w0mlcsSiTDkPhwXyY9vVR9x9PXsP8Az6MaFPHDZfXlxXCMjZI8TkeniO5z3z2Pb06RszlhvURw+EfdhhMqSBvKEnyyAT6BR9cE/r0BBU+eGnKMx6inT44j3qq8aBgAoyHbJwPtOPL6+vUxZNLmnHlhp4Y5AoPwjj9hw1/EJFckeMcSuxbyA7ZAA9T3I746fE2bcKnDYh1rFrFAgp+rDeVpImlwXdCcjyYMSSAOxB9M/wCZ65gshFPiphuR5IXIX+UTXDUXJHfwdPbAx4Y/lsQMfxEZbOf16L5cKupTWTnhgXUjOcqDlX/HBhY9tQSPGKYYQHH3j1wCP3fp0XTWtanWuDWbprRf5LnIHnggsiEeft4R29sN6glh5fTuPTomjMmRY5Z4L5pIgH0UDHT7+OHBlCIDIwyxBXGe6H/70/UdRjCpcaRkB9+HgwVPzGFTmB5Z4YSSCYp4GMCHsQWwyY+4Me3bGfpk9Pxp061HH78Q9byEIrLpQU9mGZ91WjMsnZvoFOJO2AAcZHf9f06dyNVTj+rDShwVeZqj9fHIYbSA4k7jGf4fTvggEf5/69HlrHjTjhBULUn0g1p4YalC4APmFK48gB4hu5Hr39OjqK+eEJJJ4FKYRTXqwyWVE7evkCF7kkkA/TrmloSAKnAQ256YdmoDhA1YkkY+IdcH2yPu8if0YkEdFqYgDD4io5cglT9+G0jRk+Cx+DKSSSe5+mCMnohXnhmR4wKAaTXBFSRiWSVIyF9GYd8foD+vl69cSOeCt4+pWRGAIyxHB0y0bHzZUKyHPowbI9AR26XPiMcskWcbCrEeo+f+X+OLxVpSxIvmF+1DlwG8c/qe3kR/h1VySpUAHP78HDBNHVjTjxPD3/8ADCq13VjIyKfIeORkIV8g2AWUHy6baaq6c64Uo4fqMPScsuHj+zCwi8icKT4glfr4gdyexwOw6DqECpxwGokUOQyw4ih8l+9CWxnKgYxnGcZz0rSqoqcFGhkHqJ18/Dj7cHEEnkEYYJ9Mdgfr2J9cdJ1Bp1DMYIowYL44dCrGqEy9jjt375/Z6joOsWNEqDhwRKATJyGXtx5YigAYIPL7l8lzlT2BGPocdIWJ/ey8CMElYx6goBzFRhQQBSJWZMFckKHyO4HcY7dOLIPhNa+eAaI1MhI0kcvsw5FVB4nGQD3UZyR9QB0BnVhpFQTh3pwqeBJGEvx09zIVmUt2Uj7gCfqDj9369KWbTSueGQqdTgaeGHTQIZEDpIF8O2PowJ757AKMdNKSoOedcSH0FgCDp0/fg4rrJlVz5DHk+coSMnHpljjoixGbHLw54HQrekfEOfI/44Fqr+ftxBlVlGB5ZBwMkHHc5H+HXBhSppXHFDq0pkD54dRRSIhBi8AcjBxj9+fXPTTUDVrxw7HrjT1CmVM8eSopYHLHyY9vI4+p/TJ6IymmWAWJS+dSThzHAio4Cnuft/T/ADx6dCSSQa54fVVRGUA+Qwkap9tVUAlCCFySWH1Bxntg9EJPUa1ocMtF+WqoKsvlhaKPP2lAn/EQO2P2dvTJ6BgfGowagsemKBuOFWiGApBZCwBUepyMZyfXpFqM64JkZVo2YJ5YOYETCgYTGGQdwS3r9B+vRan44NolQjT8HPCwrCNQyvlW7FTnK/XLdsD/AD6Qtq44VbdIVChqoeOAMSfaf4sH7sH6d/16VWpU4VkjAqvAYWWMMFCqzYUkkjI9T6Yz2/8APoRq44cFGAAHLBzCXVSA2f2o5A7n0IBHSlm5cccYy6ZYP+PGEQCCNWP3ZDMSPpkZAPl0Ik1GlSQcM6EIUdNQT93swb2h4MgH3eIOe57/AKntnPf9MdIzBSK8K4dYp0iqH10ywrFAMKzKey+JxgEnucg+o6QyEHSuBRvQGfMgUwaKAElSML38snOBn1z9f8uuaSmYGeFiOtumfgwqa6r4p+w4IGPHt6k9j/l0nUAFTww65X4VoSRxwH4hRSFHkGwckkdz37Z9CD1wmDN4YZCCEER518cKeySF+zBVSpP+JOR3/b0odeZGHlYMBryIw5WuAqrjLODj0z3OM+v6nPTTyODUEacKQNQVaEnCYrkKQR5/QMvkCB+zIA9ej6inhkMI4KfHmfEYUSsFC4wCVIbyGcd/LI9B+/pGl8McuZ9HE4H2PGRexZMZIOMk5x27/wAOB1yyVX1EA4UsQ9DwGF1g8myF8FPcAkY/TIwD+nTTMKk1qcGV1NX4YzTjz8cH8F8VUKe37v249CO3fpARxbBPH6Aq5AGuBEQP/CQf1JI/wBBOM9cHI4EHA0jQVObYVSHsQAPEn7skk/T0yP06FpqHOtcIjkVAppJ9+DrF4MihQQf1z3I/bjsT0Bl1VY1wepahaek8cESJS6qwBySD2A7YPc4J75/TPTpJQagaYUBWcMPhBwZq6RsoyME4DEHABP7ux6DrsRTMnDbgdQAminCzQeQHgR6gnPZSRkZ9A2SOmhK1akYclIKCMcvswHsKMIc+TDIIAwCo75OM/pjohIKVwoZcgdVfdg61WyMenfBwQR2+pweu6g8DhDHJ+EELj34zYIGe/b9g/wAhnOOu6oHjXAkLlqGYwZoOxKqQ2P8A73P7fr13Uzy4YJvUNK8CMeEGAoAYOf4iB9oI/wAPIZHp0oloa4TRFQK2qvM8hg8cQQnzjZgQVwuCD3HqSRgfb1zSKVqpocEjKjNrBKnwwp+MuA+AE8irJnJXtkEE4H06b1N4mmO01XqMRQmnnTCXtFmYRgqqkeufX1PpnJ6MNpHqNScIrAHSB6eWDCozMM+Pf6kH/X7Seu6gwag8Kge3B/YyAVAHl6MM5A/X9fToQ71zOGdBoCMGESjHkh/XPfxJwQQMnPp0hkatQccRU0PHHvxArK/kgCj6+Qz3PbOD6ddqJGk1JOF6QrxA+3BZIw/YoSM5Vl8j6jHY4B65arnUVwJzHDLAiDI8x5E/8KEnOM4yR+nbt1xc8K4TSOIrXB/a8Me1HlXAVsnODgeuT/CPHHQVqKE4IkV9AyPHArWjUkgg/s74GQDjOR0ZditMcEFK864MIgHzlT5Hyz9FAABGPoe307dBXLOlRggCHAJH+GAMIz5dh4+h7qrA/QjGOh6lRTxwJVS/kMGMRIGVB74Hip7HHqTgAYHSqSM6gYKoFKVqcFStIhDEgL5dxk5Pr3A8RjPRllYeeBCMCWqMOFQNnsRjPc5747/TJyemi4BpzwldR88IGr4uCmAFOSO+D+0duwHTnUAUg4Vk0+ocBg7Qs6sBj0/8x0COC2EUa6gHlgFhwoDYyO3p/v6JjU1x1KZccJPVzICv/F3Oc4z6AgAEY7dGsgAocCVrmMHMMoUZx7nfxOPXtjAbxxnv02JELZVpggCyk88DHFKPL3M4wPHBBwwP1x+zPROygZDCqGFdQrlggrAMzkjyJ+0EdvQDv2BHf9O3Q9YUC0NMJRvA1w4WM/auMswyPHAB7n0H09OgLjkDTHUbiRhMLhcKvY4xkfcP3Y9OnK8zgw2kmlaYL4N5+WO3j4/p3zn69uuqNNPPDePMMrnPoe/r2/bj9cddywf4ffhkIWZQVwAQMZOR/kc/Xp4uAaYZ0nCSRjAIywAH07emP06ed1OWBQFDXLL7MG8Cw+2MnP1A/T956EOqnM54M62HAU9lMIy1yUCuGUMcYHY5H17eg79cZK5ryGG3jJGlsgcF9mNcAMfTvn1z+/sD/j0ILNm1K44IiABeQwdIFkDYRuw9P3nHqTjuD0bSkeWFEeoVHDBWrsuCyeIDdj6ADB9cdCsmZJNRTHGI5cgDhJYyWJK+K+QIyQCR4+o7+meng4IwwFYyE8AD9vsx5oSzd8FD38Q2W/y9O/7+u1jhzwbIa14pzGCeBJGVHh3wfqcZ7L9f8+k6g88KFeudKezCgCjKFc/p9Oxx9T0lQ3DLBVA451wn7C5z4qc/sz/h3x0Wsc+OB0U4Up7MFMCPhSAMfUfr+4Z64PQ8csKUDDScICs0TKx9vsT279vp3+39vXaw2WeECFSDUYFkDN4Mvqf4lA8fLBbHfDeg65VC5jjTAn90j0+OEngIZVVfJG+5vQjPcfX93SghvVhHU5ItCpzx6WMqOyjBAz9Qvft5HHbGfpnoVFRnWuFkLA1AFPZhnJEXcKPRic57E/UZIGCcjqQWGBcl3qOHnhN65UAEd/LC+oBGPTP69IHIwhUjjgqxKM+Q7g49TjP6E59ei1EivPBooKk88HEYwwC5P0wR2x/j2HSavHjhQ4UUPEYZhCxXI8Qe58hgYxkZA6eaQL54aDM49VQD44UEXjkkeRAyoGSGPbscgf5ddqBAOHkGlCWzNOWEjVLgEAjJyRg9u2MfxAfToSxrhREXSq5VNcLCkrdyTjHYFTken7/0/XpgyhWpnXBFVrRgMe/DEh8liAGM4Ddh/h3B79O9QDiftwXSjkBZAfdhL8JxJlVAA75PYEY9PrnJ/d0hkU8WwyI2WThQDxwc1G7kjGSCQCe2cDAHoe3XB4zxOHzGVJ1aQDn+mWDLUyPLGADjHkc/p6gHHfoDIoagqRgwtRwJwkKxAKds+qtg9zjPcr3OQP06LWG54ZQKo0rxwVYGIwR6fUEkH92cdcx0ipz9mHQGPKvs/QYOtf8AUkfs+pHboOqK0ANcIA2sACmXPDhYEz3VcJ29CSxAHpnsehLk+kccPekkqeODisnfLEMB2BUeP17n1JAHSmRxn+HywqBSKk5jx4YbyoBlRIgZj6rlR/zfcCP2fQZ6NWLCprTHMQfT6fdhn7SlmGV8s5UKT3bsfXA9R/j0VTThhnohnIBGr7sIyxksQ6hWAwQM4zj1+h/Tv13EZYGWFySpoDwwT2o/FkKsxbBQAKe/f1Df7OuzrgNKoOnQkkZe3DR67uAvdRH3wVVV8s4+mT6HpwOVFVOeI7RtIaZqAPvGGMsMYDAnLMDkYODgeo7Dt29O2ejWSSuonDLIqgxsSWP6ZYjZoIn8PLxHiP1+4EHP/FhvX/HqYJGFTXjiJIoYqrghVyyw1mqoPvJ+1CSqZ7gY8cKD4qe5/UdF1Wr7eOG2UGjk5KchhhIxjTBZGVm7AZLemRjIGMDp9SJMlrWmGeoUBVjzyw2hfJLN5sfPAXtgYUMcZOMZPRuaZDIYSEmplJqa8PDnQ4SldJpnDYj8iPLAbBIAHYegPb6dh0i1RRzx0wSaUg1WvGnP2YQFuZVEYIEWcEHu/iT2IOAO37+nNIJ1c8Ck0oJjagiPI11Y8GDEg5A7gkj+LtnA/aelZcuOCR1ZgDkDgpjmbzMZT2QcHPlkE/TAz656Elcgc2wuiRidBrEDT9MsEdZWgK4A8l8cKMMO+O5P69/Q9dRdQIODIZY9PMj7MMvxpWRD4sqk9i309c57dv3+nTtVrQUJGGEikoHJoK/pzwi9GQsfFSxUYJXucdu/7h1xdRxxzQSvwoRXBoqMnuDuniVAOVyVbPoSfE9ux7dIzilcOwRSRyU1Ch9uBOrXz9sqS31K+IXv9f4c4/x6DrClcOi3rJQBiSeOVP1YvcMZ9oxrIxjPZvcwWwD2yV8QFyO2O56o5SQ1fxYlRj0aAxMfn/lh3HVAKgl2U4AB8PEZPqBjPlgdAXJ9uHYkGoKxOgmnlhVYEWUgDvgr37DGTg5UeueuqxXjlXC1jS4MYyypg0NQxSOQTgdl9CMEZJ9O+OuLlhQ0wqQBHIBPEYe/iozAuxIU57dsZH3eoz6H06GpAIHPD7QqcyTQYE14vvUrlF7fXJBI9Ppn/DpASOGGqJmGzHnhMQ+b4dGbCfYcHIAPcZ/xJ7dFrI4ZYab1tRxUBcvZnhxHXZ0VTGAhGAcd8ZOclu2ekLZ8c8KiPKoUCi0y9mFxCT38T49vtyPI/uxjv9ek88GEP8wcBxrgwqN7jsi5HgPuHY5BH6g9sfoR1xcgUBwvSbqkrmun9uFDXPZi2QuB4gjt3I/zwfp0GvlzwbIcmY5UpT9uFfYzlkX6nt/wpntgfr69EDXic8KYw3qjpU8vDBhC2QxUowGPu7n9M+uM4/06HVnjgrFgeBHPHmjZgpwPDPiMZPf1Ld8j6Ho8jxOeEcl8zXp+Xj44WSucrhT2GTn/AJsfQYH2gdIXoKClMEUKsCvDCvsNhSoXHpghjnue5A6QNlSueH6VoUplxHjg1es0Xj59yoH3H9CO/YYByehMgOS1wMQMIzrqGDmshYsFBOMeWPpnOMn6Z6FpXUccIc21ZBsHjrhS3bJK4Xyx4g5GT27+nXCUkVamOWobLM058MejqOSctn9e/wBMn0/w64zngMFHDIXIJAwrHVXL5Ynyz2bx8Ux+mR3OOl6xqKAaRhIlAY9Qkg/dhT8JSpOQAMZ7Ln17/pnHSmfkRlhzpK9dOS044GKCWP6kKwPiygd/UDJP7R0LyI3jlgY1eI/mj08sK/in0IPkfTuVH+QwOhMwBoCKffg11hKGmvlhUREMHZfIBQv3IwGB2z2Ax/s6b1gjSMsEujVXSc/Hhg4rg/cAQT/wjxI8c/oe+QeuL0Wh4Y4xRs1VqDhSOBSSrKVHrnOMt9AMgjuOm+ppNVocBpV2o2SeWFI6WHcKe2e6llwT6nJxkdv29EZgV9WWDitgGJrn54W9n3GAEY+4/b4kgfU5OfLsM/T9OgDrxJJw60aSNpQAE+HDACJg+GXAHbH/AA//AFWfTpGegqpwzQIxXnhZoAceKg59D/n+mPr0Ic88d6j8Iz/ZzwDQ4P2lAydsAHIyMnuQQT36JZQpo1M/PHEiodcmGD+IYjCMCfRiucY/bnpqppTlhcxywosIQ+QHfGD27EYxnAGCT0QcjLCo2l9VMCaqeXbyGc+uP8ewwOi6pwjIpq2dTgwrRt4iVu3rkZyB3/UdAWJOoccGEU6VkroODLWUFT5Z/wAB/pgA9GZCRSgwZqRTCrwqcBfLPb6/s7/r2z0AbSa4HStfRmtPvwIgC4H69yTg4Pp2A+g6RnDGppgXGeFFrl2UjH2g4IOF+nqMZyeuBywUcZkYEcsEWuFxgE4/Ur/6evTrSlhnTHIoQaRnjzwhseQByf1GfTHY/Q9NBqHI54RlHPnhYQMAvgmUA75GSD9AMDGOkJXnWuFKVA0j0gUPtwb8YmSAsQvkpI7YxkkehGMfb9e/SdRQD4YIRoWU1PDPCvte2pDeZOMg5yMZI+7/AB6QyA8MGSV9LMxb7vZnQ49DX90kDAGM9/8AIjt/59J1PHABATnhY0wOzOB27AZ9P8f29CWqcqjHdIDOp/T3YRMBBcAeQH/Fhs/4Edjj93TgZaZnPHFAKjOv6sKrVHdMqHPaPyBCnv69vTPTReh1DNcKoAGkccEaEIGUHLg5b/lI9Ox9f8+lLEjy+/AtlReRwc1zGiOqlvcIZhgBckDsAvc+nXBgag8sIECioqTXAPG5kK4CgkLgAgg4H1yR26UOQKDhg3Vq1HCmH8NYpEFZEzn7Swzjt3OB9uT+zplmqaitcKqlECsMxz/TLCctUDuoZhn+FQuQfr38f4eiVycqgYApXiDqwR6oKAnIOBlHIH+mPT/d0YkIamR88KdNPUKHBY6/3KgC4HfPbJ9TjOD9OhLE1bDaAMOf34USBSrlFl8m+0F/ECM5znK5BHbrtR5nBqUC1WunxOFfxCqdmwHCghCCc4znGP2kdAXJwbL6dVeeCiqmPtX6DJfIJP6+g9ejWUjjgAtfhyGA/HxkeEh9QCrLgZ+i/b6D9vSFqmtRgCmRU1z/AE8MGFSRsLknP7ck49fQD16TWvPhjhC0lI1pXCy1EX1J8sZYHugwc4wuDnI/29DqPLD6xBRozLrn5YKKitknIPlkeOSAO3buD/4PS62GG0ickmtM/wBmAaoV7qxwex7HyHf9BgenXBq8eOElh0qM8hxOPCrHghGEhHoQMehOcKcjHXaiePDBtHqqoJIwH4xbP2nsD+n+HoSTjpdYHDjgFt5BmuXtwVqhAGM9xk/s7kd+2R2HSiZh4YVllTjnUVwkY/FSMDJIyxz9PTBHcDpalszjgCRnxw5FZgrYHhjP6AkHBwPU/T9nQasL8tNGhJ05Z+OEzXJB8vLsMgAgk/4H17ddq9mAQuSdWEXhwR4K7AjJ7ehye3p+nRKa8SBgzqPw/q/zwgVYMPtIA7NkHAP/ANN9O/R0XxOB0k8SQcAylzkKyn9FDAHtjv29OlDnng5NMhqKA+WCGOZSPsIycZYsMftGf06IMp4nhhh1Kitcq4OkH2EkEkdzj6/t7g9/8ug6hrTBBdQz41+7CQhCqAADjt6/X19B6dOawTU5E4BQCdIwWKt4eQ8Qx+vlg9hjtkYULkf69AXLZknywka6Fq2Y88A1dvJiCVUDOE8Tg9h6YOAOuV6CvE+dccFkbyWn6ccJtWLICWYkFu5wBjt+wHHbpwScRTLywlKnSa6sDFVKN4sFKn7vQEj1yfLH179I7IRxNMKoKmrfDgprOO4wmP8AkJ/2HIPr0XWQ5Z/ZgfiYaTTBhVLgh2Zs47HwAzkHtgAk47dCZQM1GeHCrAVOEhWQgqUwy9gO4z9e+cknJ6VpWBqOGA9JXhQ4E1vtCthWX9Ccj9gOMgfXoeuwJoARhaEgUXLCD10Qf8ZOPsTIYDPrkYz9OpCsT7MIyoOFcJCFu+IycgjuG7f/AEwxj7h0RK8zgRUcsENYn/hb/QdIGUc8dQ4JLGFChRhgpB/eD5DJ/wCY464Vz8OWBlGpNIyamCMhKt5qAexAIPc9yc9u3RVNQRggBT1ccJeGSCcgZ/hznv4t6djj/PpzqHyrhsrU1qaeGPMinJwMehAyCOw7/pjPQhivDCkVFMIBME4cFSf4CD5Y7ep9OnNYIocjhsKYyWOa4SeAqQAO57DscE/4Ajo9QIrywMqMh0DNsEFfILSMQP4e2PXscdl7A4/f0JkWmWOSI8Tg3sFo/BO+TkZx5ADsf/vRnruso45YeWNmBRPbhL8dyoHl2x2PocZzj09DnpeqnOtcAIxTia4MYGZvL07+gQgemPUscDpa0HPCFdTZZHB1qOTgquCSM/u7n1H1x0DzAJQZ4cjRiQuVAcGWo5ZkCA+J9V9PE9+/bt00ZhSrYPpvrKgDjhdaWcjJB/4cd/8AMAZ9emTMCcO9IaeerlgYtbIB6lD/AMg7Pn9n0J7/AKdc049uFSGTSdFVH3+7Dj+nvjDI7foWH1P6YwMnoev5gDDoSTg9T7cFNQr2ZDj6dx2x9PQ4H+vSiaoybPCdOnxcMI/hszHsB4+gGS3pkeWT2x0vXAHjgAkpNBXDQ1WDZBGfoO+Bj0/U5GOnA6Dmfswgjoa4KKhbsV759fpkn0A/Uj9enOso4YUqSSuYXxFMeFJ2z4hQFbH3EAk4H7e4wekM6/oMdHCzHVXgcqmmPSVygXGS3q4Ujx79vUDOcd+uEyk1yGDaML6lNX5jlhNIz4DyPi4J7EZyMjsuM+oPR6gCafDjo4gBxOGVmJFJY+oI7dsEnOD39D/l0/GSVA5UwLxqGqMiDhm5SNCQQH8x4nP3fwg5GO2M+vTnPPhgGIjUvX1E4S9wDv4qSB3Zhkk/5gdvTpMF1FpVjnhJ/sfyUkFThDkdu5AJ+p9foOl4ceOI0jUfWvEcMJM5zliPuJzn9PUn6fp0ntwwzlz6jhCV4nyBlQFOWwC4wSR4nB+0/wC/pQxHswT6HAC8QKV+3EaXUIjOqyAKCpA+4jJP3LgjsepRjDkkEg4iKxVA0mY9mfv5f44jZELeWHjIQZEbEhmORnDZC4HT1eHicRSB6mBGlRXPicR/45eYSKFIXGFyfbz6ePcFjj9/TyyBVoa1xGRKzB6AjkDwwMtSSMliqZJ9weGSg7Be+ST9Pp0qzRsBn5Z4lNA8ZZqDP1ZcBy9uGbwPOkZIRSZjF2/iA9TnyJ+vTwZVJpwpiF65UVzpzenuwQUiVLPmTt2AB7keuD93bpDKvAEUwSwrpOsktT9KYc1qHlIS6Y8hnwOcjt2OfEYyD+09NSS6V9JP2DD1tDG0uYJywsKqqZE8WQO/cJjDZwM/cO5Hp/h00zkgMhqRiT01DmNtSknICmf24Aa9SMIzMoP3l/EEHJ7YGOu68ijOleQwQs6t6GqOeqlR+n6HDexF9qxMFUKAMKPr9D+pGB6jt36KKQGrVwxNK3pRqA+WG713g/mqp7jDMBkMDg+Pc/sz/h0QkSQ6WJGeEkWSEakrpphKePCCSNMdsNnPZz9WHYjP69GhUnSTXBEARiVBxGdcICZgIyyyF/HBGO3qe317d/16JkbNRp0+3BIXNJagHwxfa9XxUkqI2PrGPTA7A5Yt1RSS+oVzGJUUYHEaW8Bww7Svh0zjDnxXv6HxLE4HbIA6HWvEYdACMKgZmg9uPfiL5EuoZvMgMfoPUemDgHv0StUVHA4FkUsdag5/pzwokeAF+gJHbuPqcdySR36EnPCig+HIYkFWJf42En7DjJ+v8Q/Q9+hqxGWRxMHQQ0kbUPCnHANXRmL+33CnwBJAORn6HHp/p1wZuFcMukRYuBlTLBVQgM2VDen6EDt2GBjGOlqa4FXYAkHOv3eGF44z4qSw+v8AxYx3P0OST3/16Q0PHEiLp6Q2ujU/Tlg8cQI8nUEMDj9fIfux+nRMw4CuAGiUFjnlhYKHGFwB2B+n0xjtjHTZy444ukmcYoMGEDMe2MAfop/bnLHPQNKqZHCGJpMxlTBzH7a4wfJj6jGT3H7x0StqoctOFbVEPSaNTjgyr5EKO+c/tPf19emtZGZ4YUccuODtAUAwpA8s+mO+D9ek6gbIccLpKrpy01r78LQxFlJJIw2Bj9MA47A9d1VXJhXDqtqSjZ4U9oqrIfsBK+Dj1x+7vnoDIxaqc8IBo/hXkfLAyx+UqqAPIr2/T/iP7j0MZoK4RvUwHM4OIh5+32z45/YPTt2+oz04ZKrUjCkIBppn44P7DRfcwypPjjuQD+4rnrlkDZUwlHj4/CeWFEqejMO/r+057juG/T07dIZuVMscIQONdR51wBgCgIQGkck+XfAP+A/Z0IketRkowjKpycVbCq1Q3Z8N274+h+mf2dL1uVKjCqDwJOnCywKw9sD+E/8AFkEfTH07/wDn02zGoIyywRofSOAwsIASMg4H6Huew7dyAOkqcGp1NVuOBETucM5/TxIUA/vwB0uqnAAHC6nPxcPdgVidXxGPHC5c9u4B/wAfXri3pqx54BXfXlnlhy0aHx+pUd/2Nk/t+nQgnDjrE9DGfb7cGESsftH3YyxBIJx9SO+T/h11TwPDAkaj58zhzHB/EkYGGyvlj0/bkjOSf3dB1ATU4fRczFDmh8+GPNEqjxYZbOT+z17evr0fLHOmldD/ABVwpHGCD2GO4/0/z+vTbkg5YKFVAJpngBVI8iigf7f/ADGAemyfHANAuokAUwLQSYJ+3xH6Fe/f/wAfXozIDkOOFKNQ1oR7sDHArMoYlRn/AIvqcHt9B6dJqbAKkZYa8hhUxIjOe7rnx7Z+18A/T9B0mbe3BkRqSfiThTB1gzhZMEgYGUy36j0xnpRIAKU+/DuldCrpBIFOOFxXOfuVQv1x9O309Oh6h5E4DXFyGeEI67PIyr2x5fXt2JH1Gfr0pf8Ae4YZrQ0HDDyCsACJFUt3Of0B7D6DsCOm3YE+nhhCoc8KnCgreEjOCMeJZVAAwcHHfv8ATv0QchcvHDih4RVcsq4JHTPiwbxBIAGTk9vqzenfrjIcCiMo9WeDNTTA+1gf1X+E9vpnv69CHYZjC8B6gD+njgRCVAVCQRknIHcYHb6ZzjpC5JqcFrPTIAAGf6sLfaWj8lXCgAMV9e//AKnoSDnngUdKx6hlTP8AT9OeA/HUq3koOBnuc5yc4BB7dKSScuGDEQcGQtVhwz44BYfb+zxQOR5eXr9v6Y+gzj/LrqtxrgCRGOk4Bk41wf2M9zIV+g8QMY/xHrnpQxwaxaR62pXxwrHAR/AxfxHphR279j6ZP+nSE1zOFMJ+KL1nwwEtbycBh3YeJHbuF7kfp1yvQZcMdJbnUAD+n6fbhT8XzUAD7F9V7Y/0y3bPSawvxccKYjJ6hkB+lcGaI4ChEKrjHcjGMY+h64NXNTg3DUCIoK/twdYCSSUQkL5YOex9M/TPQF1BoTnjtDMdT0DU88OGrHwViO2cjyP3ev6DIxnoRMKkZ4kMvoDtz44L7RzkjJxj1Hp2/YP06JXDGlMANPLA/imU5K+WBjBIOMHP7T6nrnkCmh44Rolc5jCPsBT/AADI+v25/wBO316MNqFRwOGemin0jCphARhgBcegJ/0+o6Uk4eKKIygA0niMeFdQoIXOf0J+mf1PQO+kVNThFSMLmBg4gGAQuP8ADP7D3z031CeGWEIUH00pgDGCfFAAw+05H19f249enFPpqcFkRSKhk5jwwDRkPgDA9fp9B/icdNqSUJNeOAPHLB1VGJYKCAPE+vqPr3/Ug9ANSnjnhRIr+pOHDHmh8uyjGO5wCe3f6gj9Oi1k8DhKV9I48cFaNfHuFwPUFf07Z75x12pvHHagylctBwcxKFBwB+pHYd+3oP06foMG2lF1EZDCBjJHoe5wB/v9f8/2dISAMBp/FywQxhfUeh7juP8AL9QeuU6sxhNAHqPDAfjhvuCDDd/X/wBf2dGCRwwmhZPWvwnwx5Vx2XuD6t9QB9fp2PTbGgrhRlwwmwPtM36N4g9gM4P7/r0XHAyyFYyTgiLlUC+rAk+gycnP7Pp1xy44aQdSMGPjgrVcllIySR5+g8jgf4+mPXpQ32YAxSM+lfiXI+Z/Q4L4L4+KnEkeC7DPf6ehPr+/rhxqeGEIUDSAA65k+OFWRJEUFPIBhnPpnBBPZhnI/wAM9JwzGHwAyA0rw/VhBoyWI7qo7eP0OO+fqf2evRA/bhl9Q4ADBkrJ5M6xlSxDFgewPp2z5YyB1xJOVcsJEgaQ+kBtQwURKFKKAB/xDBHnnvhjknH7ukJbjg6xt+XzHl+s88EEIXsqqMkDA+v7/L16XUeeGi7rIVBy4fqwDQFVIIGSAyHOcH0yM59Mf6dJqFcuGHTE0dCw8/dg/tFzGWIbsPoMgn/lz9P39KTnljijNx4HCclcCTtgL2yuB2yO2cjPqOlr6fPDDkK2kYF4C4RYVB+3P3H9Ce+f19P19euVh+KtMOFakBf3eXtwk1OYfd7UZdR4+WWyFPfAIIGB+7oi6jIE0xwtSTqAP3Y9+LKUJ/lq2cklu4/f3Pf/AMuk1p54IwuvM0wi1HHk3bK985IzgjGewH16PqtSlTTDYT8xqj4cEFZmzjx7DOfIY9e2f8eu104k4IqrZCuEXrsrAHBZsYC/XvgnPcYz12o8q0w2YzUU+HCL1QS+Yye4yQCQMYzg56cErAZcMKUUnl9v+WPSVyXX7AvlnJPpgD6d/wBehDtTInHPHIWzFMJCCMLjwXyzn/DGPQn1z0qyOTQk4byGRHqGEpKqt3wVwuPtAx9f8z08rkeeF01zphAVcHyOPFQT2XJ+vc9sYz0jSilM64ELoarfDgr1ZSpI8CQP4Rkfs9SoHb9/RfMIcsDTzw3KMQsToDhiAc/UZGRg46JWUmq4XUKdP8WDiq/0IHkfEjJJBx3Cn0PY9IWHtwSRPry4nLCUlORXZQDgHHZu3oD267rRjjSuBePpsY/DCpqoOwH6fcDgjJP1/wDToNbDPB0Bypg61R2wxI9cev6j1wD0hmqKYXSeGdPdh9XrCMlhhcgn19c/v7Z+mOmGfVkOAxLiiCes5VywbtGy+RBKkAHAGckn9PrnrgK54RwUlVTxGHPiZMS9vsycgAE+gb07f7+gqK6RwxL0GQdU/hzwvJGPFSf+b/8ACwTgfsx0FcHpBSp8f2YQaNXJDITj0wf19MEn16NeGGmAORGWGyw/c2QRkj1x5enfJ7D0HSmlPLAJ8Z9uEpYFjGQFQn+HI+4EnOR6Z7dEshIpxOEcKnrUZNkPLDEqcn9fr+h+v7ujUknPEViVzXicInGfr3Pfuf8Alz0eGcycMZJXL4U+OBgtn1+uTn0OOpCICoNKnBNIFXSuT4ZtI3qqhV9CQO2Pr64z3HTuR4n1YEXLDiAFwjJ4lSXBI+i/t/X6dOx+pqjJQMKJdRLfhpiMZVkJHcdwO+M+uAcD0yBjp/DRBlan4B+vBWgbJ8sAZ7DOT+mR+h/f12oHKoxzxlasx9GG7rKFwykp9W9AO4PY47k59OuAqaczhiRZglCKxjn4eeGzq8g/h8nH8I/T6eX2n9vRgFDU8MRwjP6aVbl5eeGrJa7ghfIfacDJ8fXB+me/+XS/l8cKfmQpUjMZfp9uPJEVA+0A9s/p29M5z9OuZ5G4V04CP0cBQ88MfwGwRJXVHIPbL4b64Pf0H7+nzccgTTywwbRqlpYwH8uHvzwV6k5VgYlHiowqdvTsG7EZOD0IlQn1En24UxsB6VH6e/CCQWO6iJyCe/j6+gznOQOj1RDPARpcAEAGnlhetqUkfM8J8S3mAxIwSMZPiR3IHQyXTAegkYdt7FS2u4UdOtR7cPBX/wCKKuuQMEgemDj1yD0wzsagklcSY1KqWVBXHpo3ynmmAv3A9wQcY7d8nOegBy88OSg6hVQABx8/+GG71xKSzdsKMOM5Hf0/+u6JZGXgcsA0aS/mSfF44biuVLlm9yNv1PZuw7sFx3H0x26My5Ark2G1iNSJDqiJ+3DaeqTM/lCG8B5KpJz2Bzg5H+v7OjjcBCAczgZIC0xaSNW0jLCADiLLFyD9vg2PFcEenocjHfpUI16acsAmvpMxYnlQ8hy/zwl+MJYiq59wEt2/4k7die/6enT2plav4cGE6sPTQ/m8aeIxHTVpijCOEK8f3Z/mAhR2I7DHfH06IEaqscjiM0UrQkKgDjn/AMcaRDGPHz/4sgA5/iPfsPXvg9UzMBlzxZRCo1YdomU79jnP0GO/0z/F/u6BDVjWgyxLRfy9L+JwYQj6sBkenl3Pf9nbpzUPHDekqcz6PDjhVEAwpOF+i5yT/wCZz0lQcIfACg5DCzQMqeficnt69znAx29PX/ToeqhyrU4e6bRgT0zODrB5pgfacemPr/5kj1PTTysrUIwpUSAtXSSPtwdKufEs2fHI8QPX/PA6HrnkBgSlVDMa0FKY8VAZF9MN6kYKA5zn1+n6Z6ISPpJwlR1EIyAB92HJr+WR9xP07A+P1+vQfMSc6YdOt/RzwMcXi/iWJIBOPHH+OR2PrjoHYt9uGgKGnPC3hgkjyyxCnHrgjA/wGehAJyGHVOkVHxHLCwrkDHjj95Oe/fv0JYc+OHBAw4jArCAOwPkPQAnH+RP6ddqc8eGGdKcuP6eWDEMhH25byww7faD2/X1z0opxOOqVo2HKxMU82BPj2J7fvwPr9ek1LWh44dP5g1E5DLAGEOMkfae3ftn1Ge2T656TUVOQOAVNeRPowr+OWVk8SRgED9f+LH1PSayDXLDjRNTIGuDNWPmG8f4VHcdsjI7d/wDlP+fXLICKHhgmjIao4AffhRY3kJGD27gdsenfHrg5HREgZHCKGky4qMe9te+VyQcNnGQf247dMuCWriM6OzMacOPljxiAAzgZx4nue+fp2Iz05rHnh2QEU88LpH4DDAgsCAD3yc/qPr0LHVQDDyfl/HkSMD7B7fb6+nf9f8eg4YaZip4ZYVWJwrRBM+foO33f83+Y67UOPhhxQTEVAybCkUCn6j1IA7g5H7vXI64mhzwsKqKGueF/FA3i3oOwPcfp0hqfhw8XiOT0OFYkUElTgYwSSD3/AExn9D0JrzGCj0VJT4f24J+Oe7985OAME4PrgjB/29HqHDlhkwsxLkeoHIYXjQkgs2f+HHozfp3A6A0HDjh0kD/HDj2ASMKQfUHyz/sHQ1PM44CrKa1ANeGB9s9sofI+jHGFBzk59T13LA6qSksKZZHyx5q7BfcViz4+7Ax9SMZ9M479KGFaUywkaqIw1SW5+XvwqlaRQfT1/hz/ABDI7Z7Y/XpCSc8OqXCMQM/CvHCy1xkMVUFRgEkn6g+n17jrs6UwMaMv5h+LwwEtcSMp7sSMYyBg5PbsAOkDUyGOkL6vSasRU4UWuVUdsFBhRgkkdz65wfXpak+/CdJ2/Mb4xwywJiQPlUdsd/E9/wDDuAPXoasFq3HAvHCHrGrEjlgfxj3YZAP/AAAdx9cHPYDI6TqA5YHokesH0n8PPCqV0wSygZOfQ5xgevr36BpHB9AqMOxxrp9dK4XEQAwFOB+/9/7OiEgp6viw8KAUGASufAAv2JGQS2OwPf07nPQGRieAw1GuRU88LIjJ5KB6j0+h9O/f6Y6QGpq1AP14kI7humONOGCrAGySBkn6gZPYd/p040iDM8MBpWvLVgTX8sxsMKp7Y/2gA9cZEoDXCNFG/wCWxoBjwQFsY8FPr5ZAHYfpn164yKVqpqcLUcDgfx1A7EHByQAcgY9e/p69B1HPL9WBCClRSnlhYQfbkDKgZJzjAyR6Z9O3Qlix9XHCsrH1AZYEQEgsFyo9T5f+v7ekqAac8CFJBYcBhTxjZgqxsD+wf65yR0HrGdaYcHqb8sZ4UEPj3w2QO2Tn/YOhZmYeo1wbq4zcYSCuuF8fvYDAbBBUnGfX9h6IaSATywyJJENEGZwsK7A91Ckf8vp6f8I7DHRa1xzIVNDg/gjhyqgjHrnt2IB/f+zGemRkwrhR61JTMYTEXic4B/xP+vcdG5DCgzOEApmcHyfJV7d/2Htj6Dv0Ok0qcsFmTRc8eaP+IEYJ+n6fs9fr04rAClcCysp9QocLmL7P39h37Y+uPQA9MgkGuHNTHIk0wK1/+X+L6g59P1+o9elZ6jPChdXwg19uB/HfOSOw7EjH+WfXPfoNS+OO6bnlgvtfewCt3xj/ANST26IsKA8qYEK2oimeAaMAdz647H7v3gscEHv0nDMY4YIEUZIGO3fHft+7t0pZjxx1AOH68KBEYfcQD6gsMHA7+vft267BqIyPWQDhCaurH7O4GMsO2Pp/xDGM/s6ONqN6uGG3Ra+ggjBPxwWZVGc9gR9cfTP7P9enNdBWmBCDWac/2YSatggY757/AOR/aPr0vUL5cfdhCpHHBvx8fauSG7kfTPp3z+wdIruoqcvdg6lRpQ5HPBTF4/sH0+v7/r12snPDZFMsFauVUt4ntj9PQkDv93p36RZBXLjhWV1FQMxgPZVk8sgtkAggjB/z7HA6dWQl6McqYcWjIWJyw2aDv37f4gf4nOfXHTupfHEZoUJrgvgB9T/p/u66o8RhQukUHDCjwdwMZUEY+uSMgYOek1imCdFLDTkF4focAY08SvjhsemD6ft/Yeu1A88GSvTIYVNMG9r+WuW8mx3B9fU/s9e/QIQK1ywIWkVSayDCSweWC38R7svj3H+RPft36cqPHLDMUWp9b/Ec8AUwCfu/x9Ou1DxGF6jDNgQMAihiRnGBn0J+o/TpNS+OCRo3JAI4YMKxJBAGPTJJ7n9xOcY6EvT4cFpA4cMKGIqAvifH/iUZwfU5Hbv6DoeocdTBFgXwYeOMgED6juPXOMfu67qNqFaUwKRxBMlzx7wCnB7DAwSAe/8Ayj9OiZ8vTmcEGVM254OYMxlgwHfAA7HJA7/p0IlbgaVw4fUh4Ybe0RkFs+PYnBP7vQHpwSDTqNMMJqB6aOKjlThgqVgoKkEZGDggf5epPp6/XrmkyqOOG4oFUerjT9P8zgGrhceIOcgdyDgH69CJSTRqDBmMAgr44SaEk+TZwvbOcdh6Ywc5/TohIvCuAMVZNT1CYKYM5YElf1Pc/wC3J6KvhwwRtw51KaqcJSQKVOO5x2IP3juPTsAcAenShiDXDRQKK0GGT1fuVT/xZLt27DH1AJz3/wA+nOpXyphFVSKVAHPLCf4hYsoBKLjxb6HtnsD3H7ukLZ1OAIYP6PUoGFI6oIXJOf8Ai+0HByexbOBgdLrIGVKYdADePnjzQZYjxz5r6Kf8cEnHfoASMJGQxGk1dsj5fpTnhs9QenfIPofp+zsCOnQ/hgWiYSUGRwU05FXKj1/d9P8ADPp13U9mOMZAq4OA/EcKGOe4z6dv88YHSdTPBiJdIY0ocDJVRXx7bL+jFh2/bgdsHPXajg1WNuAocF9uNCchn+hGMY+uSe2Ow6TUedAMLpUGhFTgviyuCfKT7e2Pp92fU4+vS5MMsKvUV9XHC3kCRI3iviAChyCcfUYz2OeupTLDxYsanicEExwRGVB+ignJP7O2P9eupUYbLKeGbcsI+5IWJGWYZ8go9Ppk5znv0OkYETMTpAJPtwoZMIBjyJYH7h93fAIGAO3XZ1y8MG0ihQpUlq4K0uWKfdG30P8Awn0Bxk+RyB9euC5VODZ9baVGnDadpPFQJ/Iq2Sc5A/b/AIj/AC6MU1cMRpg5VaMMjiOttl08mB7/AHNnOexGf19eno1ah8CMM3DLqX96mZwymRnKeKkhQB+zGcn9/r06jADPDLitKeGG7xsWOVJwAB9PQg/T16dEqhqjCgyUAAyGG7qGBywH/wBMCO/j9R3wT0Q9J1csBLSQ0rywT20Zj4liQmCTjv6emPTolYKKE88I0a6qx55YIYiBkDuDgkAY9fTA7D/z6UmuSnPCqv4h8QOEXiZ2TORhc4IAOA3r6+v7uiFRXxx0ivKy6hSgwm8RMfYeQwOxz9P8ejBANTwwLK3SGXCtcJLXyqASeDAfdk4HrnA+ue/XGUV4ZeWCRqgAZEDnj34seS7fewOAfIAkevrg9uuMg5ZHBMsXxPm/6c8ImuFw6o7EnuD4k5+uSDkZA6UOOdMNgEepI2JPn+lMC1eJQSAwI+oJP7Poo6RT6hgemoNRyw3eJwM4PjnCnsfuwf17jp3CSJIVrUkYTCENljjI7AjxH/F93YAEfr+7pK4REZSNQNTgkilDjuxGPQEd8frgZ7Hrs6VwUzDNa54SaDGGj7SH9PLKemMn0756Tn5YB4yD1I/jwD15pcZkIRcHuexfuO4P079Eppy44ApNJm5oAce/HmYBmce2n29iPIgdye/p69JXOnPD3TkejtmgywEsAwjK3hHj0Poo7kjHc4b6/wCHSA+PHBSRpoBBouEFrK6lpHHgo+7AIJHb0/064mntwCQmQdRm9IwSStEwWLLAM2PIf8uDj7Rkg5Hp1wY8QME0QYiE/CcEkpopVYyxC/avkceRH0Udh12onM4NoApCKeGX6VxGy02WRvJWXJ7YKYIwO49SOnVkAUZHEKS2fqNkftGeNCrVGi8MpkFfMDOfu7g5z9P3dVUsyscuOLKBOlmKGhyGFWqg93XBJ9QCB9f29MmVgMqYNkDmrVB+7C0dQKjMn0P6E/QD1Pp02ZWY50wqw+kkE0wY1iSj+PkwB+0A/d+hOTjtn/HpRIw9PI4Bo8wy+o+HPDr8PCoW7qp9Dgg4BABGckZ64ycSOJw60AWMVNacf8sJ+yEKoASC/wBPQDHr9DjpTJrNTyGGKMzUoQCcLGDBII//ABv9Mgeo6HWME0bKaYP7Xiy/Yfv9GI7Z7jvj7vp69JqOZGBYaCAwbP2Uw4Sq4+8KPL1Ckgn6D0OfXouotfLElUkU9UfFyHPAGEMScDzz93bxxnucYwvr9Ou1g4afU2bfETwwqkGCD4nGPoPX9uRnOOhZifhNMHGmk/mA0wv7fk3p3/bjI/TJJH0HQEgZ4eEoLaSDgpreBAwMr3B/xIwRnI7dEH54addOR5+GFhAuMlA3kwPkO5zjv37Yx+np0OongcODQtFIOeHXsRhMePY5x6ZJ79yScAZ+nQaiTWuHWC9IhRngscCeP8GcA/UnJHfAX69EWIPxYbij1KABhVoz4n1VvQZye/r9F/TrtQwbglSBxwqsY9vLD1UDuCQSO+T+nSVqcsHpUp6uOPRwgZwM5+gBK5OPU9yBn6dKTTAKNNfM4EVDktgAN2K+R/X9D2HSavDBCOj1y0Hjg4rCQRgJ3H/0uOx9e+cft6QtSvhgDD11UKKHBxD9+EQ+mG8snHde4/iz11TxOOdEEgCmjEUNf14U/GK9vHA+p8cnP/0vrhf2HpCc688EsSLkDzwK1X8x28Vb/ibscfUgg+XbpdQ54KgUZ5Lg5rfcPbBVR28zk4XB7nGRnOOh1ilTnhiSGKuqM+jCyU89yS2R9zEAD/730yf8B02Zf3cKiRgBlBJ88LfjRr2IGfoDn0/Zjt9Ok6p54cogqTUHwGDJCp7AYx9PEH/XOT0WscThEcMaAnDkxKynwQhvoSxx6/sB+nTKu9RqppwWlXSgqGPjgpiKfyypz4g+S+h9D+7t07rWlRwwJpEREwJNOI4YW9gMB2GP4Qcn/wAv/Gek6nlhz00zGFlqoI2XIBYn6Ej/AB7d+mWmbVxywQC6CPHBjXbJGACPU5yB/kTnrhLQ1JJGOGommDxxEZyoYY7sRkDOO/7MZ6WWQMABUHjg0Y0NBxy9mDCBVBYd++Dj/hPpj6DuP06ASMcjXPzw2UVTqGf+ODLCSF7DuP1P7foM/p9Ok1suVT9uOzOfDC3sAEsVUg+oA9M/p39ehJqKV/Xgy9SchQ4MkSOzDxKj1GcH9mPr0nDgcLGhc0AFac8B7A8wVU4HYnH+70/x79cWcCoOBpV9FBXDn2BjAVc49T/s/X/TprqnxOH/AJfzGEvZBxlfHH1BGPr6gE5z+7p/VQcQRhhlqCaUbypTB/aj8gyggg/XGP8AL6joBqpQ6cEWGpSgII44E10H8zGQT3A9f0wfp12rLSaVrg2iqTKKUwr4kgtGOw/aPL69vpjHSVFaGuE1MBWOgpSp5/p9mB/GDkkBVz6EnuMfr65JPXa9Jp44IwiTNcvbgiwDup8gQSGGMnGfUfQjpHYrnkRhEjByPEHMHwwr7QCnsT28QuGHYHIPbt0isWNRwxzx6SQPcOePBR4MpBBPp2GBjtg9/qB36d1Zg+GAVT0ypBBNOWDxxKpB+5m/cQM/4/49MsxOdRh2MKmZBr7MHdckLjBU5P1/yHXKSRUnLCzvWie/BTGikEr3wCO/07/Tt6npaseGQ864HQEI1Ak+WFREGHl379/p/v6EuQaHjhTE0h1igr44D8YFvLCgj0Az+nf9Mduu6p4VJwbwhjUZHANGPTAz69/8R9e3TmfEYj6aNQj9uC+3gdlHln1BGMdu3b69J66+XnhTpHKjfZgfxy48j4gn9rf7ekLgGhwZiaQBqipGFfBey5AJz29CfX6/+MdLqHuwPSbgaBvDHghQZYjJOPUemM/X69CzKeOeOKyReoUwcFQM4OQfUYwSR+wj93TZzOXDDyyrT1ccAVLfeMg/oBnPrnGP0+vRK4Aoccya/XGczhv7ecg+n0/Xt37+n6dO4jlSBXALHgt2+mPrggkds9/XpCdIrgK4P4DIyB6Yx9R3OB3+g65W1Coxw0nj+n34KV+0gL3II7EAHP8Ar69Lnhf1YIYfJu32gHuQWBx+zGR3PSLKa88NgZ58MeMI7AYAPfOe/wChz2Pbp3q04jLywukcsA0IUj6tjII7/wCB/XpQ2o1/D546lMueESjHPkvfP7v9x6LWoyGEIPPjhUpkhcFj3zj6/oD9T9Pp0wDTPhh5lANBU+wYReIKeynxOAc5GD+nf93TqMDXOp/ZgJAK1UEL5+OC+2vgWLdy2FA/8+2OuZjXLhgBoHxGmAWNcZIY9s9iP2/qB+nQ6j5YX0HgTgvh37en6Duf9cdPHIZYEefDBhH2/hYn65Axj6EYOQw6bLNTl7sKafhzPngoiA9A3+v7vrn9OkDnCUweOEFye6sCMNk5/wARj0GehZmPCmCWlcFEKscDt+rDPbpdTDnhAATlmvlg5rooz2Y+nofT9f8ATpVZq4VgBwrgnsKSPtP6ds/7O/Ra6cfuwnLAGIKO/uD/AOlAX/H+L16XWpGVK4SlOPDABVClSfIsMAjJGcg/X6dvXpSQSKHnhQyioqDXBREe/bPb0wuT+7A9elJpgce9gtgAePYk+ox6/QfU9N6qGp44IVbJQeGeCJG6qT4jy+hbsD/tPbHR+zgcJGXVdRoGwRoxn1DD6Eft9PXA+vXVNMuOFIANAa4T8csfLA7ds9s+g+nr36Xn544CuCeCnIIx/j0OQOeEIBFOWPe2mMdh+hOABn9wAA6XUeRy9uOGQoDlhH8Yt9oKAn65Pb/IZ6d6yDPjgShYaRSpwV6fiMBSzeRyQT9w+v1znoROCeGWHGhTSAAK1z+zBRUBBBj7g/r+mCM989L1qcP14b0R8FGFF14c4AIOMt5fwZ/+lPcgDt0DXBHGmHUgD0CimWdcKLrUGVdSTnGc/twD37j16AzPyJwK26IKMDgH1qxMCO/qfH/h7HAPpk5B/f0i3DMvE4I2wjfVWppzwWSJY1K+AJJ8j2BH6Yz6+g6VWkbOpw4zqqaABhuIAx8WJC+ox6Lk/tz+v69OtNpAHFsNKFb460w3/EVnGApP+IHp+0DozKQKkgjCiMIQK5eWEWpkM33CPxA7k5ycj7ewJx3+vRLLUZVwJRdR1kCnPPDJ0QNh+5HbP6j6eg6dBY4QGEZBh9uG7oM5H0P2gemP1Oe56McMLkeHDAvGjZ8SF9cZXDE/qMD1yOh1CtOeEKBkOkgNTDZI0AJyxY9/XA8e3pnvk9ETU4YQhF1sDWtMEZTkMpYFT6E/ae+euwLSAsDQ/ZhJkaRvMsFJwcZwP09AD3GP16StDgCpll1CoGAaPBLBvLHoMEZ/3ev69GpzwohjU11E4Q9gucsB2z9MDBP1/U9OGTTmK4ARM55VwBrsCMDORnK5I9fqfTPQatXiMG0dOVcIGirksVYfUk+Q/wBM5746MSkCmEW3V8zUe7/PCbVx4nyAI+vY/wCnbHQCQg4aIrlQ/dhMV0UgLGcn1wF9O/r+wnojISMDoK8Bxwo1LxUEgAHvjB7EnOMKO5A64SHjnqxIaGi6qgD9PbhD2I++Men2kD6/r3OR0WtvxHP24BQCK8R44M1MAhfEAYycggEAfQ46QTcxWuHWiIbRUVH2HCX4sbHxCrkHHcH6duwI79GJ3PM/dhsRlnCGgqeOEnrIMgKAB+wr3x9ARj0PS9V/3v1Y5o9JK1rTCX4p8SwRhj1P0x+8E9L1X/ewmk0LBagYSkr4YBVJ/TuCvcd+w/Qjouo1K6s/DAuB8I5+zBfxU9Cr+Tfoe4bOe3pkEfr0pnbnT9PfhyNQBQg4D8SMhhIWDA4GRnIAHZux75J6QztyA/T34VI0AJkoHrlhH8aPyKg+hx/AMZIz+n16LruBwFf088NaELla+/HmoRqCUkZjj7ftAAI9c989+j+ZYjhh5oEALKS32U9+GwpFmUef8Td85wMD1wAf9OkFxQEkUyw1HCWcJSlcNp6xRnRvMAHB8cYz657/ALD1ISZWWoNThHi0sVz0jLLDVq5+0xF/P1Ak7qfpkY/TojIAMxhsRgmqcR4jLCbQvIGXxCjvkJgLjtk4OPQjpCwAqMcq9WqMCtMNo0SMlmJcqW8fHsMj9p+v7OjrXIYZhKB6tUsD+n6csEdUlV/VR59skAkADJ7ZGSR+zoWcIaHww8y9VCCaGtQcMLCRjuGkPiMEkZBx9cgkDo1IYVwy6LShJyxqkVORVU47jK5P0A+uMk46z3UU8TnixjglUajTCv47McMQcenYgZ/XPS1AzGCAdmo/w4dGsY4/EBCDhjgg4+h7+v06EuteNDh14jGtK1JHLBBGmCfA+Qz/AA59D6n1+n06L1HMEEYbSPLWCQThX2PKMjGD2wfTPcfwhj3/AMu/Sk5+WDYgxljkAPfhRabKpI9GXBP17kHtj16EuCaDCpGdJYEFCKeePfjn7QVyO+PHIOCx7Hv6566vnTC6AoANMLJCQyh4/NFBwp+n7CceuT0hZfHHAoHBbMDly+4YGOEBuwI7/wAYPcEDH1GO37uiqMCgZgCvw+fH3YV8QGOFDEg5JBJx+4YHr0nLM45qIQaVNcLewHK/pgD7cg59e4Oe+OhLKuR44errIyoMK/guAGIPt+oHl9+Pqcfrkfp6dAJUrXP7MDLEdPIVzHjgVqMQzBRkZ7Y+39gIxn/16UyLwFaYbVVZhIa+nyyx78VsBSMHyz2zn0IwR2x13VVc6k4QkFdINaNXw92HP47qoDIvhnyJGewP/CR3XPTZkr8OOMjhKADT9uDwVUeTOWxkYUeI74zjOM/ToWkfTXHQsWfNjqJ5YVNYg4dS5OMEDtn6+WABjH6dJq58sNFdJ0sCTyphYVivqO307fcCCR+3tjpA4rRa1w+sZQaq/fg4rghsKftUkevc5+v7OuZ/3jjukZKmpyGCewWwfAg/VR6HGc49T0YkCihxymQoAtK8/bhxFXkUqoGFK5yRjw9ewycA/wCHTJcceYw4iSRjgfbThgklXv8AZ5KxxnGO/wBfTBGM9GtwfxUphJAXFABU8+eDmHwChgS5I/8ArTntgEYbP+HSiUscqUwjkIo1A1wZq+T2TIGQuSfQ/rjsT0Qlyz4+3CsScgKp5nDoV1IPkCP1C4Ax+8r6fu6j9Q86YIoG9NaKfDBIoJGB7KqjsM+nr6dj69uiZwOGZw2kchWgoFH6eOFvxiB5HwP0OP09fUnPQ9Q4dEJA1vT3cf24V9kf8KN447Dx7Y9f29/3dNkqTmTX24IJTNPhPiMGWE9iVOPqf/Bx04XAFK5+zABWb1chhVovcxhckDGO/cenfAJ6EPo48MOkGVshmBjxiYKB4gEE49QMf449OuV6D054B4yD6uOFhEQFwoIwMkhf9uD0JYEmvHCsjKoZfhpnhdIVZWbxAbPYqOw/X1JJ6ZJociTiUpEimuWAFZQf+Luf3Z/Yf2duiMrHiBwwghUCgJwcQKPJCAM/d69z39e4P0/2dJ1WOC6aBdPKuBWAFew7Ek9sYHf9vXdQ+WA6C+Jwp7Rbt4gZ/cP9QQehDEGpw6VDCmA9koewBPp/ETj92TgHow1cyaYa0tGfywSfPHvZYADDZ9Tj6H/Pt26XX54Aqa1HHC6IQhbHde3fGf8ALOOgIGoeBw+hOip4iuC+D4Ut4gHOT2x2/TAz0uoDMVrhujNkQoX78HwMYUoDn1x3x+n07dASW44dyAyx4xsyEZU5bOQPTsPQ+g6QtQ4AgmozoceasAniisWIH3dx375z6H06ISGoJpQYHp5EGueFjB5OrnIK+ncY9PqP29AJCBTLDpSrBqnLBTG3mSFGAPHHfHbHf9cknrgfTnhCfVqAz4YMExklR5/T1wF/X/PogcsjljudaZ4MuAoLBf1ICjPrj/lPSYKteOBVACDj/H6E47gY66nnga49Inl3Hr/sH+Y6KpAoMNyqXpTjjyxtjuGP7cA//ldCfbgkJAo9K4P4gdiO/wC3sf8AIHpcHq8OGDCPyOBkHOATgL6H1OfTt0JOFBqaDjhNkKnBAyM+uceOM9sH1z0oJIpywy8mmQLTP7sGZMAEIDn9f/8ALt1ykkYcLUWtBj3iR6CMfsIbt/kD0vHjhEcsoPjgBG2clST3ILDP/wCV0uscuGO0nic28ceZGIBK4GewwATjv3/Yek1A8KYRlLfETTHvbOCACc5yQMjJ+g7j06QkYERL7ceCsq+Pif8AHsf9v06Wqc644uy+kAUHtwbwU+i5P7PX/Xt0ILDD1VwPt5GBHj94Az+/v9euY1HHAmjCgwSSLPj9pH24OAFGcn9e57dEjhBQ54jyIa5DABAAAUBI9T2/39KWJNQTTDyGigUGPGMqGJTAPbP29icd1/f0C5MCOOGKmh1gDCYj8u33faM9sZxnv/p0bOTlgQpYGnEY8kahsspJGMeP3KR+h9T69IWYClftwKhlbURUj9PDBXiVyzgEZJwPQAdv29uiVyBywbHUakUOBWLse2GHoGPc+vfsBk9v8OgrRhXhhI6lSQTUYRMZJbPfv9CcD9PU/wAXT2tFwlQ4rUke3ngphUjuCcHP0we2AO37/wDPpNdPh4YDprxOftwHt9/+Efs/1PbPbPRhqjljtIHDChgHfxJOBg5I7P8AUfTIAz0HzDMKMAFOHTCAK1OPJBnOc+mcZ7/+fXBlr6eOOjiFTXwwIgz5HHYdj3PY4B7/AOJ65nKtTyw2dVKqMsD7Klc+jAd8dxkk/TGT2x0BkfkBTDqR6gG8cEERJwA3f6Z/T6evRmVaZccNlCPgyHgMC0LHvhjj+Lt/D+vp0BkNM6YTSxFKZ4L7QwCPubtnuSM5/wADg9cHb2Y7QA2oE4OY1YDK+J9CPX/Dvn/TpdTDng3OvywmIwQSUQgfUA5x+85z0nUavHAIoAJ0jHjGBjxUeXbBUY9R+v0P7+lLkjHMQtCAMEMTEH1yf4sY/wDB9elWQryBxzgnNcjgnsDyXzDFv+X0BGc5P16fV20ZUxyqagyZUwmieJGEXP0PqR2+mD+nXMxYUPDBLpXkCfPAGDzJ+zOPqFyM/twMjGf8+gJC5n2YDp6n1DjTCi018M+JBz3/AE+n0xnoDIpPlh1YAVJJzwvDQE32lcr6j9fEdz2zjOfTv03JLo4HLDsUCuKMDXEimqBUkoFYYxgL2/acAnHTDXJBoDliUtsOIUVwo2rQIMJ5MMeXn4+Oe5OCMdv8euE9f0rhTEoHDPDSSiqL5FUB8gpHZvUZzkn0z0fULZ1wPTVVrQccNUSPv28R+gH+4H69EzEZYBeOWCTpE0hKHA+hX19D+v6ft6VZCDTlhJkDMAOGGzAhzkAgKBk9z2/8z04DpWvnhMjLnn6f24ayxeR9MfuXJ9f9vTschphidKsNI5chho0ZUnP8IwCfQ9/1BPrno2OqnjhpVC/FkMIBWAxH3c+hPr/mCOnCopnwwCk1oOOEJo3ALlS3cAp3IJ9e4BB9B3PRI6rkDgJTQa2Wuf34IYHcKyx+GR9wx/xZP6nI7Y6LrAGlccUjlVX0AGmG71sk+RwR/gR+4hT/ALenROtOOG9BQ0UgDwz/AMMFlrebPiMDCjAVftPp6f59NLKwo1csGxldmoOH6fpTCL1lKoqoAy4XAP0wT9w75bPTqS0+KgGCqzZsADTgMImq3tllX7g3iMdxjGclj39ej6yV4jBUyrgoptgH1JJyBksP8P1PSGWPz+zAghTUDPBGoSxsPtGSM4z9c/r+mOuEyEZnLCFFVgKZnCkdOR2wyKBjPcr3/wA+hMsY/Fh6NCTxHvwqaBB7p9PoAR/mpHfptp1rlnhWRgcgGHlngj0wgAKkZx69gQTjt64PSrNXhgW9K1kFMNnqKQcqO4wcEfr+3olmJNKjAj1ZGlMJLSTy747DsXYA/tAJ7EdO6yOOCSEMcqA+4Y89VVwOzYA9GB7ZPqQcZz0gYnPDjRBFo1DU+OX3YaPXbv4qck/aB/DgDuCO2D0VQeNScRytMogPZgjxNle/8LZGfr2OQRg/r+vS6hjihNMuGEGgb7ioVvL1Bz2Hr28QGPXBgThsxnOnPB1hPiAMsPQgoT39MZAz1x8a4cVCFAFSBhL2ZR5IEGD6div0A+4EH6DrtS+dcJSQAoAKHxr/AI4TjpqjMCvl6kEdmx2AOfTv+7rtZPjXHJDQ04jkThT8IkY9oK3r3yMr6DHp3P69dqHmRhwQtzAB+zAfgrkFlTt3AZc/syfr0mrww5HCp+LBjRiYfcgb6YX7Se/+Yxj6ddqNcc0UVdNPs44Qlh8SVEagEY9CB2x/u67Vl54QoQ+lRTDT2hhz4YZcHv8AQkgdiTjsD0uoginPAhdSsTkwFfvwzmgJyvYoe5LfxBs/Tt3BH7Pr08j5VJzwwVNNOWk5knj7vdiOeAK/jk9j4nOMegC4wuRlj36eDBlzw2saF9EedPHh92eGJrSOfuY+bMQFwFBH65Aye/UhpF05Z4YWFmkrUhzyplhq1UpIocr4eZLeOMDI9e3RrKdNeZGGvlmjkAegUnPDaSIKzDGV+7x+mVA7HtgHLddqIFeJwJjUSlDmnEHyxFy5IIXHf1GMY/cfX1HUlfhwyc1ouOhv6YqKUB8hnAbAwvfucE9u/WH+aBFOBxqFhjjFGOf6eeFZdOqle+VZcgAY7/r92D6HpUu2XjhyS0jDBlJoRhv/AElvMBDhSO5J+pJH6n6dOG7DDU3HEY29HAX4DxwqmmBxlh2cIR3JHbPpnvjpfnABQDBLb0YrlpGHZ0qFjJ4v4Jk9z/oP0yT+vTYvZKaWApg2tlduoRQDHk0fvMhMjBM9jgHJAI8cd/T/AMukF4F4U1Y4WYZqsaJg8OjUyTKs2WGfFCvj9AM/+Md+ia/yB4Y6O0/MYBq+Ax4aZwAHkIYeoAOAckjHf9D0JvBXh9+O+XelHJDeH6HBjorYGfDOPoo7n9nqejF8tf8AhhkwTngM/b/lgF08qANJF7f3EBm9TjP2k5+3ovnQchg1tpgup6DPCwoZKtkAJ9hwQPL1Of8AEH/ToDPXI5n24Mx66UYZZH9eFzWkkOVhycYB+p+oPr6dB1dJ/wA8KUMvwqPbnjyV2A7J4/oq5ycn07nH167qFjx+44a6RC0UEe/DkVB4Y8WJY984IHbPbGMHoGlNfLD3SGkca4N+CSoHiQpbDf6fqTn164TU9uB6JY6TXRhePTyEEwJnHpk4Pcdx4/UdIboDInBixCoSopQ4I9G3H4gwv+hCAEH+LA75Pp0qzxupBzJ54QpKjUUADw/TPCRreJBcENn7kdSuPX6/XrteVBwwDImsM2bE54FYh93jgFsrgZ9Dj9cduiDilDxw0x0sQmQwP47L3CKPr9S2D6ZBOOkaRWOdcORowAKj34VkR8hMBfLPYYIwMejZ9O3QAoMwc/Zg5GkJ0UoMGMGI/ocnBP8ArjIH7P16USjgeGEMS6RTjghiJABxgdh6j/XGelEqrwNMAyVyOY9v+WF1rkqD+z/Z2/UfQdL1R4VwYgBFakYF4MDyUfaD+8Af4/u64NVac6YGaPSNS5YUESsmAAMEfb+mR3Ofu7k9NgtqzOFKExgLkK1wZYVz3A+pGO/+0AdczOOBOFhjoxDZmlR9+FFUBAzA9/09MD1x3B7dcanM4dVqrU8ceSD1DHxB9VH7fTtn9np0uteND7cNxr+Fsq8vHB1hxJ4qMAg9+/ft6Z+nSM1Rzwmgh/SaDCvseQUFc9vLJx3wSMD9g6EORzph1oq0LcaYOIwxMYUAnsQCfXA/Q579FqpnnXCgLp0EZYUWHI7AD/Adv88jOOm6nCrGoyUY97OCBnB9Q2Fxj0wO46UVOY44a0HV8RAwZYc92w30z9uAPX6E9+/SGvPDirTiScHauVwQPXuo+h/YB/j11ThXRtPpyrgRA3o+FYjAU/U/4BSB2/XpQ1D5Y4oTUPx8MLwQYLeSqw8ewBI75AznJz69C7rxrXPDkeXpI9OCGBWP8ODj9npn19R365XJGWGilD6ceFdgPHyYA/T7f3j16LW2E0tSmVMLLD54XsPoBgn/AGdATpFcGFGDGr4jOM98fwt/59ukWXUaCuFK044IYsDGPr9Rjoia8cdSmFBXkYZHlg9xgDH+B6XC6GODxRfzFBxnJ8hnsBg/XpMKoqwB4YIYv5npnK5/xz3P+nS/h9+A54EwFsKF7k+vrjH1znAH69CX04XTXA/ispx4kkY7+Xr+h9f067rA5jCdOmWePCAnGAPFe/r2wf0wf29FU88CEJOofCMHEIz2/wDH+ZPQuzAZHB0GDmBvbZwfQ9+4zjt37fv6b1/vZnHFARUccAtV2UOULBu/YdyM4/5vr13WplhBHJTIZYOIXP8AwN/p/j+nXaxWtMd0/bgjVyD9ykdyQp/Uj6nPpjpWkr8PHHGMH4sCKxcEgEAHH0xnH0yD9D1yyaRQ44pXIcMG9kKQjKc/X+HP7MD9MdF1fbjggAoMFMRHqP4PtbB9W/U9N6m8cFgvteQzjI/TOB9R+/rtbcjjqDCscA8lHivc9xk/+QOeuLseeOAAwLwMWYIg7Y9Ccd/3nPQcczgWjqa54L+MV7kHt/8ATE/6dOmQkUxxjr4480BAz3wTj6Y/wJz0Go+OOCBTXPAiFmGSM47dzj9v06IMPxZnCla4A1CyucAEEd89zn9x+mf067qMD6chhNB0nxwm0OTg5w3quQQfT/LHRGRqZChw2yk/EMe/GA/hBXPY4wcj1wf2duhWRq554RVofThMxe2T3IB7+o9fQemfTHT6nWKsMEKrgBHkEsFGT3JznH6tlexPTTMyvRTlhsqCauKL44L7fj6DH+vb957/AOXTzUAqcdoAFEFDgPYOGGAFb0AwcH9n6npvqLxwCxBBQ10/twmYRnuAcehA+nft/EO+ejRgwywpi1ZjIY97IH3HAB/+lx6fubv0DOKkUNcIY4UzkbPChQnJC4LfXOcH1zgfqB0RoBnyw7/H+FqUwQxOqnv2/TxP1I/U9cjAnLjhRgVibxwOxY5PpnA7Ed/QYHXO4B9WZphsqPhXicAtciXw+p/X9uO+RnHbpDIAK50wkdVYxnlTHvZIcYz+4jt6D9vbolzHvwTEhwB4nBxG3lgqO/1A7E/rkken7ehlyXLxwYXiVyamE/bWM/eoYnJzk59f8gM9Kh1CoywykfHVxrhJlyxIx/r/AOffpzPCGJq5HLChicAr5dvPHfGMft/y6Z6i8cd0nAoKgYKa7YwPFv2Akf4/TruqvngGjIGdfflgBARjOAR6YJOB/hkevRBwwyrTCqjEcf24TeHLZJwf+Y57j6D16MSheGFZWOTfp92G5QL9PEjBxjv+36Y6MMeZywJjZRqJFBhQDC+YGPI4z+pwTj9e3SFg2WHAQIiR8Xj78LRsO6t6fr2HbAGOgYZ5DDyH0CuH1d4EWQ/VT9p+vfsVB9PXqNJqLerD0TihoMwfsw7/AKgi4Hdh9W7D92PT/QdN9Ik51w+txpybPDWfYeTYXt2znPr9DgDsAM/s6dSGnEYbaYM1aYYNI8p7EkZzjy7ep9f1PfpzTpwBbVw4YQaF8HxAHpgA/wCHr0Vc88MyKxHoNDhFkZMlhhAPuIx2H64Pf69KCCcETQajwGEHzgv9y+RA8ew+nc9/Lt08hDeg8sMyMRR1rnlgqKCD2c9//pj/APigDrnJU0XIYOFmZTXxwiYPcdh2x9fLOfoe/bPRByqg/iwPTMzkHkcNjCp7qFX07ZPb/MfXozLQZmow0oWRtSAAYM0eckDuAAzLnJGR657Yz/r0OpSaUwbBdJRfiAzOF/axgHBwoxg+mM5z39emyxBoMsOiMFRrFTTCZhUkn/yH/n0mtvHBBEHLDcVACSjeXl/xeQJOfXt3Hr091QRTl7MRxE4NRkT5j/DCRgUHvny7Z9O4xnBHYdKrg+nAPEy+skYH2o+3jgjPfPYZ+v0+vboTUAnDg0MVAGXPCbQgk/5faQAB+z7SR0SsxUZnDTgK5AyGA9tCSzIGZQe+fQEdu+cdj0VTTEqONGWrCpBOCSxH7VEYP3Atk5+3DZHqMZPbpVyz4YCaLIdNa55+zBY0P3eK+A8uwAz9BnuWB7Ht0jZ51qcLCHIOn0UPhx88Ekgdzg5K/vAA7fp/69cJQuWVcBLA8ho5qMGFJcYYA+ufoQPUEHyIPQdcg1zrg44EHxCrYQ/DQkqUU4bsDn9CRnvnGOnjOxNAaZYbSBmrXxwU0Ix5ZyAVPY/8J7jyxnORjrurJTjg0gOorWopw88NEqAjIYgZIOMEkg+JA7ZJ+3pWkz8TiPFE+o551w1mrCPDDBXJ9M+v+P7+nBKTzzwsyFD5fp+rCYjLABFz/wA37v8A6OOlLkCpOOjWRhSMVNM8KJDhHDJ4t5ZGcgePiv0z6Zz0mtycj6cSIoyEIcUNcC0MSROSAjeue+fp2GcHoSWL+VMOPHGIGenqHPDN67JliB4x9wAc9zjuB9fTolcM2kkmuGGhcLqPBfPDd5yx+9u4AUfbnt64yB0+EQcBhsuXb8xjUDCDyDuVJOASexHp9O/RAAYIEAek+P7MNnnzkHOAO3qCMnBP06ILXOuGC7nmcN5LTsfJ/uX6ntnt+0DHr0ukUoMEJWLAuSRhBpcglAMnOR9Mft9O+elApxwbOHyjB1Hj7MM3nKhmdR+/9CfTGD+zpxEDYZJKCjD0+Phhoyl4yxLOikEAHvlckZI/f06NINBxw2F6sRkqTGuG0y+bqF7DJIwPQkHLd+/RVKip4YCUlnGGrQMHAyDk4P6gfU+mel6gcaRwHlgCmkjURQnz/bhCSuZC3p2JRTnt4evY+vcnolcqtAMq4bMCyaqfGDQezBBrU+wNhPtJJOcD179/1A/THSm5YMaHn7R9uF+QKRjxpn/xx0Y1CfKhouyHKSLjxPr2x2J9fr1iBMlKKc8aRrYtQ0/LGYOFTUb2wvi3dh5Y9cBWxnIIAz0PUbwFMOGM9PSeZwC0+xVgR4n7c+IJBwT9B2znohKRyw3oUZGuDrTUDzLeKnv/AOMA/XpDIa44pQV5YVWtOFOSSoGCAD6Z7D0/U9IJM6HBHqUzJphMRyKVwrq3n/ynuB3PqO/ROQRlhsA1phd28f4UDAYz2+vrg5ZT6dNgE8MOENy5YWVI5e4ysjev6D17epPoOn1yFMcFRuJNcGgUeJII9WyM+gznvn1z1HOEHDDrydQgXH8WWBwcr93+Xp12FNRj01eE4zGydvuC9yTk98YI6VHIqMjnhZAmRUaRTDU1vHv4+Kn0LZH+mOnOocMlKZngcDE/gyk+gOQP07Y+mf8Az6JqFaDM4UZGuFi4klBRSFHgQW7Zbt37nprSVGeWC4tliUGewZVJPcZznH+AxjoMSEZV9LHPDhURAHdcZH/Dkj1/9Oh1rhwqFOo88HZzg/Q+nofX/LHR4XW5yPD2f54W8lwftVx9VcZU/vHY46BgWGRphQaZ6Q3tw3aOs5BerAn29ygwv7x+3PXDqKPSajEdypPrUA+WExr6MpPhH4sf+In1z2wPX06ITSrkRlgRDA59Io/j44ROph/hD5z9e3l+z09MDp3qtgjaIR8Q+/DafXuhAH3/AEwcDufqMEHrhIeeGWgI9I4YEUSsZ9yJlYnyXxwQV7D19QcjpeqeQFMIY9IoeOEPxyCQFYB/4Rk5P+X6n93XdXywHT5czjyRn+ErhfVsn16eMi0NDU4HSeeFlgBJ9tTnHc9yMf5/r01rJ5AYILThgTARgkEMfrg/wg/p1wfLMjClefPAiInHZgf0yOl1L447PnxwutUH72T+HHYHuf8AUg+vXGSgyOeO6QY6m5csH9iP+IRsrEfxMMAr37eh756HqNzxxROQocHWBceh9f8Ah9P9FHfoS5OFCgYUWsMZHl5H6f8A0eu6jYLThzJEwRyQ2Md+47dx9MdADQ1wbK1CSMsFhVhkhe2MDP7cH9c9EzauOAAwVK/mcyfaB29Dkj19RnsD+7rgxAoMIAK1OHJrqT5d/E5IPicYHcnAPQ1PPjg2Arq5HDJYGb+FPrj1/wDInvgdLgKHDmGswdj4t3H+fp+v16QkDjglBJyGFvb8WC9wx7gdu+M5+mPp0lRSvLCnJtB+LBmrIPukIBPrktnP/wB7267W3BakYFhQ5g4U/FVnDAHyHqPofoDnHY4P16QSnhywTRsDq/DhZYSvllT6Ef8AjHXAg8MOJ8JPKmCLB5qwx28h27jvgd8/s6I5YbVS3DBRUUHxAY4+pPr+046HWOZwhCqdOD+z/wDSnt69/wD167UvjhRmdI4jCkcIJPkpHbsfXB9RkHoS4p6eOFKv+EVwDV/M5bv9B29B+g9MdKr/AL3HA6TWjCjHAiHAUAfXsBjOP1xntg9LqXB6GAzGWAMXj37Z/cAf9vXBgcAWC8cCITIMN2VcMO+MkEdvr+v16XUMLQMK4UWIuPvyCpIH1yB3z9egZ6HLCVYnTTMYAxdzjJA+vbrhIvM54Kh58cD7GPsC5UnBw37z9T+vRal8cEUZAR+HAx1/GLEgIPnk98fTA+n16XUviMJEishUGhrhRYAPuUEk9s5z2z+8fr02zZ0HCmCKSR5x1JwokfbAXv3yPtbvk/UnoNROdThsxrXNlBwRIB4lEY+JP1AI/wBcfu6ISgnOmCjSoo2RwUwAZAOScdgmOwIJPr37dGWyypjpE6YrgrV0kYkljjA7HAHYdvTH16HWw8MM+pjQccGFZQAADj/6of8Ap0nUbyw5pl/dwm1dndCVOBknOO3YAYy3bHRlwBlxwpR+NMGNfJAGR9TkfTv9SQO56FXNfVwwJVjxGQzwoYCoAByMD0HYfs7Ho9a4U0UCvMYTMJJ/hJ/b6f8An12pfHCahhNazocnBPl2XPcjGP8Az6XUvHDQRA2QFcNHilTH8tirEA+me+MfXHr0oKtwPLDUuoMCOGDLXYDJ+hwQCPtJ9FOfr3/16So4c8OUolRgDXU4Pc/sP6g/6+nXVGBDmmWD/i5AU+QA75PcDP6fX69LWmeFDEmmQwi1UqxI+8fTB7jv3x9el1VFMwcNslW1k1I4YD2GH/DnP3fxdx6jByf0HXVw4mlRU/Eczj345z5eHdu5wx7HOMEZ/wDpeuJrgWRNWsfEceauhUjIbP8Aw/cM/wCfp0ut+ZOOKAihBp7cGWHyXDEdj9q4yfT9R9T36ENTgcKdKqAPHBfZCkjGf1+nf/Tri1cycDxwBgJHZfX9P/GD11Rh1SAM8LmsvifHuf0AX1/YcdJqHiMDVmyphAQ5BOCQDjvkdwe47Y7/AOnS+WBXS3HhgGreIHkPEEggMM5/TBz+zrhIeCnAiMx/6ScCajk5D4H07D/xjow9RXM+/HHqg5MAPZ/ngjwsMjurDt92Dg/u/wAOgBBz5YeY5FQaNhFopD6vlBggAKP0H17989FVfDDQSRvxg+7BPaTOfE9x6n19T6enShyMq5YTTGM4+Nc/PCRiDJggrlP3kEEnB/f/AI9+i6jDhngmjE0YDZYTMAAOC/8AmMfp64I6VZPUK0pjihYUIywmYgcAn69vMgj/AAAAOentangcDoWLPBTCQewz9CB2XJ/Xvkn9nSdRPHBYK0Lj7gpLDGFUqP8AI5GAOmzJ6qZacDpZasgqThMISCzeQK57Efu/TP6n9enAy10qeOOoT63FCMeKMQCO2O/cd+3b0PcevRFgvHB0NK8sE8nU9iM9/pjI/wBR/wDQ6H0tmDljgTWgwdnkHYjBH8QGM5+hHfAGP29ECvAHHEEfFxwXyOSAM/uwf0P1IB6ClOOODluGCFWIJXAYH0J7/wCI9P8ALpfT4GmEYsx0jI/swkIHJDlCFJwckBc+uexznpCyqKVzxyrTgCBXBnjwew/Tv6AdwPqcdKhGDYGgPLBGhHiSGwMZKn/i9B6geo64Gh88NmIfgyXwwgYBnAAJHcjP0x+3t9ejLn8WEManj+vHnTCkEYPqPT07djg4I7dKhBavLHFVRCBzwiFIPf8Ab3/wXv8A6dE7qRSueOT0tn4DCRkJYr4kouPH9G9fTOfT/DpEoF4+o4Ayhz0/wCvvwXCMx8lKlVLftwe2PUfU9K2peJywqtCSailMJoQ2VI8QPT/mPf17H0x0Le2uDjdWBoKZ4L7TBicZUnIz6EYHr3APfpddFAHHHdPUxZs1PLBmjDBQScd+/wC/H7MD/LohIaeeFkGph7eOBSOPuVcnAI/8iB2xjoWYsKHCogGYOPeCL2ViP+Lv/r+n6Z6EmuFVQK05nBiSQAApAGB9D2/b29OhqK0wZJp40wm4YePZFP2nCfwrg4z0dRUnlhujUWmRywm2CwHfLZwc59fp/h69Jy8sHUDLnhA5QSIB95LHOMfQAD9D0+pXSCTlhiunUig6+OEDEML5keZbywCQ2QBg4Pboqg5jhhempUGU+s+fPDFpGb7XKt5YDYHdwB9Af2jPfpyn4uX6ccN/M56XAK+WGoBRj4nOft8cegznv379+jybjhlJyshIICnlhysjYAwOy/UDsB69AQnEHLEuKQsPXx5ezxw3edAc+QBJySAe3+nRacsxXB9VOTCuI2Q+RJRTHGcAqc+nbt29enkBBzxBehfUo0x1zGEzCZWKoGC4y2cjtjAJI/aR/n04ZFXngwof4QT78ImnKF8RkkdlH65JIz6ep6TrAZ4MI6gqAeGE2oTlQgIUEeTAnAXBOFb/AC+nSCdQdRrgWt53URMaKRnwywk9CRVyFZh9M4wf9R9R06JVwphNKgZ4bNTcYyoDHt2b7sZyBn9O/SawfA4D5duJGeDPQDRAlZnZWBIOBj9VUZ7gY9fqek6gDUyGWH3gVkFRUgjDaaoI8EJlfoW757fr3x0qyOeeXvwMsdB6clwzNVn+7tkHIXOGY/UZ/Q9HUA0w30NQzb1eGEjA7MV8CST2znBwM/X0PRCTR6hjujKMgK1y5YSeAxkphFb+JlBwR+04+vp+vRdY8ePuwOl0YovHiaYTSNPbc+agt2KgHPqCSM49D+0dcZWrnhQyiMtqHUPKmOkUiZVAyxde+V74JGCe/wC39nWIBANTwxeorhQvE4P7c2AQpP08sEE9vTsP2dGJVPDBlJONP1H/ABx7wb0kQg+v3A/r29Rj167WPPHFc/UBXB1iVs/Z6H9P0/5R+3odRrUcMCQCCCOGHP4sHgW/nRn9PIEA9h37/wCfQ65K0NMcI42XVSmExX9GEhIHcZ/iPb65GPr0XV0/FwwOhVIbPI4Tkql2bMSFSuM5Oc4OD2GMdEswIqK0w0QXJZR7sI/0+MKGIcOF+jHHYkdsg/T93R9U860wJj9AKVL+VMe/p8oL+2yqrAZBLDOMHH8PfOOh6g8MK0LgVFMOPw5iyugJXx8SvfIOD3wO2O37+k6ijjhNLMNQBA4f54klgcMrFD5YyFIJHqQM4H1HQatVQpyxJA4NxIGHDRe4v82u4H6xqPu9O47j93fps6FPxZ45qSGsitQ+GDLDSbI8CuMABgvkcjIxgDP+Y6TqyDmMcqwtw44P+FUKn+Wue+GBAb9mQW6QTPzOCMSKMxhEa9Pu8C5OfIEkEDtjxBBz3Pp0fzGWGREoBHnlgwrTKB4uc/RW9SP2EAnpDKpNc8KFdfhOFFrzE9grKcZJIAx6jt6+o6LrhsgDXDyjUwA54V9mJ/Ly+yT+H/i8T9w7DtnP/l0hkZcz+vA1zpTBWhiA8SHDD/i+gye48SSD26HrEn/PAsQBUiuEZKgA8kckH1I7Y/TOPt9B9M9PpKp9PPDTIGGta58sJrDOpycBR9A5Of35A+vRdRfPAAyKdThqDBfGVnLEYU9gGGWz+pyDgDGOl1rgBIxaueFg7pgH6jBwM4wc/r9OuDKcSNUi8RWuE2idpEceJ8AB6HPYkn6EfX9eu1qMsdoZmD5DHlqKCCQnb9Dk/s7Hse/QmQUy44YIIFSppg3tAdwobvj7Rg/6YGOkVyT6jlhAfZgwriQd1IwfQnH0/f8At6c1DxGHFTXnlhVIe5AAAz4+h7nt9e/b/HoS4BphAPVoyrXCpiTGAvY+nY+oP6ftPQa2w6NJNNJGDrWRvVc/qCSSD+4HHp1xdsdJEKenLA+wi5HgBgA9ge+Tj9f2dAZWXjhsKqZNmfb/AI4Ma/b7R3/Z2z/n+nTgkBFcFoBzHDCjRgqB4E+XYgEZX65IJ9MjotYwbsdPwnPBErkMfIDxxgAkevb9B+zpOoPPARqS3qGVMK+0oOAO5/TP+wfs6QzKONa4VwoYCnLB2iBULjBAI7k/XpRIpFRXBNHqAplhFI1GF8QD6dhgD9xxkdCJlJpQ4aTQciMzhYRhcnGe3oCT/wCMddJIKe/DvpiNaH7cGEYYg+OMZJJ9f3dz3A6bDVHlhaq35lMxjxhGCpTI/XHf9mft6QyUyzw0aM2o8D+nswqI/HK/w+J7ev78/tHR4edqChBIwcRE+vb6+uM/59iOhZtOeAQODXLR4HANEQRj6/o3Yd/2foOuWQtzp7zgmbRwpgPDxJBHl/iCP/LPSaxjta8xnhRogCRjHl6DDZ/XuMf7Ok6gPDAkhXJHxEDBhEDknt4r9Qwzj9P1/Z12unGh9mFDn8RU5csE8M9gUUf/AExOSf8Ad12sYBiHYODQjx/Q4OIu3bH71B7/ALfTpNR8Rg11nNiCuDmuMHsuPXuc/sHfGAe3Q9RvfgGj9WrLTgPZznBRe2B9c+nr4/T/AA6XWRxwID19FK8q4ExsMfwn6fbkD/HsM9v8uu6nhxwYSSuokasC0GGz2zjPYE9/0wcA5PQ1rmcI9VNTngsak98gDyJ7qB9P1A9c9OM5XKmeGVqTn+s4UMOAHJUqTjAyCex7kDtjoRIeeHwRHmae7BPBSxUhxgZHiw8cD09c9z0pYnNTTAPMS1FrSnl/jg7KEUFcnIPbt5A/qT2B9fpnpVauXPDcilfUTU4TVPFhj0H0+vTYNDXDuf4eODmNWOSCPX9P3euR69OdRcJ6h/NzGAKkHt44+n1P7c9iOkLjlji44Lkvux7xHpjJ/wAe/wBe3p0ocUw6jhUAwYRq3b0P09T0hkFMuOFEmoenI4AR+XkB/wAIBUgZ7g47kfQ9DrbnwwFZHBBpjzJ4YH1I8jlc9yT6ZHp26IMTzHvwDArQGhNPDHvE4z5J/ivp+/7eizPMffgTlyFT5YQkRZAPtkCj1A+vpjuPL6jo1fSaczhp465k+nChTyTAB+0g4ZfuIGB2ycdDrIPhXBihQKSDnhExfeZQD9uB+ijAH8SjPf8AbnrtbV08jgNAPrHEfZgpRiQxCeR9RgkE+nY4Pr0pcqMKAH401YL7WcYAye/1Pb9enDKoFc8NhCTTAGMqcBQx+o7/AOeckdD1Q2S1BwRj05tngyxkjLBEOcYPqR/kT0mpvHHDR4YN4MOwSMj9cev7fUddWvE/rx1B4fqwT2QrePivf/iX19AfqMD16IyMBUUwgUk0PDBjCF8W9fu7A4J9D+g6aMrsKZYIxhCCThNo+7EBe579yO/Yfu6UOfhPH2DHBA1SDzwosSkA4GcfcB3P7x2OR0eunE0xwjUmlPf+hwmYiM+J74zn6d/247HHXavZ9mACNy44OqD0VVAIbPl3HkfUjAOc9CrVJV8OshUejieOCGFc/wDGwx+vo2D+p9OlaQjgRhvprXOv3ccB7fiMEZ9T3yT9ex+4ZPRiQEYHQRlhKVAT5eJIHfuDkdiP3/XrgwC0BFcI9dWuhphFoSVUrhcY8sk+ncjIz6HpUerU8sEPSNRx4wKcYXPbv3yT+0fovRFgDnjmKk1XANX7d4+w9T9B/iD/ALOuDCla4Srcq4bvE6keX8P/ACqBg/4/t6UEEVGFoAfA4D20chfBgT6N2IBwceXr2PS8M8EApNCQf2YIK6hXWQE+Lei48TlRkjyGf4uurlhSwU0P3YQaEjJVJCPp2ycfrnGCOlBB4kDCFjSqgkYTEJw7Yxnt449fQ9+3cft64GhwPUVgAcq+OEzD/wAQBzjuDnsP19MevXH34EKSfSQV9uCrGSSh8QmC+cZOcEFc4OPQdKCQMjhUJJ009NOOEmjyqKgOFOct65yT2xnt/n0SvQknnhSuVBWgwX2PH7gQc+uAQR2x3BwOjMik+WGgrRqKcSfsx4RHPl4+vb1Pf9PU/p0juCPScPIMq48E7kNnAPb17A+vbI746aJJ44POvlj0qq4VVUhFXx7keTfcTnsfr04sgFKg4RjUAAcMIsvqFHjn/h9c/wCPc9EJFrXHEZYQMLevp/nn/Mg9H1EbLDTq9PTSuCmPAwVZj+zuP3Z8R6/u6TUAfSRTA6Tpox9VeWCtGp/4WHbJycfvyM9KGNOODYgDVQ0wh7eGwB3x2yO3p+39/R6vDADqastNcC0Xb7gRnt9pH1/x9Oh1E8T9uHCtRmBXCAiC5yozk4b7Sf8AYOiqvjhsLoJ8zgPDIxl8j09CO5+mT+nSVHjhwMKYVEJdwAMZJ/iOfof3ntjpC2HAuo6fHAfj4XywCPIj1Oe/c/4dcCa8cJpouoeNMICNvU9h3GD6g+oH7u/SlvfgBqwTsoPkwHj6+vcnv26TSxofHBArpJJGWAYo5Ht909c9/wBMEZP6evRAjnxwJYM35fwVwkw7jxBIU57fTsR69v16UYUipB8MJOhLFyDnxx3/AHEd+/S6jTTywOj19TnhtIGZ1OMMv8XoARnsQCc+nToZQta8MBIzu6qRmDWvLDd1Ebh/bIYHsCAAT6AjBxkjow5IoOGG36ayB9NHHAH9KYTaP3W8iviPoFHfPcf7Pr9OiDaeGAbVI+pqD2U+/CH4zI5HdgynCqe+T5ABs4zjpeorDKgz54JVeN6EVqDSmE1pMcE+IA/XOc9/0GB0DzDUQKEe7CiFyoOQOHPsRr3KLj9uMf59NiWRjQccSCqkUIFMB/LWPKRjBbH0H0/TJ7Y6cCylqasOaVVARxwykmx9oTy75yAD3PYj1JIx6dGIic2OeAaQIBkdWGEtmZcg/wAtcnH2jH7O4/XOenFCqKDM4jmaSvq9K8qjBDbdlI8JAmBkEL6fpkNnuenNOdKjDwlqpNDTCbWOwDQ4DHAbuG7/ALm7/u64ICaV+zChgFBA44TeWTxHiR6+Kls5Az3P179+l6dOHDHPqK0XDZDMGZS4bHrj/AjGR9fL93SiMUqeOGolKuQ2Z/T2YSaM+asH8cnHYYxjt/y4Oc9LrBy54ORCsgYcBTAMqr9qks+PIHsAO4BI+o7dCAa50ph0+k0PEjLDVqyupbGJSx8i/dSvr2xntn9nR+quVNNMNdIuKgDXXOv7KYayQAsfBcAEYHrjAAIwAT69EpOWvjhDCAx8MdMRqq9kYkk/QHJP7PtUHA6wIYk0xfxqAaYUdJvEE/wlgBnAPlj9M/ToyQMHICANOZrgUTOEZSWI8vMjKgD6ZOO4P06UMeRyw0KE0cer7v8ADCnsYdSQpC5DeIGGHc5x/j9eh1LnWtcCy0cUpoHH9K4P4K3ip7AepHqQO/qelOQrzwZoUCAAAYU9hPHAUlT2ySMgevb9O46FWJNMBoArgv4yLko6hQc/zcZP8Q7YA7Y/Z69OVPDAi34shp7cIkwoxYZ9zOMqfJARjJTI9MddqbxwzVVYkkB+eEmJlYAKe/bzUYIJ/QenoOnA5JzpgS7NkvP24NEk6KSvkMk/rkj930HbomZDxoRhAHjWhNanL9PDDmMWQ4809zPdSQWIUD95GP16BumTlUYWIupowqf2YkI3kGM+a+n2xoPQZxjy8h9eo5IrkTTEwuaafUPZhcMmFVqwH1PkmGyB6hu4z264GpyJrjl0DIL+n2YKrQygjxCFSQCDle2T37HHb6/s6OhGRpgA/WWtKAHCf8LEAgjt/D6Z79/QZ67AsADlgQW8lyf1AP1Hc49RjsOuwODljnyZUb0yO3ftj/hIPXVwYkYGuCYyGwAMfd29R9PU5OMHruOOZtSnICmeERK4cAqrlex8ge4yTglSPTpaYj6yGwczI5AMKBc4+xgoYfQkNkjv0oBU1BOFMhJqABgQsZ7N5D9p9P2E+o/29cXemRzwulRma09pw4FaKXx8WJYjuqgZwP3/AK9vUdAJH/FkMGIUkA0k1wVqjYP2MR9GK4P07EA4x0QlA/FgzG68Mxjy1XUFhHnAOO3Yfv7ep/b1xkrnXDREtcqUwqlfyUlh92M4ABA/eMZ6QPnkTh0RllOokHywqKUZyclj45wFGB2z3z39R0fVZc64EQgD4jXlXPDY1nJ+1WIHb7VOP/o9F1/MYZpMpoB92DJXJJQfa+Dkv2wexHft+v7+iEinM5+zHJGWeuYkr7sKCswALKy4yc5AJz69j+3/AE6AuOTGuDMRpXP7/wDHCsddT27DPpnsP8D2OD0BYnjhUjqNPH24N+OwYHxGB/zdw30J/cehJAyOFKaciBhaOuT3Pj3J9MAd8/tH+HSaxjtFeQwVo2DsJQVYggqO+PTAHqe2P16IOtBTCBWLEyVofDApFgnxUnIwcgenbP0GP39KZAeJwulR8Ffea4O8DAofHv4gEFR+pOMjBI6DWvjgmTSQTxpgTAW7+Kgn6BsAfuGe3RDPhjqFjUDCa12OCB2Ujy7gEgj1UHGOu1qDUHDYUtmooPZnhU1h4lmDYzgE9xntnP7elaXUKYIqaeoYJ4AkdgMDxz9Md/oB/l0OtfHA6BWuFDErEk+ff9B/n6567WMcUqa4Uirr4yFse4eysceKntg98fTPSsSBUYWONTGwb4qZYN7DAY8Ae/8AFnOf2d/16b1nB6CF4YFYwhPmo7gjGB2z9f39DrbA6RWp8MJfjrkYyR+3+L6/pgfTouo3lhrpNyOWFGUN3xkj07/r+316TqHBmMManBTF9oIyDnvkkqRg9vr9euEjYAwj8PHHgn6hT+3vn/d0hdjg1QAeoCuB8f0C4/x67W2DoBhwsLsrMBkBfHAPdvr6AHJ/06XqHjjljdlzwAhYekT/AP1p/wDzeu6h8scIWHI4ExsRgxv/AJHP+zog4pnxwuhhxGPGu7BAIzgA5OBn1Pr3wMftHSGShywpQsKacF/GdRkr/i3oP34x69d1D5YbEBUEUNMKfjux8fHOBnGM/XGcZIA64yHHLDQ5Cvux5oHB+5cHH/Jj/Ht0JevHAyRkZEAVHPLCbQsB3TsRgE9gf9f2dEJCtKDIYB4WChh4YAx9/tA/wVQf9gPXdQ86YUoV9ROQ8MGEROfLsAMjyGcnPoO3rjrup4UwqlWNMz7cGEJIDJGCfqcA9/2dgOk6hw6I68Bg34UrFGwo8vpnGPoQwA7dL1T5YE28hNRSmE/YJyw8R44OO4H7xn1OenCyAZGp9mAWNn9YyUfbg2CBgImc5JGcn19c9sd+muocOmpWigV8cEKFm7gDt2+o/d2z6nruocNNGWNTp+/ApB7hC+IAx6+K/wCXpnrtbDnglgLjSeHlgkkChm7HAxjLZP0/ecnoxOwyAGAkjAyGePJHHhgyEkjt65z+8+n+HXdUn4uGOjjUVDCh5YI8OPQHDf8AN6EE47fTpTNmCvhgTG4y5YL7agAHOB9Mf7x26QTMDWgwJjYilMsJCIj/AISP25HbH6Y6NphTKlcBoIzz+zB/A4x4j95wf9px011WwQBPDPBliJB+0/vUfu7YXsekMjHOuDCNprzrgPZyF8QCxHf7Q3fJ9O2T26NX8WOE0MVBXicD7WcEjIOcHH3enocfpjpOq2BCGvDALXBOPHPfsMkqP2/Xv1wmIwRjLfFQDzwLQeOQFA79wOw+nfPbv0vWatRhNBXJc/ZgPbx6DH6+uT+/1z0JkcmuFVG40wBgBZiR2+np657E4HR69OYapwIRq8PuwCxgZyvfHbsCCSfr9OgMrE14YIqQKnCTxEktjA9MA4wc47evRiTSPVmcNEtXI0Hux4ROBnH24+v69/r9cDp0SoRxocJpNatgns5ClvIZJwTjt2yMH09fp03rANQTg1jLCudOeCe0DmMD6ZB+vb9T/wAuOnVdTnXPDZBI04I0GB4kEAdie2M+v6ZP6dHrXAFKYAoQoUBcAenbB/f36HqLUgkYc0kKOQpgjISQcAY+oHr2I7gjH16USEceBwpAIqfiwnIhZcZB8u3ouV+vl2we2OlDrXLLAnMUPP7sI+0QADjCjBP1YZJzj65z06rjDZU0AHLACNwAysfE+gOD/h6nt26RmrhVDLzwBjYuoyFPbv6dj39D6H946VWXQQDnhSPWC2Q/yx5o2GThWySM/wD0p75yPrkdDWnCtcL6h8WERHnsoxkjJ9SG7Zz6DBA/TPRh8tRwBBI0Dxwp7SeuFAXAKnPmfoCAf3dDrPI5YIqAaYQFYfdgJlhj1GQM5wvS9QnjwwtciKDMYCSu3ii+KhQ48sHvjByR+3PRBgOBwgLkqoGVcJ/iLk9z+hzjP+g+meuMhHDC6hUgcjj34yjsVQ/tI7n9/cdd1Dhc/d78IvXVCrEAKc+R9QBgYx29Tn9OiDKTQccCQAaVOG7QtJ5BEBTJwxwMgYz9cdweiJAGeFpTxwkakp7gLj07sP8Ab/j12tfLChfDCLw5xG6gFTg4PfPqO/p36MOaZcMKaHIjBmqR+WUBOcY798+me/6joQxGZwgjUZ1wUViGPbIx6MPr2z3BA6UyBshggFwD1Q5H/CQPp6EZ9e+e4z1wcjHFRgBSPYqw7/8AN6/v67q+zBdFitVwstaTPkRHn9FGPUY9SSAe/QBwDkc8GI3HqoKjCT1CkZ7H+LywWUjOCOwH7+nOocCAVWhHPnhhInY/bg/Ud+/7f16MOCM8NGteAGG61zJ5AxqwP/EQ5wP3j9SPToi6jmcIFBBFAa4MtM+QBK4Hr4HOc/VO/du/TZlOOEdDlkMGFXxYkJlcEAsrE/THoeu6pHHDgXnSox56ZYeQjGR28QCMj/77OT367rDn+vCshI1AUGE1psMOIxlfQFc/547E9+i6gpxOORDUMePsOEJKXkPPBP6ZypJxj1/UdJ1XHsw2YdVGatRhoajKRknBIBw/3D65x3/29EsjMaYTp54FqQ7y5bxUeJXyGT3JyMDHoenA7U04d6Cg9Qk5CmGpRTKqAEKT2A+498jJA7g9dU0rhvJ5ABkDhjZrB3ZCzoI/4cYOQc9yMH16cSUpSgGGpYw0mmpCj7/bhs0ePtwxIA7kDB+g79jnp1ZjXOmCUUGmpOEGjPifXJbsO47Yzjuf4s/4dOLMG40H34LSNNRxw1khZl8SrHsBjB7d/ofXuT9ejDxjOuZwLJrXS/DBGiCgp4kA9g3cH9/f6n9o64OrZ1NcKUj0FV4kYbtDgDzz2YFe3qO/fDD9nRJIozFMIIyIwD8QP3YL7PuMFGcKvl2AyTkn6DH06MykLUUwqB2fTTKmGntIHY4kJPcE4EZ9B2+3JPR9RudKYbWnUIIauBKJjx8f4TkYYEjBz6d+xx0FQeHHDpVmPL/hhFwk0qKFMZBAPqFwfXPkRn064MVqTwpjj+ZIFNQR9mBMI9wxqCSAPu/4c5ORkg4IHQC4FKmgGCZR1BGuZPPCn4aj17k+viR5d8fUDH+PbrvmCcwBTBlAp0mlRjoSsQAA+WY5w3ckev0yD6fs6xGY4ccWkfpNGzOHntLJ6eWR3zjx/YM5OD0JY888PlQ49RpTCRjlXKkHH/1R7/8A4LdED4YYoyjSRljwimwFUYQ5yvkO+c/UgHpdSk1IqcKFOmgrpPnhECeLs8YJ7EHGT3HoQDjvnp/I+YwxWaMesAnCzvL/AAhfAFQcY8QcnPqxIGOgNEzAwfUq9CuVMJlJXADKfED+IYwAM5Uen+P7+u1jAyDXwBC+OCmB1ziLI+hYZBHqcqP0z04sic6YjNGR8KgjxwtFXkXHihyD6D1/yzknHQlxTlhwIV/lj1YlYq8hQeceMegOfUepP1B9frjplpARTEijlR1MSEKEMAfE5yQcKT6fXAOB00XHuwcbaWC0w88M+pHpj+Ef7eg6g8PvxK1eIwstVu3teMoB/wCIA/v7Y6DqE8SQfLHdJx8FGHj+gwV6LsAGgjVSc/aO+f2+mB0qyFc6muBaBytKBc8NpNUuDgnyGAAMABcDufXPcnpxbig9XDAG2OnPM4YSa6RSQrOVHZfIYI+vdwADnv08LhCK/txFMLA0IOCfhWT6Kmf2Ef8An1wmU8P1Y7pSnkMB+JYXP2A57H7hjH+XRCQYQwy0oBghpShSXi+7OR64YHtn9uOl6n2YAwkA6hRsHjol1U+K985z2Ix+9f067qeHDAiPLxwqNcxYqCMY9Af88dvr031TgjFqGmpNcSNemIyBgq+O5bI7DHoMdNyTVGfjh+GIj0oaN5/ocSsdYZHkcrjOFx4lvpk4yDjpky8hxxJSJyc2rhx+HG/2q/gM9wDn/AjB6QSMOOHTCrHSDT9Xvw1akoz5AHPbA9QMeo/x/Z0RmI+HDPQoPzDmTSuFE18bD17YBH6nP1Ixjt0nXkPHCi2U8GNcebWjP2gEf/TE5z/gMdKJjzwLWxB9J+3BX1ilR5Yz+/Cr+z0z9fr0QmHHnjvlWIBrX9PZgh17sMFD/gxP1z2H7+lE64b6LHLT94wUa1lyR5dh3GAcjI7dz26ITjxOFFu65j9h/bgfxWwPHyHfGF/2/wAR6LXXM544qxzA/T7cH/Fbtjyzj7mwO3c/v/2HoTIox3Tbz/T34F6uQC57Lg5+4EfTIJIHYfr1wkHAYFozTU5NB5f54SNdv07H6qe5Hr3JDDHXah54boxFAKjxrgxhIjy4zg48mxkDt2HYDoga5jB0YIS1dVcJoi+IyAT374/aenAzAYFeGeFTXJJYkMx9e/c/+XQYUoSa1FcB7DN2PYfoTlf09AB379cSAM8CV8eGBFRB64B/Z27f4gnpAQcKqKRg34sf6t/mP93SF9JpTCFVBpgwhUMx8ft/4R9P8iSP9OjLEjM4PQNVfswcIFdSMjJOe+QftOMjH06HBBaMK4Uaur4LKM4/y+uO3SE0wRjVszxwIhAxgL9uQPXt0BlANM8ATpOkAUGCPUQqQqKG+ndv16cGCaNNOQAODisFUYJDDse+Ox7/AEB7dITTlhBFQZVr5ZYA1Q/8WT9PUn9v6DodYHHL7P8AHCGKvGp9+ElqESYwPDPYEnP+/owaiuAWL1mvCuHSQlRgeXYd/u7D0/Z0LGi1HHDnTYCikj3/AOWDmN+2GIwcnJJBH6ev69NCVhmaEYHRIpqWNPbg/iwAzjuPp2+v7T0vVBzGJFMsEERySPIZOWw3YnH6fXp0EFa4bKmtRX7cC0ZVclcBf1BOMn9P256jiRyaDjhDrQamppGChDnIJ9MY7Y+nr2Bz/j13UalOeBUOxqDlg3gx/X/P/wBehLE8cc0TseJwRq4f+I575wSex/w6cWZVFDxwmhqaSfvGD+0P2f69B1G58MOCM1qTUYBok7AqGycAEH1we/Y/p0utqenLCS6FAqBmcAIsAhRgZ9M/XAz/AIHruo/jhsBkyzFc8FaAn7gSCvr3bH/0OlEjDnXAyIxXUpIJwDQeZBdRn647D6nB7Z+vXdRsxXLCmN3P5ho/hgwrqvcKB+4/+vQ638ThRAw4E/bgfZI/UHI7ZIOPT657HpRI4454XpSfvH7ce9kDOAO/qQfX/P8Ad0mtzzOOETjME19uG/tQsc5yT+w9/wDZ06WYZnEcrG3ByW9mCSQqq5AHr/4+vSo+o0whjIzJrhMQ+4uS4AU4VSP8f1H69E0gQ0IrgwC2A/DJ7+S/6/8AkSOh6q861x2k4EUj+o/w8v8A167qqeFa/p544xsw0jicKirGOxVCfXOWHb69v3noDIQedMcsQTI01YI8JX7UIVTgkDOCQfX/AE6NHqKnAyPo9PLBVjdO6ouf+Yds/wCnS1FeOGw8gNUH3Y8axUf8LMe2QSO/0Hp+zrlfU1MFpkQhWzBqMAkMik4+zI+nfomIAzxzaoxXM4FoHdh5MDgerAjAH+fQ61AwiMZHpnTBjW//AFgH7x/69J1lGRBrh4pghrMoLZT9vc5/T9OncKYyBWowmtfy8iPHKr5d8/QjOABjOOkLBePPDdAQa8MBFHGzMpUEAdx9M+QOf9elrWmOhCNXIYQKt6D+EAAeg7Dv+z69dhCAeIwBiZVOcBfr3z9c/wCp6TVXDetaaRwwEkaKw8VAzCgOPX7gpJ7+hJHSqxAyw48aLINIHwj9mGxTA7jtk/t/b/qei1N44Qoh4jA+wT/wj9fX/wBehL+PHDLDOlfT4YQ8CP0/zP8Au6IsxwgWjaSPUceaM4HocHPbOR/p36QEjhhXUgZ8MIsi5zjOe59fXJ6fjZtPHngABzwX2lILfQeuAcD9+COndZpTngShPqHAftwIgVyAzZH7j9O47+vY9MianCuHDCWyYDAMncx48kz2yQMnv2ye+AT0fzC04HAEMxoeIwl+PhjjI7ZC58h3+ucHuPp0QlDDhlhNDDkfs/zx72AAHIye4BIGcHIywPfOeg6oViDXHMhABPP7cJrXTBwCW+njnyBz9Pv74H7Ol1FczwwaRh1IA9WWPGMgeuSD3BPf69sd+3XCYE5cPPHCsZ4AnCZDYyniP1yD9x/9B0XWXmcNsuo1AAwQqx79s+pHb0/UEjrtZOYOWHVZgtK4bMhbGc+JPcH6jv2yD69unVYq9Ryw2yAjzwusKhcDIAGQMAjJ/TJP69c0oOXHBqitH6qgjCfgTnGD/wAuO2R2IP7+hMi8q46NMjqUcf054SeCNcOyjLDxGc48u/f1H16NZMqA4IBFNXHuwn7a/RV/wLZ/wz13UHM4XVD4/dgHTv38QMerE9vT0yexPSqw5YBmiFNPEnwwmYAe4BJ/+m7Z/djHboi5PDBMoEZIzwX2vFsA9j/w/T09fXpNQ5jPAREaszywJU/wnOfXsQM9h+p6QGmeJWkKDTLCZRicA/vz/ux0YkGGZGovEfbhJq69/JQTjOQe4/w7dL1BhIlVxUjnhuqSBnVI1EeezdwTjH3YyRj6f4dOVBFRhOm3UOkZYKieRGQE7/auRhv2D9ex67HKAz+rLywuVKj0wP3/APr0hAPHD5yU08MNw6j+IgnPYfU/p/hn9fTpNK+GGlf01YktXIYTaxgkHII+ijsP0x3x6dFjjLnwP24QlY+Bz6L3HoMf+M9dhx6BSTwwykkjYqO3fAHfP3YJ7eh9OlBI4YjllIoBnhJ45/4o/FlLZPkfHBHoB3/hP1z0avQerCjXxArg60ZZJPMgFic4T+JcD6N+hx+3HSGagy4YdjgJPUIzw2aiVf3HbuT/AAn9SM98Z6UyEjLLDRgaurnhNqaEkkA5+uD/AOXf/TpOo3txwhbywg1H7wwH2gfQn/6JPbohLQZ8cEEPwkenBGrRxszvGCrd8Et29B6dj69cJjQUwhVUbNcsJvSrSn7FyAc/b3B7Ht9T9foeuE7LwrhwxQyfBxwP9PgOA6kKPT7SP/Hr13zDD4cE0R/F+n349/Taf8QVs+mQ5Xt+mCcfXrvmpaU/ZhBGAagCv2YQbW0wR2wcdx3Pcn0z69cbyY5Hh+nng+mh45e7DRqNFMqQpds48VOTj/XA/d0YmnJ1DJRhenEK0ALYaz1YU8PGNypdRjxyAcZ7dxgdGtwxY550whQaQWApXLDKSEKvkiDAGGJUr9cfXGfp9euDjVTAuqZSAenDKSOcovtwtg9wwyMjvk5P7enRIK5mmGmBdQYlyx0RAXC940x28s5Jx39Pqe/WSLLz44nRTNp4ZYdxDPbwHfPfJHpk+pxnt03I3pyw8koJph0sKsG7A5yDgnH7uxx0Adl44MtqBTl+3BxBgABsAegGMf7D0vVP6D/PHBcsiae7/DHjBgSHuVx3x3J9O3+v06VZCSBgWoEJz4YapEp7AeJ9fuDKpH6DI7t07qOIytqND+0YWCNF2AQj1x4+ff09T6dvp0oIOeDLtHlTI4UjkdHLhUHl6gqMDt9AMYHTbgE0OAWZlcsBiQhtlf4/FQI8+gB9fXIzhu/+XTRQH4c8Px3OlfVyH24dRWajZPuJ5fp3z+vpjB79Dobww6k9vXWMnwp+ZEzeJXI9PLxBx+zOMddobwwfzysdDrVfHChetgMPHH7vr3/QAnpNJrTnjmki4igU8MD7qdjGyqO+AV/b+vbHXaGGZwHXQZg54WNnxRW8w/cjAwSMg+gz3U9IE15UrTDxudCZ0phaKz59/tH0yQR+nbA/TpqSJQ2Yp7MKlwHFcLYV8E+Bz9e4H+eCejWiqAMOasq/4YU/ErNnMaZ7n7f5ZH7AvocdNmScZt8OEKQjIgYJ+DESfEken/AGx+8+uOk+YHn9uEEUdeX3Y9+AoZW84/4e2VKY/wAMdz/h0QuFIocJ0ow9edMGeoQSQEYg9iPDDfoR5L5dEHBFfHCsmZ05jHhAw7+0y/r27ev6AgZ6AyrXjlgAc+BwdYcnunp9SPTPbt+3rjOo4VwpIPKmDLACfoO/1z+/sQOwx/r0qzAjMYIMaVpwwuK7H/hVl+nf/bkg464zoONcLrGBMCEAsMf4f7jjpvrnwwvoGR44MtZM9sZPbuP9x9euM55ccEVUCtMsLex4Dv449exx2x+/pOqG+KlcEkqoOGWEGC//AEmM9iDknt9cZPTof0imAZxUsa0wDex5DAYHOMYJPp3GfLP+OOu6nM4RpI65AgYKQnlhVyf2H7sfr3wOuMh5YEuD8OB9n/kUEfX09f8AHpNbYAn2494EdvtHr2z6Y9fT06TW2Ez8DTDeZGOPsBGc4HqR/sz04rsCCRRcNykEAUqAf2YTCePfx8c9u/8A9Ht06JamgwzqYZAUwJjLEdiT9MY6US+OFrJ4YDwCnBHf0Oe+P8ul6nlgS7A0NK4P4t+nQ9XzGCLOOQx4Rs/bHp39QOkMqnA1Z8iBg3slPXC/45/8/wBnSdUDhg1ouRywBQg4BHf1P6f+MdEJajlgTIa5UpgwjLEAH1/Qd/8Ab1xkIFTwwPUIzPDB/wAds4+7Pr6Adv35I6AzK3KmODdTJc/fgfYYf8JP+I/8sdEr5enhghrXIAYMIO3dG/0/8z0DS0NCBhar+JW1YOIXIwThfrk/T16USKM64OsnB2quDJWGT6nt9CO3fGTn6dC8uXI44hBSi1Nfs88eannufE4HbyPcD/BsYz0nUNOGWI769eniafdgPxwOwbGPoBkf4ZOek6h8MAWKnSdAI8TnhX8NvqCR+3/0OfXrhKa8sSFeQmhFBgPwyAex9QMds9x+mQMdF1DXgPtwRB4g1yywP4zH1DdgAPT9/wCvS6yOQ+3DBkuMvSeH6c8J/jYc+p/+lx3zj6n6Y6HWxOQw2ZDxYerBnrDOSDhe+e5AOMZwGz36QSHhQYkzKD+ZlUYOkGO+Mg9v/Hc9IWLZYCGQL6myU481fPfGMDv6n/8AKHXBmXKmHJGR/XWijB/xQ6DuPT/kJ+v69+3SayDXHEKyDTxHA481ZmYMST6Y7jy9MY7EDt0uumXEYbo8tTJk3swDVRgEgg9hhRgYAPc//Tf7+lV8/SueCpozLAe7AfigocZyDnH+X1+nRmVgK6RglqcwwP24Kahz2Hb6fu/zHQGUk1ywy/U1GikjxwP4fdGJxj1wAfTsc5wCM9cJCMOSBUYMvw+PhhT8WM+rf5KB/wDlnozMeajHLIGNFYE4A1V/4ckftUH/APK6UOGzyGAk6lchqy5f8cJtWPp3wP0XH/mehLMDlSmGTJQ0IofaMENZgMEeRP6fT6euf06TU/hjtdeVMJGqise5AI7kjvnPYdvUd+u1t4Z4IBV9K0px9/Mf4eWAaojdw3bH6/8A0euEpxxamPfi4GARgf8A1Wf9Ael6zDCicqKUwVKxBB7jP+J+vqOlMg8anCBq5AGuFVrfeQRkYJzj17j9v7ehEvlh+NWrVssGaqFAfBA/h7AHucftz1xkJOVMBOShB4jCZqjxkGTljkY9CMfsf69KJeFcNkekhgAfDnnx+zB1q+YDE/c3Zh+n179+3SdRuOWEVwW0qK4B6WB2BY59AR2/b3z0quWNMG9VFSPvx5axA+4lTn07Ht0jMQcsN9TywUwn7u5wMY7D7gfXHf6dDrPjgtYwk1QBSR3I9Oz/AO7ohJngA2fD9WElrsc5VTgf8Snt3HceWRkdEZKczhdSNkcD7CkEBQfux/59sD+HpRIeJJGF0pxoMA1eRe5QBT2B8gAcD6AenS9TzwXADLI8MeMALH7vXGP/AB+7pQxHDCahhKWshGGOcN9R9e/6dEJCuEOfLDY1IwQwyQCOwBwT69/3dF1zypXCaG1B6UXhgrws7MxB7nPYjpQ4piLKJWkLKDpJ8MIGsAPI+YX9T6D6fp0vWPgPtw9qwSSqDhkLOvp5D0/X9M9cJSeQ+3CMzU/LFTgEqL9zNkYX0b9P2dvXouqwOQBwqayKuKHAfhr4nPl+30wP0zhT3I/y6USKeORwWoKKtlhJKzMe/l4+pPiOwH1/i/Xpda8K54BXLHhlgz1vFcoSzZ9Dj0wf3d+u1rzOOYngvHCH4mSexX9hAP0B/wDPruqB8Jy9uGyTX1Ur7/2YD8U/RXI/UAYPS61OZOeCDPTIZYK1XxXyV0yPTAIb/DC9ulBGAqOKkavfhJaxcn7WU48gWwAfQYAOfqel4ZYIVY5j1eOBWsO+WbP/ANKe2P8A63pKkcOGCUgcB9mEJKyAktGzDt95Kd8/X0J+nXAkmnPCNTiVwk1clmOO/wCv6+nb9M9KCQajjhkV5ccEeBkwwU9+2ft/efT93R9RsHVkzPPBPDI+7IP0x/4/Xo1avGmG2ZmYGg5YKY+/1Hl+nof34x3/AMeiqnjh3qHywHgSPFT5eXbuR2/aPTBwOu1AeoHAamoAPHBFq+ee5OO/iSDnuAQO2M5PXdYHiTTBKOqdJOeEniwPHB7E/bn+Ef8AL6Y/+j13UpwOWAd2U04UwT2VUAHzBA/UD/Lrut7ccGY51H2YKYT6Z7/sBz/sx0ZlDenLPDhlamZFPZ/ngjwEoexx5DuTnvk5Hr9R36HhgJGbTXzwi0SjJB7+uAT9APUY+nXVw0GIzPCuEihcd8g/v9P9R0+GAAGHhKCaChOEDD3BIyVy2SR6/wCHRatOXLDdBSpFMJmPGT69+w/YcnodS+OOV1X4eOE/EDI/8fpjpQQeGERzpKkZHDSRPvB7j1/Q/s6fUrSnPCMwTiaDCLYwf8PX9/S6vI4e6jeOEggBZi3/AA/TufpgYGD0tRTDYbM4IpKlgSWViD3/AEwO37uur4VwqOUJpwrhTyb/AICE/TP/AJnBPXVGD6p5UphpNLYcM3uhwD6fUr2GFP7+uAiHBSGwkkjy+snMYRechQcHOBnOMjsf8h/n36IAnIY7qtp0gVw2aeQ9x/ge3b/QZ6XT45HHCRxyAwyad2/TH7+3+vTimg/T/DAmZ+S1864UE5yv3d29Bgj/AMu3XOfScjherXIc8Ke8w9WI7Z/1x1Hr5HBBj4DAe5nuZAB+3Gfr9PXoW1Hhww6rqFq1BgiLli6tnv8Axeg+gx9cnpCzBaEGntwSPKz/AJZy9uPPHCeyMGJ/iOSPLsPTKg4J9euDTAEsD9uFd1qApDHCiJFH3PgTjOezZ9PoPT09eg1u2RrTDwypmMsDJPDhcuv8PdceIBz+oHXBHb4QTh9mjP4vswzmmreLL5FmxkAfQHv2J7no0jlDVpQVwDuqgClR4+ONgiWTGFOM5GMen6Z+mOqT0nESFgVpUVocLKJUZGfxK+WDgAkdj374HSnSRTBGQxEMRUV5YUVpRnx8cE5yft7nH7f16TQtM8d1pCSyVoTh1GSQPIAHOGOT3/d6Y9fr0BRa4fSVyBqyOF4xgBRgEt6ZPc9sYP8Ah0AUHnngxKWFQRTBjJKAQI8+PcZP7fp2+vRqAc6nAG4JOkAaqVwl+SxIzHGcDHiVAbvn9O3+fSiMLzP24ZN0QCXC18OeFfzAAB+OpOO57d/2+o6Hp154Jb0aRRcG95R/9iU/Z4/8P6/tyOlEeeZwJvFpkmfswUOWGAnge5BGMfs7+JPbPRhQPHAPckqDpAGBHlkep/5j2Iz+7CnPS5Yb668hhwUkdVCqHY98A4YYyO4x+vQVUMcPtLqiUJ6m8BmR7cH9mYLjwViB6ZJBOf2A9cJEOWeA9ZyFK+/ArDLjy9khj649Ol1L44VVmB9VKYUWGQj7lZe+P9PXpttJNajBmMsNRNPZg4hcqP5bn9uT3H7u3Q0X94YRA7ICmvSfPDjxkYYEbs5/iw47/u9c+nXaoh4Uw+XIGVftw4irXCQYw6kjursPHGSCR3Hof9ekaSFRViKeWHF63xLx8/8ALDtat9clsMcnABzjACkBf/Xph2t3Na1w4rP/ANXTX9PHCojtj1iY+v7Qcd/9v7ekDQUpWn24Pq05/fhZInb1SVT+0uQB+pHUchaZHPHKzN5AccKpC4YYbH/1QIBx3xlsjvjpMuf6ffgtWnOoOFgBlS6IQO2V8u/cnLYwCc/T9OuHDI0OO1VFeeB9qFyzYRRn6lu47dx29OuNBxOeEDgmhNMFMbg9vE47/wCuPUjHQg+NcLrD+sEUwn5SBiMY/Ur4n0+h7Adz04FBFa4bMpDUqKYOZZfHHtx/cP8AiUHOCfU9+u6YJqDgjNpGksM888FVuwDQoHJyWU5XHfOAcfT/AA6d0eDCnmcIsgPxkU8sCqxtjMZ74BJ74/yycdCQRxbL2YTWx4Ux41wD2Ttn1IOP19Pr69J7GwhmA88HSFh2A7euV9Pp65756Gp8cF1D4ZYOa7H+JCw7YH0/b9OiAbjXAtMR8PHCq1Qw/gGQexP1H1+mRknomYUoKVxwkY8QBgxpHt9qjv8AXPft9MgjI6AMBm7CmOLH8VKfp5YD8Vs4Efl+4jA+vb0OenBIpH4SMcXJ+Fa4byUpQciJj3+nc/Q4yfr04GjpmTX7v146rcSCMAK8hx9jn9yn/cOx6BQtcyKe/wDwwAfPMCnvwf8AHb1KlRj6gkE+oHYeuOnCsY+E6j5YLWtMEMBY48c4+pGP8s4+g66iDIjDZeI/Hxx4ROCF8SPp29Ow+nXVjwOqDw+44WEQJA+4/s/XH7MA+vQAEmh009+HBLnmKYKYmDEKO30zg/4emenSI1GZGCMijmcHWMgfcoJz2/07eo6GqcqffgTKeWFPaP8A+jX/AB9f9vQ+jCdVsG9ruQRkYz/CMH0+v+PS/l+GO1jwGPLB9FUKfqTk9v3jJ6Q6PA4IyauHHzx4xyK2CoIxkEfr6Y79+uBSvA4DXparDLxGDe2nc+J/+tXP+zoGWpqCQMCX1HUpywp7b+h8QfoDnv2zj9Oh0+ZwVWHHjjwQeOWXvnBIJB9f9nS6PM47qHmMGMQH0BP6ZZj/AK9Jo8zhdZpUUpgntrn+H/Dt/u79EARwJwGquePe1/zFiPr6f+R67R/Ef092F1VyJFPZj3t9/IKxXGAP0+v+I67R4McISOHL9PLBvaDDGPHJ75Jz/p9OuKmlNROOrUFeR8cCIABjCnH179+k01zJNcKG0DSKUGA9rBH2KQTjIJ/8/p0uknnhAzVzrTAmIE4VSD65GPT/ABB6TR4E4JmBGAMDYIw3f9cf+Q6NdIXS2eeCT4ffhMxuGA8RjOfTvkfp/l0VI8CXYGmWD+2cAeOSDk5H6Z+uO+fr0AArnwwIcg1NaY8Y8/8ACf8AXP8ApjpWCkemtcEZK/CCDjwjx/wn/AsP/PoNHmfuwmtvLHvaU/8AC3+v/n0YCAZ1rgg458cAUH/L/mcj/b0ABHNsMF1Ipn93+GEmrq2MjGDkfXv+zJ7dcARWhOeAKq/tGeANcnH8PYYGBj/z79dTzOCZ9XGmXD9KYD2CP+FSPqfr/gPLrtPmf092E9ODmED0QE/pj/6HSaW5nLCKVU1HHHljOf4PDt6gY/w9T0unzOHeufEY88TMB4keWfRvXA+o7H6nrgCDkeWGpXaQChGR8MFEP08P8x3/AGf8XfPRjSAAczgy0bHUygt78G8Md/DGP+U5P+p9eho1KajTCAKragM/ZgzQlgP4j39PLB/06TT4k46VnZQB+rBRAB/EDn9oLdv3kdIVP4ThoA/izOEzWySR6fT6f6dKK88d6uVKe/AGuR6s5/YRnP8AgCT06zKQQBQnDnSHicF9g4yoIx+oI7fXGegQAH1EnBJ00JDZimEBCR5EIB3/AEHfsO4+vfpwsh44SNojUOOfPwwDxt45KZ/Z6Y7/ALfQjrqx4SdqgdPgK/swga5DpmPxyCScAY7gY8gScnHS1oeVMArMTQ1A8cv8cJSR4YjAOD9cj/XPf16UlDxOFlYRrUNXPw/44S9vv/CPHH0Y5z/u6UUA9JwyLnxwb2xnsAB+3J/zPn+vSe/PDyPHK1ASPaP88JPCApLeLAY7nJPqMZ9PTpagnIjCuoClm009+EVQEeKx4Ud8j0Pb/d0tQOYrhkSU4Ci+OB9hiDhfoPUH/H6enRqy0z415YeRtYJBGAkTxUAAh8ANnHiT+7uSMfs670lqnhgJn0ig8PDAGEgk/bjsT6+Xp37+mc9dVaZVrg2XQCwpT34SaJssw8QD6ZHf19B+h6IaCPVxxGaQ6i37MI+BAwV8gTnOfE/p6kBvp0oEeBEi/iwUqw798fvzj/Z0hMfhhDIK5E0wjJE48ew+7OQM9sH9uB3PRh1JpngtcYUMBmfPMe324L7b4P8AoPp/mOiLBM8KJVH/ABrgPab/AJF79+3/ANEZ6VZEI9Wr3DACXTmDxwjKhKlcYY4x2J7ZB7Y6IOla0OBaUkUwHtD1wOuLEilcHU6q1zwR4fLClAVHft/4z9ehBpmOOG3kZqCuWB/HDAfb4gdh9P2/+fXajhS6kgYRFcJL5H0x2PqR+7P1z05rUrQ/Fg1oGrywmK5Vw+M+Jz69z6jv2wR36EyVyy+zDaOQwLHIeWAERRy/icP2OP8AhPrlc+np+3v0WtWFOBGCEultS4RkrksW9w+OSewHl3wDnyH6DotSBchnhTmS1Qa4RlrHx8lbyGCFGcuAO2D9BnpQ60zGeEao4UOEDHIWHkwXyOBn649SCAR6/r0SugNaZYAkstDQEjAEeY9vDAhi2ft8ew8Tnv3Jz040i/EOBwSvX0NWnHLCDwfQdjjOexPqe2fQ/wCPSrKpFTSuOKgmlTpw3ZQrEMG8R6+mc/oRjPfotYIrQE4AaUfnpwiYmKM2ey+o+p/w7H69L1gW0GueBYsUJGeEQmc98YGR6jJ9MdyeionAUw3HnXWAABzw3KBie57dj6fT946OrJktKY5XLfBSmEXQZI9cDAyP/HrnpwOKZ8cKxDLRhnhExZyO7fsHkc/4dcZABXCq4cVAwmYfEA+JGcj9g9fr3+o6QSAnKn6sKTp4L+n2YRMYyfJQT9Dj6f6dFq/TLCayeI/T7MEZAASOxH0+n+/pavypTHa/LDeaJFJAYKP2gjH6Dt69z1wYkVOZwr6YzxNB44beyxJHqB9cHB/d29e/RB6eRwmoN408sNnh8XBIwo9R/wAWcHOPpjHRB6+BwJ+ID8HnhB4PuyM4Pqc9l+nfIHr+zrtZ5UwRDVy4YJ+O2RhT2OfX/f0pkyNccpqaAHVhwlCaRgfE4YAdvX1Hf1wPXpgyqMPCNiKsDx/TwwZtfJG+G7L9Qexx/wDR6Ez1GQwfS0nM5YH8JCxUOAO2CW7dwO/r+nQGZqVofsw6kcZfTqNMN3gjQH7sn/6Xuf2Yzjp0OSaYbdETKtT7sMnBGSokH7G/8sMcenTmGWIHCpOGUjZJGSO/oxUA/twW6djYAZjngeo44VGGU3u4+1RgHIOMg+gJyM5zjpwSJ78cZXagx0hE8YVQYkBOfofX94b9nWQDGtTXE6GSEglBTDoeyR/AoP7T2/1JHSllYUNcO608Rgwiiz2BwP3dj/gCOkolK470nMcMC9OOQBy3iCO3ic/syexwcjpRJTKmOMIkUHVSvngFre3/AAF/3HGe4wcHHp12pa1zrhI4+mKAmmFURhnyBwRj7sfrn6dJqAFBhSoVtfOlMGMKsP8A289/UL3/AM+uVgBTPCBEYZjBDUB/gJB/5T9D+mMA9L1QOYw20SJzyrhT8Jh38G7ftB/0B6ETqTSowMiAISAa4N7ThRiMfQYx2Hb1zn1/XoC6k5nPHFmESmgNcKrAT3x3zg+IGB2/3npRKFyqMK0KvmQQacsLitMp8oshwOxIwR/gM+vSdaMmrHLDqw6F1Q110w59mQJhTgft9f2+ue5x02ZU5HPDxQgGjGvswaJJR6nyHoAcYA/Xtj9Oh1k5A54FDIPiYk4XKFsA4HYn/Efpgn6dIWpxODLE8cFWKbxwkjADsBhf39ux+p6TqLXiMNKrKAqsQo9mFjX/AIgrMn6N27Ht9Sp6UunOmDI1ClTXCgjsDADHH+We57Hxz+vQaohnQHC0IFGqfuwqqzAHuR3/AFY5yMd8gnoSYmPw5YMaQpJ8fEYcxNI2QzMB3JIJH1+gPQt0wfSMsIHWnAYKTN/xOQucnJJ//K79dVPPCBmClRzwqqyjxYgEFvXA7j6YyOx/ZnoSV9gwgIArzwbxfI/TB7ZUZ+mcY/16GowrDgfEYMYWIwMgemRg9v0H0x/h0QZa1PH9PPA6WIyB+zBkg8MHyY/vOf8AZ36TWDlpA+3HKz8KccD7Kk57nIIx9wAB/TI/XrqjxwpRia0NfZhda0LKA8bOyjAIGRj19T6+vQF6YdSMOKvxwolevkKUZVGc+mQf0Ax6dKHy4DCiOPXpzIHGmDiJR9Sf1yc56GpwXQXxOFFSMdmB8f8A6U/X/MDpKnBGNdIXkMLLFE4IUEAH6keWe/179ugZypywrMo9JwZa6Y/iPqfr+0//AEp6HqNgViQrXBGjwwBAAPckfTJ/4e+AD/59P+QwkiFmH7uAAkViEJAGcfu/bgft6Rh+9huhRyFz/T3YXjeYHBOcnPoe/wBP8cAdIAKVByw4pkJpSg/Tzw+R5APux27AYUjt9cYI66uJIkcCgOXuwAVAPEouO+e3f/b+zpM/E4HBvaruQGQAdu3Yf7Se/XFnXNSa44LGf5laYMaNVyMIQP8Ax+zoBJIvxEk45reCTNa4TNCIH7fMAZAHkuP9V7dOiU0zOftw0beJTSmE/wAFU+6QdwOzr6H9MD1xjohJU5H7cB0dIpITrwk1eM+r/wCef3Z9MjP+XRayTyHsxwiUnMnDYwr5YHcfqvp/jnpanxOI1TgTAM9lOO3+z9/Rh2pggG8D9mDe2n6f7O3+n16EUDaqmvsxwjetaN9hx4RpnsO+D64/8gO/Rlx4n3D/ABwpBHEEe7HmT0GMgD0z2/2jpOp4ffga8uWPe0pB+0DP7vt/cTn9OlEopnWuFqMH8F+oyfoewI/cQO3Q9RvLHFXHqYH348UU/Q/4MP8Ad0vUby/T34DUfLAeCnvk9sfVfp6HsB13Ubywa62GQqMCIx9M/wCZ/wDLruo2F0uMqH7MGEagnOSBnH2rk/p2wPXoSRTJjqxypqYAk6TwwHiPQdv3ev8AnjJ79CWanE/bhsgqaDPHjF2xhjn6+p/9OlV2H6VwoJ54D2x+0f5f7uuOZqcIRU1zwp7ZUfw+n1ODjPSZ+eCKsBWhwXw8j2Bz9fH1/wAhnog7Lzr7cDQ+eB9tsgHzH+n/AJdIz6szSuCAzpgpTB75JH6/+f8Ah0gJ8cK3pYgcMCYjjurf/WqP9fDpBxyP34bK04ccE9r9jf6f7ujDMOdft/xxwJGBEYHqD/iBnH7OkYljU4UqWGrHjGhOQWH7O3+GP2dKHYCmWF4ABeOCmMY7DJ/w6XqHyw2UWnDCXt+Xb0P6Be+R9P3Y6XqNypXAqpXhTABfHsRkE+pXvjt+vSiTL1ccIEBNHGeFPD9PT6ev+7ruoeVKYcppyAFPZjxj7fU/swB/+V00DhsRUOVcAIyPpj/EdcTTn9uCMZPHAiPvn6j07A/+Y/XpVkIGVDhOkBywPic59SPQ9gR/hnpetTjSuHVFFApgRExI+v7Mf+nTYkUGv+OBCGudftwqKzfRGP7gP8f8+jM/swrJryx56rDBIP8AgcdvX0GOuE48sEEMYoBxwQ1mHYLn9+DnP7eu64rywBjVjUjPCRryf8WcD6+JGP8ATHRdY8qYKr+X6e/HhXJIx92Pp2/3joGkJHIYAoSa88eaCRV/gJye4x9P07HHr03q/i+/BaPHCBhwTkAH9M9h+769LVjwP34TSQcuGEnrscg/U5yM5H7BgDt08JamhApgfXzAp78NmrZz5ZOAcehOR9MYPb9vr0WtRwI+/AyIGU15YJ+P4geIHcDPkoOD9f07dGJlHMYREKqNNM/HACr95JY4Yeg8QO/6du3p02XUkmoz9owQRQSxJ1HwwX2Mgg5/zH/n0QJVtWZXBBcvX9mExCwYqp+0D9CfT6Y7fr69E0inLMDCHSTSuQ5YAwMWHke2Povj9e31PbrllCrka4UFg1FHox56wbI8ft/UkZ+hGfTuf8uu6uWok192OcayB+Dnn+rCQgXPYEH9vR9b2YFmDqVJFDhJ4B3I8s98qcY9P2DPfpeqDxP2Ya0KBxB9v+WEzCe2E+g/bg989ycnrg6nmcORhAMyv6e3CDViSSVfv9AO3+zohKgyw20AZiwIocJfjuCSCDn0U+n+HpjpeovDCGDiVKknlgWqsMZBJxhv3/s/ZjrjIPHLBLbLp9ZOrBGrHH8PcfQnHb9nfv0okHI4B4WH8vURgnsKfXsf3rkfuz367qDDi2wKgtUNgHqn0+4D65OP2+uPTrur7cL8vGcgx/T3YI0B8QoVT39cjP19SPp0Sy0Nc+HPHSR6YwqDOuPGmwwRj1GQT2/X/HpTOBxpwwptiKOpFfPBGqE+S4JP1xjxB7Ht29Oh6441ywr21TUsa+XDCZq5Hof8sf6+PTpnSmVa4b6J8Rhu8GCQBkj6Eg/4nrllBzbIYZYesp4YbGJhklfrgAYA/wDo9OiRaZHAgafH9PZggicDsuQT2XAJH+GAMZ67qjC/b9hwgyYYqVxkHHbHf/X6DHS4D4RVh68ImIZzgg/8Xp6f+MddqIxykmpHGmEzECf1H/MD6fsI+p6MGvHBIdWZ4YayVgXbPnhiMknsRjv6L69OByBTLCMM8q0wm0QC47nPrkrj6Y9O/wBOkLgmo44WiKuVa4btXU+WB3GCcZK47D0GCOlDsOeBqDwGA/F818sBSOxGMZP+IYn16NZnXI544ItMgBhB6jAn7m+nYeOPT6fb0hlcmtcLpAy44BoIowzZPYZ+7w7fT1QZHr0IdsEFiQEitcIShWVWB+4EYAJx9cfvx0aOxOfhhQwK1HHDJyo8gVBJJP7f0x3Pp26dqfHDfUck6RUYZOPIkfr9OxP+nbpwTsopQYjOZCxOX34QkJkbJwwJ7gjAIxn9c9sfr0gmYCgAwbPqarAEeGESGH2j6d8A/s+ufXPSdVjnQVwgbPLIYJNF5I33YcHt+uO31/Tp1HPHD7KNH8WGyfarKQrY7ZI9T3Oex7jv0pfPM0wKy6V00U/b/jgWR42XL47ZBI7fUZ/hGR0mv0k88cvocGvngytMW7Sk5/5QR27d/Xv00XrlQYdDSVOfppz/AMsFkjlYdzIzNn64HoPQds/XpA5AoAMDRipqathAwSqGPgxwR6g/6479OCQUz44VNac88EeJ0+/JPj39Qe3ocfTJHTgOVMDwOsg5YSaSLy8iCO2D5YIz65wB+g6HBGVW5Z+eGsrV2747gYAUDv39TlfXJ6VSwNBSn6eeAZ4jma1HhkMR7SAAyLkgEYz+76genT1BXSa19uAEiBDKgJPKvDHQqwtjs3p6du3+o79ZwgHhWuJAMa5jjhf2j4g9gfQk9yc5z6ZA6QCnxVph0smgHng6KwBUn7T/AMQ7f/e/r64/z6alND6cCJMsvg8f8sHVFyMDKjv3z3/Qev6dNa28cNl1rkajDoL94/X0x39B69+u1OKVw8ZBr45YUdCR9R3+mT12snlTHPKtMjTAKjjsGZe/1H25/U5BOcDpRJTiK4RH1cxTCvtj6nyJ9Sp7E/qB26bY6jXPDhCn4j9+Fij+nmCCfUlvT93fHQ0PGgqMdq1nSralOFQhUAkggkgZ/X9gH0HQ0c8BQ4dICgazl54UC4I9MZyfp3HoPTPp12hsEHHI4eweOMjGcnuB+gXH+3pNL8OWCBPEYV84j2+w5/Z36Y9Xnhvrs/pHPyODKsWMAYHrkeufr69ul9WEqwwqkcB/iZh3P6E+n+XSanHLHawPiNMLvBEUCq/07kdvRvQeuR1wb94DBmOORQVajYT9kqAWAyMkkgfU5Pb9vS6wchxwHqpzwqFyAQAf2fp/kehofPCVbzwdUH1UA/vH7PoSel4cRjq5UOePFVAY+h8TjGP/AKHqOlz5cMAzhVJ4DAoi5AYL39Tgdv0/TpCWAqa0w6h9Y1fDh/FW7ZZlK+gDHGM4+7tj9vTTSV4HniQInPE1SuVcOfx4l7lUb657/wCIOe/Q62w4NKDSwB9lMHX2s+IRcfQeg/8AvekqfE4ISKPGnuwb/pD9wjUAfpkdseuf1PSAuBQk1xxeJvUoAp4DCqpUYfdGW8uwHkSf34C5HXVbxOFWWMH1Cv6e3BhDAQcead/Qjv6/Qjt11SfM4RghNSSvurgQiD7Vx+hOB5E/qcjPSBmAqTTCqQQUjOfs44KYYgOyZP6AEn/b0WtsK5YKcqYIYl//AEbL+3Hj/qT0WpsRixbInCscSYP8Q7/pn/UZ6FiW44ONwgp/ng3io7DH+XQ4kBiRUDLCxhQ/T6Y+vp/n0vUK5nhgdVcFWsCScAg/sH1/bnv6dcZg4p/jgClTWor7P+OBavgjH2/uXP6/v64SBcqjCgECgI+z/hhWONV7s2T37kemRjGOk1Bs8HGxVqvmuBCR+pHp3JGfH/HJ6XW2O1+WBEUbAkFgQfTJBA/Ufrg9dqbxwoq4IXjgY4wPLEh7HA7nsMDGMA/TrixOAR3QENnnhTwH6k/tyf8A06GgOdMH1DhVY42+3y7t2yc9x6+pJxnpS1PVjteo0PP34B6UR7DyJz/wd/p6nI9OhE9fHCMhIopz9mETr0AOMZ/f3/y9Cf8ALpwXJ4E5+eAFt6STSuCCp4jB8u3+n7j26UzjjlhFBRQtcx7cKGvFnLKqj9B/uyek1t44MsCKHIeOPfiQMRjuO/8Amf3dcXIzY5YAqjekNqblXBTThB9GP7sgdKJCfhOWAMPIUqOPtwX8SLDEHGP1+mPXP7T0hlFc+OFEQGRp9+E1hJIBwQfoM/7ui1t5YaBkJoWwo9UZXxA9fp6HHqO+P06VZDzw4UbmfspjyV8ZBXOSfrjGR6dj1zPXMY5dSsFz9/8AlhT2UBHYduxGf8s9/rnodTY53bUaE0wIgGEUggqT+vbOe+O3r1xZvHAKTUDkMEFX7j9R6jxAyP8API9Oi6mVDgdEmo044E1XB+yMOP1fsc/p2K9ulD+72YXpTHMLXAfif8w8G+qjsB+wZJ6QzUyqPvwJjauYIOD+wrdvuOfp5f7+kDMDXBkuw01OeCrWAY9z6fX/AGYHXNIWFDjlicHw9uBaspxknt+nb/aM9IGoKDHNE5Pj7MFNVT38j/p/6dF1gMqj78AY2rnWuAEBYd2IB/8Aqe/+nQhgDUDPB6JfP7B/hg34w/5j/kvRdWnGn34TTIONfsH+GANcjsCSP/vcdd1fCmO0yMKCtPZgn4ue+D/mvXdU4QRODUVrgrVUXJx2/bg/7Pr13XHiPvwIShqa0wRqy9vABSRkn1yG7jpOsW4HPCsA3AAYKKiMP5jdx2GB9P8AL9ehLMeeE6dSCTmMGFVUyzfdGAcd8f5+nfv26LrFRprnjtGk1Oa8cKezGf8AgA/aOhB0mowWmuQ448IEH0z+/wAf/PozKedMKFaPM/fg6wRf8SKf09P8fT9Og1BsxTHE6s8GFWMj+Ff8uk6qrlQ4UITmMD7CfQf+P8uiq3jgcHAjXsT6D6k/s/29NyE6ffhSxx5ip75BUft+v6d+/TIZhwOO6jnicIkKx8sev6/+O/T6klQSc8JWuZx7wDdu/f8A8ft6OpwQ1E0Bzx72fH9Rntn0/b27fs6BpAmbZ/ZhwJIM6j7sIspHYk/55/8AHp0qyB81y+zAPqBzwQopJJHc9FU4Gpw3fJRhk+h+v+PXVIzxxLU44YeLFj28sjsP0+nRBjxckLiMSSSoJrgxUYwwx+zH/p+zpweoVXMYTS3M4L4EnAUso9OwwM/4fr0DZGmO0vy/Vgntqcftzjt3yMZyDgdPEuFoeGFYFuOBEPfIVmOP0Hp/m3TRJ/QYEJnVeOCvF9CpX64K5/xyAP06JNVMsENQGC4iVfE+p9c4+v8AqOlOqueOzoV5HjgksMSt9jZ79/qB/jnB/wA+lEg/FkfbhZEjRtIoThD2gR2znPfIHp/r2z12sHA0A+EUwHtxjsRkj/T/AGddUnhgGK19XHBDEmexwP07/wC/pdVOPHDin0inDBBEc/xIf8P/AE6INQ1GR92AMoP4mwk0GWLlhnufrgj0x+o/XpTITxz+zHAq+QJOPfjq3qvb6YPqP1OfrnrtZHCo+zBqdGQwi1VMn+AfsPr/AI9d1G/SmBMgrTUa+7BGiLD1yucgev8Al2/8+i1jkM8KrR1FKasE9r9fT9vb079u/rnrg7Hh+rDjSBeOHAjjYDyjDEY/5uxGDg+J/XoWeQmvHCEggcxheOpUfBM3tt9VK/ap/T1z00ZJQfgBwYzGZA92CvQr4ISVWB7A9+3f1Bzkf5dcJpRxGeJGg/xVwyl1sQ8nR1kP1xnKjt3Ofpnt04LiQ+k5DDRtgatQasMZIgpwhC+v2gDv3wTkjP6j9/Tis5FaYjg1/ltpHhTDCaM5PcZHYjBB/f2HUmOTIKwNfdgGpX4gT54ZvH93kclgfH7sdj6/s6dSSpC50xFEjFquMsIujE9sA47/AEz/AIgevTwKHjUjDhk/dop8hhk0Mi4wRn9M/wCR9OnAVplXEdnVDQnjgy1i+fuwcdz9Ow79IX5CuCiPVbSpphJqcoHYZ9CPT6fsA9e/SBhXOuD6Y5ccNzWkXJ8SpPYnGR+z9f06PUp4H9WOKsOJphBon+uP0Dd/8ulDDCU8wf088IujgeLHsBjt3wejGg554EvpNMNpIyMqxyp/iyDnHYkH65BHXA0NcNM0mkk8PZ/nhtJDjIHbsD9pPb6d+x/aOuVxWvPCyMUYBCtKfp9mEPY7kZ79iPEE98ZJJwe/R9Xz+7/PCK70yI+z/PBRVJy3mQT69v8A+DpOr+lP88PKHIBLge44atWH0Hb9QcH/AB7Yx051j54DPjpH2HCf4IcfdkKO+VxkN9Pp9fT/AB6Xrn24QLrBBopplxwWOqQr+cbBvIhh3P6fsOM9d1qZrlhY+oVIcDjTArBjsMgDuB7fkP8A64juehMhY1OF1FfTSgHlhKWsT3MbN27BRkf5emOj1ac8CSx4gYR8Hj9EBAwArAAg/Tv2+vQh4ic6jzwYZlGQwjIsy4DABl9PTODlh6ZyO/TgeICgzPngTIyj1AVw1eSVhgMQ3cNjH6E9zgegx0hy5UGAM7SA0Irhg/uZBLn9hx3PqCoOe/T6MCpY+OA1SjMN92G8iS+ifd3zhgQBkfsPr0auhOX3YRzMwyYe8f4YbFXXKt4qSPLxUHufQE59PTotSceeGWedPSSvDlhOOEtnyA9sKcqQe5BI+7B/w/b0rOCaj4vHCwLI4o4HSzyP7f0zx0lFCgXAyc/Qj6fQnt36xnVYZ5YnIpCnR8IwqtfyOPEkf8uAMfu9OkM5Aq3D34Ia3yGeFTCIiMg+mQMZI9RjsMdh0OvXmMGOomVCPfgwVT9P9o/3dOqwAz44TV48cHT7foPXPXM6kUBwqsVzw4jUynx+39mceuQAPp+vTOrRmMOdQyHSwwqYghIOM/XBP7sdie/bpdWvPBq2mqj9eDCEHGUyCMHvgjv9e+ekPlhqYK+dfVTB/bLYXDEkjtlR/wCfQ1IzNKYEPNXiT+nsws8B8QeyH0Pf1/2DoUcE0wQrGep+I5YGOHBOQrA9s9jg/oe5x69ESMGA0vqHEedMOkgTAyVH/wBL4+n+I9egLsDkDT24XS4yJNcLrDGG8cjufUKO/b9ueg6p5D9eFrRqEknCjQeOCoDHPfIAwMHv2GehZi+RoPtwrkgZYL7Tlgfa+3K5xg/vOAOlRtNRUYAM9a0NcueFxXBbOQCO/dckD9np0olNMG3UZi1eOPJEfIZQgfU4X/cegA0moI+/AguDUjL24dCBG/8Aqh6YAH/ljv0rOxH/ABwepfEYOsEXowXyPcA+uB+mO2OmjI68CcKCpNBpJ9p/ZhZI07qBhR2OPTP7M+vfpRJXMnPB/Z9+DCCMHOB2/wDpf93fpeufE4VaA1y+/BzGoHkAACcZOR/69J1dWRwbSEjBfaR+5+nb7fT/AFB67WORwzq1e7AezH+h/wA1H+7rupJy4ezC+nmM/fhX2gvogHfsQfUnOel6rMdNTnhRQGv+OFkDKe4xkY7/APp0pAHxZYdWUDhg5zkHyIx+jEfr+/pPT4jDgn8QPswfD4B9QfqT6/45HXen94YXW5zAFPZhXxkDMfHPb/P0/b0lY+bCmF1PzGCuGfAZfEA5z9c4I7Zz9D0qlCaBhgJCSBUACvPAlB2A+g+n/j16XSPEU9uCaUCmmnDAEEegyPoGyV/bjuOl0DmRgesfLC/i36f6j/f0gEZNAwwRdgK0x4K2f4Qfp3P/AK9KVQcWGEWUk5AHBjHIf+EL+zP/AKnofy/3sFqfkMe9mb6KMf8Aj/6YdNlhXIinvwmp+a4cmIAZYYA9SfE//irnoAzE0w8SgFTw9mDLB5fw4XtnOPUf5jri7cj92OUo3w1+wY81dgceQ9P/AB9SOk1v5fZ/ngqUFa0HswdYhgZGT/ln1/Z+zpdbc8N6gc8z7sAIFJ7AZ/y/1OcdBljtKnI0pgREw7EFR/h6/p9T0vDBKQp0jhhVIu3r9fr/AIfu66uD1jzwqB6L5Dt+z/HP+vXVwtVOdaYD2/Idz9OwbIP+JB66tMIGFeeC+x+viP3Mx/2nrtR5VwraSMiT7Me/G8hkEEH9vqD+w9KHYYCgHMjBPYPdWGAuFHocj1J9cD16LWRmDnho1clW+Hxpgwr57An/AE6AGhrhzLzwcVj/AOMD/YeiLnC5HhXAewAe+PT69x9f2k5Oeu1sMIyrz/Vgwjwv1x+8D6/p0nVpkTnhQFpx+7Ae2f2/u7A/69FrOF95wPtuPQEn/D/f0jMSOOBZnQVWpOD+yR+3/H/Tt0OojxxwC0zrXBfaP7f8x/59dxzwYRTn/jhYx5UDP7O3qM/Xv264mmeFahUgHPCQgwMD9T6H/AHPr6dIH8CTjslXLjhJlZTjxP785zn06cVsqk/dhmRnLUXPLwwIjLd8H/x/j0pkYZfswIKEVYiuBMZxkZP+Hr/r02Kc8hhaAZgCuAETP2K4+vf/AOiOuJQcGGFWpOYpjxr/AP0uf/H7+lVsvScsKVXnx9mEzCQf4SP8QOu9BzLZ4AkjIDLCPtOf/sb/AOpH+7oqKD8WeGDmKUNfYcHWsftYg5+oAP6d+317dBXQeOHo1DDPj4Ux5658vHwJLnAHfv8AoSRkAD6n0H16MSUFSw5/cKn7BngZF9aotatwy4nBFhkIOI5CFwCQSVDEMwXPoXKoSF9SB6dIdGoKzUYivA8Dz8MAqlsgpJwstVjg+23jnx8/D7c4zgNjxJwf16bMqV0lxXgRUVHtFcvfTCoGLfAaew4W/p07Ae3A8pJwB4+vby7ftx0JlgU0d1HvGJAgkloI1JNeVAfvwrHp77YIpuufT+We/fHr+/t0LXFsMxIpAoPt4fb44djsZmALRvmcsq+XLLjhYaS5/EYHT9cqF8Rg928vHwGFOc4wRj16Brq3X8a8acRx8/D30wp2+4pqAKp55U9taUwqNNISQ+Ucr548SSRjsRgYKlQTn0wOm/nVbJGB99f24fXb5mBDhq+FCf1YU/ooI8S5Vh2xJGU8ScgD0ySQPToTdgcaEeWYHtIqB7zgxYroDLlnTOo/XhF9EwDFJYiQrZ8nHfxODn6j1Bx2JGSOwJB/NUbR8JrQjzwD2VASGi1fxMBhn/Q7gI+wEAAt7aM6YJIyCuR4k4AP1Pbp9bxaChBoacuOI6WMkg1Chyr6c1p5EVqPYeOGsmqtJh0QnAB7Zzggsp7jJHjnv6dGZAKA10sacCf1ZcaccQ5UIaodSwodIILZio9I9XDOtMqZ4ZSrJEnuSyIsQYqHeWNEDhclDIz+2HUMMqcMCcEZwOgM9oo1GWNRUipIXMcRmePlx50pgxb3rsEjjldioYBVZqqRUMKVypz4DgaE0w3Zj5LEXiErkeERlj9xyVDAJEG838k+4YB8lywyAT0jXNmrrG80IkYZAuoJpxoCamnlyzwKxXrKXWGYqBUnS2QHM5ZDzNATkM8JPNXRGZ7FeNIR/Nd7EKJF2D5keRlVFCODkkDuP1HR/OW6+kTQ5D95TlSv73hn7MNmK8zYwTgalGcbjNhVRmBxH+eCRWKNieSCC/SsWIQplhgt1pJYg+fAyxJMZIy36MAf2dRrTfdnvruXb7G9tZ7+FQ0kUcqSSRqxoDIiMWQE5VYDEu627cbWCO9ura4is5WojvHIisaVoCwFTT7cOWrlwB4+Xc4+gyOx7jIyM9WXU8CP09pxDKlsqH78E9gR9mHgfXAJP7M9uhLE8gccAqZODX9PHBCnfsMj95/3dJrYZYEtn6eGDMMgj/z/AG9P+jkwrgOo/gMJ+PiCW7fpkj19cevS6QeJGFErAEEcRht4Ak4HYHAPbv2H6EfXpQG/CTTyphBM4J9uCNAncnI/wGP9vR63UZ4aZnY6q8cEFUDvjH+H+7oFVga0wg6hyr+n2YL+MAfuJI/dg/5nOelZmPKgwQDLm5ywlJBgjwTyGPUkDvk9uy9Kj0GZwjEn4akeRwkazk58E7/qwz/s6UyCuGytTU1r7cFaF849v947fp6jt0etPE4XpafUAKjzwmYnGMRH19e3b/IDpNanC/mHhmfbjxif19sH9SWHr6fUE+nSFwOGE0MfjBB9uEmifuVTv+gI7/uxjpQykVJGEOsZAGntw38T5HMaDJ7HI/x6dMjgZnLDQHn+n2Y8VB7EKe/oMZz/AJDt0PU1ZVJwQFTQEV9pwR0C/wDCB+8r3747Yz12RzxzxlDR61+3CROPUDH/AIH0z12n2Y4MQKCtMJF3KkAYYAFic9u/Y/tznpVABBPDBB2IryHnhLMhB+9Pp9M47j9c9PB0HDCjU3wVqME9tm7n7j+q9x/p0QdTgwS3EtXDWWCRpFwOwOPQZJIHY9u/fruqRw4e3DbROxqOGASjM5JIcg/XGP348l6E3NMiT9uHFgkOZPp9uEjrwrM0mcd8Aep74Oe3YE9d8y9Bowgt6OT4ZjA/hwHv7TyZ9TkDwOB9uCP0/wBvQGeRjVuOHBbp8TBixzywJSugx7XovfJGT3J9fHGek60nj+v/ABxIVIQoGjh48cFkirYyIFBHqTg4/Qk/X/DoquPxYRbeEevRkPPDGXwK4WNFyRlsHJHcj/D/AA6djeUGtTwwMnS0+kBc+Nf8sR08KsxA8WB/QMBgdj2xkd+pKT+n1g1xDk0lqVqPHDZqi4CpgDHcLnA7n/H/AOj0QnFa54QwKUFOGCiopwcgZ9SATgemcEf+fS9dfDHKoZgPHDeSqQT7bZ/+mA/4cd8jBAyelWdDkcsdJEENfHwwgKTsfPyAx27g+vr9B+3ojLGOeBWHWKg09uCtUdcjGV/4mGMenbPcH6/s6USx044d6OkVb7cJtCO5dVyoz4g/ofQfqQeuLVHo4nAaKk14rgD7JwPHBGAc49AMD/m6HXIub5jCErzwcCLGfMgdx2wfT/60k4P6dJ1HGWnEgUC1DUXCEqx5OSCTjGc/sOSO+OlEpP4TgXUA1Yr9uEWcYY+QY49M9z+wdx07UYQygAnVn4foMR0suW8cYJz6YyexHcDIPYdEMsNG4r6ScMHHkMAY79+47HAxj9OuLAeGGpGVyKVyFMNjAFcnHY4J8sYP0yxzkD9cdOCX08sNKBqOrIYS/FHif4wc4HiV8QfrkE579D1TgtK4KtQFh5E4Hf8ATH7sH167qHzxwADAmtK4QeHwJLDxz3H6kHtkeuB0SuaY4hdRJyBOWGorSeTOoZg5J7lfqO4x2x6dKZqZZYBUdGLo1Qc6Y6PirqF8gPUY+8nJwfXAHbPWVaRlNCRidEQF0oDU+PDDhICPuwO47Yzn9/ft0BkHI/qwRMi8lr5YV9hW7suSO3cZ/d6H9T13VPIjAHU3xLU+w4N+ImP4SD9O+B+vpnpes3iMAUJNdJ+zBlq+LAkKPrj7s/7Oh6nngui+FzCvi3j6gZB/Q/Q9L1SeYwQjZQWoKgZe3CkcAwpYDP1Jz3P1I+nr0hkPjh1a6AaZn9eFfbP0Ix9MnpoyZ/5Y7RXx+7BhCoPZQD+uD/59KXamZFMNrGQ1aYWEWP07+mB/n6fp02HPLP7cPU1ZHLCqwk9wCPp/D9P8ulMoGTU+/BKqjj99cKCLAx37D0x/l+7PXdQnMUphCGrlSnvwCRj0Iyf3rj6/pj6dJrI55e//AAwgAp6viwoEwAR9Tjse/wDl1xk8/wBmCGDKv0Kt3+v0/wBufXpNZPA4XI+GD+3g9/8AL/Aevqc9d1Kc8JlhQRZI7evp6n93+fXdTzH3Y7LywoICvfGf3D/ceu1k8DhfZTBhEPXxwR6Z/wDU9IW8TjsufHCyRH+Ijsf0/wDAz0moeIwoIGeDCND28T/nnpNQ8RjqphcQ5HYBe3bJOcft9fU9drXxwvp548K+B3wzZz+z/wAj9Ou1A8McFBUtyrj345PfxT/HPS9SmVcdVPE/p7seEJ7+RA/x9P8ATpNY5HPCCg4nCi1/qw8h3+36/pnsPTri+WZJHtrggU/4nBwin/7EP8s/7GHXA6sxjqp4DAhXHomF+gx2/wB46bbjyw6soApT78KANn1jP7PX/TI6dqMONrArUffg2CfVUP8Ah/8AxdA5yywMZ1mjfqx4IPrGv+H/ANE9AGHPBMY0ND+oYNhcYCY9e2Mj/wADo65ZH9WG9cX6UwJ9D6f+P39ulqxy1D7cEZI6ZKa+zBVz3/hzg+njkH6Z7jt0o8yMDqoupf1YVXJzlCe/bDL6fty3r0tRzOCQu4qCBhRWx28GGPqcY/X1zjpNQJoMAzsppUVx5wWUrjGfqf8A0JPRKaGuOYyEUofswYAnA/cB/l+39vSVA44NJTH8QNMD4nJ9Bj9SAc/7uuqDwwYfqGo+HB1DDxPiDgY7Eft9O/0z12OKmvpIC4Pl/wDlH+Hr/wDjddgFZ9Q1DLHh93qp/wAfEf8A5XSnDkhIHoGf24MBj6Af4g/7Cekw2C54lR7csD4n1C+vqf8AwekqPEYLS/iPsP8Ahj3i3l6EAfTt37d/3EdLUeIwVH8V+/Chibxz4MP3/wC4DpNQ8Rgk1A1bh5A4EB1AHg3+A/3npar4jBkqeIOAKMTko3+Y/wB3SVXxGGiGrkRT34EBs90A/cP/AF64sBgSHArVfv8A8MHwT6D/AD7f7ekDg46NyG9RFKYKUk+iqf3kH/z6LUvjh+qtnxwPtuQOwB+o+nr+z6Hoda46i+Bx4ox9FHl9CcAf6E9ul1L44BStNRqPbgvhL/8ASj/H/wCj0jsKZY6RxT0kVrgwSUDv4nv65/8AoenSK1RnhoEkVqowcRvgZTP7v/o9+kJ8/wBeHlYAUJ+yuEysmQMLg/UHIH179HqHjhqNyTU0AHtx4pIBkYb9gz/5nri68zh/UjZccCiM2S/2nIA/cPXt3/XoSwPw4AkK9ailMKKmAQcevbtk+vfuR020gr/ngFApmFJwB8/TxUH9MDP+XfpzqL+hw5qj5ZnHljlc48f8hj9n/KP16Tqr+hGOVs8hhcUpT6Efr2yf/LoGmFeNMONFI2YAP6e0YVWiOxdmz9QASP8ADGB00bihpkR7MOLA2nOlcOFpwKB4gsT6A+v7/XprrOeJoMOLFVgAvqwr7EZP/s9x6keAPchQBlhliT2H19B36EyElVrqZmoBn7z7AMGIXzqnCnDiakAAeJz4DGf89+Tfjv4v182w5pyTWa2YUb1vW6FbUJ5Bv2qIhSvp9R5C/PJNM6wCXwEMclhPcYZXOB76+p/Zn012xt37wvbe0CqDHGzap5Wp6kihj1PI1dK0UUPGukE42PafYPc3e18LDty0mnibqIZgpEEfBdckzAIlOJBOrlprj5Sv/f8AfMZV9Y0nx9x23Nvb9VNxyDW0INfpNPGl/ZUKkmrh2diUbaXWPCpsTM0ZkiZigWRiPzhl/u7+tNxud1JaS2C7XK7tBG9mrtGgYhEaRSdbAD1VNAcuWPuyP+176cQWsMd1HfyTLAgl0zslZAoDlVIGldVaeIOoccWRv75fnOZa0Wsj+KrVqvc8rew1rtsat6Oosa2tXrVM6ZtV67F3dHDhQfordQf/AN8j63hY7Bp9mV4z1HlNsv5q8NDAyaAakGqheGFtv7Y/pNrkuHTeV1j8tOs1Ij4rRAa0y4jji7bb+/n5a47Utmf4f0O4spCj66aHktbX67bzGtYV4qd25bq68Wks1lDI2AiSjMmcjrS2n9631MWNbe6s+3JbnXRnrcDIAsSypNQAAZ050ABOKA/2t9kXNzI1jf7xFEqk6aBjxpkWQn7TjP8Ajn/yZfM3Lt4sug/t+0NLhH5Uurd+T8ug0XJYNhXXVf1KhIs2x/pcuzoLfkKRJMUvvGohkKny6uB/eP8AUNJzLd2WxfLmJioiju2rkDG2tpxQV4oaZeZICv8A2sdlW23fm7hvXz2kUqFA4nP0xk0/zxP3P/kH+XdVsZ9Lyaj/AG48Y2cEMrhdlyXmbbT371wrxyKxpGqLVqVNrrIns2ZzM4rSugYeGW6rf/3zfqU9l0bfb9tW6Y1Eot7gR58mj65JPhnwNSRww4n9sHY0ky3Qm3ua1pUrS3pUDOlVBOdfiAOeIHm3/wAi/wAxcUkGhk4r8ZS72jsOOwbvY0K+6s0a0Oy2D17E9KnY5BQqGEeBCWZGKYBb22AwatP70fq1NaTWb22yJcdGVo5hFIGQxjiYzLJG1eABqM6nPFhB/ar2BcAX3W3VLZq0i60YJpyJRFYePpauOdaf/wAif93H9L2nnyb412lh+W8iparZ1+C1aELabU7h1r62PQVNhBYS5LpbEB8xZkNlo2dCS5Vay7/um+sjTLGl/CttNBbkKLKB3V5I2LFW6bBV1AfEppWlRi7g/tr+l0mkT2tyZV0gj5mapU8SxqVULxZieAoMyBi6cT/ve+WPl7i432t+bqNS7yC7Yh4txHi3GtfodvLW1c0tbZ6mtutjesNa3ciay69eVUiMSeKSRrKrI2M3367f3Btu39Nvd/v0aL0MkKW9vHqI6grLFCoSsbLmzk19gGJlv9GfpVtsIu4tkt5LJ5GWOeWWS4DaToJArkmpTkSM6nnift/O+/41Stcv5F8gfJsaRUtdaqDd/Ji3RHfiSvq5oKnFtXaa8dxtW917J/HkjmK5ijVmBFHb/WH61XXQt7DuPdTOJaODcs1Mz+NlGoeBzFMhliSPpT9PfmHVdpsZDoz0WrUNfAmoNBTgTnzxxf8A3V/3bz8C4NrOV8d55svlLYcN5Rro/kBNjyvkWn0+w+P5qsVnlG600+2jbVJvtdpzbsaaCeWN6t6HEhT3yVd2y87x7w3ebbe7d53WVL1GMYkuLt63Kj/aqsYlr02P80LVh8QUgHFm3bVh2/Yi92na7S0C+lY1giU9ORgriRwNTsAfSDkRkSMT45DxHdc11e/rTbelrdPV3Wv0HA6motcmga9vIuN7RN3ymgFjpyy29Tr1etMllrcplle6kjOuMRfQT3FtLb7oDcNc3PVDieaVllSSWMiuoKheqIyFdQ6RLGla6yGzWFtdrGF6CmJiESLXG2aqumunSQKr8BpUNUAYT5Rto/8A7jOvpcQvSUtxyZecpwbn2/p7SiLHJJ9ntbdGHmEA0bS63TU62zWGu1W0iuvjWxGkbeUmNpBukG77ujG2ino0YQElQixuqMzhgHA0GlBQswJxCh2q7jS7traJBcmIEHqE0Na1yXLTQEZN6l4AGuMei/uLlq6m7wPZ7Pb8BgscF+Oqel+RbWw4xZ5BU3Ok4/PX+XYNn/S6tZrm62vL9WZ4pxHG1oXXaOII6eNle7XZtJHuO1ITOLmdOkjSFY1kp8ugDEEgRBgpOelfHEuy26+kmL7ihn6Ah0AuQJTRmaSgXkcn8HYacsdG/wBvH92us+KOca7knJPkd+dfHt3jfIZLyU7h1m+2O4k1sMmod9NtB7cENl4ppmi96NUkRSEKsD1uPoV3dZfSD6mQd3bhBeSbUlrLbtBAEyEyoA7K8oD6JBkajSpqK0pjJfWHsO4+pXYlx2xt6Q2W9Sz20nVl1FFEDVYJoQuupK1prqciMfS/49/+RH+zrn8VQVvm7jfHtva0su8l0fJjepz1qtexLWt52UdObVSzVpY081SYke4uMkOF/TTtv+4r6XdwbXDuN9e/0u9kUF7e7UrLCxLDpuU1xl6LrojsNJBrj4I7h/tu+sWwbi1nbbc+52VaRz2zI6yigJdUcpKqCtKui5kDGwcL/ul/tm+St9X4vwX57+KeU8nuZFPjuv5XSTd2nyAIoNdeNOzJO7H7Y/H3D6+OO/Ww2r6s/Tnfb2Pbdm3qxmvpPhTqBWbiKJrCh2y+FSW5gEYxm9/ST6ndv2Lbpvuxbhb2KfE7Rgqo8XKM2hf4motcq1xvz1JIj4SwFHHqroyFcBy/kGUYCLGTnuGHdcjv1vxKpBbPQOJ4EDx0/FTlUDHneQTqMBoBNTxACirEkVHpHLi34QcIfjORkRMR+oUj6/twekMoGdfuwvT/AITT2/5YE0JWA/l5+uMZI+noSf16QzAcxhTbkj08ftwT+mzZGI/EH9ft/wBB0ouAPH3f8cJ8tMeAJHswVtdMCQfH9MAnI7DucgdEJ68m/T34HoSA0Izw3NaRCC65X648s49PQ4+vRCXzOOMTJ6mHpGAMIbso8T65YED/AGnv0YlI/FgCVOSg/rwk0BH0B/8AqfL/AMh13U1cTgSP0phMwSH0U4/x6MSqBmc8L0S2emuPNWkJ7IRj9f2/pjPTfVX94YXQwzPD3YIazg5K5z/ln/H69Esqg5nHKGJ9NCcEeu/b7cfs/wBh7ft6R5hX08MI8U7Gowj7LD/h/wDH+Pfo1kBFTXAdOmTgasEaFx5EDsoGcZJ7/p9ekEvCvA4Vkybywn7HkMnAI74+4nHp/wAOelMwFKc8CsQNfVQ/p5YRMIJOR6HHYN2H7sd/XpdTHgMcgPwkgnywQwJ3+8L3GSTjH7x69uh6jVpTBPDQ1LZ/p5YMtWE/xFi+e/j4lCBntg4JxjHRmevA5+w4ejjgppfn5YH8Sug7ID39Dj6/X9emzPIPbhzowL6l4/swXyrQt/Cg+uCoIB/UYz9B9euAkk9RY4UPAgoKL7RgjW4PPz9tCMg+ICj/AA7gdu3S6G/eOO60XhUeI/44YzbFAjeCpjGcEn1/d3z/AI9OpDIcnwybk/u6R54j5L7Mv2xpkHyyB3I9PUAfr04IQp4nPLAPcLp5H2UriKktsxbAxntj6evf9/fqQqADEVrsk+kCnnhqZ5Tn7z2OCO36j9h9OnBopmDXArLJIxo1MJvLKw+uOxYZH07nA9Pp0pK0I4YdZ2XPUCn34S91wO31wO+CPQ+uMnpQSw0rho3HgB78JtIR6gFj3wue3f8AwA759enFBHHBC4CjPSThL8g4A8Af8Ox7+meiphDdR88j7sINLNjxWPAP7AAO/wCnXUwHXJyrgnuyAH7ckfs+vSkZVGG+vQ50I8zhIzSnI/h/ZgYJI9T2/Z1wWuFM+rMsB78NneRz3JBHbsCFOP1+n/l08qLTOmEa4QrpqK4bv7oJJJIHcnucg4/YfTo6jhy5YRZMx488IsC/YHBznJB7/wCh/XpDg3ZaYRdHHqwxj1Gf9QQP06MuCQKZnDAbP1H04SMJPjh/LKkn+LA749Mdz/v6UH1cKAYM6dAJarkZ4SZCD4vlf1/X9f0P6dLrFNVDQY7JW0tkcJPCx+5RkfQnP7fp6/59CsoY0AOOopPEYIKhZSe4x3OQ2TgAj0HQySaTmOXlh1I1IzI+3BDWz5HyAK4/X9mfpj6/Xo1eoGRzwJjyJBFBgv4jnyBYDLY9W+mTnt6jt0BnXwOECFhUEccImqwOCQe//Mf9M/v6TrrzBxzIVFThN6qsyq/fIxkn7V7/AFPf69GJQRUYVFByJwk9eJWKjJwM5B7HsPT69d1DhWRVNKjHRscAwPt7A9/L07ZwOsi7VPE1xMjCAek4W9oHsfH/AAOP/IdDqYeP2f54KpwcQY9M/wCB7Z/+h0QbxB+zCgVwp7APcsc/XuP93SajyB+zCcMLIgHoASfqf2dN6j5YN1UMVBwp7ecjCgHse/0+vSqanP8AVgafpTBvaGAAMkDt9e307Y9B0pPhX7MIcsGES47xjP7s/wCo6bLUNK0+7HVOFBECDkY+gx3P7ew79GSQOf2YSuDCNR6j/wDBI/w79AJKc/vwQqcKKCT2/hAycAen+/pTJXnT34RdRahoBXCnhjK98nBPbJ7d/of2dKJcqVGHGQg0FKYEgY/gH+GP9/Qa/wCL78GY4qek1b24OIycEjC9sHtj9uAB/t6RnNONcAq0OfD34U9vsceRz9QR/v8A06RWqM8OBEOZNP09+DLGMABT9fXP78+uMdLUeOGmBBotCPYMG9sj6jA/afXpCw5ccO6Y+RqcGVSD3wR/49PTv0qSEHlgCPAV+3/HCnhn/hI/8fs6IyAmpphVCkeqin9PHCgQYHqP8v8Ad02XzypTC0XlmMKZJH+04Hr+zOeh1nAaFwIUkZ9f8cH/AMhjpQ554JQqGv8AnhVUyuCo9frlvoO2QD264ua5YcL1FF4ezBhFk4VAP8CP8e5Bx0Qcczng1UaR/gMAIWLd8gE98BR6f4npNYp54aWNAagN92F/a/Q/7Mf69IJBzwboCMwT7KYII3Geynv69/8Ay6NZgOGAGhMqH7jgfB/+Uf5sP/LpDJU1zwupfP7MHEeD6E/sx/8AR6IlQKhsOah44N498eIOP0XrlkVviP6sKD6qeWPeH/0v+n/l0WqLxxxY6qcqY8FbJAGf0AA9P8ek1LyYU9mG2ZAczn7BgfZI7+2P/rQOlY5ZE19gw4agVrg0cXkTn7e3qoH6+n16AM545Ya1SE1XPChhUdgzEn0zjH+zpS0gFQcdWY8seEII7t+8f+M9EstBnx/TzwnTrmwNfaMHWMAg4P8Akw+n7ek1g5Amv6eeHwTXMYU9sN6DuP2n936/t6UtTiftxzCuPGPx+mCf1wf2fVv2dDUtwIw2UkHwEUwYQ5Gcjv8A+P0PSdcJ6SRUY780ZEA4V9oDv4en/wBI4/1Pp0rOAP8AMYeIbwwb2mYfwKf2En/P16AOpPH7sJVjz+7B1jCDDRgfXA8j2/z7dLUVpXCfmA/w4OqggHGP2A9v9ehLAGlfuwtT4494L3P1P1yM/wC3pQ9TTP7sHR+YNMeYADsP9v0BP69HQ+OBzwqIwB2UN3Pcn9Dj9R007lDTCVODe0p9Rj9gzj/b0HVbyw4KEZnPHjCn7R/n13VbywtF/ex5YUB7kkftA/3dd1W8sdRf3sH9qPJ9f9B0nVbHejmT+nuwHtJ+n+3/AMjjoS7E1rjqL+9gDGv/ACDP6n/z6e6gHP7sNsdTV4YAR9+6Kf3f/R9OuEq+JwpJwosQ9CpXuc4/YB+8dC0pr6eGCWhGZpg348ec+v7+m+qa5nP246i14/p9mHafijt+N3/Un9n6DA9OgYM2VSPsxLRrMDSFFT7f8cGb8fHaAL39e3SKGXPUT+nlhT8sOQGC4T/hhjI/+mXPf/AjpW1E1qcNs0IPpoR54IQme8Mef/qT/v6SjfvH7scJIeaJ9/8Ajgje16+1GD/9Knf/AFz0epuBOBLxnkuCFl/4VAP7v9x6SpwJMZ4UH2/4497jfr/oeuwQlp8LUwkbEqt4+Kn9CV/x+7v/ALuuwnzLjLIjDgWJRjBXP6+C9/39sdukIBFDww4Lhwahs8VfnHKrPDeE825rDp7vI5uGcN5Zy+Lj2rVBs94/GeP7DeDU64yK6Ld2P4HsxEhgruDg46iXsklvaSS26CWdY30R1p1X0nQlaEDU1BU0GH7Lp3F9ElzN0rdpVDy5kwozAPMAKkmNSWoM6A0x+Sn5Z/vlvf3KzfJ/yBLwr4/2XyLxrR7qpVrcevcnuf07VcVrajkFLwbXTrQtah4/bs23m9yVxTkidgCU6/IXvncO4O9e74e4u6zDb324xwxqLaMIixKWSOIBmlJkQalaRmBJNKaVWn649n9n7N9Ptgft/t2e++TsZ2J6susNNLR5ZCCNNHZtVAKCvpyw40vznyu3W4h/2xNFZ1vP+KTS2dLR+PKzjW8sl/ENGltodhFWFevsqPl4vgx+eGXA7def/wBBgRpzdtJEttcsNRkYh4xQKRwJBFM8bqSzT0zlSYzmKuxJ8edf8MXXV7fkT76GjQ5Q1JJr21tbfjWt4lHElFJqqrTtbJ6ytDLuLUSshVCipEpDAd/KkurTbOoUS3QAAhXEyhZTUGkdBUN7ailRiRHaqLcsytQDJjI3j4g1/wCOLEmx+VNuZJNPu9NzXRUjWp6VpeI6/j1e2liaFNvR2Nm1Vk1yNVESGsz4T3HUBvMg9MiytJ5K/LBZS61PUDofCooCCCAwNaGmk5HDUw2mH0zPIkjcPW5qfCgNfPGeycp+TNTTXksN3gmluz3pr1XYwU9Ld1NuOpdpSU7kljZTiKruWeORZLEaoxjCxvkIHNrNY7aJGjSOZlReOoKA59R00ABBJr5ZgGgGAtbeGWRo5xMUpl624U9vPEpzPkei2tPeb3dya3Yb/aaK1Rr29DwA7abQ7KKozazaprs2adurWKOJpCJVZD5MrKV6rLNLsy25toT8usxNDNQHw1LyH30w8luiQm3i6iqjcdWZ9tf0yxmvH/mjmf8A9zPYci51BuNVrdBX4/aj1M2n42lczSa5IvGhqRtUu3KGo3EUweKUh5WnRoUI8kF1Js+yxbqm32bwuSWVdOo/zMzWqgGlDxIFOOIUsMMaKSemQasfUQBX1ZDPhkMYVurzbeTk/Pd7u9nrNJekoyfH+lo6Zfcv3qi7I/JWw5GLegpJDb1dYQoPZ85ERPxwiM4k60cVstkibdoKbmkbrLLJpjUEkCFUo7a1kHpUE6hIVNNIIwHQ61wb20EZ24jKR206IuLMysSGfKiClDXMHFV1cXx9v54fkPh/N+V8Yn+UYVs8fp73dHY8T5xWqwRWZdpW4zsljfi2wuI8TedCda8kpMs8QaTLSNyk3CE/0q9s4qWLEFzFplQavgZidMo56mVvUaCgAGHoNuXrruthL/tbtUYKsqGOhQD8tGUhOHqVaDVUgCuJTnXMuEcP0NW9u9vyiSpxDVbrfQ7f4UtcV1drlFHX0GuT66ateozXE/G2PgpSarJPYQymMgkM0TYrOXc9xNvCkLrcydEfMdSRUalQ3qXSqjLPMAV4Yd3CGW0sHvrdDClspl+NpS6J8aqkZB9X4BXj9mHfxlyil8wapNls+DGyi8bvV7c3IbTbJYpdhQeHda7YT7iWHXbDWIkj1ZKjVvyA4PueKk9Dfxt25cG1tLlUC3HUXpalUKHVoihBzzFTmeHhh1LWTcrMTy6xHIqgqKDS3Fh4ihp5+NcVfhvJqVK5tBxvS0+FM9Gk92K1IX1ewTjPjqKmxht6y/bsWYLSvHD/ACEEbeaxzeIWMF/dYJYlj1vFLN+CiAEBgztVuJ1sWJ51JIpQHEix222jdkhqnElRQKeVSKZnz4460s/K3I+S6Ti/xhVg43TqcYtPV4jDrLt6xstjV5HYu3N/NdvNa2Ve26GRhFXRYYYYY3RkJCFc8Xkll/qNwDrCaK1GlADwAzNQKZ5nxzxDg7YsrF3khabVMasxNSPLhwOOFq+y5cvzh8ucK5Pxzb3uOcZ0XAeUa21Zocfl1+r4jetS6Tde7fjkitSXl5lrnnEbREye92XBOd6kUN12nt+9bdMj7lNJNDKqih6kRBjc1GRWFmVTWmZyrjoJZYe573aJIytuIbWaFzmnQdZEcL+9I0qkmP4qqDwxtOrpcn1fA/kSwms1wEmz0TauhsOQRUknXXbT82/tP6rBUFxNnrtPO0sYicLD7cYVlRXVs9NHatuECltMJWsjA+rXQ0Wvgcv4hyxNu1cTIyqGeo56efjyrz8sueKXbs7TkUfINntOL8O1MmjhpTOdDyHSTyXBqpo6lpdl7dF6722eeuWiBc/z2byQiQl1UtLSSCGOW5mkkYoWlilUq2kk+kMCwoANRJ4ADicN9G5liPzEI/LcVKyorEerKtOHqGXDIZYj11mxvb6Sxe4nrdVrauoXYVORcUta2zdsQ2ZalYVbFKKGlttddjdoz5qzRn2z4ZAGJLPElmIraYtdxy/yzrjqeTLnUjkM+IOeLG3hnSZ4+lILNo/iLrJx4gnT6TTjSmVK4+8n/wARXzdzXkW1+QvjTkXy5yPnPG6HHafJeLaT5Anv7Tk+q3jbmpW2sWq2++hXa2NDBq4UElVZZ69aTwZSvuEdfZ39rXfPc+573uHZ/cF0ZbZLRbi2jkm13DMH0zFS+qRo4lKEqWK1bIUx8J/3d9h9v7Lsm2977Fty2u6vfm1uLiKLTD09GuFZEWkSu7awjaA0pBBNRXH3C/Myf4c5+n/pjHX2nQ+OPhAXRJoQKYK9jIwPNBn6HH+GQM9KKeGBaTmtB7MJe6xH8Tn6A5YkfX9MfXpfZgOtJyYj34AuT6lv3/dnpa4TqSHmcIFmOMsTjPqc5z+v19ei1nCM7MKHhghK5wVUD95H0H/037ek1nAr6DVcCHRe2P29u/8AtYdLrbB9RvLBWmI7hV7+gxj64/U9Lo1Zkmpw6r5ZnCDNJ3DZK59SAA3+I7+vS1TlSuE6ikUrhEyyqcBQP25P+XqeiBHM1wgKjn93+WEi0h9fL/DB/wBuOu1Dyw1Kzk/ltQUwXBPf7v8AJejEhAoKUw1pc5nM4RbzHqcg/QdvTsMYyf8AXpS5IphwJVjqZaHAL4If5ie4QPQPj0PbPp5dASTzw6OlHmc64ObNRSCKagqPVyXJPbuPv6Ah65MQML14K1CDCbWkYACCBQO4+w5798E57+vTixvT4jgzcQNxRf09+GLSeIJEZyRnJP69+3f9vTgVwak5YiGZmFCBho8snfy/XBAIz+z6jt2/x6dFOeG6nDR+4JwScfXB7f4k/wCvTusewYbYIeNDJ54bso7kD6D0HfOf2emB13UHngRGacSPIcMMG8AQMAgjuTnOe4/UDqQGkBzrgAXJoxBX3YbSIAMx5yex9T2x+ikn16KpJ9QOWDNFHoA+7DGSNv25x3/iGRn0746dDDEORQDyGEgh+gx2xjv2wf06XUMOxBF9WrPAlBnDHA+vr/u6AuaZA1/TzwQZfAj9PZgrRxgfae/+P/p1ySSA5gY5umwoSffhF0x9Cw/U/T9g7+nTwlNM6VwyIYhkWP3YRKE4JUYH+Hr+89CWBNcOAwqNOofYMJkFARgjv45x/wCuOuBFa1xyhVFKgnCOPElgSSfXIX/f0esDgftwIRAxbIE4AgFGJJBByOw/Z6dAXJPKmHPR4j7Bhs2Dnsf34GenVmKimWGzHETWowLlXYADtjvjOCTn6foMdKHXxzw45jPw0wk0a47ADv8At6LqU54b0xH4uHlhCSIEZ7nuBgYx9T6kE9cJtLBq1OOIjA0rwwkIv2P/AJj/APN6VpwxqcNCNA1Sajwwm8Pl3KtkehPj2/16ESgHnTBSKsmbmr+J/wAsJmFj9cf4f7s9Oi4Vcx+rALGBxIpghiZVK+RJP6/ux9cHoHmWQ14YdGleeETGxLL2Gc98/Ugen+HRC4CgDmMIo1alJAU/p4YIyeOVHkM9z6k/4ep6bMoJrg10R5ITWta/d4YR8DnuPL1yR+059exHfpNannhTIWyLEjz/AEGBKFcZXsR6ft+vfv26XUvjgxRDXL34TPnnsgIx4jsvp+n3DI6TWvjgWYMxbLPHRaQN4gfTP7fT/L9esq0gPtxOERUUUH7sKrDg9+/b/wAeo6b1kYTpv4HCywhhnJH067qn9K4ICVclqMKiFAACMn9ek6ns+/D6oCtWHqwdYhjPl2+nf1/djousfLDRQr6zxHtwZYh3ySf8T6f4dd1CcscrMxoDTCy1gO4OD+8/7uk6lMjhTGx4mv24MIBnLHI/zz2/d0nUHgMJ0j5ffgwg757/AOH/AIx0OsnCdI+X34OIAfXOP2gf+nXavLBCJuVPvwosCL+vrn/L0/Xrtflhek44EYN7Kk575/Xtn/Z0mvHaHrmRX34H8Yfp/s6QMcd0mGdR+nuwdYfoWOP2FT/+Sei1+WECOeY+/BxAgGMZ7+p9f3DAHSa8F020/wAWPCJQO2R+zt/u6XXgRHJTiMKiAA9yf8+k14Xot4j7MH9lP2n95P8A69drpgljYfFQ4MI1/b/mf/TpNdeGC6aniMD7Oe4z/mP/AD6XXgDE1fSQBg/46/qcZ/d/49Ou147pv4jCqxduwOP24Hr6/pk9cWrhVjNfVwwcRd++QP3j/wBehDEZDBdNcKhFAwB/v64vTM4LSSKLlhXwyB3wfr/5fTpsSKcsEQcB7bfr/s//ADeiy8MCQTxp9n+eB9sf8Xc/4f7h0QcDiBhNA8B9n+eDe2n/ACjrq1zGQx2hfAYD2k9QoB/ef9M9KJRShAPvwrR0aoyoce9tT0olUcFH246lDXKv6eeBEKn0Hf8AUYBHXGUV4Ae/BaaiuVce9rByF7/rgf4+p6XrDkF+3AdOubUJwPg3/wBN/mP9/RfMHwH24MgnI0/T34MEY/T/ABOO3cfoekMzHhQYQLpzFMH9oZ9cgY7Y+vb/AC6TrMDQnPCgkGp+EYN4D9v+H/0OhMormBX24KlcwMsCR+pP+P8A9DruqOQWvtx1COIGACgemR+7pTNXiAR7cKc+AGD+AI8j3x+vr2/T/PrhIfw5DywNDgQpIGAMfvHQfF6jxOOocL+PbByT+mMdcSFFTwwWhhnTAgNg4B7D936Dt+7PQCZBzwoBHCn34N7bEBj6enc9/X6/vPS/MLxrg/WUrgPAj6j/AMfvHSGZCak54aCmmdK4FUBU9hnPY+n6dOGQqNXhh9vhIx72v1wR+w56RLguaAnDGhuWHCxswyo7f+M9I8hr6qk+7HFSOOB9t/8AlPQdUeB+7/HHaD4jACNjjH1+h9frj/PHS9RSKiuDWIlCfDBxC/7B/j/u6TqDwOA0nA+w37D/AOP246XqDzwhSuPey3/jH+/ruovnjtBwRRnxx2JOM5/f/u6MmgrgtBGdcK+2wwSwOOg6g8DhCCcCUx9QM9/Qn9n0B6EuSfTXChCcB7b/AEPb93+/B66q/iGeOKkZVwBicDPn/t6IOCaZ45VIYHBRGW7eX7e//wBHombSKnDkgqPfhRYsDu3+Wf8AeOmzKMAoAGYrgfAj07j9c/8Ar0QkGBK55cMEMWfr3P8A9K3/AJgDoNbYLp+YwQxMPTv/AIddrI41OOCgcc8JsCpwRj69L1h4HHFan05DBfFTkn1Pr6567rp54HQfLA56TrL4H7sL0z5Y4O/+T3YfLmq/+P7+6nYfCNL83n0PxdsoWaG3fo7PV8Mu2K1P5A5HoLWtvay3X3/GOJz2b9eRZh7Yrs/jJ4+DZXve5u07VvmsR+cIGJzp+WM5CKGtRGGI88b36Xx7d/7g7UN0kaO2N0oVgAQJjlBrBqDF1SnVBB9OPykf2/U+W7D+3re3ItNUo8svfHev4lzFN1txcVq9WGClvtKYWsWtNoodpxmnKrMqdon8/FPcA6/KDup7GLu0RwyyvtEd0ZINNKGP/pjgDUUrUmudTXH687fFd3GxWw3SOGK+ZR8wnPqLkdfiSRqy5EYtO6qpPpvj+58W73T8J49xqPbUeVza+KOxa2tVbuuFOLXSp+NDZTQxBwsOUsSwIxjz5DqhiuIBc3q71bvc7lKG6IBJVEMbOFmAoNWrPLPwxePbzFluLWZBZoAGoPhy4Z14UqcJ6Spy/hlnTba1zqr8gtv13tw7HTat9Vs5lr2rNirU5BC3KbrDZVa88aU/sEckH8pCrJktbhd7ZuFvLFFYCzdDCF1yIxXUDq9IjBqfGopxrQEYnWtjdwoY72TqR86w0y9vAZ5Vxdf+/Njv6tyWnteQwexuoaG1p14d3qYdfsqTkTw7GOtGk16R/cBeOVUliVfF8r4k09zatbT/ACs4jYFa1X0nKlAaUNByJ/mfEKAYsIYbeYaoglaU4DhlwyyHnih6y/pePcjv7aSGXV0aCSNbl1nG71zXxnctVlrbRtbOa9UayFasiPHXmfzhkdmiLoCzsls9w6CQeutK8PSBwNKVHnx8+WEMEcY9KgBjQ+fsOLBynlwsP5SRbO3TnpTX5r1KxZGzpCgIZW09GXX7ChQJloIsZJR/ed0hB7566ztwQIywEiklFoM8/Gnu48KDBz7YkMJZAqn2f4192MA+ZNZueeXthxrjG55fxq9oeB7XlGrrcWi1yvY3tjX2LfFNJsW2es3UNSrtt1Av5LsbPi0ZZxCzeXWt7c3COw6d1fRW823S3McD9bVq0u6i5I0stOjHq5jnih3aze7jmtrCeeLcVjahjMYUTlSI4i0ilNOsiteXPhjLuCbz5I2XxR8c2qsO74Z8h8n2EWnD8n5lctJuBxz/AO3HI7NbYLLToRvegksSxJHb8GURJExYhVst4tdg27uS+hikhn2e3g1EQqFCdZjHbofSDpjRlYEszBjWuQOIuym/uNjtZPlktt5uDHqWRxIC8QOttADRjr9OVlo1NKn0cx1ZqeEVa3LvjjXanTcX4nW43Bf51a1G41p1dS5r5pdnRk22ju/i2fPbxXtijtBChlIQFimSTiJt3kls7ueU3FwbiQQ9SOsjIUAr1FOYXmX/AMMXE+3W8MwSERxxQLraNVGWupoo/dz+2oxzB8haXl1W9pNrZT5OTVy/M8exr7/g9rVUdjwzRa+LXNr+M8w4pPF7u5+Od3cs3IbFwuY6okgLITh13WxzWL2dxbr/AEp5xtQVopauJ5anqSQTimi4hWmmE1MhyHDFHuC3LTwEG9EQvxIJYgo6agflQTJpPVgkbWCVGqPTUk11Doj4u4VxrVX+d+wnJIY91teQ2tLZvW32VPYS8isxT3IqWoptJDHLb20LgJ4LC0CA58hnrHbpfbjew2ZbQ5WNQRGF0IqfCeBNR7SKccaNLO1sZ5eiwIeQ8KnNszx8cOuP8NSaXapbpvENnY5CI/MG1Rr1Njd1bVp9XWNiGWG9tf6SsllXQNDL4lAyjPTl3fODE1p+ZpNRXi7aSCo8CFq3uwUQgEbSFlVvFufl+v241vS6rW0OKXJd8/FdZyYwIq67QU0G2FTY15o9Pcl5G9SS410Rey7tEsQEjMpz9xOfvGeSc/LpK1oRk0lKsScyCABQH0+7CK8RNTT2jh7xjmgx6GT5x5Ncni0kUWy4Rx/SX7Wy5Hct7eD8DZ7t6elOqlR6s0ZtTy3HsOBIqxpGCG79avqXS9qW8adXVHdzyJGsGpS+gIW1ilfTl4U8+NdSzXfDIw1D5ZdTc10OzoAK0GlmZgaVqxryx3lqqXG7lJq2u2VGpq49Pr2o6AVXuQBSJ/61X21yUPKKFtZGidkeNvachAwIxh2uLmKqSggsAa868anw91PZiUbfU41KHSuZPln78Zrt9XxOHfNb0d7inHltVUEzvZopHVhnqUtcNFVswUNS888Mut/KMrx+5lh5s7HPUmHc9w6Wu7WbWXDAK5JGRGrUc6UypwqeFcT4rTWhGhQa51AzzyPkaHhig2L1Tj0toWmWcFAtaTUW9XAltY2WUXFWSavA8jzTSOxwAzNk5PVjExunQW6yI4UEtKaivHjxpz44dFv0lMkmkgtyqBWnMDKv7KY7h/8Aiz+VeIca/uqr8Y2fJqvFn59wzkWo0lTnE1BpeW7SxbqzVtHwbcUp71Wpya9diRmqTPCt6rC6xsXQR9fUP9rry7f9Tfn7qexFrLYywVYVkeVyphihc5qzMquaEAojggk0x8u/3dbfPu/0ie3s7a+uZ7a+huPyGIiSNNQmmmXg6IrFakEwSOhFELMP01PCUYo/mrDsVPZh+w/UHr9JNZGRGePyk0gjjVcE9pf1f/67P+3PXdQ+GE6S8aYAwIfUn/E/+nXdQ+GEMRPw8P088EMAz2Bx+8dd1D4YURgfFxwQxrn6j9nXCTl+3HFKN5YAxJ+3/A4/2D9nS66ccKUHLCJjXJ9exI9c9v8ALrtdeGAaNj8NBhN4lxnvnOPX9/RdVuGB6T+Iwn4fqzEftxj/AGdJr8sd02GeWCOgAGD9f2ft/Z0WseA+/ANVcznhAqvqxJ6WteGALnlhIj0wSO3pjP1I/TpRJTLC68IOreQ9B9exb9v+HRmQUy44Iqyiuf3YIy5BySTj1J/Qdv8ALpFeh9XDHR6mJp4Ybfcf3/rnH6joy6n/AIYFszmf24RcZJwvfJyfr6/tPc9GrGmRywojJFc8IMx9ATnP64wf0BORk9EHaufDA+lRpPxnCDFiM/XIB9O+Prj1P/r04HBNBjqYQLdycen29vXHr2wfrn/DoqA4AlVapPqw3cscsSQD28Rj9n+mOlphltZNVY09mEZI+4wnfHrg/t/+mPRGRqeo1Htw60SqppTCAgkLEmRgp9AMZBGB3JHfrjLHT4R9uGOkD+L7sBJAAMnLn9WGSBkdgVwOlWcD4QAPbh6KJKEEBj54QMaAZ8MAep79zn9p67qucwcscUj1aaCuE3WNlI+uOx7/AK/4dIJCp1HljjEpFAM8Ieyv6/7R/wCZ6dFyDx+7DRtyOB+0YTaH6DuMftP/AJjrmn/drjuiRxI+zCLQnDFR6HB7ken7O4HRCYZAg1OGmgBJfLQvHCJjyO4+o/4vr6dcJhXnh8rGR6aA4Rauf1z+wEjHRdcc6++mGyhp8S4T/G757g/vP7f9/SGdfDCCKvMe4Y8ayfVjn9/XdceGF6P8X3YIa8QBAOP8T2x2/dnpBcZ8zh0wIFyoMJmuoH8ZP+J6P5jyP3YZ6I/e+7CZgUnDMfUEdz/vHfpPmBgkhGulQR7MFaBB2BK4x3Ytj/DB9Ou+YGHTCAaenCLQIc4OP3HP+3PXC4HgfuwJiVxqUgDCZrfozH9hA/8ATpfmQeAP3Yb6P8R+w4IajH9f8yP9nSi4XnlgxbFhUGvuwQ0yo+wnPqe/cevoTgjpDdIMjhWt3UViJL4TFRyMGLBx9rEnI+mOxJH+vS9YcRWmOFpKqESgajz8Pvx78Jh3Kg5/Ukf7cdIbgef3YRLcKakg4A1Gf6en24ByP/xx0nzSDjWuH+iJMzpywX8MjI9sHHoSM/8A5x6Q3KnhU4RbZC1KDG+pGwHp27n1A/Z27nrOmUUyw9Gk1AHBAw4ES/8AMc59Mg9v8vXpsynww8YvM4VESgepGcEYIPYj1P7euEp8MKsJPAn3YVEaYHbPbPcnJGcZwAR0JeprQYPp0yJNfbgyIuPU9jgD6f4kHpA5JoRl78cImBr6sLqiEAYGQckf5/7+iJUcKYIox41GFETJ7qQMHuPQHBGD37nrhIgyNAcCYzy/WcHCIp/d6DP+fSGQ19PD9PLC9JvP7Tg3Y9hj/Nv93XdQ+AwvSPn9+DKmSPtGM9++e3+OOkLjmBhRGRxrhQwgnsAB+n/jPSdRR4YXos2a1IwKwg/8Kkj1+4jruovlgTCwNDX7cHMRwfsP+Y/39CJQTlSuBES1y44USPPdlAP6AD/1x0RenxUphwrTBvbAPYD0+uP949euEi+WB6ZbMVwYKoGP/Mf7+gOgmuWCERp/xwdYTkZVcf8A1Wf9OnBIhOdKYFUIYEE/acHaNR6qB3/QdKWT8Bzw6yswpmPvwU+J9VB+gJP/AI/XodR54DQw88Kqn2jEYx+7P/mOu1DywvRc5iv2YOIcEZHb9q9v/wAc9IHrhTE4zIOFPbA/hC5/y/2+XXM4A8MJ0i2WePFTj0H7B27n9TgD6dAWRszghC4GWrDhI18RnHp3wew/z6GqeGHBGQMyK+/Bgi//AEe4/wAeu1BcwM8d0fZhT2W7HAH7VAH+0npDKWyI/Zjugx+EZ4N7KjHof24B/wBc9KJNPL9uE6VPi44D2l/T/wDAH+/ous3h93+eO6Nf0/ywcpkYwn+Ayf8AXoev5fd/ngjCAK/p+rACED6Af/egf7D0omJ4D7qYERr+lf8ADBhEfp4/4j/0PS9XxGF6NeFMG9psZIT6/wDD/wCo6Ez58Pux3QPl9+CeGPUL29cL3/8AxcdEZcsuOCEOeePBAxxj/IAf7Oh6mr4sxhWiFP8AHBvbA7YX/wC+GT/t9Ou6unJRgRDXwwbCgdyBj9AP9mD04s2WEKFfGmFfZH0xn9mM/wCo6aDBTqAz9uHemvicAYj27H6/Rf0P7Ol67Ej/AAwvTHng4gOfQ9+3l2GB/gD0LTazUiuOMJ5A/dg/4y/87f6f+fSdQDj+vBC2BFTkcKmEMPH9f0xn/LpOtXIjLDphBFMvswcVgB2Jz/8ATemP3ZPfow4pkPvwKwBTUHP2YAwDOMrn/Hrtak0IzwLxEnhX7sD+KGHfGP3Z/wBrdD1o1bMCuA+VBzJocK/ir9Af2Y8fp+nbpOuvliSLQKdQ44MKoyMgn95GP9Oka4FP8MEYWP8AwwssXhjwwP2YIH7ugEqtmcsKIpgPSaD9PPA+Mv8AzD/LPRiWKmeAKXdcmywm3cEEev6HpFddWRzw2VYihGWEvaH7f/H+PTpl08aYDpD90/b/AJ497Q/U/wCPf/z64TauFDh2NABwAz55/twYQfoD/wCP8ekM4BoaYbeMFj6f1/44D2f3/wCXRdTyGHxGCaALX2f54EQH9Cf8h0hl05mgxzK8Yqqj3CmBMIHqCP8AEf7uuExbhTAB5TywX2c9wG/8f4jpeofLDbR6jVlNce9v9/8Ap02ZkIpUffgTCGyoR76/twYqMAd/1z+vXJICfSanCFAi6CPTXxx4IMfX/PHSPNpOeEESvmAftwUwgnP+7pRcLTPElECqBQfZX9uDMgb9c/8Aj/XrtWnM8BhpodfrYHVl78E8FXAPl9xwB+p+g+vfolmDNpUjVhF/LYBFOtsgMyTzy44SeNQS3kF8chvIhfEgnOWbxC9+3f6kf8wyolLAMgrXh+nh58MO01n1lQdWnOmR40JqAD5GhwX2S2T4sxHdsRuWHcL3UAsP4h9PQg+hB6bMyU1MKZ058cR5I6PQqakVHEVFdNQOJFcsueGmwta7U1mubjY6/T0hLWrG7trlTWU/fuyCGpV/LvSwVxYuyn2408vN3OFBYY6Yn3C1tIxPcyQxwl9AZnVV1fu6iQNWeS1qeQxYW223l/ObOwilmvBGX0RRPJJoHGQJGGcoObhSo4Eg4+Mf/wAsf95PxJpvgif4F4D8x6TYfJfyXzLj3GeXabhm/o3U1Px17V2/zSHlXI6kV/UaSrbrVoIZqjTC7aQmLxj8yw+c/wC4P6g7G3Zl52rsW4wnuGZog0cLa36GsGTNfSNQGn4q1PAjLH1j/bB9LN/Xvmy747j2e5h7Xhime3edDGhu9BWFwr0k9BYvmlKA+WPzXfEfzJoON/HHLuPf9r8VociNTZamXb1BY5P/AFfba2z7MLXRFQU7KlvKkYkeWOw04gn8R4lSB8M9x7RdX25RXqSz/wBOch1RviRW9RU1pXSxZSfEGmVMfoLZSWstqFkRIrmJir6a0Yrkre0oB7sOovm3n9nXinV05lq1r3vVo4+He7FDJHr7KVUgaW/s6laSCUIQ5h8gIgCPLJMWTaLNZHmSRVZjxNONKV4+WLKOZdIk0agAaDhXDKx8+8432j5FobPCbxrchCLMg1fEGevttXFUq0dpr50mr3qU0ElVQSPasSBmOcBh00na0NtNBcNcoHRc6CQHUAQKFi2YH8JqK4bkvXuE6XQkzFPcc6ccbPx75KltcHj2Z4z8gafdPfxLDPpjs4JJpaKR3Zar/wBURrKyvCGURMcM479us/uO0zndCBLbtaupIbWUeuVatoWo8qk1zA54uLW7rDpWGswFNPPL/Pzxc4N5rbutj1UC7mvs5rGttNrY9brKVw1IYpHFaQbK9tGe3adA6M6FCZMAeQBFNFtlys7SR9Jrepo3UDiijU2ZNRQGoAFM/HElrqJo+oyUcD1DOoJPOmJOlZn5Du7vDddrjsrFWzRtXtJRox27+oTR6wWaUG6vfi12p2NpYmMzQqwEyEe5nxHVj8slrbrfTlI1ZQwaq0YcQV5j3jxriluZ5ZdTW3p0GhzOWXhimckkj1m3NzU/0iQ/03dXpoqlnf0trx608M0lZtfJJHPVvVJK6JJLEz1x4qP5fj4gSunZuuiSs4FCqt8FKg1rXiOI/iAwsNtfIFBqtTkxFR+3l454y6pxEVKuk1sFjjPGae23Va5FUo6enb1ibcV5Letq6PVXNjOw2VmVvfEvmBFNMWZVz1aDdbYvPJWa6dIwNUlBIEyFHzoaGgWhOR4Y6aGe1UwwAqSaiv4m4E/ZiVg5PtNRzejXh1PL95vtbo7tjU7GO1p9Lq4tvYnFVZt+tu5UsGJIKtqSnXpGZKxhD58l8emxDaXm2TShoo0kYKwNepWmoEUFNPlXjhg21wJUt5IxLKwq2r4FHlz1+HlzxYpKXMbWtsz6zjGigi/IgWtJe2uokfYrJYEnk04sRvcs3q9dhKjssK+2DICAvjFjurGMoZmfQoApxpT9pFMWtxZyrp+XEmojieJ+/FgtcY5HttZsxXo0qaCzFVjlq8lT8eXZa+anBKNnSiKUauosUJJWLVawmWeVJxJLGzIWl3qO3nARSFpy9lK8uVeH6sJHtExlMhkozjwzHs8/+GI7f0N3s9N/R6x0PE5aup2Fmhvtfe2tzdVk01ya3BU2UxsV6127srd9PG4ytckroI5CFjRQFtfpbTVZdayMy0f8KtVS3hUA8eJGHv6JqR9LyOTT4qU5e/lja+D/ANt3MPkbT2eR6f5D0OsrzR6uGaLbcvpcZeSeWKjZ3sdFdtx22bUVKeQ+wpZGGceTdwkBt3WcSxzwxRRRLp9XUzCMQp/LyoVAI54r90nttquIopUkdiNQ0AkD8PH3Y0KT+xrazTWZ+IfIXH+QXdXVrva/J55wqbYq+wr/AJ00aNZ43rL2vpLdhkSy0M5MoUCMnJk6tBvVnLZyTrJGpUDVHqmFcuVSCMUFxu/Rmja6tJunyqp48uBz8sTfCfj/AGuhfcabeWuNV91qrDaO6nAeb0eXTVdw0kSWtduKNdwuhVII4nkjkKqHc98+mF3W9CSo9uzushHxRKrEccjXLhxHsxfQ/K3cYaNJVj56wBl+nljN+efCfJeOaSPmG2oVLVK3vZK1GtBs7KT1m9ww/wDWwo91YklMgCR+UjAtnAAOJm3bva7jc9COgIjNTn5CntqcWNqtvQwAFWAqPPlljlD5F4Fsec2pKgSpTkhgZYZAnlLbiVyrTLfsSVLE0GukEfaNE83BV8oB1udh3S22qMQErrBOeeXgDxzphq72VryOlKoeI5+3FK0XwxyTVamKSDWHVa3WFLcOz2tzXotcx2Z708uqtRXI7NTYo8mY5FyYCD4k9uro9wWbzdRpX+ZrWg5+zEK32l7eD5JAUhUUHsr9+Pql8Mf/ACC/3a/EI03Hv+6eF/KHDdZpKlSHjny1etcjvRR6+uI4YdTz/WvQ5XWRqChQ1+W8HYAlsnt6t2r/AHJ/ULti3WCe4G6WMbBAt1EXlCc2E6MJHz5yVp7MeDd1f2n/AEq7tkl3IRTbXuzsamzRAhy4/LyVgFeBCgHPlxH2N/st/vp41/dtJy3i+x4bF8e/JnBqVHbXuP0+Rxcq47v+NXjVrHkvFd2lXXzirX2sq17FO3CLVdmibzlEjMPsf6VfWrZ/qcZrAQSWm+QRdUxOdatECFaRHUKMmZRoILZ8TTHxF9bv7dt4+jcdnuqXCbj2xeSCGKUIYZIZWUuLeSEyyLqKoza1IX08gcd3sVJ/9vBHYjLLgg+mMdj17NRa0alf8cxj51BVxqRKrUj3g0P2Ef4YLkfQKP8AEn/XyHS0TDbBq5LTBGeH6IG/wYE/X1xj1/Z0AVganIYdKxAVCmvsOE2CHP8AKGf2nP6dvpjGf06PIfEQRhl6EcCMJMF+sS9sY/w+nft06jRUoSMCNFPVmfbhFmUf8Cfp3x+/GM56cHSI5YKo5cMNjJF9Ag/dk/5dcdFKjjgNNcqEYIGjyceIyDjtj/zPboNZ54TpnxOEX8Tn0JwfrjJx2x2I6ISEeOAaPPMnCJA7dh2GT9x/U/s/TotbeH34HQPE/bgrKO+fIj6knv8AuHoejw2IqGtcIsIhnsf3En/Z/wCvXamH/DDgWvw5+84buqYyvYD1yfr/AJn6HpQx54GRG0054ayR+WD5AZX0xnHf9/7OnBLQUzw0EIFCaH2YI0H1LDt9cE/s7D9vS9YeBwfSPj92G0kOCCGGc4B8e47Hv+05/d0olHh9+AdNI8cIvHgEOcn17g98AZPbHfoup5YAxPSumgwmIe2cnH71/wDPJ6TqeWFWDUK1+7BDFg+Qzn179vTt9MA56LWMAIpCKgZYTaI58sdz+mO/+p+nXaxjhFIeAw2kjcjsCGyMAkd/TuB5fp0olAy5ezDyJcKp0qdNfLDcRMO5z6d+wP6fXJ6c6w4DARNpkqfT+n6ezCcsEhZfUrjuw8cKf24OekEiCpJzwZ6zHNWwn7bA/a2T+4/r37nt0SzKeOQwIDMxWhqBXlhv7Uv1DD/x+w9EZR+GlMOCCU8EJ/Tywc15yvbPcf8AKCR/v6Drjyw00UoNKEfZhu9Ytls98DGR3yOwx69EJfHhguhMT8LE+7CPsSfU4/TsD/5DpesvLHfLzjihwBgYjByT65A+vpj9Ok6vljvl5+SE4J7DemDn93/r13V8v0+zHdCb9w4TMBxgAkdh2HfAGc/uz/r13W8MJ0Jv3Dgn47H08l/f/wCnXCXx4YVbaVjRxQYA1ZPoSf3YH+0HrjL4YR7d0NFFRhM12B7qSf1yP/Toet7MD0Zv3Tj342M4JP7u5/wJ+vRdauZBriT8q68CPs/zwQwN6+P0B7juP1B7/s67qfpTC9CTy+z/ADwX2mJ7Z/T1I7/5H9egMqVz/wAMd0H5/cBgPxiSftkz9cAY/wDwsZ6MToBTLBi1uCKqDT3f4YP7RT0TsPrk/X/Dpnqp4YP5WSNsxn9uPEMe3iT/AI9d1Y+f68OCGQ5CtfZgBDKW7KQCvbBz37/UHPSGVPw4eitbnWSMhp5+eEzWmI7xgnP3ZwP3ZGehEyoarxwK2lzShBJHsxtyqoA7/Qnsw/fj/Xqk6p8R+nuwyE8sKGMDHqe+PUH6f7+l6p8cFoUHOvu/zwsMIoyAfT69/T9Mfs6EuSfiwbRKgBFSD+nlhUIpGSAf07ggD9ndT69KJGpx/T7MIYCTz+/B1AUHIT/Bs/p+zodR/ex2hcHUBjjsO2c5P+7pdbcmrhQg5CuFAFXt5ft7d/8A8nrqk/FSvt/zwpjB4r+vBsgfQH9ucf5jHbrtVODYRoworTBkILD7V/afI9v9Ok1H97HCNSaYWYgY7L3OOxJ/U+gxj06Qsx4MD7ccYhWlK4AEk9gB/n0hd1yywqoVyAOFfElSrY7+mCc/45x0PUfyxxXxX7sG7fTI/wAT/wCZ6Pqjww50QM/T9n+WPAD6n/L/ANOuEg5jC9KvHT9n+WDBA3ceP/33ln/TPXGQ/h4YbaKhoAD7sD7f/wBR/wDh9D1Gwmjy+7CwIz9f9P8Ay79GHFcH0FXMUr78Gyv7D+w5H/l0rPQZGmOEevI5Y8GUHuvb9nf/AG46DqHnnguhTmuFQwIyOw/Tv9O306HU3l9+HBGgGfHHgwYfoD+uf9nfrg7A8scUSmQzwPYehz+zGP8Ad0XUbkB9+GxGfIfp7Me8j/4/+j0nUby+/C9I+I+/B1P1yvf1BPRiQUz44TpnxGFgcHPrj9D/AOvQaj5ffh3QnLjhQOxH2dhn0I+v+zpTJ4Y4g8jQ4UV+334zn6D6f5+ueuEp5jC6U8MAW79s/wDj/HoS7E1wmiP9K4MH798Y+vb/AH9cXcimQwulPAYMpU9h+/0+noO/7uuVypqxrjtKeH68G8UPr45/bkf7COlMp5DBrEjCuQ+3AjxBAPdR2ABOMfp+7pQ4pnxwJUKaA4BcD6d+3cAdvXsO46TqP5Y4LHXOmDhgSMnsP1A/TH/MelEh58MFojbIff8A5YHIycMO/wCv7gPp1xlI4DC9BDzA+3AFgQBn6+vQ9RuOWG5I4/hHGlMAWP8AzH/60D/XHQCv6VwemMZ0H3f44PH5MSM57fU/tH7B0asQfUa46gPDDsD/AMZ/9emyxHA0w6ADzAwk0ihivfscfv8A9eiByqeOBBqxXw58sGAbt3Gc9+49O/XaqZ547BsH9f8AXpOp7cKaDwwZRg5PSiUA1NccKHnTCv3EkAgY/wDH6dNsdTE47SPEYP5YAyT2+vfAz69JTDokU495H9Tn9O+f39uuphS6jzwYM36/5/8Ar12OEinA+Tfr/s6THa18cJ5B7d/8iOhWQVyrXDQUA5kUwI+3uP3fr/s6cLM2ROCPTwcMf0H+Oc/7QcdcGZcgcIBH7MHDDHp/kO3+HTZfPOtcIVFciKYAEeWO3/12c/Xp0uxyrgx0wag4P2H6Aftx0NScEWQ5E4TbDEDIx+wj9f8ALpQzLwwP5ePF1U4+7t+zoTOwNM8dSPxwkCCcA/6H/d0OseeB6ZGbcPfj3Y9s/r/ocfs6JZM/TUY4rHyOB7D6j/E/+vSlieOB0ryIwGR/zD/MdJggI6ZnPAMQh75I9Mg5A7E5/d0epmyrxIH2mmFcIuRy88cGf3zf3lbT+1Op8W6Lh/EdByv5B+WtpyFdEvNNpttHxHV6TiEOqbfXLN3T1pbd/dm1vqccFES1cxvLM0oWLxbxj6y/Ve5+ley2+4WVl83c3TTKCzMscfRQsdWkhiznJBw46iMq++fQX6Iw/WLcL2PcdwksNtsoYXYRKrTy9aVo9KBwyKqBGZ2YHigANTT5W7b/AOTj+83bz6y8un+JuNVNTPsrd/X/ABbYl28uxoS+NOCten5dq92sNfU20MiyAICZD5n7Vbr4+3v+6b6nbpcRTbJcWVhHCdWhbclHy4TB5Ji4FctLR5ip4Y+1do/s++j+228sNwu4bg8g0LJczsHi0mpMXy5t0Gr91ldaHhXGRch/vT/u22+x4xvbvyzy7iXLtBXik1UFra8Uq8I3kh3Uc19dvp9LJDrtrXkktFfZt1poY6CRoDkdY5frv9Xrm9hv7nf7p47eQ10LGkZBOqskWnQ4BNF16iFAGrLGzt/7f/o9ZW1xttp29ZCxuVAbX1WmQhdB6U7MZYAVqxWIgdUiSlQBjGPmT5S/uE+crlWL5n+W5/kXjdCazLreOQzUKHEtVauoIot4NBrKdbXz7avImKhdWiSJv5YUqOqTuv6m9398xqO4L27ugjalSRkMSt4pGgRc89LMGdMwrEMcbfsr6V9hfTz19l7Va2Fw0XTaQBpJ2j/7YuHbWqeOlQJCAWUY5ok+NKO0/M0l/SaW9XsyVfxaUccU8NWSw/50za2wvlCvvxw4m9uNJUbsxOes5Bui2TieNgGXMkgV9hOo+ny8aY2V7YyXtBcvqRRQErpdV5ioYgj2ivDD6zwvh/B4/wCn0tXpddJZmS5LVsJNLbq2oraJ4RPc94Q1pqszEe1jJQ/Xt0xNum6btI06u5SuXhTy8s8N2+12ttF00WqluJ4nLicPhLq5rC6+i978QyQywyRU4XpQmGN5rEqRR0Yi0UkmMO2FIJyc56Yk1MgaWpPgePvxKFpGr10qV5YdcC4tW3u1pNQWC5UmtLZYrU1VH2i2yhgsp+VBVqxsStgiFSSWnEY8vUM3eXlxaw9S5ZgyEgAkZn3H9PDCtaxBeoBpNMq+zGkfK3xRS4eu5fT2fJZzJcsWOQ6p5GTWfiqYPx9hqthXpqxZfclseKe2YioJbIEXbt0F1JGgA6ug0KkBqHxJVqr7BWtPPFfbL1IGkkKgqcqZc6U4Yyz5P5DB8Q8v+MvzeRafW8c5fy3a8J397j0cK7C1udrxLYbrjsOulle+4kbcaaStSrEeFpJQuWCkCf27Ce4tvvzJHKLiCyE61zCxiZFm1FFABUSo1CD6KmpGIO7zwbfLYx1Aa5neGjGmuWSFmhUVpnWJuPiKc8K8H1dDX7uHme50e0flm2p1tzupLF7ciCxs2nt2t1ak1VPYaqilyGvLWgrGuhcLXBQ4+wtbneyyQvYWrQG1hOlQY1Y0HEaqgmnD2jhli4g26MQHVp1SKNVCCK6RwPDjXPE3uqNPlLR67ieq45QlHOdabccGvI87mrs1a21qh7D2JZo5q7CO0PJ1i+4N3GOolrdfKSMdxRlh+VV8hn6wdPhmDTVT3Ynra1t1jjkZlRqEmmfPiMWTkdeev8ta82JKccOmrXrFVKEeq1c1WHkmrsx7e7Zt632FtiFtOsRABWGEGRlPieo9tdG62R2gatwTQkA56mFDkK0AFD4Ya6KBeqy1oKeeXDjjjrjUz8j+SL++u1rzaqa7A2sFyzbllua+nPPb1VBJlEMbxRau/wCb+Enl4knsuFHoN0ZLLZY7BSTKVDMFHiBn6gCcv0piLDC8l2blxSmQHHLj+3HQO5e5HxqeejpacV+P3IaZ2UzV60Fl4bULSxuiymKvaptJDGTk4dSe+cY+Gou11O8kRHJf11pwxazgOvpI6lPdiBp8mWly/lnGWqarXQ19fxzYcfPIX2DT3K0kMut2IqRpNHVatTlr+SRyv70Jy3i4IAkTWMkm22965dzpo1MgPMhiDSvtPliNEwe6aPkoy9uNH01Kns7M0MW20SabVQQW5ETWxVBWtWLMUTLOYbAXZxO0pBkWXy/l9xjB6p5nliQLCjmUtSuVAKVyz8uWJKRsqHXSp9v+HhjqvhnOqul19zU6/d6R3S9ZjI22ohlo3bN6NAlmPYw7VHozS+4fIBnQEDHfIFUY7uON5TG7iRa/GVoa0zpUe/FNe2AuJFlIBCj3+PCmYxKca0lvW8yTWJsNHsJNxFPrRY/Aq2SpMEW0X+neN02hfq12lKFSIyCQRn1gXtyYtveRV0E+n1HUa+NeJP8AhiXPFHcW6yJkkR18vSOGnxrzx0FxXV6jRTpBQ0cOup0Za9O3X1+sTXqr+0HSw0De+qTy2A0cr5zJ4nI9OsWbueRAZpJJpAaKWABBPOgy8q1/XiHcwqwqCoOIv5jq1t7xODREPRNndrGsVuJ4p5AIHRbkasgKkktKJe0YkP3EDv1c7VM1rKSMiFqR+Iio8f14btow1zQZ0XHzC+QLNqnzKtK0kS0aPHXrVJZI2qQbm0u+kp7WzTWxGladFqxRrZMUrLA4ywHmpPpG1pFPZvIgYs8pYseCKErqbPgdJGVc+NMXSKyvQZjgRzHOp8uXjXEHYnrXtYypcj8bNeyKqyRMkZlk9+ILFHL/AC/NInjHbKftznqXCXglJkWrKxAFPA0r7+I8qYfMQKjKhxXqdyrdoV0CXml2GujhleKpIhZpK0MRes4ryQ+BlyhZiBGe58R93U8vcwSqwCg1zDVU/wDpOZ92GzDGyGpAJ+/Plljd/wCwL+4/V/2y/wBzWg5TyK3DT4DyOrb+OfkGVopBJDot09OSjvW9uvZnnHHd5WpW3X3Mz11k8T49j7R9IfqD/wCCd82m5XdF2y6U2twVAqqSEESCtB+W6q5rTIGlTljxf6+fSuX6pfTW62DbF19yWsi3lkhJCyzQK2qEmhoJoTJHXxIx+wfyRe3mJEXAikVvJXjAyjoxOZI3Byr/APGDnr9NklRkDJ8BAp5ADJf+Xhj8Vo10qAMwoCVPE6ABX9ledK4b+eOwJ7foe3+3o+oMKYyTWowBkQevl+7JJ9P0z0moHLBlVpxJwizhvQr9uTgnuBn6nuOiX3/bhsor5KDXzwmznxwvfv8ATuP39wOlJA45YjSwHVyGWG7P3P2sx9BkDH0/b26HWeRFPfhVRQoBArhAlQMlf95//B6LX/Fh38r90YIXXB+0r9e+O/8A4HS6jyNcKFjbLSBhBnXP1P7cf7M47ddqbxxzQIeGXswizL9x/UYA+vbH7+3Tgd6cThoxKDSrU/TywgXz3z3+pyB9P8h098x4jHFKigGftGEmbIJ+05OCMj/A/u7dC02oemo/T24bEMnKn24Sz6j7QD9M9v8Az6DqN+8fswhgkPGn2jBTnGAQP/vh04JwBQgk47ov/D9v+eFWTxBIYjH7B/59uu+Y8sSekP0/4Yb+KnOfX6Y79+3cgdsdCbgkUAwhgUjPj+nlhB42OTjsO3of3+nf6t0qXFBQjPywHQfgSNOChf8AhzgLj/hOBk5yO3RfMjwOENtn6aU9+EsI5x374+mT/mR1wuQORw40A1ej4cCI48kdyMeren69uwJPSG5rwqMEsK1z4YSeFG/y7YX/AG/aeuFx41xzQrXUvxfdgprg91wDk57Y/wAMY9Ol+ZA5HA9BWzb4vLhhEIQQfFO3/j6d+k+YH8WJYESmuk4B4o8fco9T3HY/syRj6dJ1zyrTAfLiVq0AGE/YU/wKoH188k5/17dL8yPxE1wvy2jKlffgrQeI9FJzjCqx7/5fp0BuWJ9NKeeHFt1IzU/p78JGt38goH+n+XTnzA5FvuwIhz9IGr34TaDy7Mucd/Tt/mD1wn8dQwfyzt8YywT8ZQf4V/xB/b+vS9ceLfdg1towPUM/KuCmume/j+0f7u316T5geLfdgWtVJyAp78ENYDuUQD9e3XdceLfdhvoE/h/XhE1489/HBP0J7f5D0675geLfdhTb0/CMFMCD+HGP257+np2/b13zA8W+7CdFB8QocIvXX+LAw3cEZ6UXHKpphzoqACKnBTAg9FJP07Dv/pnt0nzH+rDXQH7o+/CZRVzlMD9exB7/ALz13X/1H3jHdIrwFK4T+1f4VH6/TpOoz5g09uHegeJp9mAaQDHdQ37vT/Hv9OmzLIDStcEIPZhJmUAjIJ/TOM/5nPbruq/CuJBtwzVLKc/P/DCJdP8AiKr+5v8A1x0nVfxOCNsuVCozwmZ1GfE+OPqrjuf1P7SOhaR6554fSOMDM/p9mBFxQPVW/aWBP7/XoNb+B+3DgWDw/T7MbOqfaP8AL/x+3qHrFeeM2oYxhwMz5YW8fLGDjv37+nY/rn1x1xcef2YULITny8cK+HYDI7fXHf8A29cHA5HBFGYUqMvbgyg5x4jA+oOPr+/9vXaxTn9mEJevDC4RQfQ/4noRKa50w6YnArU/dhRVQnsoHb9f93XNLQZA/ZhsLIOdcH8B+z/X/eOuWSozr9mC9fOn34H21I/8x/4PQGVgaDhhGGoUODhAFz9f0yf9f29L1m8BTBJHIVLE8MCq5Pcen0GfX/U/XpVlJOFRGZq5E0wqFA7gDP6nP+ncdcTU56vdjnRwfD7f2YUATHf1+vdumixBoCaYUQuRXPBvAfqP9v8Au6PqFsjw8sN0k58MGCj6gf4D/wCj0jZDIt78Fnzp9+DeKgDt69/r+uPoR+nQam8ThdOr4a6sKKikAkev6E/7+u1N44EqQaNWvtx7wH7P8z/v6dEprnjvzPL78e8B+z/M/wC89K75ZVwhDnhT3Vx7wH7P8z02JCMcBIMLKAFB8cgeuB3P7uuJJzr9+HQhIqeP6eePKikA4I/xOOuqfHAmFgKgnBvAfpn9xPXByDx+3CIj1zwdUjx3yD+8/wC49KZGHhh3pvyH6v8AHB1C5wASB6HJ6XqNTljum36f8cH8B+n+3/z6Mmopngui/MD7cGHYYCj9e+R9MYyOgqVzBPvwPSbwp78KhFIB9P8AHruq48Md0JGzWlMHCDHoT+3BP+zoCxJqTQ+3BiCWn+eDe2v6f7euqfE/bh9rYBaqTX3YAJ3wF7nt9R/mT0mr+L78MGCblT7RhURA+vkCOx79v9R0QY041w7HbsRWTI15UwPtH6YI/Uk5/wBD0hY1+Kn2YU2rV9JNPZgDER/wqf2d+j6vmPtwjW0gWoOfsp+3BSjf8mP3f+ueu6h8R9uGejP5faMCsRI75X9gGf8AZ0ms+NffhxLaRhVjQ/b+3HijDsFyB9cnv/r0JY/vAfZgWgmBoKEe0DA+2w+in9gz/v6Uv4Efbh94DpOkCv6eeFIVbyOVA7epJ/Ufoekr4sD78NxQyV9YFKeP+GFmGPXt+7y67XTgRgnhauQFP08cAFHqMfv+v+vSazxr9+BWJlNQAcCewzgf4ZJ/29KGAPL7cF0yctIHnXHlPkcFT6Z+4dv/AKPRdTzX7cKtuQfH9PLBvH9MD92f93Xa/NftwrW5Jyy9xwoCBkkNk+uPHHbOMZ7/AF6TqDx+/D6IVUDPLHjgjHiv+z/Yek1L4/fgTAhypTAKDn7sH9vr/oSB12tP3jhBbqOIrhUED6L/AIqP/wA/pRIg54MRhfhFBjxUt3BUA/QAf+vXdRf3sFoOPBDnuR/gB/u6EuoFVOeOKtTngSn7j/8AVYx/oB0Kykn1GgwGjXkwywHiB69v/qVyP9h79OB1/ewQj05KKDBx2GMn/wCt/wD4ek1J+9hdJ88ePrnt6+g/wH1J/ToBIteYwmk+H3DCgGTgfpnvj9mP4f2HomkWnEnC6Gwbwz/y/wCv/meg6i+f3YTSw5H3YL7KnuWOf2eP/mpPShxgwtRXPBQijv8Ab/ge/wDh2PTfUOOKUFanANGrejEHv6/b6n9QvRCTx+7DTRdQUP68EMfj2BVv2kk/4Zx13UHn92OWIoKD9eDBVx38c/sB6XWPP7v8MHof9DgrITnBUE/bn07MPEgH7sdj+nr0LTKil6E0BPLwwDRPKdCVDnIH25fbQ5edMfDz/wCbDZ8Vn4x/bNxu/Unm5PF8ic55lSs1mkjbXaCvxH/tbbmXxhkgs/1Lb7yiI0YjL1w3qp6+Vv7rd6ig7a23t1NJvZ7ozk0qRFCKEL/9RnUPUHLhTH3F/Y529Oe7N97tVW/p0FktsBXJ5ppep6hw9Co5SlD41x8Q49kL1Y6uygn2UcyyrP8Aiy6i0sL168sc4aF2laKWOYtGWUkSJ+nbr4DuCUZSrKSVzFAM/Hx4Y/Sa2gLE6+CgD3/pnisNDtthseF8giXe7YR7uzBFNR1gjT+hbGpHVtUltOsAktzTU/N3lVIw7E+mOp0ElsllNAXjSU22g+njITUEmvGlM8sRp4EM/wCWf05/sxrK0Z1qTW7Wl2q0qrwrNZljhTwgDsYZClV7LT1EZxgoGCfRuqOTWZOmlOqCKAn9X7MS0EfxGnvxcvhbh8HNuZb+XW3AG0lNdZNehSO6NDvIkhzDHNF/Kgu16j+cgKKWVwfA4J6g79M+2WyyypmxBpWutSCAMiPxU8MMXMkQbRkaPTKtaU54x/5NpaGvyXZRUNra5Sdc2rl3W6fwVZbd+N/6TBLSintis1v8ou4aVXSJkYqmetJs73PyaS3AEIZAdIBFAeHEn9eI+lZwVVQNJI54h61mUDY1JtcYIXgmkvexJHUPhVjaJasVEyzNdithSin3YwfbJx3HUh2QhZEOoGShr/lxPvw6YHBAoAK0x1x/aNtWn2d+9tdHJb020qTUaqXKOrFVqf5bCWSvSlimRo5pKj5LeRGAR3HWV7xVI5FiRgW1aqg1P2cKH2Yrb+0MtkChIMbU8zjYv7hOPvr9BFouIcS/qdX5I5NxjiGh1dyvGui4/PyzYrFtp5bkElxY9PrKkM8pSDFqlJN7kWVBMdJss9v87reQxWdlbSTyMMiUiU0UV1A1crqFK6dRFCKilZmFqBp1SdRQacQpPqduGSgEk88hxIx83eW8/l5jzzlS/wBbbc8E+F5IuJa7RcQ47r9pb5h8zcW2Owuct5PFybdpYCRfGPH7VbSrNXl+7Y27rZMtd069VstkFjtsTMJRvu8RB1kLyJHFYPGEhR4wwFbp1Mx1Anp9Kh41Zg3R77eJ7yHpybFYqEEbIjsdwQqWljYg/wApT0gMxqMgOYyk+CfI3CecbizqPyOc8ZfX049zb2fL9Pqa+ssVXsNJf1tNq1C7Zr34fM+yqLh27eY/iMDeNh3TZbSOalrO9zcGJVh1ag/EllZhRak0ox9tcaDbt7h3OZ4beGWMxoKjpPQNThUFVIrxoB5Yo/x/ueNch5P8h8P4je5KvMuMcs5rv9JW3rwrorUZGw2tOw20o1TLHdubCZ65gJVY2kZgJAgALfbe8trPb95vkhXbruCNGoD1I9JpWlSDQEkrSpIoKYd2qWK5ubrbLcN8xA1W5KxpkF/44sPzZtuJaKxwiSLe7leW8s0+w1e34ttFiW3ouO39XHa5EkmzhYKNhDUlkhrkYLvcBAAdAWu1be+uop441CbZBSVJQBomV3Kxhak+mnqbm3r06dBqO4sA0dg0dLm5bTHU5DQjPKxp4adCGtNRANThz8efG3xbo+L2dZZoXdrbtmO1Svcp5RuotjBcapHDqZm1i13p16v4gCzNFEocAh2JB6LeO4tzvrsuhVDmmXCqEqaA/hJBIP7tM8dt21SQW4mDPpY1oaeGXvpx88W3+ncGuTo1Xj3HUSxCs0Nt7dzYcetSCX3Wi+2GVPxkIIXBDYJGeqwz3NrGZeoAw8KEfqxarZySLlUDy4jGVbivyqjtoqsfFeHq1SwlvRDi0axVkNlUNm1sF2dIWG1tquqqPcJZXzhcnq/iazmtxNHPIyHM9XSAmXFQqrXlxrxOGBDNG2l46uudc6n246S+PGpbDcbalNx6prKi6uKejFahnuWZJ1txfzYLkyxxRQRVGRQojhbIJ8SMnrLbmWTpzW8xL1rp5UoRWtMPhJgoaZaL7ca7yTj9OtUo2ZYoPG3W2E0MlVYkEFmgI3qe6qKrF7BYhQCMkd+oNrcSrGVeXVWuRp+zEQqK6VAA/wAcXfc8i0/C+A6vkjUqk/Jm3FKxojY09ahfp+0kaWmrxQuzWYzVIlmZAoCnHbJ6p54HvZnhkXRAvq1EAgGg+EeH34bt7VpbtowaQCI6gDkTXn+rCfxj/cDW2dLld/k81iW/U2tDV09rU0Znr7LXV9ZRLLHALUM6l9qZw4UFYiGZmCqT0N3sFySgtitCAanjwyoBTn5ZeOG5rJOqEC0i5Z5/b/hjRbnMOHcmikpy7vlds0ZZrD291YoHS1hcCNQhrwVheiNUyqRG0c0rMB4scZHVZd2N/BHqkoJQaVrkedDmcvYc8HaQSxHqaI6HLKtf1/sFMc4c5+BLO3+X9lzbRSwS8W13wVBQ2OirG3d30fKdz8gieDkml4/Y2EOuAr6LVNX2FqNkZ4Hg81kKkjQbd3Cll2i22vHIdxfc9RKUzhaBUaNq5kavUKHIE+zEIW0yb0100umGW36QU/DrDFq15GjUA50Htw33Hw/xfgvFL/I9tBZv+5ra7iq88+vrUHE62GhinomKc2pRbWNys0qn2+xznqBcdz7tuu4JHGTGpcj05UFa8TX1Z+YxoIYRK5UNQLQZc8vPz44+eOprV5uLha9/d7Aca5Ry7ii7LayR7yxPBQ5Ns31Rmv3ZUmlmq6WeGJpmDO3tjyye/XvDTGSfrCJI4ZLaNyqVCeqtRSpyqK58yeWMvHAViFu0jGVZZBU0r6DTPLzw3tbCTa1eQz17FqfYU64jl2E8JDNYpatfYe1JcQFYRBXRAIyFHtKB2LZo75zBEHbMS6VpTgGYAkc+HDGp2tVkrb1GqtBWoBI9QqRQjMA1BHCnPH7mPjfkdjmXxp8a8wt0319vlfx3wfkdqjKI/co2d3xjV7Oeqxgb2T7MtogeOFA7DsOv1y7e3GTcu37DcXoJLixt5GA4BnhRmpzpU8yT54/AnvPaIdl7y3fYrQg21jul1Av+mKeRVHnRQBUDli4YA75wPr9x+v6dW/Ubyxm+jJ5YRbBOADj0z/4x04Gz547pv4fqwmcL6Zzj6/8An36IORwwnTfwOEWY5zgnA/w/xGeu1k8ccYnPjhFjk5xj9/8A4HS6hz/T7sD0pPP7sIMST29O3rn/AE7dJ1F8cN0bxH6e7CRbBJbOf2fT/MDohJU5HCqCDyP6ezCDMG7qCSO3fPf/AGYOOi6jeeAkVicJFv2Af4YP+/6ddrY+OOEVRU1wXt+n/wCD0okPPCjVXOlMEZsEgKD+5c/T9h6LWp4nDioWOWeClwBllwf2jH+3v0JbP0k0wrIy8Rgnur/9BO3+zrg2WZwNMJe631JYfUfr12rzP2YMxsorQ4L7oB8grDPbv6f+XS6x4nAZ4IZGJPiGIJyftz3xj6HpdS+OCVGYVAwXzfsMAdhgY7/4jJ6EuOROCML0yGCZkPYkD9fXsP1+ueu6i8q1wYgYmlMAwYD7D5H0IBb/ABPYdKJKccH8pL+EVOEiWX+IEE9/0/8Azel6gwotpxxAGCEA/cScH9pH7P2joTMQaCmE+Xm8sFYqDj/P7myO30GehEjHhiR0dQpSmCiTBwgGAO/bJ/bnBz69ISx+LDiwtTIZ4AysfoP8s9LUAccOiNeFCTj3mzDxL+IGT9B49vpnoS4pWuHEjZjQZKMAfI9vId//AKn/AHdJ1E8cEtqzHSBQ4QJIYgtn6fpj1+o+v+HSGVR4j3YRbKRlrUcceI+ocd/XLeh/T6fTHSq6tzwLWrJk2eE2ZQe7DP7x/vz0uoeIwPyz8gaYZt4jsPX6dwf/AD6c6rcyKYD5eT90/dhM+nf9f1x/59L1PP7sJ8vL+7hu8ijI8gM/TIJ+n7cZz1wkPlgWhkHGow0ewoYj3B/u/Z+nRawR54DRIOQP24Se19fd9D6gfr+nb69BqPAHDhiNfSMsNpLYcFfcf/z/AHjGD11XHHHaBzGGLzuv/HI/fGfEnH+vp36IEkVrjhGo41OGzW5icBZcD9AAD+8HPRg04kYQxV4VGGzW5MnuPId+wJx/qc9KVyzJpg/SM6DCTTyt6ufXOMMn+OSe/r0A0rmuGmeQmir6fHDV3fOfX9MEj0/XpwMOdfswSliPWADhL3SO3jnue/2n6/tJPS4LHTaN2CjOf3H07n/06pGkAFPxHECGElNJ+H9uFQH/AEOfp+z/AE/TpvUcOC30moOeFB6DOc/X1Pcdj6DrtR8Tguk372FE8gcgEg5H1/2evRBzhs2xJrxwv4t+n/4J6aDCuRzw90fDjjwDj0z/AJf+nRVJ44EwseJwqgb1IJAz/wAJ/TP0HRK4UUOFERXz+3BwGPcA4/cf93SFqmo4YA2+o1ORwovjgAHyx+w4/wBOu1GteeCELKKA5YP4nsQMgnHp+wn06ISN+LMYURtzNcD4t/y4/wDvehaQV8MF0q+ODj0GVOf/AKk/7+uExGQOCEZ/QYVw3/L/AKdEXHIUOG+l4ZHHvFv0P+R6HUfE4EwFsmNcG8XxnBIHb0P/AI+vSiRhwJxywFfhOFB3wB5D17YP+GO2B0JkqczngugGzbM4P4N/yt/kf93S6l5cfbhflyMxUe7AeDfoT+4E/wDl12r97hhBCx4knA+Df8rf/Wn/AHdJqT9Dhfl/9X2YURWI9DlSQOxyMgZH+vXVB4cMCYDXjjwAHoGP7PE/7h11Rz4YL5c+B+w4OFJAIVv/AK09dqT9Djvl/wDV9mB8G/5X/wDrW/3dEJQuQ/XhRARw1fZjwVx6K3/1p/3dIXUmp4+3CG3JzOr7MLYP0V+3c5H09MY798npeovj9+D6LnIEj3YMqljgBh2z3X/16Qup/wCOEFu/Mn7D/jhZUZRgD6/oP/PpBNpyBph6OGgzz92FB7g/4f8ATpDIpNSc8OdIeGBHnnuvb/x+3rjKCOOO6deWDfd6AHv2/ToC4pljukPDCn8z9D/p0SyUFK4Xp04DHgzA4JOP9n+XRVrngaKMjSuFBknAyeh1r44XRXKmDeLfp/s67WvjjukPDAEEeoI/w6USAcDhQhHAYEKx7gdJrU88IY65kY8VYdyD12tfHC9OvLBfLx+uP8OlDA8McI6HIZ4AuD6kf6dLhTETxGFEJYrg4A/dg/rj9egLhfbgFhq9DwwP3/qP/H+HXdQYUIBmBj2WK9jk5/07/qB9elDAmgwQBPDAgkeoJP7B0WCEbHBs9CXANMCQQaYEdzgep6QuOWOpXBvE5x2/16QSeOOKkcce8D+z/wAf4dLrHnhKYMPIDH2/69drHnjqYU/z/wAv/XpOp5Ye6Xk33YKc/TH+II/8z1wk8cC6aRwI9uBH7SAf8f8Ad0usYbpg4C/Vv9D02ZSDlww8sWpa49hf+Y//AFp64Ma47pHwOBULkdyf2Ff/AF6VnywSx58D76YEhcn7iv7ADj/ToOocKYic6YLhf+Y/5HohI1MB0j4HHvs/U/8A1v8A69EZMssKI8+B99MD9vfv6f8A0v7f39N9QnDnTPgPux7C9vuxn6eP7eu14Exk+X2YKfXs3b/6nrteO6R8/uwkSynIZicggYxjH1yO4H69OIx1Acv8cj92G+m4IKglgQR7jXH5rv8A5pd7uP8A96P+37j+s2+yrLR+CNrtH1FO8Ktd5d18k7uo1qSOKWOZ52raZlXxKkx/u6+Mv7p2tje7WJUDSizn0sa1AMiCg+wfYMfo1/ZFDcDtbemVyA+6QBlFM/yKgn3sT7zj5k8gv3odJZTXSWZGqVZFUlZIlS1ZHteIJaeRvFVZwACMjr4xgitnliWZVZCTTjxrlz5Y+9mSQsUTIDjw5ccVaXknJLm2+P7Or2FmpQ0Gq2ujuUKdWwlPb1ZKKwijsaYpVxYWa7ZVfMnzH0I6mwQWRt7y3vAHuD0ihI+EsSGpSnGgGdcVt9bkPFdW+Q1jWvAHy/4Y0vX/ACNy7j+q1XEZDr0oSWLMNie7XMdmlqEwhoPHTtyROkrM0UCtIo9M5I6rL7aLK5uWvD1lWhyqQDl5f44lWyxaVZ0AJ551H6ffiYq/Id/464P8rch1m41mr3E+qTQ6utdte3Yr7vf+OnpX0RISIpoqlwu7hmdTGD9M9V67ZHuO52NpLFIbeMEkscxEnrYU8Dpz5+eE3FFlty0X81qEHLLzxk+v4w/G+Mj8vYJJK1Cnc2UNZ7Gwe7t7E7TtdNmRYq1v8x/aAJywRgo7ADrUXd9BuN+sCLS3ZvSTxMZFVUcBQDIc/PDUcXSIJFW5k8TlxwW3LatTiCxWaWzdlrpZeGN4kMNmXXR17a10RVDGE4IYHBJI6bMAiCmL/wCzo2Q5cf10zwVSw1KBp9uPpV8W6h+NaDQVmqWYom0uq8jVb3s/kvakYqR9odprOew9evKd3uRLeSBq6NYXjwBqPurUezDM0PWiCoAZGag/1GgB91a4qf8AcJ8oOvzZ8B8C0FtqY4/xvmPyhurMK2I7Ov2/Ia934++NbYaOJkJrXI9zbUvhYxEMEE97bZbCCTtW+3SWhEtwtsozq8cbCa7qeNEDQR5U9MhFeOM5aQdXfZ7NVDWotqipqNUjCNV9gbUc+YHhj4Af/H3yTf7P+3WKhyNjt+RaXnfzZq91f20VjYXZ9pb5CdvsL+wseExms2dpsJpJpi2VkJdskk9fWv1kttuTvdvl0K2s1pZSKqZKFSFRGPLSFGkZDyx499C5Nyl+m0a3DK13bbjfRs7n1M3zDsxPiSzGuRrnjrbgG1d6vKIPf1Edp4CnlRKV0l/Pll/MoxzpEtlkHtIxBwMt2AGB153vVvDPcW8kySuFTgTUZmpyOQrzoMenW1ze2tmUgkTqtJpNCeHGnHhnXGa8F5nzSzvfmTX8K2J0exg54/HK9uDVwvZrani2g1E25gsYhhlqLt4ttYjSxN7/ALsTIF8c5E3ett2uCPb5tzUS262ZmcEmjGR5xFkCKEBVUU8ueeI+zXu5zvuFvbqRcpuIRCKaqRJDrA8dTSVBNfVTlhD4fh2/zx8u8j5vV804rwaa/wAH1j7eK9NJut5x7c2J+XTWEilgMi7Td6uASTSIyitRjMZz5Zi75HZ9l9uxbG6at0vh8xKq/wDTV4IzBGKUAVEkkooAALsT6jiz2Gf/AMp3e53xXU7baj5SEnIOY5pDLKOFDJNHmeaJHSgrXrzYabkccPOb0fI0muVYtvb4zxyXiclSC5AsBrClX3d/ZK0N7TxKJY2lgYXZF8EAxk+bR3+1PJAJI3RAKM/UCEkChFDx0jpitM9ZHEY3xjvBHRUR42bivKuf6+WKnZ1/ybT1GuqcT5B8dPDFDDFRfZ197VupTjjhiMklOxUMJuxoMv8Ae6+R9cY6tILztc3DjcINwDlvUEaFkBoKhGZgSBwz8MRJbTuURFLEWkbrzl6v36V0/ZlihjkPy9oJ5qe0r0tpNQaK5biqpQnhuaiadoZZ3twujSuskZZf/phjt1o5Lbs68jEkRKpJkv8ANoMia5qF5c8sUL3Hd8LiO4jRnQjWfy6kHlk1a+wVxtvwNe2Vznl5NxJNamXW23HkbFeuwieBARVZzHDOoc+YU9z3wOs93Ha2MW2W5stJTVSvAkaSf1jFpbm5Z5luVo4pQeAJ4Y7ZvNWs6WoXRI1isvGJCFlEqTrI33q/2ZDxjHcHK9YGBVilOs1Zq0H3Y50IGtQGypTzyxzp/dIRsddwPkuoXa/0bTUKnGBBZuwVa0u4nMt386b8WRb1ecxQ+xgZhaMgSHHV928VN7PYzKBOY9eo/u04eFPZ78MQQSW/VlkY9Z+K+A4UxDfEm11rJyvW8nAqzw2aPubOhpae3vahoorNeWjT2Tzi7RgmnhAMkIKyeRbJHlmZu0L2zW9xt511jFBQEEjlU5/Z4YFBI4AqS0cv3ch+meNtoTceoavax1JrWxCxwFh+KaSRV47UclevDbllfynrZJLjs/fAA7dZq/SW8mWSZdBHIcAfGvHLh4YmRR6CoVQPVjUOO3d5Hy6nf9yrrqkvHN5p5/zisENmhqrtG7JJI86Ox/kTSlfBo++SD9xHVZNbosDBC7T9QkEUyyHlxwtxQgR0DFWDAeDHKv2DHO390nzZVnraDhnEbsnIpNvNeklnaKyj0aHHIK0724rUzf0+Sik1hi5SNQcAfTqd2hs8Zkkv7iqW0alUrWqyDPVnUVz8OHLLD0EEkEfqjVXcV+0/d/nj538Yml2en3tg03ehtvkXmN7XzI8gik876wTyxzxo0Rimsx+SH1H0696jRUtbdJWJdbOCpHgAfLj5Yy8sGu7mMR/LaU050LGpz88TFTXb1tZtacV2CxNYYWJBesQSyVda9fZ6rZEVyT5R1oa/qvn5ByDiQqOqfcLnbS0T3qkQGMguvEMpqtfawp78X222t6jtDEymTqrUt+6eXvyGP2f/ANlW23vIf7Ov7Yt1yWCaDd2/hXg0NoSQiGSWvrtYNXqrkiDP/wC3aalXmVj9zK4J7nr9NPpxfTXf0+2We5UrdHbYgwP8IKofeirj8V/rfslnYfWDumz28rJYpvMxRh4vpkmU/wCid5E8aLjpYqCfEt4g+mR37fr2xnra9QeBx5QLIZawFXxp+v8Aywkyrkff44+gGfp6jt0azUNc/fjvkuoaj0rzphBlHkSJCcDJyAB/h06brxp7sc1iEFQSfbhs4bv4nPl3ycdv3EE/p1wuh+n/AAw0bVuQwmVPgCWPfv8AT9f3g9L1wc6YIWb0/wAxhORW7+PYjGB6d/8ALpBcrXMZY42jSH8sEV4YbMJR3ZB3OAfXJx6Yz+nTgmXiKjDbW0i+ll9WBVZCDgAH0+nb6/Qnrvm0HicElnMRkv68JMZh6DH+o/wwOk+ZBzBpgGtWDEMM/ZhFi47+hHfxAwD/AIgD1HRLOK5muC6BGZw3eX7j5eR/cwJz9fqejaYUypgenXgBgvmhz6j9hGf8cD6dcJxTP/DCGFR6n55YRZyP0yPqSo/zz0vWHGgwoiCemlcIvMCcBSP3ggAfv7kd+3TzHSKk4QQFuOYwTz/+pP7mb/d0yZtWQyODFtp+BQDhJ5/EgY+me3k3+vTsXqXPPPC9KnxgVwqlhPEEjv8AX7Tn/b1zcacsPogUAqBXDc23b+EeP1GQB+/BIHS5c+GGVJJFCK4Oth2OPP0HfK5Hr3I6iSSMp9JpicqUUV44Tawc95P8PHOP8gOuSR2GZzwQUYI0/wBck4+vcZ/w+nSknxw6qilNNcImxFg4AH7fNT/pjoVmBNAc8NtHER+WoD8sI/kqhPfDEZzjsQfQdu579G0jczh6ONVWtBU4Ta2mCMEnOR+nr6fQ9IrlmC5UwohWh0igwQ2wBkDAx+3t+3GfXpWNGIFKYVVC8s8IPdfuFUAkYAZiT3/QeQz26b1J4k/ZgA0jZFaYZvNIc5ZQT6D9D+vcn079KHVDXh7cEkarkRlgrWewUyqhAwR27n9T364yhjWuCKJyGEmsgD/3Mj9cev7iDnt0mpcNkEGgJp7MFNxMA+Xf95wf1xjHR9cEUApgFjBYCoP6ezCTXUwfuJ/+u/256JJATmcOmDwGeGklyLOSPpjOM/U/U5J655KHI4UWwI9QFcNXupknHb6H0P8Apg9GrsVyzxxgpkBQfp5Ybva+37TgH+IY/wAMn9nYdEWoNWI8cDOhKD24bmyBkhl8iPXBx69/r0JnFMzXCi2kGejCJtfQOP1wpPr39O+c9CZwc8/uw/Hb1HqWhwzefuS0p8nJI7nsMADtnvjqQkvpB05e7EeSBFcxkDW3DDOSxnPjIvYfbjIz+wYBGT051i2QFDiO0YIOkUblhH80hcOTgk4B79x2yPT9D0KyCQ6lNBwyw8qTlAJFqvLL9Pfhu9vyOMqB2GD2z9c+vTmsLlmf08hhto1B9S5+zCDW8faDj0GV7gf5t0Qk1HhgWjGn00GOtY5MkY+nb6dseuCeswWYih4YEW3DhT34dLMR9Af9n+XSLkcPrCqnxwqHDEEdgcnsMkED6/of06RnCmmOa3V/VTIezCgc4/iH+K4/Z9ek6i+WBW1Vsl/Zg7SksGA8vH6nv9PoAcdFqoPLCtDrcECuDCd8/wAI/wAVP+/oRKp444IgalM/PCyS+X8QXGf+UjGO4/16LWD8JywXTU8APswbOT2f/Dwz0odhhprZGNcLhl7EYVT3JOT+n6Aj16bM1OGeHhbRHMEKByPP7P0OD5XsQ4JHfsO/7+46HrrzqBhWtFfJSGPl/ng4LN3X9x7Duf8A6HRCZDwpgfkT4H7sHAYlR5AHBz9P3fXtjHSG4QZVw4LE0GX34MO5wVGP/qcf/ldd105EYIWjE0IoMe8Bn7f07k9/93RCdSKZYZaxCtVuHuwop8ft7Env+n7P1/Z0vUSlSQMOR2y/ClK+yuFPFSPInGfXGf8AyPXdahoMC9mKksD9gwPbIIP3D0x9f2d+3RawMK1vqlBHCuFAxzk+uMd8D6/sz0JkXlmcOtb6RXLAmRh/4J/3dD1VHxZYHoFswK+zHgwPcqCei11zHDDZtkrmM8KeeQM/T9n69JUDPC9HyP24DIPqR/j/AOvXaweGOMAPEYOpx/CQB+zH/r0LShMmwaWuoVXh7cD5t/zf6f8Ap0omjIzOHPlDg3kv/L/oP9/SdZPEYZ+T/h/VjwbJ+0YP1zgdv8+lEoPDM4JbM14YUyB6sP8AP/06QzAfFlg/lD4ffgwUkZHcH65/9Ou6oOfL9PPHfKHw+/AKT2IIP+f/AKdOBvHACLUaYVBb/iwB/wCf+Z6RpFUVOD+WYZjjgwfHo4H7umzcIML8qxzamPCTB/iH7yPX/Lv0QlGG+jTIUwYyDGftA/U+n+nSdU86YNrVEGvLL9PDAq4bvkY/YD0XU8Md8szCrfDg+R+v+h/3dJ1D4HCfJjy+/A5H/MP8+u6o54X5dhkKUwHkv/N/lnpOqMcLUodS8R4ccDlf+b/TrusML8ufj/Ece8l/5h/4/wAOu6p5DC/L1XPjj2U/Uf8Aj/Druq3hgVs1pnSvtwb3M9iR/wCP39ul6h8D9mHDapTl+nvwXK/s/wDwf/LPXdRhy/XgPk08sGDgehX/ABOP93SdU88L8toyUCntwPujPqP/AC/z6TrYIQlPUOOBD/u/yx/rnpergRASaHh+nng3ufsP+fSdXBfLL5fp78e8x+h/zHSGcDjhPlyPhFR9mBJyhIH0/X6Zxn/x6dcZwKVrmMsscYGChiBpJpx5+7PAIxXuQAoJAJPbIHcD/mP7ul6w45/ZTDvyWf8Aw/xOFvMj6DuM9/IZH+P+z16VZdfCh9hB/bhGtQONR7R/jTAe7gEnIwMnx7gDOMnsewJ7/p0jTKvxED2kD9Zwi2eoVUEjyUn9VcG8z37H7Rk5U5wM+nb7iMfT6dJ1FOYNfYR+w4cFlKBXQ9P9Df4YD3R27p39DkYP7Ac4LH6D1PXdQg8GrWnA8cCluJPgZWFK1BWlPGtaffgzsYYxNN4RREhfOVhCgY5IBeUqqkgehOekeYqtWBA8wRhUto3zVgR5EH9WMv8Akb5r+LfiWDWWOf8AL9Zo33V0a/VU4m/qu0vzqhml9rUa/wB++IKsSl3mKiNR6nPrlO6e/O2uybdLjuW4WFJW0ouiR3LeK6A2Xt8MbLtL6c91d7Xclr2vaPcTwx63bqRxxqvgxkKgnnQEmh4Yykf3r/2wlwR8n12jw+Z4tFyB6zKV8omDx60lmcg/bjyyO46ykf1v+lslCm6aR+80E9T7fR7sa1v7f/qtG1TtNR+6txb0HsrJ78WLjf8AdX/b1y3aUdHpfk7VtstlFA9Svtquz0kckk/t+1Xe5tqVKtFeWVxCIJGEjP6E9s2O3fVz6b7ndRWVpu9sLmVtKq0bIGJ4DWyhVryqRU5DMjFbuv0a+pe1W73l9s918tGupmWSGQgClTojq7U5hRWlTwBx0GVZB5EArjIPrkZ9VAOT6fTr0dmoBStTyzBp404088eZrbo1TUUFamopUZEV4VHMccCJB/DlA+WAXyGcrjy7eWftHr9B02XPMGuCNoB7CPEftwmWyM48uwz6r9pGfInsQoHqfQfXHSdZhkFP2HHfJVFaH9f6ssN/It9vkB5AjsR5DOFIwSPu+4dvXv0TupUowYAgg5HgRQ8vA4QWsTZBl1UNPUvGmQ48zTH5Xv8A5O+W2uZ/39fIdB7sM1H4k+OPjD4+1lQL4w1L+40k3Ot9+UfxjLNYa1yQt5+4VQEKRlgevz//ALpt0upe+YtulUhEs4tBPNSupj7A0tM6Y/VX+zTYrW1+k/8AVoWDSXe43EslPwv6IgtfEpCrew+7Hz359NsdLoWfVRXbd1adncNFTKWrDfiz0qcUskckkTrQc3wsjDsq46+eNohS7uo4rg0g+AHOhYAtTL+Gp92PqXcJXhieVBWcDVSnIU93Gg48Tiuf26XeScy2vLt/vpmsa6pZ4vqqOmrIZacewsSTSTP9yt782vhqI6RMQB5nz8sqOr3vCxsdlhs7K1X/AHLdYsa/vCgb2EinjljKbRum77vcTyXbf7dVIVP3SMivma41rY6+rsrkrT14ZGnFWFYVCt5T0G/96DCEFpyMt9PIfu6z0Uk0KqUFCONOQpSvuBrjQaQ3pIqp4jGZ8lg23JNnwj42q62lYPJPkSts7UKq5kk1mn1CVaVSQOGlDI0szPjKF1x07tkqwO+7uQ4gtWVOWpSy1PuzriS8EEcaSRCoDZnlwP8Aljobm3xpyOTiG12lidS1LX8Z2E9KCaGKSTW7C9soo3gj8Y46sta1RhgKnJwwb0Oeq7a9zhhuoYWHrmkYDwJNar7QfGmIpkjaTSueZHvGKNq6vJtxyRNnsq8msj8+LVqNT8qO40NCJFrUJY2ghhhgs24tWZnU+/lEPfPbqxknt4rQQRZsD6jy+I8PP7eAwxGg6jEUOZOPrBxSPWSUNbWM0TS1qWpgnhaQlg6RSrJIqVldvJMEA+JGevDb+d5FllkU6SS3jUBWOXtpT24G6DqQ0S10mtfeMcDWat3n392vzxyjU2Vr8a47u+G/D/GPxrcFSG9teD8X1b8oEk7kXp9brdjyK2jqpCrJKwbv16pfPHt3ZO07XcKrX0sbXElchpuZmovj69EbDy44pO0lc3F5uI0M7XiRAsPh+UUKxAGVVZ3SnkaV5/FL+2bkeu4dw/5c2vFuO8um1nyh83/O3KuLUa9aazq9doZOX7TRa5K23jjepD7UWnT3lOCGOcHOevqLv+wvt13bbba9ltGex2aximY+mRpTCsjMoPFfWKHHjf0ru7Sy7av7m0t7prS/37cp4EAqip8y8a8Mh8BqMdHfGly+2oma9BGZJLdvZ7eWsbVqX+XSqtFr5LzJHAMxwAnxUd+sHv8AFBFN6XBURUTMeqlPDzqM8em7LBd3URuJV/3Dmh5Cvhn5UxS9Ru9zwriP913ylbDa7acZHOuX6mzbdYqZn13CdX+D52PbVxLHs1SCGL2yPcT6evTLw2+6bl2x26n5iXht4HVeOia4lJ4+EZLjyGdMLczT9u7V3R3LKCgs47uaIsMmeK2RVHs6ulT7eeNt/s41J0Go5nxuPb62ta4E/Ctcs+32EHsbaze+O9PyDaTXHlnjns2Lm230lmRkYkykjx8cnrMfVG/XcL62vXRulffMNRaekLcyRjifhHRoMzwxpextvW026XaACwsJYYQedWtYZZGPnKziTP8AEXx03DPDf1MOx3V7hewuPYs7ExXBBH/KZlUVRGadmOuKvi6BYo8ylv48+nmkiBL5Ttwm6YABFB9vl4UGN61vEiDWrkH9Of6eWKDt+d6Dh/8ATqd3jzzwwV5Yrey1u4lepSnqxQ2q4n10cNy1FRNe3GrPKSD6IkmMDQ2Pbd9ucbzQXPTuj8CmtcqeIoM/E+GK243CLbpFR0lEZ4nkPLjX30wTke4plLUy6O7Jbh2laxC2upTUtS2q2FWa3UkS89yaXYB5J5K8of8AkLIfcK5bo7PbbhZKrNG1oU0t1D6vGgpX1E8MIZ36piMTNch6l/3hTzp+zF7+ONpXTkWnUXHit2K9lZ2sGvLHWT8OWQipYgYZhkZFU+QXun8P16ibhC5tZXURmKKma/veGeZFOfliQ6hoW1JpfTz9uO3OLa61trden7VfvNWMnvPE1GOFpooJp52ZT4RwwPI/YeWVODnt1lppo3uKinXan6eGM/cuLa36h8ae+mQ9vDHH39y/GdvZ5lxTR6VNlsOKPxxLk4oWS1mvyN9zvtRt5qGhuSRWrSJqXgJsxdgrj7vtx1sNga0tbCSadgb1X1FedKUDcxSnnXESCO/uWeWZKRr8PCtMRfAdbNH8mc5rZk1kt/e/0vWNa1AtSSw/015GiWq8QhsbMmoXdgI48SDwC4OD3e4QbRA9CUij9QyyHn76cMP2sDurpSiF608QMdDV9FT0tmTwsx2bET1ppf6mGklrQxd0FmvEXr1XqKJHEKNIAO/kMYOLluJbj1qpCP8ADwzH20BHtxZrH6Mh6Mxlzx7nm212tp+cG5Fizc0/Jkv7i49elrVns14bLRzNaMcELJ+MVRiwVgpz5AY6Gx68heKUEUkQ58SFb1EeNNQrTPCnUoBC+mo9uWPnB/c7tF4dqNe9i3Eb54jzK2qmx2tahP6DY92FolV7Kmy8LeK/YQwwfp16R2TYtfXzxspot7DqzqB+ZIBU881bKppQ4jbxdrbwSscibdmFfBdIY+4ulf8AUPPE78c/HT634S+K6Ou22rlkbjOg2kBehchRptjoNfPtIEZbTJSeG5OWZ3Rnk8c56t933a4buLcJilJXuJqFuFDLKy1IrT0leHKmKrZLSOParKGtJPlYchx9MSoT/wCvLPxxl1q9Npru45Dx6/d9qTfcx4XFKLpniHt35609VVmXyljlmiZxLgYP2579XUMXzNnHZ3yIU6NvKoU55QIC2eVKE+flhi2YR35vYHZpNfTNeRDAke0EDyx+vT/41OeS80/sR/twvTzie9pOJbThGwfOT+Rwzk2508YPkT4kUYYs+nbr9D/o7eJe/TbaivGGFoCPDouygfZTH5If3K7VLYfW/fQAStzNFdDzFxDG9R5E6vsx26b57fep9foe3qP9c9emY8L+L0SZUyz4DDK7uaWtp2tjtb9PWa6jF796/srVWjQpQDB963csyQ160I8hlnZVyQM5I6amngt4WuLiRI7dAxZmYKqhBVizEgLp51Ipw44kWtndXV5HZ20Tz3UjoqRxqZHdpTSNVSPUzM54AAngTkQSz1HKtDyLV1t1xre6XkOmuef4m40GypbnVWfaYxyrBsddPZpSSRSDxdA/mh7EDpix3Cw3S2W822aK4tHAKvG4dGBFQVZSQwpTMEgc88W+5bPuOwX77bvNpcWW5J8cU0bxSLwyZXAKnMEAgEjMAgGj/wDPUklmU/bjOVH1HbGepeK0kCavLT+3CTbOMMR+n6Fcf+fS4eBrmMF/qiZ7ev7h/t66hwOpGy44QO0GSBj6jOQB9fUYGeuwIMYNAKH2YS/qg7hipOTjBx2+n0xnpQCeGC1r44QbYoScmP8AxY/u/XHScMdogb1MwqfbhA7GL1HcZ7/U4/zx12GI4YNQYklBxwi+wjbtlgM5H6fX9Qe/fpVJByxzw2zmgFM+OG7XY89mY9u/p/l2A6LWfLA/KW346VwibqA4yD+30/067qHwwnyq/g+H24Kby47MM/T/AMY6My1HPALbgGoIJ9n+eEjdJHqD/h/r2C9AJGHDBtCzilMJG2hPc/T6Ht6/49+l60lKVwi2AZtT5Ee7BWvR5wuDgYHfv+76Zx0YmYDlhZoVX0pmBhM3QRjBH7e3QdV/HHG3JFP24D8oD1cr9e+e/wDiMjv0jSORnww8tmrKFr6q4I1xR2Lhf/q2Ud/3HpsZ8MF8sY/S/pPLz88ItbGT957HBwR4/uyM5/w6XBC2Y8MNXsFm8csDnxPY58sZwB9e37+laWiksRpwJtmYaQCSfLCH5fqvmftOCftyCQTg985x9PXpDlxwx8seAByPnghu4OA59MnOAR+05PYftPXccxh/o0ABIB8yB+sjCL3mwR5MMn6/b9M5+4dx2+nRhgaKxAAGFEJfJc/YK/eMjhJ9mSO5B/XGAAW/hz37Z/y6EqQKnhgmJcsikGSmYBBP2A4anYNgEsApwAWGFycAAs2FBIH69EpKeqlQcMItT6qj7s/DDZ9ie58vtOQCuPE+PZsHuCF+pHbriTISQOAqfZh5oaZmuXmDhudgWGVcEfQgeWR3x4gZ8s4+nTyEhRnTCBBSoqV9hw3a+T94YeHr5nAXGfEHy7D1GOmlVww9Jrhvoy80ensP66YbtsV8sB1P/wBSQ37PoT/v6kgMRmtPswqxMjqaGhPj/jiK2nIBrNXuNsIWt/0jUbXaitFIyS2W1+uuXEqr5RsYWt/jGP3GXxjByQcgdcdKxkNU1BJX8OQrn78sKIJJrpFYP0zIoGj4xU0LDlQDz44+TfxZ/wDMF8J7/hfErXyvx/lXGflDc3Lr77inBeP7rlPHOK6CTYWa+k3N/kezOr957GsRJrNasLE0UpYquCAPLYfqts1vt3zW7rKl11WjKQ8kViNWeVMq+OPoK/8A7cu7H3x7Lt54ZrWO3WVHnmZS0zQkNGVAycMQtOHmcfVipv6O112v3Gqv19hqtxSq7LVbGtMslPYa+5BBYqXKswHjJXnhnRlb9G/UED1G3uLa4to7+3dXtJVVkcEEOGFVKnnUZ48Fudvu7K7m266jePcIJJI5I2oHjeJzHIrrWq6JAVJagrwJFDgj7VV7tIoJPiB5DyOCB/Ae/jk+uMdSWOv0gfq/xxEjLBqDM8PHP3HDaTbY+77mBLLkA+q9yBgeoB6EJ6tJArx92BmeVWpQj30wxbdr6Du/ljxJBYdmyCuCR9qH6fTrgtRkV+0YGscfrNDJzFRX7zhu+3IZlJVcDPfCnLANhc48vt9MdSBQ8CKjzGOaOv5BBOnMDx/Tjxw1l3IA7yFcEZyCCMgkBge6jA9T26IUGdQa+Gf3DPByoUkBz0EU50B8zSg9pIw1k3ZXP3v4jsSASv65JUEAEHsfTHQMokow4UxwkWE6mppIpUHUK+BIqBho+8UjxLfw+jevf94BH16NYpU8lxG1wOxWQZ/pzzx3Wk/YAEZ75yO+O/8Aj1kDM5xYw2en+YAcLicKB3Jx/v8AoTjt0nUfxw98qo+HLCiWVPbyxk/Ukf7P164yNzzwDW5B4ErhwJRjs4/8H93RBxTPjgOiq/AKHBkn/wAh3z2A/wBuOiEtcicIsCqwNPuOF0lVicsfT9h/T9D0OsA+Iw8ltExJFQ2F1kX0D4/eP9/SiWnCuDNoPH9Psx73gD/GD/h/9A9GHYiuGmhCmmf6e7CizeOR557+oOAfT0Gf2fu6a1FhnQDBNEqtozr5UphVZfI48h/j6fT6D6nHQkKMyScHFCHYjy/ThhdZCMjyx3+gOOuD6clrTEj5X2ffg4kP/MO/rn6/p69x0Baprhs2jk5EU9+C++O3cd/QY9enNKeOB6Y8MGE+D3+39uP/AF67SnjjjEDyOD+8D38skfux/t6XIcDhBFRq0OD++Po2P2f+B12pqfFgpIw4oAa4V9zHcsuB+i4P+zrhK1eJ/T34U2aL6gBUYD8gf8LHP7vp0WtubYExA8jg4l8u5Y/p6H/d0DMCcyTg0t9Q/wAcFM7A4DHA/Yf93RBssjlgGhANM/d/wwYTAnHn/wDg4/2gdcXNMzlhFtkLUC0OD+bKezj/AOtH/n0AcLmtQcO/Kef6fZg4mH/E/f8AYvbH+GR1xcNm1ThRa08MeEykn7j2+uDj/Z13p88NmIA0phWMSyjMMcsozgGNC+SfHxyBnxLeXYHv0oUFgudWWopQg+8ZYXo5ayKRaqAnKp/0nMD2gYiNnyPj+i1+z3G65Fo9NqNJFNPudttNvrqOs1Nauiyzz7K7ZsxwUkgiYM/uFSg9QMHpiW7tLaNppJUSJaamZgqipp6mYgD2k4k2u2Xl7dJZWkEst5IaIiI7O55BFUMWJ8B7TlXERwj5D4J8nccrcw+OubcX51xW3LZrQcj4nu6G90slulK0Fyomw1008Bs1Z0ZJEOGVh6YKkjbXtrfwC6tZY5oCWAaN1dfSSD6lJHHzw5e7PuO13Tbfu9tNabkiIzxSoyOmtQ6g1FDkRUqSAaitQcW0SH/nI/Z5Y/0z26kiQgUHD2YjfK+zCvulVPdifoMDB/eM9IJDXwwrWyKKjjhMzsf1H7lx/wCfRE6smOWGdA/dwHuk+uc/tB9P8OkovCuWF0DSV04XWQeIyzA4+np/s6CpGVcGlsugVGf6eWA/IzgZP+Rx39e+OnSwAw30g/pI44UE5xglR3+inHSdWnCoOHflsqZUwosv18x/gD/sPSdVvE4T5Uc6YN7vf+L/ABwP9nXdQc64X5b/AE0x73f/AKb/AE/9Ou6gx3y3swHufo3+YP8AuPS9QY75X2YH3PqWH+Wf/IHpOqeRIGF+W9mPe5/9MP8A60dd1W8T+nvx3y3swiJjkd/9G/8APPRF2H4sNCOppTCvufqR/l/6Doeq3if09+HflvZj3u/ow/yx/wDknrup41Jx3y3swPu//Tf6f+nXdQeeE+W/0497v/03/wCD/wCnXdQeeO+W/wBOB9z/AOm/0A/29d1B5475b/Thhtt7r+Oafc8h29k1tRoNTsd3trKxvKauu1VKxsLk3txAtIVq1JCqrlmZfEdyMtXN3DaWsl5PlBFG7sfJBqPvPLz44kWm2zXt3DY2wVrmeVI1Hm7BAT5AnPnTgMfKDkn/AMqUVm21j42+Kq1njjQixrNx8icguaHabGFpJIk2iaXS664a2uYp9kcloztnEir6D5wv/wC4iF7h49g27qWYPqeaRlY+YVNQH/DH1rtX9p9yluj9xbq0O4hqgWsSOq/ws0hQk+4+GIPX/wDyi82sG1Yn+MfjZKkPtLleXclqecntCRxHZNa5HMACP+AfXqsi/uJ3IztXa7UR8qTygj3mMj7ji0m/tP21YFH9VvS541ghP2gSAn3UxJWP/lM34h/6P4k4S1lT/Onm+SL/AOISoDM0KR8fS1MjA/8AMAepM39ws5QBdrhEx/euHI+6MH/Llirj/tUg1Fjul0YhyW1QN79UrCns54qlz/5R/lkPCaPxl8XTymWV/wASPdckseVcRsy+dz8yAQOnkrN4xuJF7YHr1F//AHhd+AqlhYqn/wBSZvv9P6j7cWMf9rGwstbi/wBwqOZjhUfYNf21Hs54hz/8p/zK35VeP4u+JjbFP3ILabTktijXk8BiaeFtpHHbNeTJMIdA47MwxjoX/uA7jcUWy28P5mb9YlH6hh9P7U+2hIsrX1+YfJYqn/4Mc5bn+93+83k8uysH5l2ml104mZ63FOL8R1ValBIxii/EZKdvaQwQAfbmWSQn69Y27+sHfNwrJHuXQVnrSKKFMvASaCynzAOWXPHpVn9BPphtwj6u0G5nVaE3Es0gJ/0h0QjyYUxyv8g8n+Yuf25rHOOWc95ztGlNhV5TyTYWVCMYY5Hr6yzej19dBXI8THChHuHB9R1jLzuK63cmfdb+e4Unizs41cqCoFePBRl9mPS9o7W2HZIzHsu3WtpAEp+VGqE86E6SxGQNC5zANMVvVR7TTz7OZa1rWRWZ1EMNut/VLP4MphjOtN4OZZzdnTLKR4+CBfLHVS80Uwi0N1bheZrpDV40P8NOXLFj0FaMxSRCSF8mU0GXIhgK18uGJ6zq+ZbGdaSotSxb/wCl18bUpBClhIPcmdmWwkFeSmJQZGZ8qCAoOOopvLSlaaiTxIFSedeQzw4u1RUCMmpqZsSfdy5cMUcDfVK3azYh19nZ3qO3SxWty0bux10rQt7GHlhlsDwJY/wsmcd+p0c9hI5MyZstVAFOfM8vvw1LaBadKpKtQ1zJyPAH/EY6d+Hf7q/7o/hXW0NFwP5PmtccqQSwDh3JeNTct45rZSZWiXUpufyL2qoWC4HjBMgB7AAem32T6md1duVt9uuyNvB9MUydZR/pLOGXwopVKfgrQjzjuL6O9h93OLnedvZNwC5zQOIGY/xBV0sOdXDPX8dKg9KN/wDJT/dzNqpZfx/iyvKkbwzvB8e7U24maNh7kNS5t56cojbJ8fHDHsTjrRzfXvvJxpWPb434BxAa+3+bTGIj/ti+nryGQybq4UU0G4Gnx5Rk4ok39+H95Mz1p2+VU8PzLB/C1PAtBJLIJ51tM90Px4zLWozIVaGFZD7PiDk+sM/WXvud6JfRq1c6W8On3atTU9pJxIb6A/TWH0Ptsh05VeecsfMlJEWvsRfZiLuf30f3sy1J2l+ZIEp7NZ46uy1Xx/o9bDTeukMnt65rfGlmqtYcgRkpI2PIn0x0b/WLvZm0ruUaucgBFb66nIU0ivPOmdK4atvoT9M44mll21iFANTPO615VUsa505Hx5Y+Z55/yj5V/uV/uoi5rv03vyrV+QOA8x3jzQUq1jb8a5p8W8Pq8V2DQU6+upSOZON3KshEa4lgOezIT4d9Yrzdt7vto7s3aRplvrF4FkFADLaTSrMDUgUERhcZVK1qKimPpL6F22xbFtG69i7LCIP6buAlkhqCY4rqFHiY5kkVEqEio1oQCRTFe+TqSyc44hNsJK1uhsdHybRbTXV7UtGslWta0tmy06SYVTLHaRSQAQ8K4b1xgO3prg7RdiOMrcJJG6ayMutrhU5E5ZCQ/wABHPLHpu5jXfJH1D8s8Mi6fwkqVckn/SNPtpi38AOl4boK+r0EOlqS7TkcN6Coh8tnvTrzDLZuQzRSXpZPYIjiYyFT/LGOx6j76ZtzvurPrYRqQxWulSGNa88+Ip44ctbCzt1KRKI7aVjoGXBiT7eefnjR9dX1F6pNekvwpOl2gv8AQ4Ins3auupwVP/tjLOix/gNHNDJ9hGJ/IZye3VclxKXEJ16XjJVqHTwpSv72Hul03IalR9/sw703GFm+YzzEx1KtDXR6CfS3rkzCVNRAtWK7DAIojXiuX9zUsRPHKuSVHcKc9U91eTRWxsQWZyjVpwGRNDUg8QeWHumv9OC/iapH2EZ/bjQb89LfajnvIalV7NiitHhahbexrLs9Zx/mWtqRySU44hRqRuySgFCrSx/f2DZ6CBZbW/hgABk6mtDnUahroRTL0int4ZZ4iaY1RYaHMVJpzofOvhik8boSR7/iX5rzCHdrBtYXaIQy+7rob6U9eKEU1gVtRUr2Z/bmkf3WcZIAPVxuEoexn0E6kcjLiczX76kc/HDkcMakqoqB/l7Mdo8d+Q9LRq0p403NyxJKzSwaygAQmpW7Yt1IrNqeCvUeOtVkmMkrFUjjZj/CevOJNtvNJhWoYlQoINQxYBfGg1EE8fTXKuWI13DWGQnSqhM9XD30z8vfjjj4w5XD8Yf2t89/uI5frLpt1Nd84/3C8noMsNke5yG9N8hU6yyJ7L2TYqbCpWLDA8Bj/hB69Q3e1m7k+oVr2ftLr0XntNvhL10+hTEznSCdLKutaAnVUkDGQlvYe1Oxpt4uAAINve7dR8RkZOsQK0FdagGpHAjHz5/tK12v47/Z18RPalCLyPh9znO3sa+qpEu55zt9jyHbzRV4HlAWO1eEYUgDxUDHW/8AqhfT3P1e3pIcktrpLdI2Zhpjt4o4lrpqCTpJ9+eJP0i22Dbvo9sJLAmey68jKAS01y7zykVplqkIHsxpGmLVaL6ardWdZZatt60dWOvM0liGzEY7pVfxlY0Pub7+xHf0PVJuEsUji7nTpBQK1NB4ZUJ+/GrtLb1osdGQOWrT1EedMq45l+cuSrsPhL514bDr9jZt8y/uR+LviqKrCjzS29V8gXuCbe5Ui9lVluR3Y6lqthf4vdIXORnbdo7ZcQd47LvUrgfI7De3oYmq6reOeOMZVNUJqfdTPHnPf18l12xuvbMikLd9x7dZORSpS7kglkpnkpVdLeZ4UzxvvxnE3F/7kP7i+J76hW19q1wj4r5nPx/Z1gmx0e0tV345WpyxSRrLDPc1dOsz+LMiiNQTnyC4zuTp3fYHb+5wKzOt3dWkbMPjjB6zMRnmZSaVzoc6cMartmVX7736xt3qjw2d1KgOccjK8Cjw/lxKDyqBSuNxubuGSWrBZWoFa/DDUVoYKFe1FC3l+M9yGeWeSE2GIPihzn06x1taTMr3CNKIgKuERiRnTMgGns8MekSiON/l6fmkZZ/f+z/LA7/iezZdptp+NaLS7Tay+9H/AF3ZVbOjqQ1qi04bNcozWkusVQFTCZHKL/MUdSLXc4esLFLmd7enqCCkg9ganvripWJmgcvEnWB4uDQ/YDg9Awy6+ky7ygrVYH1pleGVLC2YQczrFBKsnt2FIZUKooRg2fE90YSrLJH0ZERnBXyp4Z5/4YlqA6fmzK4PxAeGX+WLDxHTFua8asV7STav2dwGSONHuWNjKIPGysgjZfwalUT5hLf+6yHJwcQLu417dcO2oXrtyppCDx56gacuGCmidJVZqfLkADx8h4Z47r4hvbWnylJqViW+hWwrQ+a2KtAsUjKKjtDLKweQePd2PiASQOs3EZOqzUqooMvEUOXlnX7cZrdLaGRswenqr7D9vuxifz1xW7ueIp8hwtbrbHgPNdf792swemul5FSrflm5LAatuzHQ2s0AigikHhl/MHsOrzZ5XV3iuY1aC4idydXq9PIcqt+EcONaYjwyhLoW6EdJh+rL9WOXeNzpr95b31Spcqzvarbipt6/9QfZedqWNfdhrWp016V9dXkmVo8RSsCMnx8iNDKTPbJbtEDGY9LKcq/sy92J5j0SEKRQin6ftxs3HOd7bYW0gl0tTaf1O9JM9qutiH+oQWXgM+woxzLJAybISlgqsUVWwpPfqiuNqgKazLodEICAgqDx1AAk8iMwOOHFRSwVDQftH+GNk3nEr+6PDKt2GSDSU9/rLnIaVpK00FzjqazdRSa+4xjiQRyiZFmVcO8eQZBgdZm03CaKGdoiWnaLTE3OMlhWRa0qxC6SDypnh+ZIz+XEV1gCpHicfI/+/TaR3/kcaU36Tx1fhi+wjijMprycv+R4NbTp0SpzHCtHhcngqg+MbAAk+XXuP0phuotl+Y0HTJvFc+OmG3aRwT4tJcBl5ZsCcsYjuNNe8Sw6qRR7IVI8ZJ7xNLAcKBICrVzqRQEVpr+l5JZ2Wq4tBD7TVaujFZTEtiFa8Wu1q0UUq0ixxzR166eSMh+7OB0xJZAVmlD62cFiczpqAeZz8fLGjUW6HpxmiRjL/SM6e8jHPek1k+y+KuPcwgpzJFyzmPyEGsS2YwtjYx7axvJWqUwWdPw/zFR8dvPt9R1pmnjj3m4sGYaYIYFUCtWX5cKQOH4qceXniosIVe0t2twxmLyysDQZ69VOPHSD/wAMfpy/+GTnOi339mR45rdnXsbzhPy98i0eT68SD8rWryC5DvtDYsRZLw09jqp/OFyArsjgZKnr7i+g15Zr2KNuifVd29xI0ic1WUhkJHgxqv8AqB5Z4/Mz+7fbb6P6ujdJoiu33m1W6Qy09EjWsYSYA+KlhkeRx9VzcXxQCX1CjxI9DjvnPY4PXtnVFaZ1x80LZOopJlICa51oa+zHxm/v7/uPl57u99/bnoY9lr+NcG5Jrq/P78Vqqo5xu0px3I9AlaBGePjegawJ5y7K09pIgy+3AGk+Df7nfqvPfX0/0t2iMwW9rLE17MwDfMtRGWNVDfAuvqS6tJeXMiign9JP7PvojDsG1Wv1n3a4hm3jcbWUbdCkQQWqGR43u3agIupTGFQIWjjtyQrlnout/wDxX3ynwl8l6uCKCnpNV8v3hqqqmOK1WtbHjmnv7hLFGNFFaOeR4JkbLe60rkYAGfS/7SZ7sdhblFOQ1um7flnMEareHWrDMUBUaDWoGoUzx5b/AH07fZy/UzZb2MKNwn7fHWIFK6LqcREHU1CUakgoAWVSCaY+lr3owfV2/wAD2/2dfU6uGGPiZ7QRmgFcIveHqrFf0ycH9vbuei1DAiF+AFBhM38fdk/XP8Jx+717dJVuZFMOhCDWjfaMNmuhj4lzg9wR9D+hPS1Aw00Gpq0phP8AK7nLBu/6nt+zv12rBLDpFP1U/bhrNsIYyPenrV/IsE/IswQFioy3trLIhcDI7j0JA67WuQBGvVShy99TQUx3yUslWjR3FPwgnPwovPDJ+QamNmWXdaWJ1Jyr7fWRsgAByyvZBUEHoQ4YUShbwqMKLZmehB6h4U/wGf3YgbnyJwWk/je55wim/wDF4W+X8ahIQMyGQpLtUcRhlx5YwcjHTZurcGnUjp46gM/DPniWm0X8tNNvO3sjdj9gXFR2fz78IarB2PzJ8XUh4xth+dcbkfEveMmGvsppx7g7qfHBwe+eoj7vtkSh57m3jQmg1Ooz8OOLKDtTuC8bTa7ZfykD8NvIafdisP8A3S/23iSNP/u6/GzPMWEIi5NVkEni/tnxKK6j7v1PUSTuft+FzHJfWokHEa6/qFMS1+nXeUqGaLar8xcvy6fcSCPYQMNb391/9tWtkjivfPHxtWnkIEVeXfYlkBdIwURYGZsvIPTov/JNiOS3cJ+3/DDqdg93M1F2+5LeAUkn2CueI/Y/3if2w6qnT2F/5x4NFS2JkFCxFZ2NqO57bOrmu1bXyiURmNvLH8Pic9Mnunt7XJGLyEyRirCuf6sOp9O++JEWQ7ReqjcC8egfazUr5caZ4iLX97H9qNJyln534TGwngrOC25HhLP3hVy2qCr5qwOSQACDnoF7t7cemm8iz8m//lw7/wC23exB/wDuyY0Pig/W+JWX+7L+21IXs/8A3cOAe0qPLgbOw0rRonm7RV1qe/OAB/wKcn06cPdfba8b2Gvv/wAMAPpr347ALs9+QeBWPUp9hDUI8xikbf8Avp/tc0sUU175f1z155Ehisa/jXK9hE8zgmONWrap2y2OxxjpmPvHtiaQxQ3kbyLxArlX2jDx+mXfABDbbMp8ypP3Mf0zxiuz/wDlc/sur8i1fEdb8mcn5Jv9tYs06NbRfHPKPZ/Nq66ztpKst/aR6qpXf+n1mcO7CLOB5ZI6tbndLW12+bcpdXykEYdyql6IWCg+mtTqIFOOdaUxW2vZfcE+5RbVBGh3KeQxxxlwhkcKXYKzUUhUVmL10Zaa6iAY+7/8sn9sNKPaPa1/yu9fTI351g8IhRhJG5ieKBJN+ptTicFAsfl5H0yOqaHuza7hkWATMJfhOnSCKVqdVCo/1UxpJvph3MwZ0ayZIwBXqj1MDQqtaVIOR5eBxM2v/k4/t7WF5q+k+U73j/SvZhj4nroPyG3AJrpGbHIEBauozPk/ys9+/UBvqH28lBS4IqRURkjIkHOvjzxZW/0b7ymov+zTKvqmX9lcOJv/AJE+AT62DY6X4v8AkbYLbo2tjTiu7Pg+nWajVikkE4ksbybwEzx+Cggt5fTHVW/1U7eWV4elcM6GnwrQn/1Vp7sWafQrumSMym5sUUcaSsT7gFNcUqf/AOS7S14Zmk+FuVToK9axEdVzbjGyWGK1Ek4F+ZKKfiyyLIpAHkAOxbphfqvtjCvyk9a0FVAqfAVbD4+hG9xsB8/bBaZtWSg9vowa3/8AJRx+Cprr0fw3yiencDjYRnm/CI7uujDvFDI0M/hDZgsyoVRnkUeQIIGOnI/qntT3D20lpOksYr+EVryFCc/bgZPoVu7NX+o2ZWmRKM4PsLID7v8AHFWsf/KHok1b7GP4W3EUiXrNRaGy+Q+D1rSR1oo5XtzGt+YqxhZMYQsQR6dO/wDuhYC6+TWyuz6NQcJVT5A8SfdTCp9B77SZJ9y20qOQt3JHkTUD9WOVecf/ADLfIL7ihxz4y+C+CS7K/PV9qxyXmO+3a1aCTLHurN5NLQ0Vep+BCfdwkrt4DIHY9aWPuG4a0e/mt+nbIaeo5t/ppX76YhTfSzao72Owh3Fpb1s3CRIDGvizVqK/wg4PL/8AJj/dFbkgjk498GaT8mRFpyVtPyPbwbR2knR2r3LPIARA6xxmOQjvnuBnrFXP1F3RmA2yFaHiKEkDz9/gcbW1+iHaCqrX11ePXPJxHn7QHJ9lB41yoYof/Jn/AHI6+WtZ3M3xZsqzlxNreOcFmk2QKyyJHBCZuU2p55hEofKwKrjOWAA6ZTvzumcGJUijkNM2BpT3VOLCT6OdhQVZp9x0kcFuOJ8c4hie03/yt/Jtemicl+NuCbS2y3Zkm1U/IdXCQklg1nnb+p7GFpZakcTNEBGyt5gKQBm5Xvjf1f12tq4yz9QJy9mMw/0e7VmJ6G47hEoPBir08tXpJ9pUfdiw67/5fqFmv7+x+At7bmjkijaLjXNqckjpJApay0e41VY1q0eDJ5lgMEDOTjq5tu8CZNF5ZiOT97qsR48CBX34zV19H5SEk2vdAyMfhaDR9rLI5HtCt7MXM/8AyyfGMwix8Q/IcbFA1uC7veLo8PgrPJgVxYSUIVXBYoCWHf6dE3e6IKpaOVLU+JAPHmw/xwwv0Zv5jRtytw650/Mr/wD0/PFU5b/8tPCrfGuTNqPh3mk0L6bc0EtXeY8c17xm7qpqsbxijqdrKhU2iU7fe8ePIDJ6cXvSBn6aW0qAqSSCjKKimZDmh8sJ/wCzm6mMu+4QMkTggJ1NRJoBxQeGePgj8bX56PKuMa+2LHne43auTQzSqZI2Tx/GtZYmWdx4M0hH2lm7euB8zbyElsbmWMaoxMwBHCpNaffj7x2dqb5BDISLiSESGvGlMq+dPdj6G/B/93/yD/bXc2+l4/x3/wC6J/3bV1dWStyflO+g0nEqugkn2c1vX66AWUjkfT2Sgr1/xox5KT/7YBsOwe+tx7Ve6vYtNxFLaxRRxyFsmQgE1oVIIOWlUOM/9WfpPsv1HSxsZZRaXUFy80s8NvGJZmePS4lYEMwLAPR2YFqmlcapy7/5i/kmtL+Dxb4a+PG2pnhMUez5PyzZGbXt9r22qV000pVVLYkcBcqVHlkHr6csd9vriESyW0UKulaknNqVoMuFK+/HxRefTLareforuU88iS00pEiEJQZkhsyCwBHDj5Vp2w/+WP8AuDsW5o6+p+ItFBBr5rVqyvFORXoaqgs0EQa5yeeSaxKYioBRRnGcDv1Ak7m3wwao7eLWXoBzp44ubf6Zdox3TxXN3fuAlarKsa140ppbPzy8OWKTr/8A5Uv7pL1OOaba/G8n9RmsTa2xV+PasRFY5dKslWxubBtXI5I28j9i+Jx656auO4e4YpREPlU0ZMpi1Z8fi58eeJ1p9M+xWh1zHcvzM1Y3A4Vpn+X5cvtxkPLP/lz/ALtNBqbWym5JxAPduLrdFr6/xxx2tsr91bqRXFSGSK2ZYolVkLMqKP4s479aG2l7hvrpbf5mJKR9R5BEulB4Zkerl4eeM5uPbPYOy2ovjt00j3DhII+u5adT/wBRV4iPnVqHy4YZ3v8A5Qf70LOtqXr/AD2rppbEq1o6nGuF8PrrF55QmS3LqZ5/z4GYfcQFJ7DOeo1zuG5PK0VvdRqUB9QRVZiORofh5+NaYu7T6e9pwtHdXllM/qFYutIY6EcGqoJAx2n8R/8AyxFZ9bw35s4ZvFvw09bSXnvEq9TY0bfvmGidlynT37FMU7U0pLztSleNBljGmD03YdymKzj+c0tLXTVc6+ZrTPFFv/0ilW/kk7ZuGRSuv5doyIkTOoTQGLf6mANfLPH1ZofImu2t/b6vUcq4fvr3H5K8O51uo3Gu2ew0z24RPTTcVtfcsWNY9qsVkjE4Qsrrj1HWn/qEbMISfz9Gun8P73sx4ybO7gRrkwlbXqFFNPikBpoHnXMV8Rj6vrZAAPoR+wfX9nbrL40GgVrlgxtds+Q/xA7f59dUDjgtJOQzwaKyf+YYz6kDI7DGCPp266teGEKcmGeHH5Q/5h+n+n7j0LEqK45Ry4DBxb7/AMR/ef8Af0RJArgzEoGXHBja/wDp8/uYj/z6FXJNMAY28K/dg62R2JY5+nckY/x65nKmgx3SPMYWF0Y7t/mHz/ocdJr8eOE6LfoMKrdCjAPf9fLH+wY6c51wioUXTSvtGBF4n1Y/4Nk/7B0tRgdLnxwp+b6fc3pj0Byf1zggdJljiHHjhcX1AA88/t9P/MddQYMdSnAnAi96d17fswf8znprqHHAPX4T9lP24OLwPbt/mv8A+b0ms4IhjxX9uFl2CqMNnP8A9Lgj/UevTiksKnCagmRBwb89T3wf8fDPQlyDTLAF1rwwYX17fcP9/wCmMdD1CM8Ga0qQaezCi3QTjv8A4f8AmTgDpOtjk0k+kZ4P+aoJBJ/z/wB3Y9cJCcExCmhywYWlIz5f6n/d06uYrhxVUiuB/K9QXU/u/wB/SnIVxzKKZcce/LH/ADD/AD/8sdNazgVQk+rhjwtMxwn3H1IUKx8cgMwBZOyZH7/L9h6NKu1K0y8Gz8qgEA+3HSK6DUqlkrQkcvaKVp54rPOeWzcP4PzXlkVVLs3FOJck5JFQmcwram0Oot7RakrhfNQ7VvFseJIyQR2PVbvm4SbVsl7uqJV7S1kl0NXNkjZwDShoSM+Bpw8cWnb22pvHcdhsMz0S8vLaIuuVFmkRGI1V9ShjpqCKgVB4Y/HT/dJ/ex87fP3I+RVfkjmntWNDwHafIPCONfH9bkHBeOcb4XBs9drd5WvRajlVbZbjYbG45YWrtq1MYh5R+BHXxpuHe/c/eMlrvl9M0dmboWjxx1WMTFDJ6U4MnTBPq1Z0OP0b2f6Vdg/T6C87f2u1SfdflGu1nn/MleFWCDW2Wh+oVFYwmVRjlGPkQ2PJ/mb4p2ctvaWlg4fvtVs/zdlUnv8AAed6W4tHZw2zup71nkOl29C1E115VeQ+I8RnPVVc2aw7XYdxx0a0eW5SeJwpjNzaS+pCCM4XhaNxWrFtXqpQDUQM15u+49oSHS1slpPA0dUk+UuQV19VSHWaORJQTGVXToDAgmvZf/8Azo/33c+0n91nzr/8c3ydHx0anYx/IfyZwDbSVK+t5TP8k8AfTazkmot3NbJLr9meYfH1Zdna90STrsNfmEpG7oPtztSw2qDtS3uNnBW3lhWYICNClwCyoABpQE+kDl4nH5tfUnct5ve+bqz31td9aSm16hHrkjj1dKSQ/idkpqbKp5DH7JxYHiPEg9uxB8Qf1JXuFY+pGexz3Pr1cZHGLIavpFRjwt/qy4/YO/S0w5oGDflr/wA/+g67C6VwZbgA7MT3+gH+49JTHaFwP5i/84H7DnP+mB11MJoGPfmL/wDpAf8A67pcLoXBhbH1f/IMf9uekNBxwmgYN+Yn/Mf/AK3/ANOuFDwx2gY8LqBh9w7/ALCD+n0HbpaY7QMHN1P1P+ZP+g66mO0DHvzVx/F3/wAf9meupjtAx781f+Yf6/7+kJA447QMe/OH6/6/+vXZHAFXByGXtwBug9vMf5DpKjxw5oGPC4o9H/0HRUwmgYH8wn0Of29x/wDi9uupjtAx780fVsH/AB/3jrqY7QMCLZYkIfInyK+Pk5CggEsi+qRnIZg2Dg46FdRo2Wg+dD9pyw2SoqpqCOJoSB7hmfd7cFN0A4ZmXvgEKWBAz5OCWUOn6+njg5PSE5BhQhs1oQajwy5/djjp9WZqgowKlSD45/h5eNccp/3s/McfxB/bV8kbdR7vIuVaPYcA4lrnrmc3d3y3X26MxSKRo/dGu0osWZFx93trjI7nEfUfe/6B2hdzqoa7ugLaIagdMkpAJcDMAJUjzGeWWPTPo92xL3d3/YWYLJa2ha9kqpXXHbjWVRjkWaQRqOOTHnQj81/Gb1G5w7W663o7Gx/oaS67XbTxkgppE9do4dS9twJ5p6bTF/cfEfmvqRkH4luYrqC+1xzJ0CcwAKvT0g086A+GP0piMMsRj6ZUn1UJJpr9YHHiA1D5jDS5y7Tcfs0LI9pdAuzalYeVjHNTtWY1rUk9ouwkaWRipkVfEjsACc9HBY3V2siReu50M4T0gFVBPEjLhh2a+tbSCNpyEjDaWc1OlvZXPjiytseXbzWQ6/V7o+7b3F2vcuvSrT25qC0rNurTqmRGjqQxwVGRSrBlHdgT3EWJrVLg3FwhqtsrhGzqTQk1FKgUIwsqT9MxxONBf414aSMuNfVqpxypXLFP18nINJzOTiO+khsDQ7XzmtGVWs/hCBJWlgaG55BipYwpJkMuCQQepV7BZXtnFfWSsokOQyoaGntwzazzwu9pdMG6f2+I+0EHDLQcjvWL1qo6VaFexoLe91y7DyjmMlm0iTyRRHKWJUWUeAJ9vOck+nTd3YrHbK5VjMZdBApTgDkONc8El+8tyIk9MZSo4/ZiQ0vJNuLf9KN7U2ddf2GoSW1bq1o9jqq0TlpDTkaTERjtQuSwU5iXsD3yxeW8IgVzFIrLmDlT3mmJduztIxeWN9JPjU/fjaNpNTr6zX0bl/Wch5FsZbE8m21kyT1odUjD8WH8nxzNEC7jI8CGwCOshCspd5oE0WorkebA8fsri2EeqNWB9NR+o/pnig8ahs3uQ8goPqddc1eu4rPs5Gvx2prM09e3OIfxZ6rRQwzQCTz+4+T/AGoME56vLtUba4pdei5Mx4UqV0jLhwOeIhSWK7C19B4+8nDPUXeTf078+b/pOKcpn20dKwLiW149JQpVZL6Vcn3I692VQrFZCYwSSe4wxW0b8uNKywrH6f3i5Nac8uWHhGyFndh0xz5j9nswx4JQq7rRbSWEOtWKpyjfwF5Z5dZPPrNnX11epXmE3mHt1ozM/uIS3vAAjqZu0kltcqpNQFjBFOTgk8hwIyxEjlQxlyAYy1fOvh7MMeFcx2u/5FNxw6WD+mV9WuzNqOSb8x6kslMoAZ1SvD+ELQ/iDuzIcds9P3drb29hHes7GQvTTlTgTXhXEY3Ukt21vGoCqlfM5gftxsHxRpZPzuU1+SxiRdBtT+JsHaRoJ6k4mJL+KeEkcSurlkz3YjHbrP79cII7eS3y1Cje2p4e6nHFntombWkoUHVlxrSg/bjQJfjupelm2emr370LNLeq2q1m1BHBM80QpfgTQ2Y6sVt/DMchXKZOeqeHeCqeoHWMhxz9ueJvysJjAlzbzp54kIOCbylxiSW9odhqrQgtGobHOr1qGW7ZMry3xBUkheqZ3kBdPbJsKv8ALPqwkLvE016HjZZPUpoEUHIgmhoNOQr7KgYhpaxn+RIqvQ/CuWYOXqr5j/PHya3W0hqf/ITw/mNOoNFd5Z8Ybv4t+TNXdkkg/qbcP1+t5nx7ZSxuzyDY6T2AyFsySQyyKGGMdXm+p899Ldz2q4Jure1vbS8tHRavELnXDcxKOP5gKgctQBOVcV1ltsNh9Rtv3mxIilvrG8sbggErJ0Cl1BrplqRg4JOfTZgKGhxKfKOzu8h5hySOvPUgm0VxtZDRIWaJdPtYI9pQuPbiiYpY2kLKJ1IPi0QAx1ke2FjtrC1nkBMM0IdqoylXBKdJgxOcRXTXxFcenbkrzTvDHQXMErqAOBR1XS450ZaOOYri28B4UbPCo5OSvJXv7Xku+22lsLBZqT6nWQCGlDb1ciQQXkjms1zhwBEZPU47dVHcu+zW27K1jT+mxRRiRFHxu7ENrpmKZUpTzOJewWMNzbvb7j67lXBGZ9CAfh/XmDxw5o0ams21fYx7KCW8Ui1W1vTPcfY7ahXnmtUz7lFpC1tBIVZ5WbKgdgfVZL6a7hMU0ZjhIDqBSgNRlWhNPfXzxMltViYsJRIzcK5H2Dh+rG+ci3tdP+3qDXDp61XWVto0tlrMt6xBs9zPsVjnllkia0bUbIpiLBcKM4BYnLbbbyT3F3chdRMtNJ5BgQac/v8ADC3UXRhSJCGUCnni4cDpz0/jjawW96llOVQ6rk8NOlXsR7avU33K+T37erlKyTtNasCpCVeRUwCQSMqFW+kH9TjmAKOKgg8BoioBlTiGr+lMVsruWXIADKvsHtwrzDVGPTcA3GskhqDjfGBBZvSCOGWSahurEckYQSB45bWssOsEsgYytGQSoHdhSSt0r1E7Nqz+GpoTTnTMgezBW0nTnlj4ozZE+FB9mHGh5Pqqf9uvy1/Sqti5uG4hyjRVOR7OOwNdqeTfITzcHNqtPZKme3rIN/EqrTVy334K+T9M28bydzWTzkNB8ysjLy6UdZWJrzIWgpzOWK3uO3kmsiqyFRLRaD4s/Cn255ZZ14Yyv+9LlHHOEf2D/wBy/GquwrtFF8Ccm1VOSrakaaelc1Wp49qADYqqzO0lN0kjzhO69wVI0/0lgur36w9vSBazHe4FetcnQu0jLlw0mgrXMMDWmMZ9YdMX0s7huJfTbptEi5ciQVX7TIF9lKUxyD/ZzHp4P7Q/7cYN5tpzsY/jbTGTSQ0DL/00H5FqGW3ZdYa8MUtWWP20bzaYqAOtj9VDPdfVLuCbbIqwybnL+b4MKKwPjQg+7zxpPpBFND9I+2ra6FabNbs3/Muof/CRja91Lr5tVDc4Joa8toX5pbEUn5OusvE0ZSyFhseKzTWlkceyEXGT4sMnOFtLa4jmFh3LMVjkNQ9Dop58T4jG6klWVOrtKCSUfhBp9uOKeXCe/wDItPjlyjHoxzH+8H+3PYimHSN0g4/8fb7cjc2GE1j3JZrHEy/YjDISRg9exbZawQbG+42cvXSx7U3cE5gHrXaIgYc/TJkRQ1OPGd+cR9xW9pfLS4u+8NqlVTmSq2ckq6afuiMGStaAmlMqWyDfs397XJLO80T7rWfK39qy1HtCZ6Txbv4o+R6xl2cl2JJLdixU101eXGfKf3lViR26r5tvWf6O2w26RYTtXdLFUPAQXFqz6fH4tTChqSorXOti4XafrlIzI3yW59p+rSczcWV502NOFKSAA04NljRdf8kbWnPqhDxfitWn+FHJX2uxcf1MG5G0knsfmCpGF/Nb/wBnyDpj6nqql7ZtntriRbu5MlWBCsqKVDEaaADM8a8RkMaqTua5/qcUIhjWI6aE6teag/vUpn4eOND1t3nPL5tlp4dXNyDXJcrxI3Hn2Gz/AJcbyG3JPepVvy9TB+QhDVpZY3WQZyUI6qX27Y9o0yLN8rMELES6U9NPy6M79SQM1alVYchQjExt13GcmDp642cKhRg7yUzkIVSNGkEABqnjWuWCazjfIaXMLVnbV9VrdLPU/BqDY8u1tJJJocJWlmo7O6k0rXGjeJiXHaIAYAA6C8ubKfbokgklkkrRmVHYDz16FVR5tlywttNcQzyM6RdBvg0yhqH+JQK/ZQ+7F+4fYuf/AHReJU5YhGYLLxquvsxyayifbkWyIPalf3o7EiHD/cvj2yeoe52VkNgmkjqWVRVjSta5g0yofLCQ313NfiGc0BqKZ0oOBFeY4c8d28HsV6W9ptYhjuSRRWbFGtbsNHALUcU0kVqWdArV1hgjlYFcnK/QgHrz6FTMwWKigJU1yrlx9uX6sS9zjMtmSKAnnz45/p7caVy2m/PuC8t+KuN7ChT3XM9TvuRvuK+vavHqI9xZ2h0eyWlAwh9+a1r5Pai8clavkXUtnqRazxw30dyYGe1juIyKmhYIS0mQyoQaUoOGM6tvFbD5iaRgyUCiooeVTUVP2+7HzR4bwTebzietoVILcFvXT7jje79/YkzV9hqfsC/jTp5SnYw+UivLGceQGfXrf3M6WW5SyD1EpHIhUBkCvxDAg1fMUHDjlliU11W16ZI1JnX30xWOCavZaXc6GepPyTXUtTyjRUr0cux3EtOz+LvaVWcQRvskgFCrXKxlkAVT2AwSOlv76C4tJLOb5dp3gkZQqaCCqFhUgg8qHlQ5Z0xNihkTTJGxJI5/8MfRLnFqV5tvEU2mv41BdMdeSOtYZCsVezBMTbkKe8Z5Wz3U+uAevHtuiPREVAJdAqBnSp1Glc+f2YsYCEWp/mnOn2Y+CP8AdRtdJY+cNZX19WS0z8B4Nr70lh3jSeWbnPyLdpPLCspMvt1ZQoIAGW9PTr6Y7Bs7iLtVuu2m3G5XDArxr8vapzr/ABfYPPGN36eJO55dSgu1hZKRy9dxctX2imXtNcbwNPNuqEWw11GSowqwiI2N27KDtdW8k4Z/YSAsH9xQ3tlwfHBz36iSTraJpuZoy/IgE01cTmTnQ88WJ61zVliaMHieVPfiX1mm12o+JeE8V1tyjHuYea7a9vdXtpIBsdTZ2tXYTRVoYhla9i7q9ZDZ8hJKZCT5lcqvVPcT3Mm6X15KrmAQRiOWOlCEZQCag+ojjypyGLCC2WN44iVDlwRmeXEDOudSDWuWOgP/AIgedbPhf98VvhC379PUc84R8gca3GpJC6/YzaCsOVcensRNMyS39dPpT7E3j7ipJJGPtkYH6p+iW5SQd4WwUhba+tJBIufqMceuPLxBDH24+Sf7otnhv/pffM0dZdr3a0liIHwQzTMlyoY+rSwaOoB/CvnX9Ux3C+QPuZKv9wz5AkHBOSASDjP7OvsCtGrmaE8eYqafaMfnCiUi0KNK5048+Bqa8eJ8zj88390EQ0n9x/zxpTYGws3fkDXb+W7XU15K0XKuPUN/BrD/ABP79OtKsZKsqSjBAwGz+Xf9wO0HbfrNusEk6vJeMt2hI/BLFHVDTmrKoTnSta4/Y7+27eE3f6Gdt3fQeD5a2nsmjNKl7OYxs48pAxevAsMsssdUf/GnzDY6zZfOPx0ismsll458h66SZllWrZYPxXa11ZJvNkvQxU5cqoVGibPYqB77/aTvkrQbz2qY20osF4jEirs4WGVR5KVXTzzbUTlj5w/vk7dhjTtzvdZVLyGXbnWmSKqm5icnjVtbBs6ZLQA1r9V/6pcXs81ViCOytKuQcEBfuYErnBOfUHr7OGlSeIQ8K0J4Z1p51x+fh6xA1CNn50rQeHGvKnPCq7VmGZBECO2RITn65PkDjrqg5jhhxV9I1AavLAf1aId/LH/j9vXYXSvgMItuFBP3gHP1A8cfu/XHXY4ADgMVrl/PddwzifKuabYhtXxHjO95PsAJUr+dPQayxs7EQsSBooJJ1gEaMwIDP5EEKQeqBQn4a5+zDiQtNIkaAF3cKPeaZ+WPy3fOv94XyL/c/wAv4/yXnfBNbr6Whk2FbiXE6kRm1nH+P7m7QktQTXlufl7ncW7NdYrtxwis8T+yqRlR15r3Kz7s0khumjsUTQirkQ1fxHmcfU/Zfa6dpKlklsZr55RLJI2grQqD6MhRRUDOpqMYx8h7SnatUtZBxDTnU7WMfn2YYKYvVpBHCIai+400s881xPbDqQpZD26yPbljFaxtO1wzXkZLLUimmhzNFB+wjGz3KS6mlSGICbb5BpdhybjSjVBHtB8cOqFylV3FumOJ8drLFrddxWhSkr0nuI/tCVJF/wCjsGGSIRRjDeblUJ7nJ6YvYrSWzil6rGMMZJMzQE1TKnm3PDsUNxDMx6RWT4EC6VBy1VNBUmg9mLHrN1yQR2ZqVHRUZL9uGWZptbpzPHT1LzVYK1SWSpCxrxuGIUlQWBOD1Au7DZ1/28qyyIihqK7AVOYJ/i8/CmLuGS+ossT9PWCoYmp8xWtKe6vnjQ49Vz004V1lHjtircbwSWGXjetyXCSiwLE9GCUSSWnw3irD1A/XrMC82NZepP1o1jyzZ2H3GuLEWG5ogX8uj8CwGf25/biB5DynYzDUVq1eSvmebWbGnTbTvdENWVfzFDHXysknnAcMHH25+uOruztrSNXmYqugVBOrPOnj54rJUvy/QEmtTkQKD76Yv556dh8f63U0609LZ6ajbrat660VjWtHYP8A0keot0lisz+25d5Q6yg+TkkDHVBFtVhFvEjzaZQ7fxjSONciPZnXjh1YtxZFCkrFGKVDDjy41FcY9JyTYa2zF7MHlfM7NsZLU9BGieTxS00UEqSQsWDowkZMMp+0Z7nWwwW0sNTo0kejSGzIPA1JxVyW1+LhlmM3WHGrLQHlwUGlM8/HjTDu1zjcVdTY2t2mh1tF1WzYq7am8M8M3nHqFNeu8Z87Ekg8g6nAB+mMMJYW0t78ov8A9qk+GoNOH4uf34Oa2uUh+YcyBU5hvDGJ/LHyhyvU8a1EnG9Wtvfcs9qLX2LEt9tXq6MMU0w3NyMEWJlP4rBR9mJHjz2yDte1tj2y7vpxesI4LanUUAdWU/uVII8+FaDGN7uvd8sLWFduLzXlw9FkZvykWhOtgKNypkwBrQ5ZYxHRSTafiOy+SuSXo+W8nsvqdRUt2TalueO1mjWbT6+vMn9O1WvrwmsspWEvJ4shPi3Wtu7kXe5p23t0clptFNQUE6Syj4mJqSSCRpJ051AqARl7Tajtuyt3Zu8iXm9y0jLgepQ7ABUUUWNA1CxQBiBmc8SOosck5NvVtiaDYQ8Yos0OpeJEN15KqWbOwtwWXnrKxkkL0ygX24oyP0wzfyWFjaG0IMc9/LSR8zkoCgIT8IyFac64tNssb3dLiXcikL2tmvpjCqBUfFrHE+qpBrmtK1NcazwHdbzY6riW4m5HqapvVpJpV3NeSazH+NLdijs6ySsI7TRX2h8cgSAqBk9Yje47KC5uoDHO6RU0sjUB9IzA4U9nOuNftFu13awXLvCFkQllZRVfURTLLKnhw8cS8+x32tl45TbdPJX3b7CnVsQPDTrSq8D2o41jkC1vOGaGSEzFQDKcDAI6gQ/LNHc3CQr8xC4LqFzQV01JOR48sWL2kwuYrISCkqkn0qOVciACOHtxUtdHtIhrthS2cVfX2dls9TdlshUgmmRgo115o5m8IEmRgGlySIlCkd82c9zA6PadLVdqoKAKop/Fw48vfjk2ueOOOUTgWzkhjWtf4fZlXx88XaprORSUNzq9QmvtUNlVj2urrmUKIzLBJNDZiiZ1ZXjswsFYMMj6fXqomvtvhuIbm9R1lVqvkKnKmeXw/pXDr7BPONKSK0VfSQSKCnDj41OMDffcibk3Pvje1HBxihxiloHk5VJc1+1k3O15IjbAQxahq6mOVqgm8w0j49kZPfHW8WOxg27b9/tjJc3Ny0zGBUdFQQ8V1liG1CmmlBWoxhqXt3u+6dtXANpZWawBbkSq5kknBZfy6VVVUEMD6g5GdDit8docf19OZLHJdz/W5PKvZ2M9tRb2LvMEVPfSiGSFYXKoijwiA7DGep+7Xu7XUvptoxt4bVQVoPv/AF47Zdp7d2+LSbqQ7oyaC506nzB9WXlyxqVeGSmkFiTfXLmo1mu97KbP2pfyrUyjyMcSDCwovgWzmVyGwAOsebpyTEYFiupJanLLTQ5Dnxoc8bL+n2sf+4E7TWQj8qhqjjlSlK4n9JvtQNhXW5PfRbeuV67pWnuOq1ZCg/J9uWCQ+EJIVkxnPcnqLe2e5dBjGqkB+NaUyGWOgfapJ1jIkIK1GQ9nhh9f2GjvPBRrJY9u/djqRq0GwQmy1halSZYYlkkZoFjYFfMv4+WScjEKCLdIY5J5j+WiahQ518MS5LTZJXVFFJS9DUf4ZE0xAVt5oZdjZ1cNTfSR09hY1l6/OFiqRLVklqyrWVb5seMksJEajyX2h3BPfqxuNr3drNL2eROm0UbgD4qvxBz4DliBaXW0STtZ29vKul9JY00gU4jL9uBkr6y9PXqQPyC9ct3P6PS9izZJ/qkxZoo5K6yO9lJIEA8I182fxAPQQzbha28kknS6MSa3qNR0DiVB/F+yuJr2e0maONEdrmZxGgFANZGWrL4cuVMzgNZxvinJ5NpotvseV8e26NveN2hqpIksWJqVOd5xKdjM5qVp4bMYeMw/a2Qe+estv3eW57FOY7KC3mjaEO3U1JpSQenKMU1EUOf2Y0mzdl7Zvlo09zK8BEnTAXTVnjb1EVU+kHLxqDniM0PH6eq+fOPWJa1O1xTXfFtvUVb8+2jkSSevJT1ip71KNYDfwWcgKiAj19esDcXnV7KkhH5W4PuJkKA10qQMgSAac8xzxuk24r38s6Ubb12xYg4HFhz8K8ssWzS7Di1zlvyWdhagkgrnU0ePbEaa9sZXrV3ng2riH3qftI+8rpAJ1V8rH4kEEnquuIL2LbrAx6jMWUuuQJ9XDh+5Q88ycWKXkEm6XZDHpLqANDl6BnzHx6h7B4545E1cNHUclsmzva1xtjvdfxyO/crPLNsuQWoygN2cq/4dMTyIyBftWQlAMHA+t57rcLnZo1eJo2SzMpzHBFr6fM861yrSnHHyDDt+z7fvmgzB0nvhCGb4iz0FDTLILUZDPyyxXNxs9tX1tvxov5LuIV2zKVDxWobFmu3sNCIGswsIg5fAjSMgle/VpE1jJMJmf0FF6df3aCuqlM9WrwxV3a3MNitbU9ZXYSGvH1GhXP4dNONc64nOP7Gx56+JKdu7QqXL1GVq7sj1DecrUna2/lGq2XmCxsAAH9exA6r7/wCWRZJhMvVceivAv4eNPv8APFxtsonMAFuxs9fT4+peZY8tArxp78Y7wCyea7fk3LVr7exfocg3eg1CPZitVdVrq0NaC9JFBKng12RVhBfBA8mIAOCNZvZTbbS12zqp03to5JStQzO4JMZPDQCMsq+ePOO0ZI+4Nwve5JEk+cjupbeItpKJBGwoVWmTHmRl4AY3KXY7mY7es1mukUNeocFIK8kSwukrCKRY/wCTYaND/M9fqO/WE+VtYXhfTVpGJ4nwPnwx6wbq8mWdWKjQVzpnTL3YsNG3entTRKs1qDYaWKBAQCasl2qTcia4gWSdW8M+TMW7dz3Oa27Fr8shQGNkl+Ec6Z1z+zFzYXF4l2+mTUDFQNQE0IPp4U/bni7/ANnHyfyr+375h5Vy67yqWtquVfJr6rnVrYxvLHseNzVtclZb7rF4yzVppFMT+D+0kKquACDfbvuhluNu3CzjfRDCpfTxkUS6JEIP4FBqKZ1OZIx55Z9pJdbHvWxXrRfOS3Vw8DMM4pVRGiK0yqzE6q1ypSmP3uLck8cmQED1Pcn9/btjv1Zdfwrj56CqTQDPCibD6GUAYP8AEvb1+mR0hn8RXBiI1yoMH/qIBx7gPbP2+n7iB1wn8BTAulD6uODrs1Hb3B+76j/z6BpWPPLHCPmKYVXZDBPkM/Q49P8AZ13Vc8ThdDYVGzH/ADj/AC/9OkErDgcLobywb+pp9XHfv6dGJT+LPHaTg67JT391QP0/TruqPDAnI0wp/Uv/AKdf8v8A06X5k+GOA1ZYEbEH+KQY/wAR3/y6E3BOQyOF6dOFMH/qIP8ADIpH/n/mvSrcMBnnhekWzNPtwcbBj/x5/wDrv9x6MT1zzwJGk6ce/qQP/wBkX/LH/l0PV8vvwWk4EbAeOfNfX65Hbv8At6Tq4Qo54fp9uFU2IA7Pjv8AXP8A646UTU4YDQR8eZ/Twwf+pf8A6wf5H/d0nW8sdRfDBv6kn/Oo/aCO2fX/AD6dY0FcERqyPDBxsgT2lB/Z6/8Al011R4YTpqmYAGBOy/SQeoP1/Xv9OlEgOF0K+ZAwYbEEjMoH+Hb6+uR0YlplngglMhSmDHYAkEzA/wDj6nHfpDN7cCMzQYH+op/+lU/vx/5AdDrDeWC0nHzI/wDka/uG5JwLT8K+N+D3fkTjXKd9JDzm3yvg29GgiscZ1Vu9pLnGp7lalfvNdtT2xOgcQV18ELO5yq/PX1470utsjsu2NqubqyvpmW4M8cmlNAMkZjZBm3qVWqKZACuWPq7+2L6d7Zvt3fd4b3a7buO3W9bT5a4i6knUZFmEqVASgUlQGbjqy4HGw/2wfJlzn39h2p5TzrfbrcbJfjP5X1PMNjynYRbfk0S6Y8o17VuSbClCkN/bazTGPzkVfujCZJOSdt2zu7bj9I4bvcp/mbkbTMtxNRhrdY51Y0Yk56RWpP2Ux5v3528+0/XebbdntVs7eXebF7aBVVQizyW3SoqVRdJrQLUZ51JOPx/S6urtfk7lNdL1ie3F/bpW0Lq6yQze5v8A5D5DHe8DOFi/Er1+M1F9yIN4icBQCTn5bt7i5t+07O46Q6Y3YMB/F8jEK+2kkv2Y++rvao7zvbcInlJePZzCSef+9mY+49NfsGM74pJLN/dNtDQmkuQQf25aiqzQStLHsp6fLdalSN2LhL34YmeFGH3RiVg3iT1qtySM/TQSzACu90A8OpbyBx/zhQD40HPGR2gzf+8c4ty7EdrxGg/E/wAzG1T73c+RY0yyxzV8NfKEf9t3/wA0f9svypT1z0F1nzD8W/8AdVQSR1Z7Gu+SopeFcmnmMYIZn0/IzKyEZkKHPc56+ovpRcGT6YwzyEukTvGtfwqpACewA5Y+LvrvtPU+sdzaW8ZhuriKN2/+ppNW+wD/AAx/S/s3/ZtWYxIx9qaVP+Lt4uy4/wAMY/w7dutV1QMlyXHj2k+8Ej7CQcIrs2BB9zOPpgdL1/0pjtBwodu31dV7+uB3/Z9eu6+O0HHjtifR1P7R2/2dIZvDHaDgDtf+aQIPX19fp/l13W9uO0HAf1X/APXD/wCuP+7rut7cdoODDbfrKp/f3/8AIdIZQeNaY7SceO4x6Oh/wA6UTKuQx2k4Kdtn1lA/ZnGP8h13W9uO0HB/6sw9WX/8HpPmEOQJr7sdpGA/rDHsHU/s7dd1T54XRgw3GP4pAp/QYH/l0hkBzNcJpOB/rH/60f5Z/wB3SLKQ3E6cLoPHAncD/wDSjpwtpFcJpwH9Z/8A1y/5f+vQdc4XRjw25GSZfXIwR6fpjv13WJ8ftwmjAHb49ZVJ/wDqQT/t67qnxOO0Y+e/98fy/wAj1lbj3xhx7YbDV6za1YOSc1saWW7V3F7VpPeTU6OlsactaevRv268slz2HDtlYs4DdfNf1+763XbZLfs7Z3S3We2aeWQkhyB8EAIzAlFWYjOq5EY+tf7a/p3st+t335vqmY21x0LVCA0Ovoq0k7g8dLmluDUZnUCcZF/aJ/cxX+NLO74b8mcj2rcFszxniNZ6abaDh9z8+7a3klp4S+5bT7qxcjQI7SJ7kYyuO3WY+kv1cte0B/Qe7JLp9udVkhmrqjiPTZ3ViQWEbUzqSa0pjd/W36I3ffEUXcfZdrZrvoaZLmPV0muADGsRThGZFZgQDpXTWtTj58/3J8v5nzCztuQS7vcWxvef3dlPBsZdhd0ut28+yuVtLPXrXbthaTR6K5JXjWAIqx/ackdvPIe47net2vLu/ldorq4MwTUTHSrdIoCcgEOXmTXHstj2xZ9t7TZWm2QwrPaWsMQkBVpTRY2kMjKAuppV1sFqpoPMYkfjbT7Kz8c851E8Jhs1LVqzrTaqe9HZqX0kWNY4SPyZSR5SCJfIDsesvvd3bRbjBdI1XUcPZkPuGL+zhJTpyDM1/XX9Zxi/E+KLtfkjiuo3co1o1u71e0tQNq4ppk2WqWW1r9bsNfeAaJL0qgnsfufOMDq63Dcfldrmnt6sJYDGGGTBSRkPb9ufHEQ2XzcyBgNKy9QryJpmxrzp/wAMbpqfjrYRUt7da3Qhk2/yo3ItfSrRF/CpZ182v/CljVkizZsu1lhH4gB2UDxOOsk+9RObeL1BUsjE+rlmCCPOlR7CcW62IjExUKFdlZdVaBQaUGfI0xm/KPhTc6rkm95ft9xobM+/tQyRNrK0+uaDZIyUzDOtiadZnkhkVSwKqAPEKMdW1p3TZT7ZbbZbJIiwkgBqeoVqSPKpPvriINqJv7m7lZeo6qQR7KA+2gp7sTm5+NVh4ZsF1+3i1V+hxJNXZ3MNeOXYNXGxrWmqw2lVvx6sYlkV379m/Z0xY78ZNwEsi64TPVkPCtKfqGEvdvMdqqLUTUAVxkaUr7PuxTJfjO1UA5Vye1rNdrvxdFXraKKv/wBZQs6jXzx0LMtt0U3/AOpxyyyFQB5BwT6dTpN8gl/2VnHIzDizZjyr7cHZba6fnTNFpPIcft9uI7Vam3Dq/wCs65lgq03samzGKzzhtpYlMmUr13W4IbPuAr7SyOCP4fHOAnuVjYW15TqEGuVOXlT9Bi1hCqgEfqOo+eWLdwGztTLz/SVa8kU0ukeiZSlqtshJt6T+MUL2KcTRRo4QplEZWQH17mn3ZUijtJRqLaq5/BSp4+f7MdHIbqeUsCGVBT7TU4rhobGfgHNeAmOXYSwbXY2dHsNrsKnuU1r1dU20wYhAyGKSvMPEjE6sox1KSe1O72e7RsqoEAkC5KxUnTxrwwxJFM9vPbnNyfT4ioH3YN/bxrdhe4HtP6dWa/Yc3atujYjjT268u82dXbWIXYMZlgnrxnx/Vl+g6l91XMVvuwWRqOzqKUGYEYK/YSSPbiFtcQazWOU5Kak/qy+7FM+L9ZtL/wD3jiz+JFU0Vehq5gqIk1rjt4X5/GYQs4M1WYxynBz2+nUjeLmGC3tYpjUM4LnwUqRy8yMPxRk3jTIKIEp7DUfp7sXXi17lWogeGPX8n/P5HOZ9ZoYrkceyrt+WEiSrNKpknitlHkVJFjTwx5OB1SXkFhLIEGkRwZdRq6an1VI5mh+zFnE0gYlTVwfLwGNQq7rnuiiSjah3WrrSBolr3dnJatTEWv5ET1azy1op67Alx7hAXGDjqpns9uuWE9vIkifwfCfZ+nHD/WcqNaDXz/SmOmbXHY9LrKmy28su7bX0Ds9kzxgezBDUW5OjpKWEcjeDoSfUDH7es6t8rzGG3XNyBSlKkkACvEVwrSMiliB0wKnIfCM2PuUE4+D/AMCcy3HOeS/OvNd/Rq2tm3OqG41ft10mv2KPLuNJvZEozWoRLQs6uG+0EqViUausQ/XOv+oe1Jbps9laXEhtjadGYKxUSNBcGL1aaVoF1A8QZD5YmdibneTy7nDfQoHtb1DbvQElLiBHd8x8WsNGfJaczh1tOSbGblm9khoom0stxeC9d/H9x4Fo0oUETxxTQ94YbPgS6+Xc5z267b7CNNnhVpWqNdF45CRuZzz4EnMkV9si5vZIt3m6MQDmQam8TQDPlwpSnLLHXPEOQ7PfQcJ0cGk1PNrGs4ryWhdocpvWaMdOl/3XRvxR6uY3Y55q1w3MlS5AjVgAOvPtxtILVbuaa4mhWW7BDClKLEWXTUEUDCo9mLdWMd2ZoyUdocyvP24vtD4+020rWt7Jxk8d2dbZ7GG9x2ttxY0jbGjGXr7TX7IR7Ce1WsrdSGYM0MayxZSIgE9UzblJBPFZJMs8MkepHrmV5AGlOeeJpMkq6mNUFOPGleBoBww3vcC3nIuccmGnt63Xw1JtZpqtG1xqPkbS6+rqo4HrSrc2Gvqx1rVkuFlfClQWAJGOoO271FbbaJJ1MkzG5JOoISY2VUJPA6QSBw8c6Yd3OOSPQVNFKjL3/rxa+PW9fptxeo3thHqF0nxVxivsLsdCtWp3bi8gqXd2BYjkQ7Daatb8bWBGgjVJAoyfIlyV55aSxJRZZ7g5uJKDpotNQA4Dl/jiPMhXWpFfXUf+nERp7f8AVtUuzlk3baHYf1aapYvpYpa/Y6avFPKtpq06hoKnlFFHGsXaVB27kkyb6aOL8gMi3WhcjUU9I88NWxDMaivD9eK/8m/IPCdd8Jcd+OtFtdps+Rct+Q+LGWccf2lTR6/Q8Qh2fOd2tPf7TXU4bKs1BVwCTLJkNntgtg27cP6xNu14qfKQ2sqkrLCxfqMI46AGpKs2WkVzNa0xF3BHl3axjApEjkn+L0l+A8EIHuFM61+cP/yL/Ik+s/sB+TZrj1Ll7ltn464ND+HNN7+vs3t2t+VNgjRQNEZdTRkdI8shx6dz17n9B9qW++te10QqLSKe6NeAZY3AP+rXIWHv5DHk/wDclu67X9G941Ama8MFsB+8ZJlP3BK+0DGrfD0j674W4HxuvNNWpcT+H+Ea4S6+oHuWth/25r1XXszP78zvc80YhsQ48sd+sp3CkMnct5fynqS3G63T0z+CSZ3TIEVpqpXyx6LtE9zads7dtm16BZ222W0ak81jgRTx/dKlRzywalb0UlvbVdna3NC4KsRsU3irXKVGWGuzRhN2ki2AZZXJKe3KY85JPbEi7F5FbxrbRQSQM9NTAMWHmTwzyy8K4LY7nbbm4cXM8ocpUohogap4c/PjnXHKOmt2d/8A3H/ClCUV0pT/ADrynZFK0UpaBuP/AAFyKGkkslrytWLWvSw7YbxANgkAdbe9hSw7F3q4JAddjjBNKCj39uHBApkwVQfZ54xc16919RdjQiNk/q15lT93apguZ/dqdJ4iuNL+Qr9Din92fCLdh7NfX2P7WvnGjqFtkk7HkWg5joN/s9ZTmiVYvzrmkELOSU9qP7gSVANN2/avu30rv4WAe6Hc1gsoXLRE8EkUbeYVmA8c6nhiT3puS7b9YNsa9BHzHbG4JEqfE0iT20zBeQNAzGvEVw9+E+c8L5v/AHI/JHxJyTTDY3fjPh/FH1PHdZt/b5R8n/JHKatu9HqKVCzmGtxjjmm10892SDysPO8LMQivib3ds9/tPYFj3Ja3KJFud3KxnaIPBZ2tuyiSVzkNbu9PWQlOB1A4rtq7qt9w+oG59u/K6ptqgtdVGbXM9yJGKovwJFDCgJZyCXLCtKY+snCfhj49pazkHH9Z8SaH480NlouT7DjFTZc4kn2PJeUtM+32ey3Nu1KdtsLCV4ZA8My4fywE/hHhO5dy7td3Yv728luLqJenC8i0Kxxuwj0Ar6FNNYC8QQSSDjd7dtUe1W8lhbFwkkrvJQdNmkYASOQrEozUoaNQihAFcZBzv+3zj3EuLbracL1G747yWhNtbFCa5sXn1e20elr1bm8ra/Y7XX25X1/9O2FgmUvFYiJAYgkL1dWXd15uV7DHuU0ckcitqYMwBAHJQVU08waVrTEyG1ispiINNGpqUUr5V5ivKnHPGLfGG3r3Pk742oH3HqCttvfn1xZhDNX12ymrj3LEcMlp0kXyz9w+49WPcgSy7Yumj9S6AQfCpy/Q4k2Ujy7mgcZitPPH0K41eatsK8kFdLFh7La+n76RPXrxW5UisT7HzaNKdCKkJDJIX8s5GAOvK7aQh0V9CkqCA3uz9lK+/Frfwo0NBXJSaeJqfvx0rByOv8f8Y3XJtFpqFvZR6GpPO1y5XX36UcdgPVhEcMgM9i9NLAVSRIyq9hkkmy1zNeARUe4aQ6c6ABgA4A514H7sYn5Br+RIrl2WOvLlnUVPgKZCnGmePklzXa8jpVtv/W9HUsrauXOR6KhDsNjDt+H6ae7NY8ZYaawx7Gqm6j9xbEtj3Zq4CjCtjr0HaY7dpgYZDERIok5xyMtQDGCCagE0zpTlXE6RBAzI3FRRv4vbjcviqrqdp8Q6m/u5K1Gvs6SWLUs6KI4GbeWLFrZLZkmsmtXaWqjJEnl4Be5yOsDv17LB3LcWtq2pkY6FoPxKQw8gQTkOXgcaOwpJbwsvNTX7f09uN4+Vd7rr3D6Wn4/sdRJe292lZo6d9/JLtN1CiWJ5zoqgMt3YSRBBIUISIJjzIHWb2lLiK4e6vY5StBmD6EoSNOWZNAD7CPHBIKSkPWor7Blj8739xeyk1XzlWeerAuzm0/x/TiZmqO0EtXd8qsKzvWMg9uBbKSSAZwVABIB6+rexx/UO1mZZP9sLm4ao4MenCK/rxh+55/lO4y5UM1xa2qKfBlkmKnPmNRp7c8da7HbimI1NCtfo7j+nURYr7qeBG28NXEMNa7FDLXoxWLcXuGQxKFOY/wDhOaC1gSdWQyaJowKkAZ5U5j78XklzNE3w1LcBn9ntxjvLd5Bvk41mapWn1vKbk9cAJJTk/rNTW2Rais0XWxKtSKjJFMJIwkWPcY4bHVnttqbG2nt0HUiMLageYqCPsYVyxWbjOLu+t7lRpKyKKVPGh5Vx0F/a9vF+P/74/gbcRgJHa+UNAm0tPVWTxr880d7RWYY9hWb8aSv5X0MXj5BvU9yR1ufpBu7L3Tst7M5Dm5WLTlQhn0H7Ucp7D454wf122yS7+lvctjBGut9uknLf/QCzfd0qjzx+r1d2WnWJpfFzKFx4sw+9grAscAlSSD+0dfoS6lpSOdf0+7H5HB1ZOovwGpHkpNVHuWgHkMfm2+QPmef5X+bv7weSbNqftaP+53ZfGemEUJpTV+PfG3BF4vqK1hYWIuTzvX/IawSHkWZcAZ6/NX+4qWO6+rU16q0ha0jYVz9cMk0DEZVGaL6c8x55fr7/AGuQNt30VsNuY/m28chbicp2jmXj/A3HicdGf2S8yk039w/CkB/CXk2k5pxfZQhH8bf5OqO1gimHinnGl/Wxlc/wt3GO/Tn9t24S7b9YLCHUyxX0M0GmuROgypl/CyFh5/Zip/uz2tN2+hW4zIqmSwvbOcNpFVVpUtpADT8aSKh8h454+0z8jwR/MUH/AIlHYhs/eEAxgBs9fpXHGmgMRmw1c/xeofcQMfk9HSRQxHD0/wDpy/ZhI8kZgV885OQCWz/jjP8As6c0oMsqYPQngMNjyUH1kAH17nHr27+XS0HhhCiAZAYRfkeSf5wbtnv6/vyMfb0mQ5YDSBxUY4P/APkd+av+wf7Uubaartk1+++WL+k+LdSW167EWNdyLZVm5fDJG8kUdJTxOG0FsZLRMR4gnqPdXKW0RYKzP05SKcKhBT3g4ue3tsl3Hd4WiZI4IpoDITxKNMqlfYQTwzzx+cRbD0d7ode29fbxppb+pPjaaVIJK12vPTsL5v8AfETDOFJ7kD9vWJZEuNre4EIjHWDHxqVFSa+OPoGO4WHfra1e4afqWc0YzNNSyppOVM1ViBjYrOtbllihXO5lnlXf8fvSRsy0I2j1ywFa6ywkyJHOHOQAczhu3WDgvTtcsgaFQrWzAZcBj0u52/8AqcatqakdwCaZVPnSmK9yG/qaPP8AZw2rdqje45u9dcVoGDz2dlZqS/jgLIrQTQSxSuqklX8iOrLbY7m52HS0avHLbvUUHIhlPuIBxT3d3Zjc3haUoYZhpzORKMMvbic4vSg22l2zJaml/pkuztVWLKI7lnX3ZMQ3YpEErGRWPkG/4k7du/VPud5JaX0ccqCsipqyH7gyxfbTFBc7aVQn8upBzNM61xoLaLUbynqrPKb26k18WsEkVipKEm1TR3IZPfEIdTbgXIwgwQOqBdxvNunm/paQC46mQlUMr8M8wcX01rZ3YU3ZlEagaWBNOHL24b8X4pW3HH6Wxnn2T059ZvbVSKWaOpO1ueVmpfnTKx98COf3Xy38ZH07dPbzvF5b3fy0CwGZJQHFPhWvL34j7fbR3EOr80gw1Pt8fbiu1tLVfQLaltbr8ZYNkpKPKQ2zjaGOH2FrEynxQsXyVQxhs/Tq1k3CQ3skTpB1yRXLgug/tpioSyjmtiwe4EWRpXiwYZ4Y3dbXv7e4bVfY0IBqqUezb7YprEtRIFosiz5lEeCrJnufbAPbt0dpfz2NpGVMDSB2KZfCacsLdWdteXbu5nU0UnMjVyqfdly4YZ/M+l0/H6eppcdjvamtK2vSzTmaQRzzx61fY2E59xklnmnWV/8AlBY4Hbp/s3dL+/uZp9xpJOqkg0X0mppSgHHLDHcNjbW1uLfbw0cBoaamNcs61JxgnKKG11ug1P8A3EtuOHXQ3JtHspnSOzJUtP8AkNW84ZmjsaxzWUeLAkY7EdbTabnbbrcpm24Dqu2mdacZKZPXjWvhQYxO8w30FnENwNekCImPEgcVyyIpXliA0N3XWuE7y5O/4ZSrHttVG7/9NXnjZkEdgLh44pSA6lQSQvft0/dvdxb7adNdan8uYnwbMN7cqe/Eexmhk7dnKlEqpeINwyyZR7QSf1YX+JaVsbLk17Zo1+De6f8AOALGB6sYs39O1KJ4JRE0Z/pkk6GLybwcAgdOd338At7exhIT5O4dDSnq/lOCSan8ZGGux4L0XN7dXREovrdJNQP8tQJI9AAoP+mDwr546B0mjptrvj/SVaVmCCvoIKlm7BYrLDPftPakgklYJYYx+FVlPtrge63ofTz+9v5Ua/vGeNgZWAU8lHpAy9mN5tsEMUVtY2ySBREK6eBqNVc68STiM2T0Nreq2nll/KSKxBV/m/y68JnkkrxVY1g9qLwSQAEKCfX16O268FobUisJIJHnUUJPE50OZOH5RayyJPI2mVBRRn4EYgqs0cWsu6813m12wvrMIbNh5lWxHJKhDxCqZP51h3YtnPkfX06lXaH5xLgvpuowFc824HPliLaytbWbWzrqg1mgOdCfD78Xf8rb6/j2heobVaLVyxurVILArTGmFqtPeYQiR4jGAoXPj9x7dU8kdnNuNys4DLJlU+FK09lTX2nFsLy7WJBFVVA4eWKJyyQ7a7sfzIPO5vZ6yxmKGGNI56jQzTRSlgk2ArADP3BRgdic2e0s1jBGqu5ihOVWJANTwBJA8MhTxxW7nILgvGqoGmYH4VBPA5mmo5gGpOXDhljJrsFyjua/v/d+PJUMTrDLEGSZWxIpcgeS5+px2/w61sV7bXdidDFQ4IGZyPH9mMXJaXEe6pJMoYhhWtMak92K7Lu4NdX/AKHq7murVkoxVpbaC/JB5/kCWwrNX/6ivkNgqDKQP06ypZbeOKW7JluVkJLHjpocssvDljYQyG7E9vaqI7fSFAHDV4/ZX/DB6dSUWKkMEcs88AMdW1HWsXJxVEpmkMcayx+6EjfJUdgO/Ry3lvIrPM5ETtUL7gK4ZtYnhIhRazoKFqcuNP0GHc/KpqsGqtxWa0dnVvGjQ1ojXkmnmjZvzl87PuvMcDJBGGBH69Vabalx1ogS0cwyqTw+3F7LuKRW0cqAGZM2yHH7MUHUSbuU2onhmtQ/1y37U0VeFfcFybyklnkBZPu9xu5PbPYjPWpuG20ojyyxqekMs/w5Lz5YxsJ3cSPCis6dXlSoy9mLbyCe7xzRa3kmmMn9V49EN7+dNHRkjq7CmqyQzxUz5e9JXcKQxBAK/d9ues5HcJfy3VndFAXDRqqk5qQeJ8CPvxpLmC4ihtp4I3W7QpISeRVgajz5Zjnhhx/lPDtSU5QkerD/AJe65C9S1sbosWNjt4PzNt/OqVLMrLe2bl3jUlVd2C4j8evH9zh3fcZZrS6Mzu+hNSmlRFkoNKfCgCjyArXHs9jPsNhALnbVhhDqWRczpd/VIwqT8TlmNeZNMssVel8kw8f0/wCPbfXSbCtr7Fu/PZieSWCzPb8GpVxHHC0wkez3DgRds+uepNxtE97dho0lMLyAHzAULn9ntxCi7hh2+y13EkfVSIn2EsT+gxceN/L0Ghq7yd6NM2OR04qutsQaaeRZ0lui3NFEXsfjQ/8AXOWH2geTZPVfPsb3d1FEsjfkupOZ4UC0+wAe7FhDvlvHG8jqGaRW5Dj6mHL94k188c4XtO8m1q6u1frU/wAnmsXIbEruitqYa2zFxYnwwrrZrrR8Vw5XwJyc46+orG+Fvt6TKuopamPOp1agFKmvIj3+ePlW62+We+SsmkvepKTQekK9dQy92Inkc52E+4bXwvsoptxNZgt/dG88cYStHLC8TiF4bkUYDIMgnPU3bQbVEa8fSyihXI0J9Xh4HEHdma7WVrFdcTTPpNT8KkrSlfI8vfiE45vNhot5XiaKWwu2rXK82mVGaSatIRYOYAwAanagVlPZlIGO3bqXu1rabjY1BAeJ6q1KGtOPhit2e/udr3HQwJW4i0MtajR+77K51FDnSuKnwA1uF6z+kSvEl6Pfcgt3ZT772ZI928ZQmJceLgKniSc/aM9WW7ON0nS5GVs0IoPDQMj7s8Z3taxj7bt0smH54urgvmfUJmBjBz4KBljTLWzFGfaJchljq7bXwhGeIPIyfjtFB7QcggyyMGJJPYdZoVlEMkJq0dfdjdXN21ubiGUUaTSR7KjLFghu7TT142nIOtsx0o4pFGXjsfhtEZUCHMZZBg5OO/p1V3Nsl/MR8EqeHPzxf2l3PZL6F1Qmhp50GI/YWLN9d3CKlJDtDBtYbMrK8iz1q8VNYQ4wfeDFWP8Ah+nUmKGC3aG4lkOmFGQj+FjVhTwY0J9mVMNyvLcxz2yoBPJMJAacGAAB9uQ8vLH699Hz7lOtaKSjtNtBDHGyYoXr4DAZyUR5LEUmD27gj9nXqdxbWzqVZdZ8+Hv4Y+MbFrjKSVirch7OWNC03zpzXUyK82xu7KoZCZY9xrpryBgpJijvQQpLEpAOPFWb9h6rZdot5xpRUVga5HP9eLP551ZVLVLGmeXKvE0HAeONn47/AHAca3Cmvsn/AKPaRsGVllsa4yepUTqnuwEHORIqkevVJdbNuMDa4QZF4aRSv68PxXVlIOq0i1HE1rTyyrjUafLqN+JbNG9VvQuARNUsRzoQ/wDASUdimf8A6YDqkmlmgmVRG8b/AOk/bUClPOtPPFh0Y3HU1qwrQkMOPHMVrw5kU88SMfIfIgBye2f2jPYfuJ/b69RpLqQ0dch44kCIFtI+IeWHI3rH7QJCQCxJVj2UZJ7A4AH+HRG+cJqpmOJ8vZhBbrIQCeJp4Z+3Bl3U2QB54J/4clSTjIGMeTD9Bkjphr+UgN+HBfLaG6a11eHHCv8AWnBbyLr49yPEjAwT6Hvjt0++4PpqAKYQ2Sk+qurUo8M2+Ee/7udMGG9kwv3EeuTgjGB93c4GQSB+3PTIv3Y0BBphVtyRqXMe7Bxu5e33yAsMqHBRj9chWIY4A/Tohds1KgU4imCFu7e72f8AHAnet2zI7A5AYggZAyV8iceWO4Hqe+M4PRm81mkVDTj7cAbISeo/4fccKR71j3V2IOO6kEEE4XDBiDn9nTS3bKxJ9uCW0I9K/s/bTHhvZCDl3OPXtnH7Gwezfs9eia/c0UChYZZ4FoQpIJAKmh4ZHwwp/XJR6u4A7d8YGfoMnHfovnT0zXlgjbMBU0z9mB/rhx5GTuxPj3GcKMnsPTA/XpVunKh1qaDDTWqOfURq93+ODDd9stIfof4hg+Q7DOO5/Z1y7g6Et4cfLBCxjH/EYN/XGBz7hHf1wMD/ABH16Q37l6DiOOCEJPA1HsH7ce/r3lge8r59ArA/7Aeja8enDHG2BHq4eVB+rAneFfWXwzjALDvk4H0HqR0i3rAYUWhC6lB0/bgv9eXPeZSSe33DJ7/QYBP6dOG9ZoiAPVhtLWMyVJz44Fd+ufH3FJ/YRnt6kA4BX9vp02lw7ehxqY8MOGxQDUSKDBjvQcZc4PcZwuf3E4z279ILmWhEdKDCrYpSq0pj5q//ACK7CtPB8S3cql2rFz42Z0lSCzsNDFX44bGihsM4kSaa1OssYUN3U5wOvmb+4sQzjarl41a8C3ChvBaRmn2knH2H/aSZYJ99tSzGzZLZtC/v1lGv7AB7sVL+0XkWvn/tD/u24/Sr369HXy/JFo1Z3PupX5h8WwXpFLRuRHNNLC6KR2d/TJ7dWH033Bz9Hd2ikkQdJ75B4EmMMAK04g5fYM8M/WnbUT679rXTpIxni28k0rmt0ymtK0pkCeA9mPzuaWjUp/MN6naL1sfANulBRt2Xkjku6f5Ient4IJiyAU4HmrT5x5ymy3l9yr15qJ2k7MimU6n/AKxE1fASWQaM5/viN6f6TWmWPo0wiL6jXNqaLGdgmX2mO+CyDKvwF1r7cq4x/wCOWqV/7l62vQyGlD8C8g1kU8ilTNbqcm4vsEkrocCCKGBmkYABi/kWJOOtrvHXP05M1CLo75C7DwrBMg+3VjA9rvBH9WIbNyDANglRT46bqCRvs01x86f72Lj8C/um+P8An2q81k1mm4ByirsJDKfydhwbkMiO7l2z9g1SeWMKq9zj16+gvocGvPpnc2EhBjF20dBxoyK6+edWz4ZY+Xf7hy+z/WDb97iBBFrbSmvDXBOwYV4VUKK+3nj+nTqOZQ77SaLkFaf3K290Ok31V1V1Elbd6uptK0i+59wVoLa4z3II60j3FVyyplTwpjxV7QQkoD6FJUGooQDQUz5gDD875SP/AHO3buGH/F/CcE/XofmSw9P68B8tAOLD7Tgo3QbBDyEZ7HxYAnH07DPb9Og+ZkXOoPszw4bBRxy9uFBvnT7cuCT2BIGcD9pzjt0QuyRV/s8cD8qq5CtPLAnf5Hd2A9fUhf8ADvn16FryJTwkA8qUw+lmCgPPBP66SveVgfqMr29RnPSC7JzVgcMi2q4U8T+njgv9aJGRKxH7SCP/AC6IXchOHHsgB6hlXzP+OFF3mOwdh6euR6nsf0+nXNdFjoIpUfocALIjNQSvl+n7MLDf+K/+5kLkE5z6evcEjovmQnoHAYMWikVatcJf1lew827H1/XP7fHGOuN3IEB+3DfyK6tP4jwx5d4B/wARwOxOf1IwPU9AbzUM8GLEJnnXywp/XR6GQgZwAzKAW9QO5HfHXfMljoFM8ELUEgZaiaCpp+vAjfDt/Mxg4x44Pr3/AMuiWdQAi5oeOGugGzFaeXD3Y8d8D6uM+me2R+4Z6blulB45Yf8AkiMiAPfg43qp3LKOw7+pbJAGAMliT+nTrXOhQoFHP6sEtkoqWIA8SQP24N/XFbJ8z9pYEjso8CQ2SRgYOR+8Y9emzdEtRiA3gTQ4VrBq1UZedR9lRQjzGAG6YsAhZm/4QFyTn9MYJPXfNuH6eVfaP1mg+/HCxXSWbIcznT3E5H3E4+Vv96nybxbiXy+NbyY7Kxa3PAuM2IqiWqtIprILO7pvQrJI/wCRDPasRSSPMv3ePoOvkL657Vul/wB+C/Rz8mLKJVyoFcVBBPL2/fj7u/tvmsj9NTaPoSePc5g5LLVy2gqAK1NaGlARQcscnT/JvDeTRRQarjw12xaRYktUNnCZHigEbQVnldpX9pj9sspJR/08sdeQrtd9HnPJ6OGRr7/04497aSCFSFzHs/T/ACxVdzsBvIRDZo7N3rXYmraeK77teGSvHYmlsxSy1Znl81lCxg/8Q+g6nRR/KUfWDqHxch5ftwzqUrmhofHPEPp+bb3W2N3BT4ze2kfJIZP6dTmvz04msVkmrw25pIIFVxRV8yRQBGlx656cnsrW4EUlxKyvG/qNcv0ofDDAkkSNo4R6wfu+3xxI8RtjWbRZt5rpJ7sMy3J94k8liaXaRVJqqQOwy8lX/qm8fHIjIwCc9duERniAtXUWhrROa0wsCtH6pRmOfhjoLRbnSSWHU20q7fX/AIm711Fn/HtRRV0aRrUkE2YnhSqTGSe4I/UjrMPbXTRsyAtBkCeQPH9mJjyKPSaUofsOMq+S93qd9rpxrrNiXYxO21oLQiD2bFqsVjpvAkhcvFi6+WJJ+7HYdTtnja1mV2qIzUV5cMv14GTSwCGmilc8Bp+bazd7FePSQe4204pX/LqQGOT2n100FIKHOI3s5X3CqjI8T0r2Jit3ukOho5eJ5jxxDErtKkc2YByX9WC842+sj4ZNq5rMWw3aV9e8KpOGVYNbL7JnLjvHPHGAzEkDGQD2OGbGKVty1eoRlqcDmaHL7cWFxpEFHoCOP24x/jC2dZp+RRR7EudluKVmCmb6RVKS/hRmJUzJ5I0Eze65VkLBgucN30e4zrJNDVCJUShNMuIFPbTPFVa27fnOT6NdVH7fZ54vXxHyNLu15EZT+LvdjvdjXnlM5u+7rWs0RGkLyymT3EjpM0QywjEzAn06h9w2Yjgjh/m2I0laeNZCT7iQMP2DA3A1fhJz8qUH354bbvWLquJ7bkUX49K1vOYcpjotYWKaOGjyC9JpJkMkxf8AHWvVrD3H9QpHbHUKOaO43OOA10R28AcU+LTkx/5eZw6sRjtXkl9Y6uo08Bz/AGjEr/a1oYFoy03SF42g38t0Nfeqb1OfkMD0rUUjrOlWKSSZ1eRCvvEfp053jIbmUc69H36cm8sjhrbo/lk5j/hjC9FAv/dd+vTY6ie1zq4kNuS9Ygq1dbsUekYLUaPCZoLE1P8AiGC3j+nVze//AGVFf8yHpAaBz/Txw9EjB5JGHxScOdKHG4fGWqlq8rm5LuJ7Ox2Ee1pr+V5OkNnTXprldp1q+Urw2BaiVXGWz4+We/WV3i9Nxt6WtuCsYHwkGoNTkfOlPLFhbQ/nFjkAMvYM8dV39Omw20F2Su6wxUparfYGP3ZLzHBOR+3HWQiuQkXQrm32fp7MTJwjsSM6/wCGKR/cryz/ALa+APl3kKO6vV+OtrShd4ZAI7+2gr6Wo0chKrYeGfYAY/b/AI9H21bdbuO1SMBpGmqo8TGa/cwAzy4YbuFVLOR6g+hqA8CNJqfdy86Y+K/9q9aOjxn5DuT37VqXVfMLawCaiKz0xW4ZwuKhXhs+5ItqhNXb3Y2kALo7kA47br6jUG4bba0QJLs6uhWvrDXVyXPDgp0g1ocxQYkfT0lot2IaV3Xdnjbq01KIrW2CUpX0HU9CDxXHrVuzsPkjk1z8SnBBJzSdnuPBZeeCOECGpHD4SLF7cUMSeQVFbyiAByCAdulpa9vWuiVwzQBqAjQUZmKlvd7TQe7EdppZN0lhZVMYlrU140GQpXHf/AOMa+4vGJbn4mx2VTh2w2P4bU7z2KH9U5Rpl1NezNZnnjpb6/rKrF4FkM8CkM+RKo68d3p2jhlSKRkhkuoCGqAh0xyhtJNOGpa0rmeeNMJAJvmMlIjAFOBpyHOlfHFs1NWxV0nK9pBTu040vbWtXSxs0SJ56l+CLxkhir2a9aZWkANgklz9xTt1Ee4j+dgEvqbptnwAoPEj764noqrQGhyGXt8MdAR6aykENjdcii11z/t6lxmOIspRv6k7WJK7lPZ/LaKzYIknJTOMoq+vWFs3ie7aEKWjjmqCBUVzrnwyr4Z4l3RQqqKhLceXh4H9PHGE8916aLUfG+gox6fV6vles5DY5Ft9sst3crZjo69LdmlPsLGYZJ/IwoyMyoACi469As7gyyXF+ydXpqAlK1JIA0itKE58csVkZYSOCdUitw8B+3E5SXYaaxT4hdt29vTo1k9qxa43PSWOCzD7mr1cFmOKLU/0ynrZYneUsbFiwf4fb8s1G49CSNrtIysslEIIzCcz7AcvHLIYk26LJ6gcz5+f21xSv7xOQNT5j8NfHmqiMtnh3At/z7bpBHXkkTfc62NPivHoiBLFAr1dJxvcSeJbBSXP06tOyrBf6Nc7jOf/ALRdpF/qW3QOaHwDmDP+AjxxSbfIb3fbu5lFIYoEoTwoxMSn3hTyrkDwIr8Sf/li3vPI/wC0rgur2tm03GE+e+JRWaVk6qKxKtLhnJ9jAzU6tuxbSBJJQQ7L4kkD931P/bHBtjfUm6+Xp87HsUoUnirGaEHhwyJx87/3cgR/TiwlQVtv61D1KcCnTlNM/MY7S+RuF8k49Qni4zrpdXxnd0uOyahrEWxpraoTjSGO2mY7czUlht+aSQTyyFifMgDA8z2PdLa53Ff6ia7jGaSNQ/zM9Qzr8LZGhOYOZx7fdxzHa2hsBorUZ0yGo+n28+GKdxWco+xsUK0E8munUTLamD1Zi0BHuyRSQl2gdxnL4byznHVpucjyBOoVVSSKH2n9mGNugt4FYQqwY8/HmfvxhWhuWB/dF/bpMtSKprtrz35327rrHkmkm2VH4aoaoWfF4vOuBFLJHKhTEUkeWxjq6u1En057gaVpDN8vYw5/u/1Fm45gkilAMyMwMZhYlg+qnbD0rCbndZWJyoRt8dRmQaAHjw5ccsS/9xdupc+bP7V5FjuSVoOV/MFe9DZVIbF6GhwWvFc1rV7VWANqd5UsyJ5HJsrCjpnAPUH6dqU7T7mgMixF7Xb9DlgQp+YGlzpJNAwABpmT5HFp9TEtpO8Oz5J49cAvb/UvJ6WVDGfJhqDcqA4kP7Mt5reZ/wB6XzJ8p3uP7A8gg5E/GeJccpmBK8djhnF9DqKF06+sPzXnjrco2Tx1F81DRhizEsep31Iin2f6d7T25ZOggaNpZKgkf764mkKgrUMALeMV8T7cZ3sW5beO7O4+4pkdZpr+O19VACthawRo0meTyGecnLIIfKv6EuOwT0+KWbHILR1+51un4jcv/l0Un2E0E1jdTmvNXqw3ftIsoQsY91VdQxBOOvmG90GQQ2YHy6OnD90CnMc6V8cetF5ZJVVUDo0xJVfhBotQK0y4+RNcOuewcQ518abfhu7tQpNsaN3ZNWrltfsqUl/XPLPtYamUuQ1Xrr7cytE0JVnDBiVI6wa4sNxjvbSQIaen0qx1H+Fsjl+8CKeeI8cckV1HOqE25NDwzArl5551yxw78V8c+Ga2r0c+l0Oth5xx6xyOLZ7qTbbTb8kSxqzt4NtDSrXtvJUoVNlWqmRUWs/hFJ4phiMaHuW/7pcSRXMytYzQg5RxoaV+IFKGlMqEcTUZ4t7W1tfneuFPVPAfpllx446J0N2Cnsalq3Qs7GtHbrna66BJUvNqLMU9G57TRxvMJYDaRlbxBwO/oW6z1nH0Zx8yfygAQa/F+334f3BZJIWEbiprTyNaY3PTSoON8+apqpbGq4tRh1FWSGVP68Xq1IdhtbxqzWI6c0kc9qR1842kJR+3p0stus103SGpnFcviy+wYoJY1g+UWU0kdizfaQM6ZcOWPm9uNxfonk214dttvu6dzkvIqdrYXKs202kmm2dmKxVmuyTRe3OlNywjkZfH7VyQDkehW8MdxJELxFhdLaIARVNWUEkZVzByJw/PFGrhZwMswP05eWMDs/I3M6eu5NpILu05HqKdC7qzrtGadfi+qq3aFa3JA2rp0rNKmsElmQSuZGZJZGYHIx1oW2PaZbmDcLiCGO6b11PxGg06TQGnGvLMYZj3GUV6WcRy8x7cSP8AbJt7Nnm+74tyJKmzs8koR6BDv5Res1KFapZtxaDjFiwv9R/q961YZXjRwtj218Vx36p++bc20MN9YqYjE/UbTnn8PtrQcuWLSykmkBe5NKPlyyIH7fsxw9/d5r4tR/dH8fV7dJ9HqtVoOCVvw2oCvIJtlu+QvFYt0vJ/fiQbQt7bkAlVwT16T9Mbya57AvURupdSXFw6uQRRSiE5EDhQ+fLzxg+84jH3haXzuPkkjgUrWoY6m8Bju2bjPKp+A2K0PBOT8h45djFqpyVbdLW1dpVmhMS7KeGuRZ8UtKMxhRgDOcDrz35+wS+U/Mol+klDGdVQ1DlUAr7tVPPG4d5tBhlQuhFAcvuNcsYVv63FLvxja4lp9pU4zvNRthuLmuYSV47ugqaa5AdpNZKPY2F/Y3zYDGKQP4uo8cZ60u2XO4W+8f1C4iaS0ZUVSOFS6kmvGukNXLFTvFnbT2v9OikCOQHNa1oD9lK051wtob1zWc4+FN9CqyXanM/jVqNiOcPXjvavkeuqNJNKgEQj8KJU5OR5ZJ7Hqw7OuHte5NMXoa3vwyqaCtZlkJ8AAuf+eE7ogjv+zrpHBPzG03kdQK59BlWlObE0A88fqU/7gK7VQZDldl9oYjyQC1AIywfBDN2Izgnr9UfhvNLfFqP21z4Y/EFio2uqA9DpAD2BQB58PeOePzF/HN2zU1v9y3IZANl/Xfm3Z7CzejciC7csSbyjY3EUryeci24GjZCh+4Kv7evyj+qk3W+ohs3k/MjN1VjwIa7kIHvox92P3F+nVlbxdpWl7bRmIzbXYsqGtV/2VtQ/YDjpj4a5Ht+LfMHxBtdjMqQ1ed6uBB7UcMstbazf0SZGL2JA0mbA+76gdvXp36Vbjb7b9T9ivrWjSLusMTEfuzN0WPjlqxU/WPaLjevpD3NtrcW2a4kHmbdfmBnwH8rn7BnTH22l5AU8lawT9xBKv5ISGIJB7EFj3I/b1+qgNCzDiXYfYxHLH4sQLJ8vHxK6BQ0PPP8Abhm3J41YqZ3yP0xj/A5Geiq3HDpDA0Na4bvydRn+acgZOCuMep/4skdDpLZYCq101Uk8gwJ+44bScqQRSyyTiOCupsWGndII44I1EsksrSPGqRxp93kWVVxknAPSCMLnnhQCSQoJYGhABJr4U4k+zHwr/wDkO+Xq/wA5fJPxnxj485I/KeFfHOs5I+9noJZj49NzvbusKW6OxeGOvuY9Zp6SQPbg8oInmdUZizHqpv8Ae7G2hkiWRXNM6GoHvpQ+6v6xj07s/tLd+um4TxvCSwCA09S5GtK141GdDljkbX14pJkhua6SezLdVlmEcMcxjgE0sTy1ULd2UnsSCAOsDc30kSsYW/JaP7CeWPb7bb43ZRdRVnWStcqEUGeLJLPP+RIlFQkfnRSezMqn8da6P7T1I4f5kjuDgFT2znPbqsYBoSJ6FmFM+B8furi/EskNBb5p+9yB4gn34YU9Bf2m63NrZ7aN3t2K+wtba7XmlapdrusFfVReGGtTxKoLs58Vj8sEnorrdYLexhgtYCEC6FRPiK1qXzp6agDxqRlTEOz2ySW7mmlmjaSUmQu1dIPwhOHHOvClBxxbuJW9pShva8yJ/T835m2FBY5vceS/4TpNl45IzKrsVk9fDC/TrO7xFazt82hb5haABuIHGn2nxxotmjeCAQyaTHnUrwr5158P2YsFq5sy9nUa+/UsU4oZK58FjqyR13hdENlbFkvZhwP44j4nHVVEYkcXFyCJ2z9uLRFl1dG3NYj93liO2u7vzUxoqKtRripHJav+TV567fimqKEENeywkhsQRIkoI9OrG2jhJNzP6pzJUfZiHcp0ybWPKAcf0/QDFv4ryG/R41bt1E1sutlqHXwULd/WwWqdvzd5LT1rdmWx+TLI7ZYkp4BRjPVNeWdvNfItyW6pb4hn6f3f1H3Ym2dzJa2jMtaDGf7/AJJvK1qLc7apV2huTGKSdZxGsXsLiKNhgwWGSJA4VcL39M9aeytrWXXa2zukiip1fCV4YqJ5Gm0zUOlmr7/AeeKXyXmN/kZrfmwzWfYsRSRG9arSyrFRJZQjFC0ZGcKn8RHYA9WO3bYthM3ypVGePgK0BzyHt4+/EPcr9ZOmJRVFlqQOQ88YXyrkG75lbl1TRGGu6LHaSuscjmUzOErWpAgg14haNFePuAG63G1WMGyxC6f1O2Y41J8hx+7Hmm9bnd7rdf01F00HqzHpUkVrnQGnI0byx7R6ihchl0+xeVNEuxoa+zJQlDjYTe1cLaWCYJEzpNJXrh53UqkTnGT6M7rdzpcfNW6q1yqFkBNQuYGrLLypWufDB7Vt9vcxyWEhYWKTaNQGcikEkAGhpUVrSnni1QCrxwiTT7C5Sheua9ZLDpagX8aWzLHHCwjyfdkuP5NgAuCT3PWee5l3OMtuaxdYtqPmcaqCKLbmH9LYm3UFVB4j/KpxPt8j7/R16OvrbCOORJX1o2gklhsUaFiwZfOGKFFBszwvIkLP4iI+vr0w+z2t91ZnWkBjqUHM+XtpiYN1ns2SJOHBj/FWtMVybebOtbvSwWYnREjNaO69rxjSaNmhClm8GaBh39c/TqTCIZEWMjI8fYMDruUkk1GjAHEEOU7uDdVYkuRfkTy1vy38rEK1P5LyzSVYP4HLyBMMSCucgHHT8tvbC0eaWNmhC1B8TUD9RxAt5riO7S0hca5GqRzA8/D3540Th3MOdbXlDIOQT1dJR09ykBBiT8u6J4lqLaM6NFEUn8k+odj5HGeqjctm2OLZBJLbj5mWTVU8RUAUy+3Bpvm9JvJihuCtmiUKjmamp+zLELzK/ubuxvbttvb/ACbdWOOhIoqtHStZaEr7FWuY0ms1my8suSFXH7OntsW0it47bp0tEarqPxDxHlgp7qa4uXuDPJ8w8Z6Z/d8v0/Vihx7STXVZ9g8lvZbOASRiSyXka3MqkJWrxsoWNA47/Xse3Vu8KXF0tmiRpbgip8Bxr92GUu12+1a+nGph6eP4jkAfPjiwVNqKnHdZK8drUCwHv2nEkNixuHqyNL7U0kgIhCzsVjx9FP06gzQB9ycIEmUnShP4TT4h58vfh61uol21AdcMuZNOefBuOXPDpOXbuCuIIAKca0YBR2MeuHnIFkkE1kGUhLpaAKfEDPjg46hybVZiU6y8koerV8aDh5ftrizTc5Wg0QlIwU4jmfE+eI/Rcsevq7VXY+7dS1ad7FeWrE090mRhWnlEeGr1lb64Cjo761E0yT2VUjUZZcv+OI223t1BavBcEPXj7fbyxD0eWSmba1NLcvV5Nc52Dm4aMNazVlH2iOGyFkeaHP8AD2J+men59uJWKW/WMoyUala/8cMQ7kUd4bJpeuG1VPCReGXvpiFv8w3e81N78m4Zq0UcsM8UcMdWGvDbqzRNanii8PcKwTFgG7E47Zx1lJ99sNsvvkbG2DyPUajw/TLGuHbu57hYncLu76ccZ9SZVGX4q5eylcMtVTA0uplp+6tZKUiz/mwwpdkqQxvTM0SkYjZzGGVWPkUYdYqS5c3EztoGqU0ArlkMsbO2t4UsYjBr6SxAsTx4kVoc6Gnh7qYhrq1qG9FxZ5Xr7GRK1uS3CGjStGF99p4h9shdCo/Z1PjM08OQrNHkq+PszxXXaw204LkCGTNieXtp5YuvDdhHyDVbeCWvL+DrNlHBFI7RmCanOgXXLSmJSYS65ITEcDPmMfUZibvANtniKkiWRNTgcVfw9v3YLty8O4W8iyANbwS9MV4Mh/l//m+B9oxD8g41UhhuJFMLLtEwqtDAZhIjuCyTtOfbSwsi/wA4OMjGMdO7Z3DvFsyRpcSLETXOmY9+JO49ubJc27XBtkMjVoaVrpND9hy9+KfFtr3/AG/srEsc9uaOy2rkf2vxnqmFngSGM4SMQqk+R4DxK/t69C7X3a4ut/O3Xsn5UqdQFiMzUrQU9mPMu89st9u7YO628Ol4ZQhKjIAgGprnz4gYjdQNnd3VzYV44Jt9HrpaSzQM0lXRLbk91TYmUFZbRi+5lz5S4wQMDPpF90YrBYZV02wkJZSQC/mBWpHsGPJ7OUvujXMPq3KSMRahUiNaA+phVRx8cQENmGnsrkjrNYs17c1mVp4Io5Zrkh/C9+yzKpda58X74wR0+QJIgi8WNBx88cjQ207kEEJmf+OLHa2o5DpRNHLElNrNapFNOUbYXYBHDT2E0UAxIIEYSKXxj7hjPVfbQx7fM6EHqMOJypiTd38W5WjOgBrKCpH4gPCn7cabdtqtIw14gkElVo2Vk/KCMF8YvajYqUxEqk4/hzk9UtwDqd2NW118csXVvM73Yh0+jpg18+BGfsxlFm7arWhDYjm9lhH+LZhz9krxmJPyEWTxmdnOP09OrCOaOWAOpBHPDjlobkKRSOmVfD/LH6D+M/P3HdtSnrXt/udBsbEf40uv2ms2kcNGyg+8RW60bxxwzDurNjt/Fjqw3vti/wBsuhJHJbPFHQlo5lanLIdUkn/lOPHu3e9O298sOjIt7FKwIAmtZFBPHMiDh7xnjRNHyqjNrDdk5do/500qtNLupa3l+L7kEb+3NciCRt/EJQPUfXv1n7vcmt7lU1yUVamh1fYFJJ+zG42ztyzudua6kjiNsWNXMRIVTUVo6qFz5+GWH2uaW7JRhocl0e4k1u2oxyPW3orNudXbhM7MkVS+s1mejHIzSmPzJCFiPI46L+vvEjGOWbrTQMyKKMwZCc3UEsmr4RUDMZ0GeIv/AITBSMRQ20ojnCsVULqhfgw01UlSSWLEZUpwxhfyB8k8z+I+dXKOl5tfnNihQ3uies1u9Tu67YtMV0uy9yylxGYQkxSRMr+JGR16P2taW3dWxxzXauo6jRy6pwkgdVDFwBUNHQgdOtKg1oceG993s3087nltbPpuTEskTCDqxtC7FRbyv4BlYk0JzGeWOx9d8gcp2HHNLvm5FbMG91mv2UFeXcbdrFddjVNhVmKWIzmsD4Kvcg+uOvIZw8O6S7eHlZ4JXQ8NJ0cTx+E8uflj6Gs9v2/cdltd8a1t0iuokdVNQw6mYVqClRzoSPA4ql3c8+uT2m13POQySWqkavrYuTbRYqckbBorFWQ2hLDKQMN2dcEg/qL633CFIQbiMhUatcqcOfliguuzupO8lhIpjkWnTByTMEMMuOVPfii7P5y+Vfj27f49yreb3bU6+jk30O3rcqvayaXTyXVpmJdnaMXH7fIIL8vilaO1+XNGV8Yz2zO22btXuOZYtqvmS+6wjKaS6NJpLAUTU4qoPqK6AFNTXGcv9n727PtZJ982qO42URGUTI6rIsQYIxDS6IyQxBCBjI5aiKxxHcS/uX5Hs7UtN/lffUTSuwf0y3vuRbLXS7OjeVq96nd/mPDDs9XMPFJBlfTIBz1pd07WvrWNblLZ3GgM4iUuoUj0upGTKRQ0B1eWMR293f27vN9PYrdRQNbO5ga6PRVtfplilZ6COZCCE10T+LHQdj5G5zvtW/8AS/lbaQqYoLUO80nKpZmj/Hbykkjd2mqqZFBQpIAZfLCjvkefrc/0ufq3ludY/wCnJRQa5Uap4Ctfdj11e1tt7g2/RtssJVhlLCS2kjOoIFOVPfirbL5y+StBrrFyb5Jl3Cx+4fLQ7exZ2M6xyiN1/pJWdfyFP2yIkmQTkZwR0cG6duT3aWUc4t2rQh2HT1HOoZSfSOGdMRbztXuTbttN4du+dKJX8lXaYpwyQhdT8MlJyzwppf7kOc2qU8P/AN1HkUUF5VWC7sFmr8g0M5iknjM8VvWMtmnG8eEcL5rkrjBJ6cvdx2OynNJ7V5Y6AlJBIrJ5Fa0atcmplQ8MLtnaW87rbRtJZXSJcKSvVieGeJ+QKOB6OBqDWpOWJDiv91PyS0Gz1vLeWXBt6VuStQnWjGsW+rxzSxR7KpTg1RaN5fZyYye2Rjt01vO49vxzq+0XiixliGta5xt4eHnkeeHO2e0e5Lu0uLTfttkE8bFY5WIBlAPxCh92dDl54koP7j/kZLLyrzrdbPXSXlRlg1Tr+FF7r15o4bEeoQe3DKpDI5DgqwByMdVcvcvakaiL5oLOkdDlkH/d88q5gFfPFxb/AE236GYiGwR7WSbPUTyB4ZYmav8AcDzP/qG/7w5B7Y2Rq+Vmpbg9sKVjPsK1KOcoZJVPmR4+OSe3UL/y3t4dNEu9ImQtWmQpxBp44sF+mm6kNLLt1KDMlhSlfD7MEb56+Q5p2g1vMOTWbOsli/qUSKWijltRJdqxe5PBF5rJVnRj4BsZ9c9uuj717dhiVp5pHLglfSBVQSKipzFQaYF/phu1wNFtYwq4OZaVVpz4VriVqfNPy3NNBjkHJQGkJRbQpRpNXHk9iNy0TiNlH8DglsYzjqKfqD2lHAWMt0XHJYwf254X/wBp92L6Whtl/wCZiPtAIPuxj0f/AMgUafKVj4l2fybseK/IlXd19HHwvl/HBTXbWLIE1WTW7qDXWtVIL0P3Qs0yK+D3z16Ftu2ybr2zF3Pt8fU2yZC3UDx+mnHUNVarz0g48w3x9n2jueTtS8ljj3iPp/kmtZOqDoVSBxJFM6CtM8dPj51+RRH778v0fivuszhtCz4J7QtEqFfcVgckEsMdZc39osleqOmWoueTD94eXLOhxuV7PtfS4gKSmMahUnS+WpG5al4GnuJxHf8A7wfyrWseMe+45sIGhMghFbU3J4vubMnlAY/BlX1Uj9ue/VpHf7WYSrTIr6qVPAZV5cuWKu47UmWZekjPGRmF41rzrliV2H9yXNqdcQLf4rDamiBEt6OmkFYkBhJYrG5EPCVicfcuMdwOoVrf7dPOGE6lc/SA1T7MqffiXc9oSCzAWCVHYfEVJVfbSp+wHEZtf7vN5oofDYy8ZlsGtFNGNZRNuN5FZENcP/UftsSe6pjhCsHVgwOCD1Dn3i0hnEMJkY86LUgDMn3CpoKnLLPEiy7AeaEzMKKI9dWIA/0nwP3csV/jv99VLdTWBT5RxDbSwyRxzauLS7Cpt6HnI0f/AFVdnWYhJFKMqqQHwM5wDcbhEbK3E76lRk1aipAPp1UrSldHq8hkc8sUln27a3908ELKWjI1IGBdQWC6yBWqgnOlTnwxy7/d580R/OlX47o6lqth+M3eXWppNPDcSwlq9RoUVqtNMrT0H8q8nn7iqgKqe/Xzj9adwbTtq3Mem3V7hOoaFCdMZNCCagUI9uPqb+3Pt9Noud5eNxqaKAFKEOrLJKuYIHGoI508MfJ3kXOOZ0f7hNh8Tx8r29XidH4g2nyPyKlpN9sYDb5JyyPjnx/o6e7oI8OmvHUJpbNmnLZieWF55DEY/IE523uIv/aAvEgjkut+iCmuUiQL8w4otT+YTGlKZhWBoKV9CXbTdfWxGufzmte1ZFZSBSJp7kQK61/FGA7gjgWFOdKDxe7c3Pzxxq/fa3IJf7eLW020duchq+x3PLOBtsYppWeWKCa1u/LIYHHkP1OI1+Etu0LiJGj/AC98jAIrTTHDeKqjKtQmn7sW9istx35ZySautL2zK7VpUNJc2heufEvqb2eeWKZwWgut/ug44l0Ru22sc+4QsMDMFjrW+F3Npbuye6wUPUtcVg8AxXKyFgMZ60u73T3X05ndQVkgFvdA+LLMkTZcfhc8RTGO2K2isvq7aNMaxzPc2ZpXINbySihNB8SDga+WOUP74dStP5k/tVbeazW2NTe57eSZr8Mc8W50tL5I4VV2NbbVLLCudPYR5fCJ+zxTOW+1wOvXP7d7pbi13VLdyJF+Uah+AM0bE0Aqa8jlnnxx4P8A3W2KJuOwLLGrRvLerqHxlUlQUJ4UOqoz+zH7pdh8vcir2p6lPY6GCBJ5a1CGCLURQw1oZGirVqtOuRCK8EKqsaIPCNAFHYDrW/Mw6i8kyAA5gsAa+w8Pfjzr/wAc24xqBbE1UGv+oBh450OfnhkPmrkwPty7/Sl1LloXXXo5QKJI2XPZl8Tntn06WW6tVoqTx5rUeofsw+3b22gFulISH00FK18v+OPL867xYppJtxxvxhL+cpWCTwiQKXZxFInhGAfUjoZbu3WUIkwaq8vHHL21aSRmS4SSJAcsqnh5Vx6n/cUl9mSnyLhezkRSVWpbV/cbGW8UgueZ9tfU4GD071+iR1W9LZ8DWnjXh99cRE7f266JjspJD7ACa/6fjpSnqpp861w/H9wqwRh7f/bhhBQGeLYXIkyxI9RFYYYI756V7uwV6PIKn4V5t7OX34Zftea3zVSTzJzHtyriTP8AcBD7Mkif0OSOPx85U3F4xBWIBYuda/iq5HqD1Ej3bZ5pdMTkBuApn+nvwv8A4VuWjXIqaf3gTl7cq/dh5V+d61yFJqtfX2A658od8vtgAsfJlNSGTAZcdx+nU0XNtSsTZ+f/ABwyna08bEOSFp+GtfvAwoPmycyn26OqYDw8j/ViD4yEBGB8SrBCPuIH2jueoz7nbqwWR0Go0zOfDj7MS07QDRVhadpjnSlaDxxIN80xLG8klCsFDIksi7moFV3JAIVojIUBGc47g9cm62LEqsq5c64bHaG4UoNJ8yDX9WGjfOlRXk8KVUmNynfZgmRgYx/KRKpkljBlH3rkdHHexS1UMlAM6mgXzJrgh2iyIZJHm0gZGnH2Dj92Dp84eZTOsqzo/kQ1fapKV8B93kjw5Xx9fQHp2O7s6eueEEfxAn7v14hS9vNGQytPn4oc/IeeM6+R/wC7/i3ANHfmFODbcterGdPxWLbwxS7CzJZ9msl+3XrXP6XSJDszyBSVTABJA6yfd3fGwdt2DyGWOfdNKlIkNWKliNVclAqCMzqy4UxuezPo53H3vfR2umW37fdis1y8S1QqupUXVRqmoJoNNDxrliA4D/fp8Qc/alShn3Gg39mxJrptXyGpa18Kbei8tba1IdrLCuukrUblZ0WV3jDIUOB5Addtv1B7W3K4jsTKLfcJUUqklFVqgE6ZD6DnzLDPLEjevof31tFtNuJiW92yFyrTRCr0BoC0KgsDQCoA8+eLlyb+8T4q4fs20292GxGzjignkg1mvv7yOOK3H7lZhb1cVilIZV+iyEr9cdPbp3/2dtl8+23d1/u0+JUXWf8Al011HyGIe0fRrvzuCwTddss67XKfTJK3Q1f8koVx71GKfuv78/iqjStNpNby7km0WuzVte+rm0lCSY/wrc2uwjb8OEf8TrDI4H8Iz36y26/V/taygMliLi4uhkqNG0at/qd6FR5pqbypU4120f23d7316ke6yWVnYk5uHE7gfwIoI1U5uVWlc6kDHIe0/vh/uXu3tlLqr/DNLUtTsdfSHCoNiNcgPuV41u35msbHwhcL70gXzYE+I9OvL7j6x95S6nj+XhiJqEEYfSPAO1Gb2kVx7lB/bZ9NYI1W4W9uLlPjaSeRVlI4toRwsfhoWo51zpik7T+4P+5LkdC1T3PzByWGps1b82nqRq9M5V2LGCnLrNfWu1IM/wAKq4Yf83WeufqR3pfK8E25XCwSGpVdCKvKiUUkD2nGvsPpB9K9tdJbfY7V5IxQdYyTBvNg7gV+3FT43plqWdjyTb3v67ctxSVVl3te3s71lVcWoHGyvT2Zi1a4nuHDyIy+WEXPWGvtzvLqQJI9xNLwZjKzCnsNK+/G6FraW0aW1pHDFEuVI441DDxOlAdfmPtw3tyVrthZJYtC/j7dmaStq/xJLTxh1acNT8PvPvEsgVR9oOCfSOJJYV1GrBxTP/jh4W8ekMwJWv3jEFCFgitNHekrSYErmIWYVgrxqwLJNJIJo1PkCMAsR9OnDO7RhCRlnTEjoRN6QvuwhHetRfjQxchkMkAIpRfm260MAsIpMiSRM3t+XqcAg5/XI6bkcyKepGK8TUnP7MKtvAKsRn+n24kq2w1HuqYL0NreLdrzOyXLMriSurECojJGkcJyWKYIwOmWW5RSzKRGPAjEcPaSEI5oW4A8z9mGMOw2H9SsbY7zXS27HuU5/wCeLDVw0haSi87eJWKQFXZP1AHpnqRrHRW3RGCE1rlx/wAKYc+WhCjUVrX9PfhrP+davLsUvxNtw0cERr/j1IBXiVwkNdESYwZm8C3iCGA/XrtbQgRgUStTl7ssEYregFfTTzriJp1+UUtpQ/pzVYtjrZbT05Lj16tcvcWw9iJLUhjjkJEv2qQp8xkjHfqU1xayoYGqYW45Z4iSW0SS/MQ+uQmtOOLFXv22sfn7HWiY+wVFOKZYajWllmmguBlB/wCqRrcxBDMmZO6EDqHJ1wjxxuwDNXVlUD/HHTQQKfzGofP9Xsw72Gqi2dKyYYl11WxHCs8A85KusNYOISs0nacpE3k/gWwwIycgCQJtLL1GZlFPi/Z/niCZISxhUmpHLnny8MUHjNCXTvJmjYt3Lk884avEPctVZyVX8hcecSzxgfYjKQMHPfqVc363CejTpReeJke3RW8ZeRgKjLx/QYuW345ZTSSQTGzrdHQiebX6eeZ3tGyY8zGaVi0SpPlSScNkZxnv1WpeBZUkTQbst6iOGnhTxrzwzHDHKotkJYNxIOMy4dy3k/G7zmDymFXYTwTVTcsJXlrx1qjI1nExMkUE4yqdoyxzjOOre/t7K8gCzAhiRQ5cjX9Bh+O1cEoaGn7BTE78fNFNDau7uslq3d2DbD8gRTX5qRhsWTTlRFYyxxwmUgDxYMhIOPXqBfyetYrVisaKPMmmIs0ZDhHqKnKnv441DT0m1k9vZaEPItir+MmvrbL3K4Isy2oZIILBkmrB7MzuwQt4MSo7DqsvJHuIlt2oHDFqmlSKAZUrnXxw7au9vMdbak4Zf44k5PknlFNpYYbLWcyv5WBGq2q+ERZIJK0yoy1lkVv5mMNjt1RnaIZQnUBVR9vE/d540sNxG0YVc2HLwxzx/c18j7LZ/C271F6xCJN/t+J1EgVJIZWqw7v82zH7rH22kjho5bKhSVz3HVx21tdtBvYuKEdFJDXw6hoCPMA5+fDEDeWZbEFRRWalMuK0b7DSnvxy78EaXYxXZIKaKKvKNAOTy6xfKWRuVcdimpV7VeeOVkk8q21iiniZT5CGN1YePiXu9723lj6sx/Nt5GiRuSxMlaU45OgIpzY4XtizltEEkQZUubPqvXj1RKFqfMq9D5KPDGscakl5B8z804zptnT45XofKHL44G3iSR6JbR2TQr+benhleFJrsk4EohlKRt9inA6qLsGy7Y2+9uE6sL2kPD+Ja86cj+nM9ruTcmdoyyvFI4NKZlDoJ95GXlxx238bcH+Sqev2tjTbvVbzdTcuuablkHGKEcEutlqFqcFl9nWrwJdqSR045ZLpKuBImce2B15dv19ZtfqJrd4baO16sTPSRZDUivTrkag8acsaKAxmMtOaswqD/j5+zGnj405Fo+GbV+V1a9PY3d7HF+D/AFJb1cw7bZp5yzNXaeOw9iu7OPJVVQVJIx1QX252895EtqA6GI1VjxGksRUEgH/LEm0kSabp5kjnSg4fbinfLG9Fja8X0VbRyRn8OxLejgmeKyTHckUe7LXjklSmGpBSfEh8HGR36e7WtW+XadiUR3caarxXSajmeIHnniwkDlGY5vSgpwxFbbgPIOdf0aa7PraJ41otjS1EdS/HsZo7z8c2+0SaSKSGpI9OUVI/NXj8vdVlRmAHV9bX8W2wPLEHZpJYq6qZLr0045mprXh51xSMxR9CgiRjxPD7sa3aXYaf4+11vnMK7zaaaIWrb69LEMO7pwy14tTFHJcRY4rQeusIJIAi8ycADqgvWgutxZLBykckpAMnwrqBZUOnUasRpFK5nlg4nWKUvCaEnMHguRqfZT9mPm9Dy7afJO15D8qbq40l/m92tsatWksk7UNdqYDoOMQy2Z1q2Gr29dE+zKxqgX81jjyyp9Ma2j2kR7DagrDYxxQrq/6juplmc89UcjlJD4BKVzGD2qILaC8A9d0RKAeULDTEpplqVEUtxXWWoTxPH3/y0adt9/axfjrR2qljhknxlzC2NsuXdoZ7Wnsx17UckptM8G2jaMvjKLgkHHXr/wDbHfmw+pMXzVCL+Ge1quZGmjVNaZEoPPyx4T/c/tcm6fRm9lQoH2+8guRWuYDdMqMuJ6nOg88dA0Oa7v5I+K/hK4tj8a1zHh/D9nZ0kGxtWjp1u8d1NmtXgmuxxTXgteNn9oOREngjsAB1kZtsttp7k3RQG6NreXCgnxWaQV8ySK05Cgx6Bs1/Ju3bG2XstFurqzglbzMkSuf/AMoDzIOHxq0uOUeWmpt/xrseqrPJrpY096SWa7trV9Gq+0X9qytuARsexH2qSR1C+Ye8eOQxBo5JahycvaRxGLJIjHGGVTVTTzx8+v7neHc52vGODfKXHuP8mg4/w35CtD5W5xxKK/JteLfD+2457vyZPsdZo4GePjXI6cEME84iksJ+G0bBgx8/Y/pvu+zw3t/23dy25urvbVe0tpjGI5b1ZjFaaDIR+akgPSBopDqSQ3Dxf6wWu4iz2fuSxSdNvsdxD3t7AGdobFrcfOBljqTHPpTUQDQjkM8dHfPXHLdz4V+Hv7hdBsdzLr+JfI/xjzzS8rkl/LpxcG53yzVfH3Ln3FW+tlIItvxHl1fxitIWT2Y27N1519Pb75Tvveuz72GJZ7yzvIHhEVGjnsoWuYem4qh6c0TMoJqRIcssegfVA2G4dq7P3PtMxE+17vtlxCzBkD219IsEwdSA2lra4BORH2Ynv/j84FxO78p/K3zfeuSbDj3JedfJC8Vr3rUtBNhQO30/xtW2lO7rIGmNjeDilq54Ki4MqDxjwzNP+r27XUGxbb2tDGBe2lhZdRVrUF1e5dcwD+WLgRjLipzpStF9NtstZ23LuGGScruW+XkkYan8qBxaI5Aan53y5kyPBs88sfoE2sOji4Btr+qm1taTVcWpRa61amt3I9duNVXsU9ULmurT/lbE27LMroJFsToMAgkePy+jQvcgvrfSoBAorAjLmaZ8K1OPVgJ0nESKxcylq8iPL/Dh5Y5m4z8b8y1+41u/3PPJXscqhaDbLNG63NzDzHjPjSlm1kOs9463X7WcxpHLLXanDChVZfLqzu94sIIQFiUSHTpKgZ1I5g08hWnLF3LNDcRvbRIdCCoPhQ+PifZ7cc+/DWg3Gk3miipf1bc0P6TyeTYWrVwvrql7WmzRq/1FUkDQ2+QyVmKu5/mq5CZPljTd0TpLt85nIQqVVASM1CAjgTQEmgz4g4bQul+i0/LA/XlWvDLHXtea7TXNcI5RRJPSpV6UlqeO3XiEo96bEiRLXcJGR5TN5+XoOsRboksipIuo0UZ15jlxoPfXD0+jpmIkVBIry44uVDSaDfcGguT1blujvr2zs2a+0kplItjW2C62x70FuedpZYXgC+Hl3Zj2xjqTcB7S7KwlCqCoAPLKoNRmRiqinmaYwHQfl1yOeY45f50xyjy/ho4xTv8AHbWgu765pbt6RtLx9bQrTUTUit1bNurTgazbnnh2UVcY8lITKqTjrXxbhPNLbvFJ0EeNtJIJOSk+kqGWpGQqQM8MosVw7vO35bLUeINfE5cscN8gW3yDacrs2uN1uMu1vYa+zx/W0rbR6msK0ddasn50dW1YvzVjiaOZUaKQEYyvXoEVwtpbwKSZRoVi7Ak1kFQo8chnXgeGIaQyOC8hGsGgpwI8facvdhH4weXi+347vJLa62NK9w/lxWb7XPbs6qWpU2SQ0ys42GsuBXhdWWSL2z6hz1Xb6zX8D2kMZkfUAcwAoArqNSDQVy9hxfWkbFc+Z4ePD/DHLXy/QbkXzDspLGxfb7DT634s3Qt7CSwliWZr1m2kBluu7wRya/XBldiyxGUYB+4jX9qTPtnbcDKpS3llu0YD+AIuquY0ktl5eHDGf3i2i3Dd50QVmtxaOSfhGvW2jx1ALnlTMUOOz+Lcug4nX2nGeQ1eRbi0k2zq6CkzzWtbrTNFPUGztbCMirXTTxN5eSeQdQ3ihyOsdvO3JubRXNiIoEZVaRRU6mLAEggE0FeWLi2n+WjETamFeNBl9p4YyHlXD+Ez/HWot0d7O3MqG73FXk2ur0dg1WTQtTh2etujZ00mCCv+ZGFUMEZ5ADgZIvNivt1t95lt3RP6W4VoSxCjwpU8/S2KjfbRJ4klZ9JRcyK51rll9ufhhKPTa678b8Po093/AFIa3aq18VK1qrLr7u0se5XoWPzm9z36wnLLIF8WDHBJGOoO43N7Zb1uMk8Aiea1ZgS6tVUNQUKMQGqCCGpljSbFDaXVhYIspIguEqAMmOekNX8JJo3lyx9zvj/5eXmHHKEmv2Ev51Shr9dt3uQmlfqb+DXRQvYlhkiVQGvoHR1Hg5z9ex/TX6Xd6bP332tt93ZS9TfI7GEXEOluosqxqrNTnESNQlroNaE6qgfj59XPpp3V2J3dutjeWoXt6TcLmS1nDKYWheZnVNXBJVDaRA9HooNKEE/ID+x3kvGvlb4fscq135Fy3e5JvthvNdtUsrs+P7Ca+lGhR2etFM0dibmsoiyluuzxNNZYAJg9fll9btt3PtXvqax3CVHu4jGCwcMkq/mtM6/jI6rUpQMDSoAx+tn0s7p27ursu13mzSaGzmCrHHKmiSJI1VI4pKHSHMdCNJZac8dd/GGs1uu+QNPt+QV9r+VpoLm1r1txRLUoCsDQafbRJNCqOs7SRvXcH7ZcN2IHXpP9ruy22/8A1h28SwLNZWdnc3hAqfzIo/ymOXASMp/zx51/dTuW47Z9EtystnmWC73O6tbOuoK7JJMrSopYgVZEIIr8OrHXk/yZEzfZPbn8QB55jYhSfL7iGVS8anL4zls4z1+onRrIzRrp1HUaVpU5mlc8flRF2nu8sa1uLRyoCAhyRRPSKaRxoBqr+KvKmEv/ALoKyvOiyWHWtEs0szuqxLGx7/ahd09sd2BHRtbutBQknww/F2buMszQme1UotWJZqD2+kn7sVjlfzLp+GaTYcl5Js62q1GsqS25bVloEaZ0hkmjpUVLiSzs7bIErxReckkpX2wT365IWlQvTTGBmWYKABzOqmXMnEq97LjskC3V9G8h4LFCC5PIKVqak5ADM8OePk783/3FfI391llOHa/V2vjf4Y113W7Pcf1eavDy+bfUabyittb2n21rW7C9Tu2DJDq4nmp1H8Tbmex/JTI793LabfCwjDtVfQma9QfvufihjJ+DUBJKPUimPUw0HZnZu5ncWm3EGO8jejElW6LAikakErJMFZWcxl4o6mOR1lomKJyGPT8e0qHUa65bvaapOtaCK3Ibe3t3Cqss1qV4oWlkdEOHVIlDkAKq568ttfmNzvkjllQCZqkAERwoM+FMlJqMqktUnjj3tI22yOS7iUvcpHQaqapicvSBlrHE1oKUoScUPjdNk1iwJZhEgOwvbHkciWRUNm5bsyvBpKLv+S8MeUVCCVIBbIBA6t7t1N4J5UKwo+hIyRqAAADPQlaE1IoTkRzxEsi9ptwtAwkncVkfM5kk0SueVdJrTMHlQ4vOqqWaVlY54/xjeWv4RfkRvt5whKVbNh2LQVEvTgRon2jBOSO3Vfc3AihEkR1MvhiQnVeQswKQPlQ/EPb4YtOzsR6OCSgn32xGYrcow0du08KS7O5NKxU+zTmkEcX2hmw3b0zUxRSbhIZZTpjVqqPAU4HFkt4thCYdILMOPliK0ECCeaMFYoDTazZRhJAxmsedaiqMp9JGBcqwBIIPS3iJp1c1NPb54GC/mjYLF8JzPt/4YXSf+lXklRUnak6NcV1GRXlhMPtThkcTp5d1QFRnJPTL24uYgkw0sw9PmMTGvmSQ6TSQ+zDGa2YdlLammH9PmhleOVJAsLCIgLalVSGkgYkBSjffntnv086RR2yQRVDA5k8/Z/nh1btHcyNXSeeVMR5s7SOpZgirSTxzGR7i01SQVPOWMx2IS3nLJG8bemfJSe+OpcdnB1RKX0yFefPhiFcbr0YTFEC5LcqcPt4YRs8hrvrrVraCOyNTupJ5KMDNIxtPWhr+0GaU1zaqSt5eAOMft6mrtbtd6YdWuSL4jw4nwzxSSb0Y4w8wJRGOQpXMe0Yw/lPI7FvZpUrsYbO1tSzSVYfFbYopKyi/N5Kqa6pJIQnvE+SHJAI79bSzsxBbs0gXUgoDnnjEXu7da7igdn1SPpCgeo86+FPOvuxASGrr6de1vlmp6aT8HX6Tj9SvKsW33Ikdmu27SSi9tFkLDwhVkqwAH+LGen5nvLqRlsvXcUOuRqVjFM9Kio8vYcDanbrZPmtybRt/VAgtQGAaXlK8xGuR6fgYBfPD6XkN3U7qOTfx+MsQgiTV6+sbtilDFWVIotZVoh0sV5HA953xIFJwR3IgxWMEu3mOyAULUPn6S3Nqn1V8qUxaS7zNbXy3F96tTej0nWEIoFyGnTwzrh1src0E2yl3TJW2RqCLUawDzDVZHheIxlGEP2Iysy59xfBV+456iCzSWNYrT1oDR24ANzArnwoffieL5bUP84QrE1UcTpPA+yuWfPFeo7CfY17ZtmpTrw2rFh7G28ay2HkrJJSazE0pue68yviMJ4EsME9SJLWC1egJKNHTSONf1YhWl693G5Z4kjWWutmAoKcCDmD7RiPfb3rVXYzwQic65JIac7RJXXZWngEqSIDAGjra/wDhXGXc9sYOenUsbaSVYywVSffTyy8sDd79cG3chaW8UuhGb8bGvr8wOI51HDCdazZrNR2LU7+0tR+Fjb3Z4oopre7ljjSmHqib3a2upK5XHiB4/c3p05JALhphKyrGWGgZ/AOIOXxE+GXniqO8PYzQ9DVJKUPVkNKySHg5zyIFVA8DXF81ViHS1qyrdDe9PI1u+UcMqRstx4mmEoESRWyGV3TDFRgkdQJoTMzKU1WwPpHPIYkWhm/mg/nPmT7f8MRdvmdd55KVuy35zzT3v/2b24ZdVHE6xu83iov2ZmUuVhVzlsfTpI9vdlMoUKhShBOda8cDNuCWzGOSReryoCQPuxTdlBLtL/Hlq2JzqdhD+adWkQqbGBkZUa4XMMVnJhZ8rjyOfTqYhitYXMn81Bm/FRU09v3YjXUkl/LbqHrDJD1KeD+B5A4kdnu/DSQa6+Ja0ryQpUjv07NaLXRQXHhpPYlZXDJPHkuv/GxC/XptbBmuHubcatK8iOPHIcftGHvnx8uNvuWWM69L1NCppUAMcixpkFJyzxbn5nx6DUScbmoCHV0kNTVbq8lmhcsXCHmZKy2ziK5TX+YfE+0YGRScDqtfadxkkF2qglx8Natx/dGZxbxbpZwwLaq1Cq0Tqfl6iKkqC9ATTOtdNDxrXHOHM/mbguj3aafVbzaci33uisuj4NV/ru7mtxNCT+Q8OKdaGb2ge0olUk5IXGdFbbRM0IlugtrCEqWmIjA4/vZ/aMZu67s259xG17eZL/cGI/Jsx12Jz4svoyNQfVljRNbNtZ6f9Z5Pr9VqDsakU2r1Zexe2NUvVhtzQ7t5JWox7B1m+8wKIa5Q4cj18d7i7iXcrg7dsckstvbuBI/pCtU09FTWtTwIBPDHvvaXb8222Tbt3II1ubhS0MYBLoqoslHoKVo4yUnNT5Vo6TJu9KNzS2EtrjdawIIzrLiwV9hZ/Mj11q3PaRHO012rmWQNjt5RsFyUPUJ7drG7+Rul03jqfi4gEVrTijcgGAJ48MC0w3bb13WJuptSsCVU+mYhwpcEZNEgJYstfUpUVIIxfY9nR1Nh7VzYyS1Zo4pZrcHuiRtXYhrDTlq/g8UrWLnmCqDPthc9Uax3N1bxi2TSwqDqpUkE55eWNb1LWxvJBfSmUEqSFB1NGUBT+H2Z8KVNa4qnMeSU9beOtjMdiQLPPY94mKvUWVlIsSqGklgqzTy+KEjuUb0x1ZbVaTXVJLjJTUAA5l8vR/q9QPh54zPcd5BbSm3hr1FXW7H4UTiHbnT2Amo8MTHG+YPp4NOtSetJLsbNRLVKSuklTYCxerzW2qyt4iKZI1ZiR3jZG/Trr7bvm5Z5HDBUqAx4Zc/ZgbLdFsY7RIaF5SrMg+J1ormReWmhpmQa8qY2q7q2g/qNe7ZZVl2Rmgnn8IG/plmR5BHGkZb35ax7tN28wP17dZTrKwVSA0aRkUPGteIpjdvDNAJHMlB1mdaZ0jc10mvBq0JpUeeKftKklUzQEU7sU48ZJSWsJOgjwLAjGArt3Of4vTPfpYJykkc8WuKSN9YINcxSgJyy8Rjr23juIXtLuOKezlXTJq/dPgKcc+JpjKN3peQ67j9uHh8qI4n92GjsIY1htzySFpUa778UkLiEkI7eZ7genXr+2/UK2utztz3hbxdAqPzxXVH5BRl55+ePCN7+l19YbRcSdgzyfMaiRAx9Elc6luOVaZeGOdE+Yf6VHNottxGWlBF7la3FJcsJeeeeZ0lllv24nlnwDkEfUdiD3694/wDGhdKLq1utSH4CpqtfM4+cD33LYk7XuliyacqEUfh+Kp/VXFs4/wDK/ErH48NbYy8cnrqK1WGWjHarzM3jHJatXrMhbxjACoXYnLH0HVZe7BuqJ+chuF1cgSaeOWf7MWmydy7FdMiKywMBT1kKK1r4093HywpvflGebcpTXmvGJfYaFooYp5dY7yQkhvy7daU1vFolUsY/Npc+LYAHXW3b0RtCfk7lZC37nkPPEi+7jVr8W4v7IQoQ1RJn7OHDLxxH3Pke3tS0M97jdlI5AzzDa1vCR1kDrGsUk8EuVUYx+n16AbFbWpBEU6LzBjb9gOHpu8WvpKNPtzRx5auugJ93L30x+jG1s+LV9ZyKjLqrdy7Lrrmz1dmC0n/TyVwr2qbpJaWed6TxMoXxYsrAHOSevj9P6rIYLqO6/IWchwcjpOUZypmQanllkMfZZg26FGgkVOqQaEKpPjzGLbVXjets6bVS8eMsheG1Yu7F6MDTtOJJ4ga/k0dSLykXs7KuAQAOobveyiS6a5kDK0gqrMCNLAAgg1554dW2sCsUfSjZn9QyyDVpmpOlhxyIOdDxxQeacW+MuPT77a6fYanjU/v29xutIrf1bSWNnYdYptrXhicWtXalmky61J4q5LMcZ7DXdvb93VdJBZXkMs1uKKk6IElVVJbQXAGupOZcE0NMYze+3u2bFrm8tbq3triVWaWEv6JHZQusqDVAFAAVCq1FSMziIg3nx/zHYceluck01beVtTDQ0u0O+mkn1mz0Sww67X1ddep26+00tk2HLC1MHrnAw49dxa97fUPti0ltYI3m2kySF7eWFCsiv+J50VHgYcAFYCgBINceU7v9Nfpl3hudrd3hhh3mOGNYriGZwUMZJCpbuzJOpObFlY1JoRjdeO/IBbU7UV9zxbfSx7S5Wq6vS7ma6lSCEFKbQxtSjirzXvLDj7Y63/0wyeqm67xb5m0NzZTQTNC7yyMCNTuakVOVMsueNPt/ZBS3ulgvoJ7FJEWJEodGjIZcuOeJuXmsdFoKyVpF2WxapCGgqxTLRgsRssUj3lnNaSCSRWBkX3FbwOAue1bv3dN1u0Jh2JhBbKKsZM2Y8CtBQUzJ4VyGdMXOzdtWNg/U3tBPdV9KJUJSuRb8VffTPFf5hq7UlahrOW0trseOb68tPa6v8WkYAzJLs9T4IyH8ZVu62rZWaM+ccsaFWU5HWH217YXU1xtckEO7xAOJCGBfJhQkHgCzig/eONncx/MW4sbpZH2phQR1qigkH4WBq3pUhuK0BWhrjLvlGOahy34+fgXFqe3k5HyK/reV0+V19dsa2z0jcb2PILMUckktCKK5JaogNYjkLK8gLgknr1f6a99bvt+2X1ru9+y2NrbdWBUMgCyiQIABqNEofhGXP2+N/VL6V7Lvu67du202Fu26XV10rlnSNxJAUkY9RGXQ7lkX1surjnWmMr1H9wvLdXwH5Wu8X/to3HFJOF3pE0E3J7Wruva2U0lMubOjktrt7ojpXlnrLrjbi8v5XuZDHq97j2Ky7n7q22buLuW1urbcSBIsPwLqBApMmqNVBoS0/Sagp06kYzfbW87t2b2bu1p2n2buVrJtSMYeuqq8hUg0aFn6rORWiQiTkS1AaRXw3yX+6DlXOZuZ8m3XCeOcbk2kek5LxLf/AIERqa/Wxw3ZhxPi9CaV6M0huKFttKvm8rB/LwKljvMfSjZ9gj7fsEubndlhEiSwMwBLGRAJJqKHpoNUCjip1ZULvY1t9c9+7mbf92ktbTYHmMctpOoEiqqxuWhRXZkPrCiQyHLUNFTUfQutyLUyarbW13uojGvrgx0p7tSN2lEypepe3JTe15+0ftOcEHIOD18+LJPA8IaF66jkSTUHhXn9px9LiGEyuYnOXBqkmoGebVNf2Yzmj8oxp80af4820tCPX7T485FyfWchrSVENKbSbvSwjUXIWtmCylmjuPNbHikysjZBXsNNHs0kvac+9WolM8V9DbtGEclhOkxWTNFUqskWlirkBWH4s8ZK53owd2WuyXSxmyurOaVZS6DQ8DoGQgPVQyyLpDIGLBs6UxD7j5v+DOA/IXJNZyf5t1UOntpVu7LjzVbO32Om5P4xmWWld0tS1Vh1lvSInnXDMv5bBwylnDW1n2f3t3DskN1YbLLJNG2hZTSJWi/iElHc+YjQ+eM5unf3Yvbu93Fvuu+28Y01MTEvobkA0dY0/wCaRiT6ciRirVP70v7Z1kH9T5zvdzSr3ZWns67j+8s2bsSKgoU7jR6t4KVyITB2JeICOHPqO9zN9G/qVKpa2sbdZClKG5gUpUgGgcivHgDX78Z+3+t30tWAyTblJ8r1lXWkE8q/EP5iRhmiH+rjxrTFr+D/AJA4/W5R8/cmPIre14jyj5Tq8m4RLJuYEgg49JwXjEdyxXjuQVyIo9xBMDFGPESB/r6Uvee17gm37DtzW4XdbSyZLorpA1LdT+moZg1Voa+fhjTdkSQX2479uK3KSbTebgsloxUkdH5aFKKHUMimRXOk1Nc650xpOv55S2Wno8Ss8903/cVO5q5Ll0clkjtPHU2cO6siKmt9USveiZaJXJOHHfqgl2y5hvH3aLb5HsJDVQIGcUoAfUENcwc6nGpVtuuIV25rtFu1BBopGdSaDlwOPkx/f/stfW+a+J/Iek3linzLb6HXTtHrrLezTv8AD7Bqw2tdZsvYu17UVxB5I0slcIARgeWfq76BSTXfaU+w30CPtdtcS0LAAhZjVgdNPSoFFoAaHOuPiX+6Lb7baO79v7hsZ9G+3tk4AXprqe3zhKvIBpJYgks1K0ApXHQ/x9/d/wAHn+P+HS8p2/LpORV+P62HkV6HR1JjNuY43h2lh7MWxqxz+5NB5MyxhWLEgYx1Qbt9Id8k325n2pLUbaZqQh5CgCHMgEhq50NKe/G07c+tXZ0Pb1mN6e9O6C2XrssIdesABKWdZNJOriB5UyxN3v7zviLW6hrWi3vIeS7gRWf6ZRTUnWQTW/uwl65Lue1aF2X3cKzFD9uD0xafR7ue9vflp0t0taesq5egBzKmigN5EHD159ffpxZbe8m3SXVzfMCFHT0ANyVgSxPjqDKM6cRnzdpv7zflity3X7TkV/X7LjklkvtOKPqKM0B1Ds6XKtN9lUluBFE32GRmbI9SOt9ffR7ta42yXb7AFN16YKSl2DVHGoBCjMcgMeWbN9e+7Lfe03PdZFXZmnIktwpKpGOBSp1cMyWJFTjq74c5dpuU7r5Q2Go2Wsn43TbhzcajXWmz+Lqb3Etb+bViWcyNH7FqzLAY28W8s5YhVA8l7u2i72nb9st7yKWPcZBMZaUUl45WEI1gZAxqsjV4tlkppj6I7C36w7gv94uNouEl21XhaD8VFeBXl9BJ1aZiUUfu8anPBPmDdrxbj3POd6mjQg32p+PLe60+4TT161uLkXt6XRUdpPJOoEs9YsSyshidB3UnBEnsy1m3K/stkunP9PutxEEiPL1VaHRJJIpHFdRUnUCMzp4ZYj/UWSLZdh3Tua3h0bjabTNLFIsIjIlJWNCKfERqrpYH97ljY9vd/M0Grv2v6bruUcofSTW2irChT2CW6eoeCCCAq62q1d5pJIg7fa0wPl6jr5S+sMmq6sNshYttVrJdIsbV1BkLIxPtIrWnPH1h9Ez1or/d7sKb65htneRRk2ujBqeNCAeOY5Y+f28Lab+/a7V5HQkv1edf25XNLrY56E9R6m5+PeRy8gvU1NeCFNnYi1e3WxFM4dSoIwfFcQLOO4uvowr7e3T3Db9/WZyMyIrqEwxVBqKB4wGoOBPA4sZriK2+uSpOXa03btt7eOtNPUtbkXMoJAB1aHXR9+KBo+QQ1/7qNpxr+nQXacnwdqddBXtSTs82s3+3/wC7dfuIXLVjLcgt6IRs7hkdYlAUHOZ1zZu305jvlb8196lZiKZSQxi3YZg+lgxdK5liTWmWHLa+D/VuWyK1jXYoqA5flzSSOtKUzV7dlf2rlXGU8wv3td8+8R11B1aCt8v1rdPzhgaUQb/gXLYtvHYmDediAM4VA2VUNjv1rtqitrjsm9u5xWR9nnTyJjuIdOXnxNAOGXhjCbtdXNn9QrG2SnSj36CSOvEiW1uA1T4VNB5HPHI39/7bXfV/iLb1pjPPpue8s4vrqCTsbn5e2tanYaxasUyIoiebUFQQSiSYGVA7+u/2/CGHdb7bYkVZbiG2kHhWrhh7AGFOfjjxP+6BpJtt2jd55AEs7q8i00OskiFlNeFGMbg5VqDj9Q/xxyvgfPdGm+1uw2FyOhBQXYRXrMkN7VXTCkFvWbZq6KtXaQW68p84w0MoZfEepL3c1j3Bse4tt+4RxK7u2miA1AJCkE1JqtCfOvLB9pbpsPdOyxX2zv1QiojrlrQhFFGNKV58OGJ6Xb6Px3lKhPb/AD9XrdvtaHuXrcjfmw0J5Y9OHlrye7RkhjSZ3GSEbCkHqvEd+ehJOYhA8yRMemDRGYAkBaMTnyOLW4htkW4FuNckcbyLVlSrIjMAW0nSDTM0Jp545B0P93upmnjO747Nr6ll41sy6TkSWLSD7YrFoV7evjwjICyKJAxHrnr3O7+j0kSE7VdLJLqNOpGyZClDWoqc+A9uPmqy/uCter0t6tFhXSoJhl6uZ4ihQaQAPiqeQpjpDgG6+IPmb82xx3kG/wCP8k0wew8UcVShyCDWyPHBFtTHWglo2q08j+IV/IEg5HfPXnHcFj3h2QUbdI4J9tlyB0sUL1I0ZNqDaaHjShGWPUO2947M+o7P/RevHu8K1OhljlVOIkJpQx6qihBqQcF5DzSp8Y854x8f8q3Nnf0OcOYtJy3W0IKIjsHYQaq1S3euUspta6xYiklsVvFGjlGIQQSZW37Oe7dhut+2q3W3v9uPrt3qSV6TS1jcGkYotKSajqOIm5dxDszuCx7d7gkN1Z7qCIbpQAqOJUhCSgClauG9IFVBON//AO2kqo1k8kjkrwraaWVRNiQVB5SpIAynzLAeOMdYC23eCTSgt21k/u0x6YdpNWML0gANc+OK1sNTptfZEa75p/yqDTsBHJAY3zKSjFlJ80DL/D+vV1b3lxJA7C1AKPQA19Qpyz4/dTFfPZLHo1Nk68cqDzPl99cQPLvk/gnxZw3kHItr8qXeOarjkETbeeDVTbyQfkSJHRWvqpq3ldlnklAZEZAVU5bHo3cpcJJDcX22ROsh0x1lCsT4EV/SuOVYbqF7SzvGgmgXW7hR8OfMg5VHLHAG6/8AmJ+H+LcjbVJpOf8APNCfcC7jScV1XEdhEI0U17Etba8lt0547MnkrqGheHGcEEAayy7Djv8AbvmY42tLsiumQho/cQAxHvxhbjvSfb74W0jRXVoMi0QbX95K/djOP7cP/kZ+e/nP5V5Xq93NqdHxKYXNpxbjul0Gte3x7XtLI9XWXuRvUS5u546yI08r+I9zsMDt1gvqxtrdm9vQbnsr9O5JoxNGq3gQRQ++uPUforc2ffXc93Y9yWzy2q2+tM9Olq/wnhTwzx3XZ+Rue31KWeV7iGtJFIs0VWerSEqzoQ8bLWgRzHJETn7u/Xy5fd3dzXodJrk9IrmFVV4+agH76Y+uLDsXs6xK3FrYRiQcCzO/DyYkD2+7FUSKuzwfkjJSZBD5ypgqy+6AQCrzMrIXYuWPb9Ces8biVYwCK1zYmrFvIk1oPIZY2EUYcHUQsQFFUBVAp5AAE+ZqcRk1Bq+0NaIoNdaqX5bSwe1BLJcUxQiaMqcsTVBViuPckwzZYZ6kpdmWx+X01jUcG9Q48q5j3U8cR5reNZRJwmbMlarX2gUDe+uBSlUqJXiElhIPGdmV9g8aTPIACjKkgLKSowMYU+mB080x+E0IHw1FdJ8Qx9R/5icL8uK6ySz+Jz+zkvtUDElB4VlWWKdk80PuRJOZLCqxH8syny8Gb64/4e3UUSO70mCmmY8fDCBVXiSD54WgLPOkaSsX8leVomVwkMcsZMZChUSeWJmEY9Xdcfr0ZIkJUk1pw/ZhuZwvqJBy540JK9GvNYtRLadorMU9eCy6mWKkkZaGGZYECHYWWHaMH7c9QdRLiPmePlTlisMwCsxpQcP08MJ2Fl20cVvYGWGr7ckNLVxSNAckBhM4jkKRMY3B8MeX7cdGwks3Ma0LNkeNAPHDVvKJnBFAa5/p4YhzBLXExadI4IovFKkMUf5UMcREbI7xEtGZWYE49zI+o6auLgxsqtUg8BT9eLNX4Bc8Rsmv9qM2G2MzWXJL1ZCfZjjjiWetL4sC8oDyFD5YHb06PrBdIQCpHE8RiSS7GgHL3fbgK89ymHMMf/VERsLZrD30hx5vDXnDKsa5PbxUevQyO8lNRJIHCmOeIKNKmrc/CuFLN3eTrEI5asbFh4g+97k2DkrMfdIwVz6DpGKr6m+EeeH2tYlUlqlvMCv6hhG2kstCStNW1RX3ltTuayWJpZSGViZ3RkAxjIADfb6+vTYuqzLQtx4Dh+rDJtlUhmGWIyvT0kEFhptPFNJ3KtEypFFYIUwPEi+1YAJb72z449MHqQbiZmJVtK14UFPbnnhyS1UEaKZjmf8APAR62C7HHA1W7HGJYY809hdibxSQTOIfbsFbcRY4ZP8A7GP4ic9PQyXFfQVqfECnuxCupoLRaOQJB4focXejppJY5zD4RkMVgqNPLM4Wu7J+TFGUaIqCuSCf9OjfpW4KtUk/pljMTXL3UuSkqPGuBm1s9uL2rNw1Ki4gheCEPObU33zztC6PVWOUKT/BhfoCRgx2dHPo5jnw91OeJtpGI36oUNKBwPD/AI4tCrrtBlUSNpQgGFjBlqvOB/OaVyrNIQAQP4fHH2j06iuoX0E5V5YeSKe9lJkqErz/AFDFF2tvYzgtPsIJa2GMFKCMiaaPOCLczyMPfJGT5fT06BZayMIomBB4jh7sXdtZxQ1SOqseJy/wxRtNrHS1snnjhaRwksLoUVnWxZDyiVX9WAjCjGO3T93eo6IYy1eYOLOC0ZMxpJPjyxMcbl2WusyT1qyyCNpQi1o5WX2zLhYL7+XtoGLeIZSB6Z+vTbTwsmtmo36ZYjXlkJKqdNTl/wAMXy6ivDBsabV4Kk4FmSgGhjjjeQqjJNFGPBJfPIeQYzgYweoEcnUcrKxzORoa08MU0caxN0gVEgNBXw88UaSWpMls+V4yxbRIF/lGGWQtII4ZV90LJ7NGRgfc8ijJ9Cep/wCaulZBqBHKv3DCyQurF43UMeNP2Y5w+edFyPdw8B4cJv5fLObRtC9eCSQQ1a+s2Kt7z11kXEIvrlMA47k9urK13Oy2+wvNzeojSIKdVPi1Cgy8TQYiNb3+67hbbczUDzBqjhoNczWowp/b5Us2OVa545J6ba/W73X6wQqweob9mtVkMtePD2BrqQVmAAZvIYOQOsT3jLGttJcXC0ia7RpR4JRSdHn6udcsbqyVl0W5qNKKpp4M7Agf+gHHVv8Abh/bj8a7bkPPN3yXccrTc1vlf5T47rtLUk1tuCxr9Ly29raO02u1vwyX6lm+ZHBI+3xiXDeXkOst3V3RusFrY2NnGkdr/TLU8G1Rt0lBXNtNOB9Sk1JzxSbWZEgluIokKSTSlia85GJIH2cTjsrh3C+G8Zsc401S5yXjMXD+S3qk9XXTSrDsDbp0r1C2VuUVlu17Mcn/ALyv4OxbORjrCXr3kjxT3EnWuZl+I5hBnlSgAB44tVuZZFi6UaEsvMEU5Hn78Wf5G2HH4eIQ7b+p1KkVDZae1sLTXffhh11W1H+dLNHH7qyxe2QjKQTHgA9Z+E3pnliWJmqhQKOJBFDQ040r9lOeJ1iJEuCJBxry508fdjmvk/u7PkMW312x19qxsNHqtjRuw14rVubQUmtXrE1GpEFtSwTTWCGJhICAqMNjq82c28MIW4hcSxsXoTw1ACteBFB4czi1kDFNKmmefn+n6saNxaPfUrMLb3S8aNfYay7JoF45rfHkm63EnF7tJ7u6e3ZLIusppHVjR1QiQO2O6+RXe42tzogjnaUIQzVUAKqsGAqADXUKZ8j454oZItT9RJBqU5665CvKmKr/AHQ8s5F8Yf27/KvL9hrLeti41wXk70op7UcArbDd667x3is9S+sK2VsHcbiNIo1hcPIEYspBzZdj2I37u3btojjOiXcIZWGfwQy628MjHWo58iMUncV7bWGxX9yk6dY2lEIB+PUi0y4epwMcAcc4vS0un45o4oJ7kWi12r09eapPNLDYj1+q1teCSGtIPynp2ChJVIx4yN2GMDrWX9+013NezOtWuTU5/wDUl6jlRWtT8J40AGN4lukFtFaqT0ookQHKpCCgryr9gxyP/wDKFOYv7evmWhalngmr8L+NRPDZsSJPHYbd6qSKrNFLDXmtMwkUBnjXxwPr17J/bxEzd/bO4FQ93dsD/AsbkngM+A8M8eFf3DEJ9Fu4GanT6MIB8zcxBRjQdBRelwH+3OOGx7E+t+HfjqpHHsCkTJta/H6dK42sgDRpFEk9YK8jN/MKFSPXqo3G4e53ve5H9UbbldGg4UM7lfeVKk+Zxo+2rOaDtrZYJSonj2+1UjzFtFUceRqMbFxLVWuRbCna28O1Nuveu1LMmtgpV22RSxXs6/ZJG5mln2HvM8EahhAGP24HYZW+nSzUpF0ul6JAG1emh/MA0sMlGY8znXGvgi6sfrNJVfTlwI8T+rGt29OKHwf86/GvK6luhtef0+TfFsfHdlr69LeQWebcftcd1H9T88P4TXrLzGZfICtExTyRB1mbncYZ+6do32003Me13Ed2XQGn+0lWRloTU0dahTnqPPDF/tUO87XdbVdyAw7hYzW7lmNFWZHUuG4rpEmZGQUe3HDGn5Hcv/8Awzcj4/yv8zVvU+Peacc1O9E5eLZ734v2HGJ6UmrtCOKC3pX3Px8ssdnzkjkilAUMHVx7abG2tP7q45dvbqiXceqyqSAEvYyz9RK0DrHOqPTMEEU448DuHvO4f7aWdXdd1ttghUu/Ntsl+ME5lWihHT/e9ND46L/8ZqXNx8DVd/dE1LjnI/kb5B55o1vxpXanwzkXNt7t9C9vYtItOl7jI6uFZWWRsk4U5h/XGUQd1yWtuyyblbQWtvcMh4zwW0aTeg+ogsMiCMqc640v0VMl12Va7mVItLu4vri2X8S20t5M8CkeIUnIcBT24+m3PuUaaPiKx8e+QNZwvYR72andt3L1ezbY8frrso3vaivJsI9jU26yxCtJO1eOuwJLyP8AyT4Jt1rMJnmuLZ7i30AhR+WeoxOgEE6goIq9TUeIyGPYYGmaZPSQNPMe7j7MSej1270vHdXz3kfLeU8o33OtfyeLjNfcXtZTpW56FdLmvk45rteY6MS/i1XaCQtJPIVdEAHgFZ3AxXJ+VtIYYrCKT1Ba+sLQipLEgVFaih8MHDInzMlktBopWnLyP7f8Ma3xHh2toaOuwejJySXbvQs669X11Z60J1DQ6/YM9yzDXuKtsSeKWm9qEyklMny6qI9M8YUv17nKIV4DTVgz1PDMjlSg88DPe9O5YBSsKwhtXia5inszyzJH2wvLLFH461FPkSzbDZtPyHU7OKOzKFsVbavsK9qrsq9IxSSLOq+SOYo1aEofAH7BY2Vu89+I2YLcGhOR0g5j7Ty8sIjncAUyUU/Dz5g519lPvxFcj+Qdbzr4s4cNZTi08uw+Samrrtf10NLW8f2dTf0pt+eQbQ7BJZEu0bxmqBfutmMLhSDmzbbjFNcx3A6ojhV6qOKurFQp/eBX15H08ADnivtl/p1+7SHUOlU1PHwoAM6c+GM15xA3LNjzHkmmvy395r+X2ptXfew1CSi+k2la1qrPjsLNXWzLTrU1X2/AwkIfJWxjqVbTz2hhsFBaNI2rGaZZGlCcxTKnjTD8ESdBUk0gsOX+eOTd5oeNjefIfJo9v/WXHMrgR7MNpbMzbW0lhjJNE0ENpElMiGcKPcWMHBJZjora6vytugUxM6pTOoopCin254luehErUr6f0/TzxjPxnyvjGpOi5JvNI39A4vuY6/IleZ3rvrPOStLHYqS+FexZLSB1EsiIQpHc4HUruHbtwc3FlbzV3G4iTQBkxzOpRTIiniK8c6UxJhmilg16tNBT30rjn75P3se3+eNbyiLXizrOYHgszarTwiI2YOP1eVqIa1R445zQbWwR/YSRmPscHrbdswTL2m+2zVF1bpcrVyNI1tbhiSKZgsdJHkDXGc3aNbLfVljYmO4a0LAcW0JPSvt0iv3Ux2BtfjTlNzW3L/I2rQaYal9ztdgkbyTauSvNC1unVqz2K42B20Fj2YxgexbAHi6ZHWKi3jb7WTo7akibpGWWNT6hpCkgkAAVJoDwHGmL8K5CyXAVUJHjXP8A44512NjU7rZfJMlCvPqdBS+QzxOvqfynpuNVQ4rxzUNNJS/HJuzxbSvKod0ALPkoniCdfYRXFvbWkUjq19Jt0cgLANXVLJUEEZELpNRQ5nkaYzks7kyx1/LS7kiJp+FVUqR5ksPcMSXALk3v7aO57c76y3od1crWHmlN80SbFGOYRPYVqvsQGEn7nAUj7fXqF3Tbu726JQNJqTUBQEMorWmVRnT9WLvtiRzBNFIFEiOrVHEaTUfbz+7HQkm83t7aWV4JbvSPtUszbCFI5YH0Ml5Zdc+wfaYXyr03ZLP/AE/uPN4+17fnhg52t3e/aVlHdzXE9pu9i/TiljdwrAHJmUHOtaEZg0+HEHuvs217q69tPbwXG33a/mpIisrA04gjM+Zz88ctf292tD8MfKm0+F+D3OWUtHQ+MZdzPcjrzVLu03HGNTqOMRbNrFizamNjayF7beUaIZnYrny7Nd4nde8NgTvbfRafPS7hLEo1RlwJWmmMYKgGiH0rnq0AFiaVL3a+37R2RfJ2DsKyCxSwikHVYyMelHDCHJOQZx620gDVwAGWOyuTc+TiGxPJN5a21bQCCnBaFlpLIS3uKqyaussSyztmSZlcxjJ+3yI7Z69H/tCuf6N9XYmBAgmsLuOWhACxtGDnUnLUABjyL+7i1S/+iFy66RuVvudlLB6dR1rNR6Ag59Mvn+zGUct/vE4FxkQU9bxz5I5nt72Wpabi/FbPi8kTFi97c7CWjqtcgkyWZ2Zj6iMjHX6jQ7nsc6yPHdQjokqQeHp4U8TQ/bj8ur+z3fbriKEWc4acB49AAVVc5aqAZkjUa55+FMVDbf3hcgq6kbGvwWXjt+WKVbEe0s2uQSxCQBlprFToaujYsyA/zMO8cef4j1lbzuqW9l+X2WOEw1/mPIqk05hciPYcbq07a23aLc7v3ZdypcslDBFG7g1/fNTVqUzUgeWOY9xzibmFh+Qc957QrbplWSK5uNyk9jVe9IpTX6Tj9WJtRoKxTHuhVaZ3H3SEdZ+9bddxkBuY7i7H8MbKhPKoB5Gh9oxY2N92lYxs/wAzaWcg4a5aledVJBAPtqORGJLS/IPx5QjqSaHkvGbdsRrWC7LfVY5qdKnOzx1xXmPhXppdeaw4T7nklyQcKVy+4dvdyzzMm4QTBXOoURqMT4tR2ZqfvVoK0pwxqNq7z7F6fV2i+tJrlU0O3WQnSMwSo0KqqSQNIBJb1aqAiV/73+Or16e3tefcMu21EPhWt8moVdfAzL4NLBDPeY2mP8f3ABj4gr9o6bOx79BELdNvukhI9VIy2seZopA9nPng5O9e2HlM0+8bfrBoqtcJHpPiFOupplWtPKoriyLzfgqLWhpcs0d1Emyy0eQa95iXJaXwZJZWItE5bwwB/wAIHUY7JvjuzyW80SFKAyRsR7RQ1ryzxKHd3atFjsr60lamapKrU8fUBQ5+AwN7m2kZG9iV7DBYvZjZzHTlkryRTV1WeJcitVaIuoGW8z646Re3b5I9DqoQeBGDuO7doTU8cpaU8ARlXwyz+/FXsc61/wCSs9y5FLaUqyl7IT+XCpK+aNJWJ8pQMlThs9x1ZR9tXUa9EKwRhxA1H7BT7cU913ztwOtyGdRwBAH2uwHuBrhtF8xRU3nne9qq5b7Zl/qGuiEkYkZ4gYpLoELROxx2yB9epQ7MHRo5krWuaMP1Kf1+7FN/7lwFWPTUFTQepM//ANLiAsfNGqjkWVtnx9CjBnA3WsH5ZDGRWuTm07SMhbsVIAxjqSnZ8jRcWNfhOh6qPAfl/rriBP8AVW0ikDlBqT+OOh//AEuI3YfP2hlLyWdxxeDxjeKJF39OOvF7rK3utAnuBnQr9p8h4+g6kJ2PKirH0ZyVPNSWPsGhR9tMRH+q8ckTMwgijpUsbhRGP9RpUDz8fsxDp896RVjgqcp4lD70k/ufkchgJkEpX3kaX3F8UMiqw8j4jqaeyJW/MlguCo4DQAR58cRD9VbKVglnNYOSM/8Acg/Zl+vEJb+YNXsF9luQcOtM1p1r+3yWnZSvYJd3lhqxXoYD7pkyWKkFunou2p4D1HS5UjIVjJy/5VIp7SDiM31He9LW8K2hAPFZwRXzqVzp7fbg+u3t3e7JItbe4cLq0nYTT73SUqckSJHXaSzLb2EdaxYf3CBGc/bk+uD0kkEdrbus4lZC3OoP2dM0+3D8e8b3eyma1Nok+jSpMsZ0ea+utfbXDievyLZb2LR3N7x9rrO3hsJtrXt8fg9yqbMeeQa+DYautG0f8shH+2VgnqwPUSC42e3tBdWzCOoz16Y3fyo0pB+zBuvem4SG0uGkk0trXTDI6If9QjUD3g1wvqNZyq2buNvDrmrwy1Z1m1uwLWYkkWNxVerrrISEoftEsyFv4uq693nt62VYh0wGaoXqxj1UOZo/hXF3Bs/1FuYjIfmCQApPSc0XUOFY8jWmeGu02EPHLEFi7yrjmuf+ny27Njkl/ZLWEMMb2kpOtKtPsUt2mr+3WTxMPuOPddF79FHPbbnb9GJC4LVpCynPkCQWX7c/difdHfNnuupdUEmla9cMF082AIRq15jLlxrii7L5W+LoKaPD8s/H0Uj22qPptLS2rbZBVh/Jk2s7zccSm2vv2j7StHZmmjw3hH6MbKy2fdPmAEsLlkWOuYU/frWo9wxR3XfO2NK0IvrJYBxTRkT4n8pif/UcNrXyx8VSU1rx/LnGHV6fjPWU7PXQJMLUhigrWNfXnlldK4AHk8Mj+hTvkGu0bvqBO33RbxIUffqP6jg37n7eMZT+qWRjpkpMlAfEehc/awGIkfKHxVXE0K/M/GrcOVsV5zqeXUzE7xYlrCvNEWhFcL4uxMiyZwCM9S22zdpnAXbpgfb+rhnioXedgUUO721NVeB/xxNaf5d+C3M55B811oo0oxR05Nfqt1LSl87UQnSzBfoqYCIJWUBGLlVXvjt1Butr7mgWlpt5ZtX45FU+4c/bi52ruPtlbjXdbwmkClEjdlp4kg5H9meHd75b/t1ngg9r5nhhs0iJK9iPj1+lJUb7srA41QycN2TBbH1PVadp7xV3c7ZG+o/inHl4UGLaXuH6f3AUNvDDTzEDZj31xDX/AJ/+DaVUtF8nvs52eV5Vg0vIVlj9pT7Xt2xShQFiMkFfHt6dEvbneE8yutnpQuoP5yHIkA5UzoD92I0vefYFmpja8eSEk1/JcUFMqNyzoR4EZ14Y1/h6vuvjPiW42Ww/Mm33G13kwteUthZN7YsbamGMpMimvTnjVY8HxK9z9D8/79v25WPd17BFNLGbe4aI6Tk9KUK8iOFac6UoMfWva3a+2X/YO1G8t7eW5u7GOYsygsJWAcmSuauEYBSKHSxrU5gw0ens66ae3Tjto9aJbX9RRbeva3BA0qlKtgtAgeJyJB/xMMHsMdMyd3d0J/8Ady3EkboakgDXU5j1UqBSmQyxLi7H7SmZ90ntopat6Q3rVGCgExq1RQjka88V+1R49q9TZ0PHNdr+N6+ok0tqxr62pqxVJZ4xYvS1pz4iMGWZj4zSHwBwMDHQrLuN9Ibzc5Li6llbSY5JHdZB+9pJ48sssuGAvIdlttsl2zZreC0sI0JLxxxpoJzIDBaqCTXjxOM02u4W1rHf+ofh6aKqdel69NWgCV46UKzS04YlacSLTruQIy8kKS+I/mOg6vbKzWC8BkiVrhXEhAHp400uP3s60rlSvLGP3DdFn25oopnjtXhZVLfEVKIutSMwpEYWoz9Rpyow+LmnufHsml/Cmpvrdps1W2hXW1rMNlmaWTW12gjShFSkm9j21TClATliWMnulIYO4Uu2ozPEPUCSRw9JJ+L2tVqZA0w32Pqu+z/kLeCRYUkbTSiro5qikUVHOoFVouRIAYkm2NbS1prcT1CtmtPT1lr3nM86IprWa862ykb+3QjmVUKemDknqmZgl2JKV1mqjOg5U/bi+6jS2ekqUlV9BJFW0qAVp5KCFHkPHFS5BBDuaux2/uLaikmhj2stcGdr9fWrshr9XYMjrKzy3rTOFTK5xnPVtt5NtcGzNUYUKA8mNDrB4lvSPKnLGd3f/ewveHSwK6JafiQZaT5ZVyxE6CF9XuOKbiyLYijqxrrWhAmTSa/X6+3UNOzVlYJEs/gC8g81kcgkEquJ15crcWdxZRmkiOa+DeWK7b7Z4by2vLgelloniiaAuj/RkDnnXnTG76rfybqefSVpZS4qGagzPiSqkqNaOcqVLmUBRknAb06xlzZx21vHdmnwnIcD7eeN/bbl848lkxJjfMnmAKDLl9uK9tN9Yo7G1TGusezNJq6K0rF1Ikmu2I4kvywMy+Xksolf1x4QsMZI65LT5yNWQ6Tk2VKV8PZww5JuHytx03qY2bTnzUDj7a+7DWrNDbhlk1siz1opDVaA5l8XiY/lRLFJKQZYW75I+4Hp7TIgqyqrfiAFQftr92G4pYZUqGYopyzppzOQpy9tcRWy0HHOQR/kXqkF65DC1aK2YwLlZ68weTxiZV/IBb7Rn7sH160G0d0b/wBvyJHYzO226vVAalSKeNa+fHGT37s3tTuaJ5tzhCbqV9M6qC6nx00o3hSnPGe2eKLTulhr9IIPGST37+lLvWmYFIo/Caw4D/dnyUDr0SD6hC6TS6XXUAqRG5Wn7Tjxq5+kl1a3Dm2ltDak+lpYDX350+wA+eK1f4zsPyapbXcQ2dWeSON70muo0xrgQ/nJZjstNbmTKdvYikYnsVHr1ZW3fVjJG7SvexSovpRpX1N/FUZU5eNQeWKG7+lu/pMumPbpIJTQypGlFpy6ZBdjzqDTMClQcIw6Z/OOpXtaaKCWWfLpWjqJiBQVWjRaRbU35JbAaPxWPuWBzgOv3jF0BLMLqlMh1WJ9+eItr9L9ySYwLPFoPPpiMf8AKhFVHkSfHnj6zXf7jfjerZrm5yrj6gSbCOd35RV9z2rqLFKgq0Vb34XiUDABYkA+uT154v0/7qmjIjtZiaqaCArUp8Pq4CmPZbr6r9gWs4dt1tOqP/nqx86Lz9nvGMy51/eZwjWBF4JDb5duIK08VLYX/ej1X5SiT2rUtiV08/xXkIjIHkScenWw7e+jPcFxVt9EdnadT1IANRU5kmvicz548/7r/uE7QtIjF28Zb++0lUkH8mNqH+YRwT286Y4j2nPOd80tbG/bQ39nv2Zbt33rMaywyMss9VoJTHDFAJO4DHGe49eve7Xt/YtnijhV1FpAvpyGZ8chx5e7Hy5ddx793BeSy3IDXdyfVocmP2LU8P219mLbx745+SxJqL0+61HH60qCxr7Gw2MNidkM8am3r4a1723kpmufJW8XH69Vu69wbDR444ZZ9Q0sAq6WHmKZ+/PFntXbncUjpI9xFadNg0bSs3pPijVqPcaeWOyPiPy+MNbsZ4PkaLZb3ayRy3663apQ35M/jLViKSSx14YwrvjJy2BgdeL95pN3WUtTt5jsYvhKihP2Y+hfpze7V2XBI028xSXk7FnUmtG8c6543yT+46zalkHJOdR0axiovYpamSlroYzWUxwrL4tJZmIZG/4x/Ee3frzdOxL1fTY2UxetKmtM/fTHsafUHt1QJL3cbaB6cABmPHgeOIfkP901PfB2flli80EccJnpTTLAllvJa6MihIhZdP4AfFZGOAcg9Ttt+l++WoLtZMNRrppxH6+OKq6+rvYp/LXcYJIlHqK8mr+umMrvfPHEv65Qh3O8WetSdZ9VZsTXLQr2zQmXZ/lQzMV19yJsRooAM3kVyR1qF7I7hFnKlraMrMKMABwqDTgcqgHGcl+q3Yz7hHHNfRhK1R6kHgVqORyZh788T1v+4Tg4B/D3FXvG872EnlQDwKyRRRrksFQJ2C46g2/087hzmubZTJp000qSV8Dln76nF9L9R+y44V6V6mgMWFCVoQOK0PpHktBypiN1v9yPAKFX8qjtKbyuXksIFsLJJKSWEfsnPuYwT5Nkf49Sp/pz3RORbtE4jC/ioaL4A8QK50BAxXx/VTscxpex3cfWNanhU14mlAT7RXBl/um49YmkH5VLFtWUzosxmYk+Rg8mjdm749W7fTpf/ancooQzh+orZAUy88xht/rL251qiQODxK8Pfiub75Y+O+aVlpcjfXvXirixWksa2K7Nr7kbsMyrbUFYz6muMLYyMg9We2drd17FKbnaesrM+lgGK6l40IBA9hAr4Hjim3zv36f9wQG03eS2Nr0vikRWMXqLUBIr8XqNeNRypjEeVaH4x5Qsk2v2MXFNlctqam345rzJofBpGUx7fQG0g1s5TK/yggLMnbr0TY92702Ug3Eb3dsBRkmK9RV/gkI1VrT4ieePEu59g+m3cUEzWMsNjuEkw0z2yl7d2GYM9oSVjWnMAeqnPFy4UOfcN/pUfF/k74g2mro/jypp9vqL3FbU6gmOdNvNBQkexZsIgAkMzt6eIJ6jbtL23vett22rdorsiolRhOisCKUQAaaHPV5U54k9v3HdHacCR7RvGxXG3ROpaNohbu44Eu5r1fDS3t5Y7G1fyPxi1DTW/sNJLspq8clulrb1baQiw6MJa1f3XrM1eMuwBdA3ifuHl6eKXHaG6idxZRzfK6yVMqFGaudacx5+NRj6MtvqR2nIqreTQC9IFVhcOimgyB5Z8uYNcPhzriuulOyNuqGVWjJrQo7rHK38xoFrtI7CAr6A4DD9ei/8a354/lmTM+3/AB/TjiYnefaEBO4GUUU+Ay/TzxQ/kXivxt8sXdLZ31jW3f6dp91RhvKY49nSuXbdKxq7GtklZKcS1p4bH5MMqutiJ17dXPbF73b2nDcxWUcqtI8Mmk0KsrKdQNeR8a1BoRwpjK977R9NPqNLaS7ncWEz28dwiOZ0LxtKyvEyhvQdOigDKwYVFDXHKuw/t9vXtxa1lPkup1UUlqyNZstRSuWOLXWIR2l5FShsfk8K2Lyuf/aWzSmGWVYyQp9lsPqPHb7YtxLbXEgjADo0gWZc8+i2gmdfN1RxwzGePmy9+hFtuG5va2F3ttvG0kjxvFqe3kd8yZ11p8o7UqSq3FuaZJGxAxX9Z/bB8z/iT7Ctc4ea9S7NRUNyWKo2yZ2QTCnas16lSSLwCsA4R8/8OO5u5fqn2nJcKGj3CPqKCPyWIQcNMhLNVq55UFCMsY9P7e/qTHHVJtnk6RKgCYDqipOuNlSNWSnp1aAdQI5YeQ/BnzgjSCPglva/iu0ckmj2uo2yh/Pz8Q8WyVmVshj2Ayep6d89maKy3qxK4zMokUEexYm055ZMfbiF/wC131JszpO3CaRF00gaFshnTVI9WGdcwDy5Zzek+J/7hNTYmn47wT5D1cjxrLbmoS+EMkbTGHE8UNtoLkqjGIvF5hjOOxPTN33V2LPEF3C9s3RjkGXUKgUHHPhliftXZP1L2pursu3blb5H1LIFoDmSRTHdXHONRar48XX/AC3yjS7Nthpp6XJJubb2DUAVtt7V8UX/AKhZqTwTUjgBgQokAP7OvAt23hG3Vrjt8LbFJtSPEopq4BlQgly1dJWvAk4+sdg2xE7SjsO9bqO7aeArMt1KVJQ8VMlQq6eINK5eeCf/AHSuPazU6PX8d5bH8hcbqlq1OzT2tfki1K+tda0OmG1ouYL71YQSBkuiePfsOvmj61Rzbn3FDdOkVtuUMJkuI6UrJJI+pyn4C4oWX3ilcfVH0Egsdv7Tuhayy3WyM6w2sutZaxxopULIANYQkqDTgKGuOafkLmX5vzpwLleo1olbiXDPkHZcfhsSWphrZK2qgrTzh5Z3m2C3azQQSRTS/wAMhCAkdZzY7J4+zb+yuXEaXN1bpJp4PGGLhT5AmopQ+eNNvxtpe8ttuYIZJmt7K+kQkfBII0XUpHMhaU4ZYy/d8yN7+4z4m5FThq1d7vfg7nOj5PE7B60cXENtqt5xtaHg6ywOeP7yUIxb742bGO3WitLF4vp3ulkzk2dvuto0VebypKkw8fRKmrjx8sZe5vZT9Vtl3CGNVvr7t+8WYj+WVjnjmhMX8TCVq14BjTDD5LFGj8hcJ5nE8dquOecdeyFdlFasatijeZLMlh0DLFd9MeWB6+vR9sXUkuyXmxEadNnKgPiSVkP26anzGWGu67FYu5dt3sKNUe424YeVSg+wNT34zP8AuF+ON18rR/GnGuMQVm3U/wDcJwmppWuSItb29jtNklppbeT7NWtXleaZ84eKMjBwOt/9GO4Ydp7vSW8Y/K/01nZfExrEann8KSD/AJjjz/8AuJ7Xud+7Ie2skpuA3KEI1BpUyiUVz5lpQT7Bj7M/EHAKHx1pruht8mpTbTebGbY7a/S3ddaaRI/49earG7h1irVThlbPuEnxx17B3r3nZ907uL2Ca3WztY9KaviyNCT5k1x8/fTntDcOxu33227gla8nmEz9OoRlYCgWuekADnWtcau6Uzalng5NqK5sVn91rm4rIvtsnstiZbMkcBuRN4lGz6jHp1kpNz2qzijiuri3RS4ZazigZSGB4V4jHoMS7ncPI0FndspQg/kN8LAqRx4kEjHFfNf7cdHHYsWeFfIWn11BvflbT76zLZr1niPlIlTZ0YbU9ipBn7fciY9/r16xtv8AcB25EkcPcdxA0iHIwy63bLiw0kAEc6caDHgncH9sPdG7XLz9k2u4RwOKiG7RkGr+A1LacyAONM+WL98JcC13ALO032y5fr9rtL9J9R7Wgl2Ca7XVZJEnaSWeWGk8s1gBfBWiABUY9esv359c+xd9ihs7W56djDMZGLRSSVYgLSqIAMgOOfnwxt/pd/bz9Ruz7i4v9wszLu0sKwhFmSMKqktUayGObGvL78a/yXa/HfLYdC+8uxNu+L7OXZ8c3sa2a231ViKdbEitIIrNe3XsKp96GZAk/bGCARj9h+pfb21SzJt+4aLC8Wk8TQP0nB4A6vWR7SDy4ZY9C7l+lXcu9m2bddnaTcNulE8EkdwgkjalCQF/LryzDDnxxoqfIHHKdeBnmuNHYDqwqT7G9QnDACx78ctS2tcT5+1GkBA+vVLN3p2k8zNJuUTECuVuQfdni4g7N73kiUrtcqwu1KfMrz92Ifa/JOghAajQivuZuxmmaAVVmIaXNtCZUjkZFBXwyD6Y6zm9/VbaduhjXYkuL66NSwK9GPgRqqa6yCQNIpka8sbHt/6Ody7s8zdzPHtVkoomgG5kOYy0rTRlU6zUfh54+e/98/yfLX+Jtvo5akk0fJ7z7lXbYpNXr3KVeLUwU4WnCyyBYZRIF8fXv1X/AEv3Deu7+7kN5JGtjHcm4aEqVKnSq5aiSRkMwaV5Vxofqztuw9ldiutuJpb6W0FskxRQCNTNmKZZk8c8+OPhR7sULRTpWlUoE/meQjlPgP5bliPNGAxg59e/X2Xqcyt6iQDlWn6hl92PgCRpEUxg0Ffw5cvt44+jn/x+a8NzDk3JjHI763XLScRsoBr2y3usth8iWZVdmI9CB36+df7gr512azsHWiTSVPhq8cfVf9rlo77tfbo5qIk6Xvx9fUvoykPM8cSNGkgHsMa4/h9p2OD4mEA/vbr4+lidZOmi11CmPtsSRijPkAc/PHrUlGWSOzEHnlhaeaqxlRFYyRJTyg+5XARmAz6ZP7+kUOi9NxQjLEikcnqXNDn7MM7W0qjYFJCYrUaMnuyuhCrYQTfy/tC+P5Uag/p09oLJpy0HDLyZ0IrThh/Lfre3FY8cSS2DHFG4SUCJwxNhQFLeXb6enTYWczMhABTMn/DDszoqKIzWQ/fiQ1kD25F9qMyIsgb7Sxe4xPiIUCR+ckrlsBVBIGT9OlkC09Px044hyz6E1MTXw8MXVoddUpolEx/1a48sTxCKQ0qaIY1inMrjynnaFmDeQysinAHr0whk1sFFRTj4YopL+Z2I4pidtRMqQ6oV7t1bsU6OKr1qIrLXq/y7k8crLeeS2B9hH2Z7+WemogAWl6kalTz4+/DJkacaTQePh7Mvbhrctpoq8NvazQCVEVa1aNWnsS22hMcfmCoV57UK+Eg/+xMQPr1zyiV38CMTLa1SX8mD+XX1HyrikrZsWKljbWa0VZbN5/bj8oTLV+6aMQu1d1niWFcKyqB92OukRwcuFP0/zxe0gt3ENfSFwoJbBzNFVRYPIRPO+P5hEaiWSJJpDalRVwQW+uf06Ybpq2qTJ/Dx88TAGb8qEViPEnkfD9WFK0shlDPKWh8JWy8bKYzjChFJHjKVGcHtjpp5Q1enkafZh5bZYvhADeOBjLO0kodyDJK8cqDy+4YC00UYJkxk/wCHr0IDn4kAXxrwwKekiN82JwWKaWzMlaJ55JnLBo40H/tjy8zIpwFUg4z3PfpyNzqKqc8NTTRReq4akQFfbixa3XzWUtvJFHJFBAxETSyxSKBhfGIwSoHlDDODk46MxhHAkYgkV936ZYo7vdOsK2fqFaVPI+Hs54nzrzFWZvC1C/4olgSNcz2q8ij8soH83oCsoH8zP3fXPRuyk9KLMjFHSeWYzXKhqmuZ4eFPHCbaNlp1ZWsmrQknRJLD2rDbCrBG/lLSlh8ovyBbJy8hAf8AQdRXv4VLwuKlePsxbRwNNUwqDKeHn7cBstwktm0uuif2T7UfvTMAZYq6GGKeGIAFBEXwG9cn9e/Udi0p0CpzqM6ZeX2jFhbbdJF+ZMKtTh4YrgFi6xSvHJL7I85iGLh/B2yZGkLMWLZPqM9OxRlFK+fjXFj1YhTWFqMv0zwVaomhawXEUkbl/bCrhR/+lP2kljj65HSHVrFCQPDCGcata0xAJiv+XLY9sGQwpE5OO6Zx65UBnbP7T0s6deSij8xT9uJwfpqXpUjl44wv51+Z6vxZwu7Is0UkhiUTVID5P4zFo3Rj3AlZmGT/AMucdbHsvtSXftwjg0roYgHwGY/SuWMP3r3ZD21tz38gLOmYB4DI4+Q039+XO9NtLE1RZmrWGeKWCOyqxT13b7i4YeFcwxKv3ePc9fVg+g2zvaASSJ1wPDhlj5Ouv7g91eZiluTETl7MS1b/AORTlFiOxBY1ss6ELIVlmkWYJCGUKrszfYyH9cHOeoj/AEC27JxOA2WeX3Z/dgIf7gb2I1MJL818P8sdi/2T/wBzG/8Anj5op178E4h4VxDk23qtMYp5IprdWGDyhvWzLCgr0Hcq/iW7Yz36+eP7iPp3Z9hdoxy2rhpLy8VXANAo1KSfLhj3f6DfUaX6hdwXFtex6Le0swVP73qFB/jjoX+2bkh1vI99cjg8pNTpddLFdslXSuOQ7HbwRXhYkl8nspW1xkBKBFP3E4UDryDv+zDbVG0j+mV5dRPikcfT+w+n3549z2mcS3HyDkqgVHqOLfmuAM/bjf8A+0nlGwr37stqyNhxytzrlaaHYGpftbbfJS5HsJpZYfeQWpXsXNhJLLPYKGQAEqBjrJd92wZ4XakN38lAZUFTRlQKoHtQKT/jgtoUS7WyjICeYUqP3zjpv5d+SOUUOc8uq1alnXJJa14qxSSwwmClreO6WOCzOYrccU73pS+YiJQAespaWdvJaQzM5BaMaxlnnKK5c/SOHhiTt0SdJiMyjEDyqeVeHPPHPOi5FZ3+6q8SvrYqrtLJWtd/MYQWb0lqK9Fri9dzAhliDBsjDCMZ6sdztRb2b3sKgui1cVpp4AcKUOYxaRHTKHND/wADjo/47hh4ryLkNmdqw2cGtl46t7Z+5Zqa+sly1s18bFlJ19lUvRR+0PFMQjAJGDmTru7WFGVhEanLxFRUmhJFDSnDyw9uJSXTQDRxyPu/T242zhHIp9/yuHX3Nfpr8upWvOdjpo6tG1HDLJAbQkFUR/kVr8fi7qxTxdELDOR0zuFnbRW1KSMWABAAWuflnT34pJ9Uds0sbEMagA0I5+37scP/APylc8TdfEM/xhoLckur5386fDnEZnWCaaK3Tr8g1e3twwX5Aq7Co34ZLV4wwz9zFs9eifRyzWPu0747HTY7Zezea6baWJaeNHKsMuIBxje5oimyWSSik11uFpCRQColuULgj+LSlT5cs8RfFdxe4nsaV3W1xVuVaj6ytbr0lkluJceubMjhPvNiRolEYZV9kdvr1nbuO2/NecuYWk0rTiCeYpzr4+zHq8w6qV/BXP3V/Tzx8q//AJKXk5f/AG9f3F8llt1Zbt3ZcV2X4rvKt9Kmg5ZodVZsSgs2Iz5oBE+TmTIPbr6R/t6EW3fUPt/b4+oFWO7QlvFoHdjzzOnhXHz/AP3HRs/0P3wH4F+WJ/8A9mKn3469s8f0+9+Nv7fNulhZ5U+HuO27rxU45EpzS3rLS1mVpBA4jrWIiv2sO4756wzTXUG8btayjTF8+wDfvLRQK+Y4e7PG62+OOextLt1H/wBjt2HHnChJy8ScH4/uHo3KVv2LECai9rbKfl1hUMFTXzWr1VlWixaxWmRmODG4JPf0GK7cLe3nrETUmE0qBwfJuHiBQ5ezGhspAIyxGQOXtPP7cTv933K+Vcop/Ksk9zX6u/sfg7nnPq82jOwSxQucd+KJ9ZwppbUqV1imig3VyVJEfzjtqWGEiTyT6bWtlZXm2EK8kMe8W8BWmRE14XkDVGYeLQp4/CPfk+7p2Tt/eYbdnV4tgv3BBzDfLSxEjzDBiPCvkMcm7Xlux+RP7CPg74lpN7+jT4Q41Tk02n1tWxseQ7q58fa96mrlRke9/wBRYqiFokA/JLg57degWltb7J9Z973xqtua7/cMHk+GNGuSuskcOmp9HLVTKgpjK21su6fRvaNsUf7a47VtkYUprIsXYITl8bIobxHPEr/8dXC+bco+A/7aqnHdVe3mu3fGNwm4khdtjRg1em2eyuS5rmxZijWnsYUgsJLAnjPOiIxMjDqR9cb3Z9v7335r9xDc/MgpQDUCYkoSaVBfJs6ZMOZxV/Qu+uF+nvbXSetr8gEZjTLTJICvClFNQOdBnj7dfDfxZr6t75Av7rR0Bfu6ClDr7EmsHnT29elZKtMrVbVvTpNXIZoZvdeJlxntjr5in3S5lghjjLtDU1GYqW+KpzYFhTnUZUpj3Xc7gEwsmVJaNTKo/UfDLjg/92ywaP48+JL/APWpOP0uPcg04t7ed0jpamo/5DR3L127FDHFqkmrxx2HC+QjkfHrgzNgjFzcSwQR9W56Pw5+ps6foOVcjiv2eWMX91JJShDEkcff+33Y5a+aPkO/LsPjnX8R31/UxR833FPa7jSbNVEsNXhu12cCNODFBPVksQAxPZij87XgyoSARe9q2US219JcRKsiQEhX+Et1YwaUpnQn3csHuwkRYRIHMcmZ00zFD8fHL2eWeIHffKu25/sKlDdbjerJx3gtSvtDb2yyVuTbzVcu29qtyKWolds7D+mXo4JXYK3uIfEBfHrSNZw7fC0tqsZllkBJXggKL6BWvP1HnU5Hlhrb4HhkfUUZSarp/CKcD51xYN9nZfEvN9ez7OWO3tuNW62vhv3kVWs7jQ//AGxpJAgMexaatLH/ACI2mjR/dOVGOo23hv6zblxRws//APQblw5cOVajHX6L10JAqQQfZQ5H9eJyxvdRDwNk1c9Gtr9fyO9Q1ev2krX9juhPaWerLsfxQliViLRjmhmii8JUIJ7Y6YSwmuNwXrnU5T1FPhQE1qf1UxWFpBOgJKEUIpwH68YBPtIP6v8AJOrkgqa7cTx6K9r9PaWGCSNq2822n31GjXldZomWX2mhjLE+DE9TpEnjXbbqM6rdlCOfABVYkDybP3nFvaz/ADAlV2JCE/ZTL/PHLlxd5YXnfEa+uspPZv6+G1ohPKi/kXN1qsPJUbMf5siEN5CRcIwH79dqt0a33GViSHNJPxCquP1AfpXEdRPPE8S+kKainuqfuxJ6bgH9B/u0+LdrzhrtKha0Oz1n9MtVpZIK/KouPbibWSxfdZib3KNmWX2k7fw/u6r7jdo7j6ebhY7Rq+YS4iYyZ1aOaaMODxyfTTxy5YG5sWj7kt7+R62phVdB4dRRLR/aoJHhnjqv5th2HMONX4eNtsN/wzg/Nq8PMJaUdZpWqVINZf1tm1BG8Cz0q9za+2waJwgT3pPEYIx/azRbXeot4yx7hd25aENmoqKDNuAFfaaYtL1zderSOjExY8R6VBJAp4EDDP4J+M+C734P2dzl+l1UnKOd89+QOYy37ux/J2yUJOebRtTYLe8Lg/G00EFeSRJT5FcsuFQmz3vetwte5E+TMq29pbwQKtQY2dLeBHpkTnJrbM51PuobGFFsXiuwHrd3MpOeavKwjBP8CKqjyHPPHNvFkpx8x+QZdHNs+Qa/TNw2ej+HrrlaB9bLt9pqtpr6/ignkhjrxNGksYb3JCCT3PWq7iaQbVtqXTJFNJLKpJ49URiQe4Bh7ziZ2rcRPut8iGumOKQ/6Wdk0+z0+3HRTvU0mpmtaqWOaxd9uhi2tOvaqflhr4j84Wfwh8429sSlW8kz69eSLcXV1OFulVIkPHiC3HUK148q49MjhReKjUCT7qmg+zHFNelJX/vP4ByXXTW7NXnfwzynic0HsyJHrdtxGlW2crNYCQxzQ3NVtq0y+YYwkY/Tr1uzmif6U3m1z0Say3q3nVsqyLcgx0rTICRZUJWhoBXz853G2mi+qlnfKa219tE0a+I+XZXb7VkiGf7gOO5vkfYC3qNFXdYodMKejmhFaiJ4LNazrEFi69mJVM21rKuUDMCUUgEdUf0tvrzbN+n3HbmaKZop4yV5x9WMaTWvEZcOHPD3fGybdvXbwsd1hjnja4rR6/EFahWhGY+zGaa7jOku+1LsI7NOJSJq24it3dhTvVUjEQa1QhsJYqTiJ0MuDMqSKR45B6+j4vqB3QFEcVwwhHGvS4/81D+zHzrefTbtCrOls7XWS0eV0+EUUKFDDSAKA1riG2XA4Ne1U0NM3II61idJ79C5Zv1HrtHJJG83509adJffKqyAFe+CO3VnH373HcKIjexKx5ER1HkSoI+84zx7G7MilX5vbyj8y9zOY/8Al9PD9uKnsBoaEUsdngOyW9BC0ksVjUW1jlV3tlv6fJULrcljeo8jdvIL5d8DqQvdHelRIm4zrGxyAatP+UkA+8jDy9i/Tl0662FvrXh+YlanLjpqPtGKZbsfFW3Upd4Lx/ZwCSCRaNmPVSl7conklj8ZWB9+1DEWVGy/ip7evV3B3d35DX5TdboNozomdKj91yf2YrL36a/Tq5Kxbnt1vKpb0h5FIBoeXCtOfMHFRtVfidQ4pfG2t1gqXDLNUbS6KWxLVEfl7HtSVCqs0nisfjgSE+I7jqyTvrvN4gsu43LP4lJD+tvuGKZ/o59PY5jcJtNkkEZ1EAxUIOQrVfHDhx8estKSpxapRNuxTjaevV1SvUdv5ktWf8Smr1rYlX2kQ+mcdz0id4d1k6WupWHDOOQ//wAWHf8A2q7IV+o1nbx8wVaMGhzHBfCmGtHkfDrNfY7QaC1U12mMrWk2dqrFUlevG8k9eFq7OswSOMEMoHkzAY79Jcb53MrR26XiNO5oKQtWvHx+/DsHYHZUhe+e0YW0I1NWfKg410gtQjwzwF3YfHt7ysjhrmvYrVbFV57FeSe5Ja9iRYasL1G8hB7wEzFgtceuenLbujuiAFJ7yQyjL+VT7Ksuf6U54hz/AE47PuAZYbG3KD1+uSRhST1JUNGQNKggUzoTnip7i38Z2K6ytxTiAX8upHa24rVbsFQw2Xjsa2Sd6348t6yQI8RpJIRhkBJ6nL3N3gcku9y1c1JEY0/vAKxr4VJriun+nfZIiV2stkUA01lJHQn9yqxikhGdPAjFPucX4vahk2F7h/FNfrKNJ7cmdPoYFsgxM0X5zTUvzXlHb+XGIT6e5456lx9578h+Whvr2S4bgGkaq+WRxBn+l3aRZpbnabGGzij6hPRFWXz1LXP2Vpg2pT48i1qbxuCcHraissjvYvcb1utjsJVrBLkgitUku2/CwpYSYRZSf5WQOo1zvXc8tz0Ytw3R71stHWcheZNK04A8cWFj2j2RBZHchs2wxbeoqG+UiAbl6iErzHDyw4g/7f1lGfaR8H4fFFZqfl6xbOn10ZsPI62XOv8AKqJPOKDxchy7eOfpnps7rc306Wwu9wZV/mN1Xqp9xHPE6HtzZrC0W6tNv2kM6VUm3i0sa1AX0fFSvHlXDezzypTjqQVeP66rNeits1bXU1hkoWkPu1CrzU6gEl32wqe4K6eL/asowekNi95JIZbi5MMZoC8jliONc24VrlhxLu3sxGLa2t1uJM2QQxqurhlpQDhTM/biebkt6lVn5HsKuv01l0j2ezKK1iOjTrwRlIZIUovHLKwbwZkRckf49VUYWaYWNqssiHgakj9dcXb2z29o253fQhaOkjrpWuk5aeHlX345l+S9Hu+Y0V5/oOW8l4ptmFn3dNf2u1p0I9bHI7JsLcVSRnry7OunmIy7+2XQNnPXpnbW/Wu03I2HcrW2uo1YBZFQMTU04sCR7jjxrvbtDcu47UdybJuN5t9xpLNE8rqgAFfUqkAiniMcP3PlTm9nWyaeXlW1t0EnsGMSX7zwkBikqQWmdLHtSMfLx8vE4zjt17xF25sMVx85DZQpM4FDoUUBoaZDxx8zSd2d1tYmwub+6nhZyQeoxjIUlaDnXPkcUOzya5sXEt2RrUqRxxI1qe3NKkEORFGryzswhQlsD/myfXq7WyhjXTEiKpzyAGfuocZma9muqi8aViDzdjw9p/yxGS7dnR1RK6Lkg+JdVUFvI4VnPqwzk9wepiIFHAVpStBmPb/niK8lWOgkKeVT+w4jZdlMGVjjP1YxnOSAo8mJOftx69OoqgFgFqBxoB+zAUqpB+/P7jUYaWL5jH3GF1IbxUohUeWScRkeAJJ/TpyMknjn7ThlgFoVCf8ApX/DDb+ps8bMfaDY8Sf4W8ewIDKRlAPp379dISrVGZI9v664JCdJGQB40y/VQYeaupyHeyGvotRf3EzTJF7VCk9thJKxwjGOM14iT6F8Hqtvt0sdtj6t9NFAp5yAU93DFltWy7jusvR2u0uLtxyj4j9ZP2Y6C4Z8B8yTkfFLHJbOtr0U3epubzUxym9LDq4bCS7LX25K8awDZbCojRxV095m8sSMvXmncX1K2ubaL6Ha1ka5Nu4RqAMHIoJIyB/KXiD4gY9m7S+jm8W2/bdd720ZtVu4nngzKdJWBaOStdM7gaTDXgSQQRj6Gx7utU2WzMdl46/IH180GqktQx6nj9TXQyat6GtjhIqV609REf2ISGWVSpOT18xybfMbJAq65bd5BqObXDO0chkc8ag14U48MfZ0W7QW93M0Kusd6sTrEckhVIBbtGgFKAiIv7VxDjeVtdpoeOaZbElCKa557e9m178dm3sr9yNpGl8T+P7siHtmCIjJPUmXbpp7p764NLhiAV8PSKfd9mKz+s9K0j2zawX26MnTNzYVJb7DUcOWKHtb9bd1uV6Y66GPV7eO2bkEMLlbb7BDE4sZ81InomNwV8SVRTGCSerqztHtZra+Z63kS1X+DM8BwPvBxnNxuYNzgvtpEdNvmWripo5oBU518siPZiJ5Rq5tpHxuOGGlRqcXoT8erRpRkmsxaySSi9iCqi+VX8b26GHlkKtKxzhQXJm7ZfQ2BnLHXcXMnXFRxPCvlkeHDyw3vVjcX0drPEsUMdnALb08RGCDpAJOVRzqfPEpodrZ1v4UFSO+9Wh/0VeP8WD3LsMs1ma9E4lcSlp2teTM+HI9cfYTX31tbSapZgNbGp50+/E7a9wurYJFGWVFXSAKDmTThTiSffx4YlTPubdmSxJO0EVf3UsQTIji01tREWP3mKMqUx2bIK9h0xE23W6KBSSQZgn8Plh5kvbmYvIzRw+HieZ/TLEbPZh03ELOl1bwpPd3tSKB2sGwwv2NnTkWQzSRMYYpvvhwh9wKxwPr0+Opebst5efyI46+w9JjXKnMA4iMttabU1raufmZZTn4jqqDx8iR7MRb7aeXa03txPMlGfYQLWpRtJVstK7Q1HkaRQI118nmRB28skHPbpTbxm3ZYgKcdWeR8cNxTPJcJLOaIn5TDkTi1cb2Gw1u2ubSKx7VOZIazeSRRu4m85dhTsQMJJFNyrMntsgBgMYz2z1B3SOBrZbdAGcDnyy4/bix2o3kW4yzVKW4ag8+en2c/diavblNlevvt7008aW45NXE1bXpOlGONGLWJo/ArYqSwqvmmfNTnPdh1DjjFvDGYBUBaN7anI+6mJss3zkzGdvUrekV5U4/bis7Ke5SWxNUliqgyVZVdWQlJPCFllcsiROi+ZBI9fr1JjEE8qdXmMx4ftxFaT5eKRBWMV4jngsm1r2SHl2Nf3kJZXSUITkHyWdEf+U5HfP16ZENyzadPHAl4G9auQgwoLi2q5X8ySxHKEPuTR+6IwkgxJXkI+xFbtls+vTqxSL6NOlvEVz8sNy3EWhnZ2c0pmS1M+IBy+734Y+5R9r8iK/G2JATUuqsbTESPF7tRn8Y5j7gb0Oc57dTNV5To6AI2GZ4mntOeIRa0mUSpOqyL6qMKHhyI+zETeuVFhM0wnrn7kJnjnjhZCSrzuHBLxEDBLdzj9MdSIbe5d2iBLD28cvuxGlv7QqJHbVlx4j3Hj9pw0b+3T5Yr1vcl0OvnVvKRhU2NKSTyRo/c8UhhSUtB7gZgCCB19ERfXv6bGYQRz3KknMm3koPbqcr9oOPiEf23/Va2hJvLK3eUrkouYg5FcqKsayfcp86YZX/AIq59oVgXdaf+mRuZAs3vPKDHH4o1qf8dJzXrSSOo8nCDzIA7kDqfbfVnsfcHZtvuJbh6GqrAtWAzIFaZ8+PLDE30V75sdAv7OOFGNCWuX5jyH2eGHun+OOZbG3JWrbPj1WxUkkiaHYclpQWMwqsshihnRpyio4OQCBgn6Hpmf6vdlW1utyVvOk4OS2zEChIIOhwKinMcPLEux+iX1Bubporb+mrEp9PVul1HKuXUjZqeYNK1yzOL9/9w75McwxT8k4vrGuRyTVxNy6vE1lKyxu0sciwxI0YWQHPl44IOes1L9cfpyJNcEF/KEPqK2+Y8iCxce/GxH9vP1OuYVt7m72u3nlFUrdUB5ekgBaZcqDD1f7cfk7/AIuScUfwYKQd/fPkxHl4rNJTCl1XuwBJX0OOmG/uK+nMY0fL7qAxpnboufHmwxOtf7VvqjPVjdbQ2k0OmeQ508hQYNP/AG4/I9eH8m5vuK1YFnhg9+zubggkedgkbq6a6UyB27fQY7kgdFD/AHFfTuSU2tvb7pJJp1AC3Qmo/wDwqcq8z7MSG/tb+p8Nl83Pc7TFAGoWa4kACk0FT025kDh78WMf2z/IdZYoE5hxEC4Swq19ts09wqAIrDBoIY/GKY4LEqM9uq0/3Mdjs+kWG7mhoG6cEfDiNLSuT7agcqc8WQ/tG+pMbdGS/wBmVyR6GeeQkkAgh1jVaEU4V9vIRK/2876o9e5tuZVErGeRdlPpNNtuR2aAGPbeWnFIXn9x89kQuPqOj/8A3ku2ZBo27bb5rgj09aaKMMPEVXSPD4sR/wD90LvSEiW83SwihSTXJ0YJrrQPHpsBp9gqfLAV/hynK06v8qcQ1YqAZsbzScj16PC03sRTyxzQPsYqsEg8SZqsX3Y7Y79OL/cBtYmSX+i7g+sVPTlgmalDwRX9XsqPHAt/a9vcSS6t925CuamSG4hUGoNGcpVcq508sPtf/b1z2/VvbLRpx3mFCvPZhgt8T3eu262TX/jtmKKwLdeGR1x96rhiAcdS5f7hewo5IrXcP6hZShKss8QiAzGRcFgfZXzxS2/9sH1Plhn3LbW27cIBPUPBI0r6ApJIQ6WFKcaeXPFZs8C3eibPLKG+4xC4ZDNsuF7N5FmMa5irQUJ3ksT+WfGMfxeo7nHUtPrR29cEvt0cdxHSoaO4iTLwYOC2r20yIyxWTfRTvDbjq3J5baR/+5byS5GhFGjcAChGXxfqxOa7iPHrOivb6T5P1dOvXeClLa3Wr3nGoK7SzKjVthZ2Y9yvMcffXnCMRjGR1EvvrLOl+m3RbNdTzSAEIk8TsR4gKhqv8XDzyxLtfoHLc7fLub73aQwQtSSV7eWNEb+MvIoQZ8WoPPFp0Pwt/wB1VFk4b8r8Y5NNIbTyVOO8g00c9WrUZxYXYUbNqe+1uRkKxCKH219SwHfqtvfrqNvBO79uXNuoH/UabT4Dgnq9gOLLb/7cb3ddUuz91WN2/wCMQRwFqHPI6iAfbi/6v+3yrZqxG/uOcf1J2lrvaa5pbemhihaH2Jr8+pknswxzM32AEOfbIDK2Acff/wBxN/Ex6VptUdkSCEf5gOc/MKPv93PG72n+1WO5p1bvdpr4A1aluYK0/wCoF1MF800mvOmRe6T4c+PNxrblTW/KW6TeaSZ9dyCYV9etDX72lM/vm1QuU6211lOxG6+1LOWSZssHYk9Be/Xruu3kF1c7Rt0u3ygNGF6rHTwB9LnmDkQD5YWy/tq7MuNVmN23Fdxt2KSheiqI/HSmuMMVAIILFjUnPhTF+ecn+Gfinc2NXyfac/5LUaoj1L+j22urXl2RY/lQnXJRNc0ZAR4yq5PWp2Hv76id22YvNph2q1dJKgTQTFQOGRLVI9oxme5fpT9Nuy7r5TuG73a8h0a9UNxCGeTwKhaBqU4GmXGuMJ5d/cd8aRRyHgfFObWvtdfd5TyCVVA8TiaSvTSP33VvoHHW12yb6g3MhbeZ9sT/AOhDT7DyOMDu9l9LOmv9Ds92LjMde4ioD56V1U/0mvClMZrT/uN+QFdW0+5/C9yw7xRHXtZXHgngqizLMzBSv8RXPb9vV+be4nUJdeplNdVOOMlbwxwMTaq0aasgZjJ4fhIFPb7ueHE/9139wFORkqfJO61n2SqI9dr9XFDCW9rEqQT64xLZwCPc8GfxAGewHVdLYbfJN+ZCrIBQ18cXSb1vMJynZWHCnIf44qe9+fPl/lBjXefKvyLsV9zyMR5TsadaX3D97PU1VmhXGMejRLj9OnRtm1Qxs1vFGrnlU/4Ybfet6uRS4uZWY+FMVqbn3NrdcUrXNOaz6+OfMNKblvILEbS+48okhj/PQCUWZWJ7+h675GxT81Yow/OgNR4eWEa5unjDSyzG3YcDOzg/8lKt58hx4DDLQ6vknNuQU9Fo6Gy5LvdpKK9ahCs2xtsZG8BNNYnFj2K9eYgzTSyKkYByckAjud/smz7edx3SVIrOMamLH0ZA+l6c/wB1firQ0oCcS9m2fcd+3UbDs1vLeX866RBGKmQMQAepwSNWILSAnIaedMfW/wCH/i3kvAfjGnxrktuKXkNS5ttqtbQ2fztdphatfkx1PcYo1iSoC4eSH6vgFgOvg36jd37N3X3dJveyJIlgbeKPXJ8UrolCx9mSjyXH6d/ST6e9xdh9iw9t9xSWp3ZLiaVktxWKJXaqorGhfLNmIrUkUxNyaSxP8l6fkcMs/wD23ruCcjq2pWkHtxWdpbpJWjljEimaMOrCTC5+3Hcg9Z4XscPbM1gRpvnu4XA5sqmrMOVBXPOvtxp59quJu67TckkB26GymRx/G0ikDkakAn3Yh/jz4m1tblkHI9273L1PWtx7SzSebGGDd0tTr9paMjM0kVizFrRCqJnxiby7EdTd37unn23+m2gUQyyapFbIDoySyR1/1GQ0HPgaVxWbL2TZQbsu+X2qS7t4DDEyippLHFHOyg0+MxBhwoBXljTPkH4oscNiobyxFLc45Fba1X2F2FdjJxm9blWBddyatVDS7HW2ZppPDYwDzqeGZVbqDsW/jdJDZo2jcpARpyVCozJUH0x0p/KrSQZVzxM3naZNuj+bvlElrCwZZaa2jJyUOozmVq6XlpWEHWAQtcRdfUw3Nc92vrFQ1JvOSpPcCy07tWQLHJXtws62ROJjNTtF1DxNgEeTKouzo6hm1ROSBxqaGhyOY4ZKclHpBIAOLBWtpbQswpcJTUxYHiAR6ifWvJH5rQ8cTz843vHtNrrWwgt7vWybMxbbb6cJc2vFaU8UkFPZWafgDc4/Cavla9oPag90+MbBQTYWFvabjcPZswhuUTUhbLrD/sqeGrjxIHnitv8AcLnZ7OK6SNrm1a40yKlD0CR+VOf4FP8AOpU0pQHGhaWGbbRx8p0BWaC8IQ9xLEFrSck189c2KKCzE8op2Zqx81DDyZPp36buITak7bfIiOj6Ah9Lxtx4GhOQOYqPPBxX6TyC/sZFPoXNfUssL/C4K1GkmlCSPOmLtVp344YnarIgjZoz7tqF/bX3GQB5BC6e5HIpjJyAQq4PVY8WsMkVBQYuo9xdfRPw4cef/CuDx1B788laXYRmVVSRkRiknkCY5IwUUSBGz6A/p00UfQBOFZFHPjiQ0keU0ZFTlxHt/VgaNlk8WqbaHzWVkST2WeWJVbwklllUhYSJTgqRkdC8bBjqiKV5ZUHszx0MsFwKaw8Z5A/pzwq3I7UUUsUvIWkGfGMvYsRpNLYiCZV28kAJz6/XptrVmfKFio4/4+WOjW2Q6GZS55V/Qffh1NvJS0kb7OuYzL5xPN+RCH8CzQtGstcLL5uMArknpFgCsCsbVFf1YLXZ0KhkVmGWdKgHxx8iP74/km/teea3jsW9llq6fXrJYqQyBkh2Erv4oyMqMDEQP16+ufoNsMdv29NujQj5uViELcSuleHlWuPhj+5ruOe+7gg2O1mItkjDOF5NrcZg0NaAe6hxxFHs7kpeQyFj4l2ZljQA9/uIwfHJ749e/XvCwqFEbEdZuQqQfZTh76Y+YYagSSuToqPUcif8fdj7Qf2cwxaz4lqzI1KGzuZDevWF8PcshCWCs8UUceQVHbOevi3603c9x3e0MnqtokoqcNLeHt+3H6M/QPbbe0+n8RRYhNPIZXcc/Z/wx17/AFCwoJlt1y1uNJniht+ck6v/AO0xP/uJ5L6KRn/Lrx+nLRTHt6mExhWoYjn5U8cSQm26qWot5TReQSL8ieV1R1UL7UcUUoaRnOOmisUjaWXL3/4YU3MNsmlSFi5Z/wCeG7PfsSslqRZbMvtrJVEctm0ojOJFhiSJJ4/aK/eBll9TjI6UoiCiLRR+Lljhd292o0upHHjT/PFo13Hr8FiI7aaTj9c5kSw0MzWJI5T/ACmjieR0MPljKsAP16YM0cpqra2PMVyH2fqxCu720t01RU1EZGvPGs1djruPRQWmsV1aBnKX7M8fusIoZJGlhSNI/usyAYA8IIlypPfpv+ntJqhhWoah5eI8fLGfut2NdV3IoHJc6+3Kv68L6+RrFuvYhexPMaPt+29eCtWmFl1MLQIZPZ8/a7xhDIWOW8sHpu7t3i1l21KCAPIUGWFt7+CVgIY+Irq+7ni4WJ11ye7drQ0rEwnSOCe6rSy00rrlvFXMkS5U5LtgHPfqtSISrp5CuJInEkqiM6suP6DGDci5JLbaYUTZvwPZk/JNmN5bBkgwntytCy1jgOCCmPTIJ6mxxRA6WUg6hxxpoFLRHXUSUyHngtbl12lrtTbgr1aFrXyLLQh/HaWtFIsqBLOxjmkcXrc/ugr5AeIJPqOhaGBrmSprGzfszP7MOxW0krZGi+Pj5Yhn5RbszI9isZPYDRSyhbcUis6y4VJQXrqldpM+KDAyMA9I1lbqNMRyp+n6fdiYJJoQY1K8fL9XHFkp760Uhr1dTcmksCKETv8Aznh8lAHtxt4Geb7cxsQFJPfHURrFGYvIVBXhU8sDLOdNZiCDyHL7cX+lQqW6VaeHZ25Ub8hJvCKKV48H3mry+H8oLBK5R0j7dyc4HTdEDtGy6UANDlxxVz7jdadcbgDkR44uDw1JGraupqWepPYBFlVM9RWjjWSQ2H96JWDpGVjALDB9OoymKBWcUDV91fHFUS80lWkYucmrmAPKnnTFg/Or66k8UEMUNdlkDNNVZklSJzImQS3lGjN4hMkAjOe/TTxvdtqkYOpFaDy/T34fgRIdVMlAoT50xHXZrdXFiP8AFkieNWNyxZ85WacorRGL+GGopcL4nuOkDLoIYBVXLPl9n+eCg/NZWTMDw9/v+3FJnv3bNwwGZrgjXCKfCYSE/wDtRhMspMIiGfpk9RnFAaRmoxp7VYkt1+ZYLnX9KYdohrtGHqxGT2nEkcchjdAylS00Yb2ZYwT3UdwcdCnUDfDTLPhwwsnSmARGBA4U+zFn112/Y1MyVzWqtPGaaSSItcCtFFKbLjOCfcQhIyf4AXYdz0qqjSgj4QKk8PV/j7sVM/QgbTSrk8B48MQiRUVSWq1SWtZD2lmEdORq8gBj8B5ZHtRQAZB9GXv6nHUtrmRTpI1KeAHP2ez78AQ9NTKVPgccCf3Z/JVr431k9jUSEMjMkjfkP7jB0845WySAjYxk9xnr2D6Ydqw9yXSxzcScxXlQ48y+pXfe49tbV1rdwGK1rnlwx8bPlj+4nmfNas0diQQRSKySrXl95JofZETH8pl+1/v7genX15259Oti7fZTCPztNa+dRlj4v7q+qm/dyAi6kGliRnzHCv344+v3xFHhIHIbJJWQMGLHyYmQ/wAZAPqevSAoU/448vN3GWIB9ZJ4YiW2JgZVFQymT3VKvKvnhQGSOQsP/aYnt365iJABX04baRqmqivtx9Vv/iusT2Of/L8NDxqX0+I+XQQW/cebwl3MOp1FGCKNe7mOw8xX/wCmIzjr4/8A7uKwbFsjysNP9ViJ/wCSeSXw9n24+xf7Q2Sbet1tiuqWS1y/0lo8/uI8cfVb+2/Xx2+R/Kba2rMyV95odTRryLlLMHFuMRrXrP5hXme7fvSMyZI8nXGTjr5A73uIILDbILmnQkt7idwanSZZ2YseP7jCg8OGPsnZAJNy3KRSKRTwRx/xL06kj2Er9uNl/tg1v9B+OaMPLJb2n5BW5ByzcNbfxk2udrvLCvCv45lmE9ux4OPdUxBFfsOxNJ37cLc70y2RjltRbQAHOtOmAaZDn4+eO7et7u22np3BpMZ5qg8vzGoPDhnx8MbXsJq+35DvbRqu0/joJa9nZ1YJZitnVGu1cwzGWZa8Q1ZMXi4BLfT0GKt4PlrSLpoaIbgcOBLxsQOPBTXFxGtFaJyDqBJ9njiN0Glp1eTVt7tdxpdV/QrdmKSv4mK1JnVy3q0CVZI/ydls7a+ZAEcUdaKMKvnnIm7ndn5FoIUqHyqBTjSv3YdtXMhWgNeP2cfs+/DWzzfYjjV3aJLJRh3ouXJq1tfcT8drc4WxZg8Eb8maqiuEByo+0evTlntUAkh05pEPQfaeJwdyHaWjLQDGjfCu+pCuIp6L6ldXcXWmVLlA3NzLcpy7iRjNGTfWUVoFPhIGiji8V/iyOq7fLe4hu9OvUrZinv8AeeHs5YjHVQ6TXn7uGOZ/7hWo/Jn9w39tXxxrqsyUKfztq9zNDBJY9wDjXBOW8h2k0s86ushp0KYTzESrmwuM+vW07LZdl7a7g3x83XZ3AHMma4ghj8z1JFEa/wASGtBQ4yvcXy73WzREUuTvMRB8VSG4Zz7FXUx8mGOwOUcZ03EuOc85VpaMM9vjfHN1cgWa7+TBW2OrUmstx4q7e3YW0ySzIT5gRkYz2684s5V3CW3tLhSI5ZABx4j1GlMuVc6VpTGomuZFiBkf0HxrQ1OPntY+LOC8+4v8m8L+RONWOY8V5P8AFe52ezqnYX9Pc2ut1uwS9r7Ee0p1mu0p72zp/ke+isUkVD4kHB9PtO4d52HfNt3fYJhHultfDRqFVZTE4YsOelSzaa0amknEbubY9r7i2C62PfIzLtVxDpmirSqVBJNCDVCBIun1alXSQccz/wBvW65xxT4bg49u/kOpzzjnw1z7kvxJQ47y+lBp+Wf0Dh3M9nQ041vKq5ldL2x0FeB/xL0bwrLH7cM9VW69O7zuNv3buhdy2+xewuty2+2v2kT823/PgWSVXhqvqSQsOtGVk0gD1gAY837DsNz2TYG224vGv49tv7uwpKdEhW0maGFy41AkwLHqRw0ZYEjQSTj6BycKr8j4tu/lDjsVUvR+LtXvIePbivs68tijDtNhIfGxUtVnS+lYh5K80TxReJUOwGT47PePZ3kOx3+tle9origSpo1F004gg0plwJrj0KElkW4UqZK/hXSPsPCnDjmcxkRjlT5z+QdTqPhv+57nm3vTUo+Mf226jg+p84TYn2PMN98ebux78EjkmbXzXeVVImUAopqg58PEdbfs7Yri/wC5u3dlhq5uO4HuXFckhW5hBjbkfRbqQczTGL763Rtt7T7p3Z6KbTaWjWvg8EzKeHN7kimKT8S65+Hch+IhQrTpx34u1vBptihNeXWSXvjb434s+0jk2AcpHBsNhSuRhvIBm8o27ZHVhv8ANJucu6RyvGu67k90Y2Fahrq6laNSKVPQDxlqcnFCRWkntjak2rtrb9suc7a1t1iNeSRQlY2PgDRvZTOmLj/8V+w5DqeGfNOlENXjPFfi3+5j5a4zpdG1RpuW6vVfIv8ATOVaTW1dQZaJi1T0JTKlmUz+6rsIE+3yNl9fra2vd02m+Yme9v8At2zlZ19aSPFG0UjV5U6RrU1GQ40BwH0Hhl2nbt87cmBBse472FY2FCiM4ljGf76vrSldSksCQDT7Fc85VoNvWtWrHLeYcW20NLSvPyDX6u1Qr0j5TDZWbMcbFbf9Xh0qVA6QyzrWlb+bESCfAbW3uIptZhtzDQalAP5hI/LYHgenSuXEHLHtdt1E9KJFJb1NPGlajiPEnwplxxzV8tpueacL+Sa265XT+QDJx2x4ySiOvqibt1q0cepqTJiCvUWy0sYRvNRGSSXC9WlnNHY30N5BHHbvG2pmaoKgA1IBryyA88T7aGGSFLbQUhkNCOdPP30xzRxXcDcD4v5glPcXLWt5Fc0HIbE+srGrtKmk13KY5totTVmKvp6Oym1Esf3gq4mXzBZctpHt0SS/26GRCny0bxrl6A7I4j5ZlW1c8gSfOLesT8ujGkDzOqnzQFW+xiPecssanbucW3sWyuwaXW8b3erC1LcFSrbhM1Ld7e20Uk07WHhuxVvxZGjceOJcKFCqOmG+YglhjOl7ZmB1DhXSBoOdailfeMHt6CG4EKmtFP6ziRN3aarhO0Og0UNueB+KbSTaG/ajsflaLlMexk0kcFRZabULeuhDFppIpIwp8WKkqUsYra7v0M7tRusKA8zEyhQPBjlU0+zEW/o15HU0GY4YiuPwbVeD8pi3Oksarcbjdcns3J2SZ7tmS3ZO5sRVAzRyErHMjsXVpPTJZh2sJ3Mt3E9lKDbJEyIBWoUg5+zlz44rpAqzBIzVQPs5Y57227hrfLkya4ae7sZdTs5f+54IU2tasKux1p2xp0NxXsC3sXaWVFaWMrFlSMN3Ft8u9xscZuVK25kEfTI+JmqBSopVuAribayLDN0kRgSta+/h+rGV2t/uoub8o28G0s3LtvaWJ5bUCU9fdtT0rVR6k08c6fgVBAlSN3c5TCkjxyB1Oe0huNvii0J0iQqaviFSQF97A+/E2BgjPJUBVNSM+eINNtyLnXyV8VQ6yS5tLn/e3ItgGv7qvHGmr2XHb1R4ddyFnIrrWggWWKaJRJE0jxLkMOjtrey2bbdyefQkbQwgdM+uqThiG8wBUk5AYTdHkuprF7dCDBLLWgy0zwyozeYBKinicdVne804Dx/50smSU6PQfFm82kn5ewhSxBurui32vgiUJWr2/LYusUTrKGHkFJbAPWRMe07vuO0WsKt85LeJqahNVjdTIagU9NDUEivKuEvJ2sbG7upiNEVvIyD95wjaFA5Fn0qOWfHicZF/a9q+U70cQoV9hr/+3G4fOK1qWpHeata2NSlq7EEHtstlK4v25CPc8UcRMsRUkHrT94XW22fWlZK3aXCrTyLPT3EUzrin22KWezVENLcRLnwzZUdh7Q5cHzGM11EnIuC883Wpl3M8dSXSwWLlyqZZKG01mj5OI7FbxmuzvBVeKESFC4mi7jIyCbrdItv3fZVnMUbSCdU0EivUESuOdOAr7jh7ZJpLTfnspAel8vr1U4esqf1jx446C2Or/rXEtnuYrlynS4zPsa+z2UclL8SP+nQ2LENzZUFRobiiQKsEat7hJHuMxPXk9rNJbX6wTRwySyZgCtDzHL2ccei3QZoKq+iVsxXiSMj7MZDqI4OVfKnwp8j2q26jPF9XzXhDNFJQ1UU3Hb3G2SLYNA0ft13g2WpLFZWb+SVPl1rWMtp2vuWwViWS5uLa51AioeKcsQPMLx5EHjilu9oSTfbDdYsmt1nUjyuIl1n3MoHlTG1c3rbuLWaLju4jqU9ZW4/prOj/AD5IopJjNC5WJ5ImjuxyzyTN+I38IcOcdh0n09mjffmuYhpllWUyrzADqQ58iBln7sRu7ZYo9kLsNRa4AWn7xrTj4jGWi0seqeajtUGGllNSKH2Z6ctKZUsRzSxgJZmDxktIO7/xd/Xr2aOAvWmak1GVag51x5o95bXKkyHIHTz4jiPca4c0eeWKlh0mQuJaUZj98zEmC1JZZJhIvbyk9w4Pp6DOei+V1DWM1OQ9vhirvrGGeMm2kClRU1PAe+mJDXcuuLbtau9q72z0FieePT8p1dr2rOvVcWEi2RrhJhYqiZk91Uk+6MDJDnqxGoaXjZRcD8B4+/l9+MdfdvtOeoka6CtSV40HMVp9mHl/V8b39KvYk2dC3cQQWGTa6qtZngmNcRPJYtV4q0qtAkTGSVZHIMgz45x1Kg3i5t5qyRKOVV4+/FMNikkQuk8ioDTPx5DLFTucF1yzQzDW8ds1ZwIhF76V6lSJmkaGOcbCy8bmWPLh2Oc+GD+lvFvyMtJKoNdRUNQ5ADMinLFfPtF9HMV6srALQkaTQ55HM0NKZUxUYOKVdNNNVraPbWl2MNpkQSNvYkNa63hZikGY02Czu0kjqrS+CjBIA6s5L62vQNUipMsnnwoM/DEOGLdbKpijlmDcfSa+/LFZm4/oaw996EyJtIFjTWPtdhT1rSLGZXsS0ZwY4b83iHZgCMqMKe3VikryZCUdJeBWJVb3NqqPbThiM+5NbOZJI9SyZFWGTe32HP2jFZ2/GYrmml11Lk1+BLc9a1Ykjvg3681OZZGoa6zNT9ylXsIClgRQ+UwOfMYPUqGZluxPNFGWCkUHwEfvePU91KVwzcXZltDZSTzdNm1GQZyqBmEXl060r4DFf2mnv2oNrCu3o0jsVt14bmtBp7HU1LXswTy6ixXeUfniCE+E0je4ruSviera1lsoTHdyrK5QkrE9Omztl+Z/ABQinOuIF9vO7SQyxhbaETBVYr1NaKoyeDSQC5/FWmdeVMJ16m+NdYYLWsf32eRRtSskuJIIofw3r3Flr32ikQPGk4IfBYjJ6Zlh2aKYzv8AMdQR/gHoqcyF8hWg8hhyHuHuEwi2U2rs0lakkMQBSp1VNTTOp44rXHuHbXUReWzubDd2dTauXX2O9kfaWhe2Huma1HWfygYSKyxKIl9mKMKE9rqxv22u7kPyrC2SUUKrXSeYBNPEYp9tvd726NXu0e5mtzqWRpizKZv5tFpmV4EeeWILkM0PILtjW7fX8sj/AAY7NKntNReo15PxdvCsEtRYTTTYamytYyqT7gIjY+MjdSrGwG32/Ut5ourL62BP4k9SrzzJApk3swO79yjeHkhvIphapE0QZAwdlddJ0aSjHidQ1p6dWfIwM+j2677X7LRVpJm1Wtj4zq4t5vAdTqtSqezaaDUV4aNW1t7KRKrWbVm3LJ28XjwOpLxWHybWl7KsNu79VjDGvWaVwKf7iuoRxvUtFpAqSw+LFQ193A26x3232vUmht44Ilnc/KxwRrRlS3VKmSUf9WR5HDektpUDFu2KvQ1MC8y2WnptejYwa19xJWvTVoEMwpQ6iuZLOylRFJ8aoml+nmT1AsrC2urpn2qKctGaGTTpQnmxY0VdRqfUw41xb3/cm72ttHH3BLbpC+SpGS0vAsF001tpXwUigpxxSZW4/NHuPw6e422uvUIar3X2kkFinXsSmL8TaanZLRspE8cuIKyESEkHHbqyEDw3EQWWKO5WQECuo5cKlNQ+/FU9zeXkFwyR3Bt5ojqMs0YVlPGqMiOa8KDPhjnLkn9tPHLUs8/H25DVrSeUdSKGhW2mtj2ETNGmv2Mz7upZoXJJiR7aROq4yzfQ+oWf1JktAy3z2zzqQKGuorwLKKcc+WePHNy+j1zdMsu2C8jtJAxQDSYogAWMbHVkWYBq8MjnjC9f8W8Y2WwbjVrl1BOZy7G/qa3D9Lo9tyG6XqSRxxNsL1A16MPuBWxklIfAtI6gEjWXnd97ZxPf21hM2yJGH68kqRKa/gRXUu2fICtTw5nz3b+w7fcbiOwvN3iHcTylPlI4pJgAv/UlMZCLQfES1AoBJGLZuv7XeQw69dtxKSjzOB5Za3s1pYdFPYtRSe1PV1a7OeQbKxFPmMNGwSUg+2zevVJZfV7ZZLt7Le7Weym06hqrcCNac40WqgjOmkca0xqdy+hPcsO3Dddgv7Xcbdm0t0qW0hYGhEEtwzRsvEGmRINDjAuQ8P5Xxl3i23BN9qp6xHuPstbdWtGSWVQ1r8b8NwxBx4yH9R16Habzt24xf7KeKQEZeoKTzyV9LH7MeSbvsG9bQf8A7yhlhpx1CozyFSKqM+dRii2qe1vNE6ad0UzR1FWrVYRPakV2ihDMmJZJApIVck4J9OpH9TtoY6ySxqtCak0qo51OI9vtW53I1R207JrCBhG5XWfwg0oTSpyPDG0cM+GoIYoN5zu22ohSSk0WqtKILM8k8/lFCazhXmSSKFsIoZ8qcrjB68w3v6hyzObLttRLMTTqIQwUVz1AE6Rzq1B549q7X+ltpAo3Lu2sQXMRSDQWyB9NcmPkKk46Y4hV8IIqOshpcG4tcUStV0tSlR5VydqMwaJNnsfH8uGhC591YVHuhe5IyB15hvt1cO/Xvmkvt5jOTSClrbjxjX4ZZvMkDHuXbcMMCfJWHR23txh1CLekV5O/Ck1zxEWX8jhzrnjWnv1KB13435FKrPLUSrLDAtQ3tldlREhr3pERb+yvse/kzzt6D16x0Nrf37dQgyTD4ytD0x4yUJ0DzfSK0GPQ573a7bQ0bLBbs3o1ZFz4IDm58lBPPFlXi28/DmVuIbCImaRY5L6x0JTZkVPJj+XYjSDwdT5KB6At6AnqN1IxKKyfmq1CAGanmSART7sDOrSRF2iPSI+JiqinvIp78Rkc1GoI6werO2ugW5Papgywxy2YyIES1CWSxFJIpTzXI88qT26fltLwsJM+kzeYBHjU5D3nEL+p7ekYjhZTKi+NcvEeIrzWoxBm3vYHRxp52EkrKyOs6WFgjCyo9aAH8qScySrIAELeI9OnhYwv/KkXR41FB41atPvxGfdGjqWjbqVzBBBP+lcmb2qDhOxFzm1UgmXQbGsk+xqVaqXEloz3zPjyjSGVTc9sOS7WZYkRFbGfLt07FZ7Wk+l7pGk0a2Irkg4MMqHOgoKnywxcX28SWySJZSiMyaFDKRVqGqsOKZVNX0jzrTA6bj/LJYrUk9zjtFeOi9ekqNs4ZI5oqkjNsDPZnatCxowPllWSRnX7zjxx1LmG2EpbAzNc3TcVBJBAy9IqTlXIVpiq287tIktxSIWdmrMVOVVGbGpoKDifAZ4Yct2qca0VHlXJOWanQafe05f6dX071Lmz2Es0sf8AT01sNmT2X2Erw+aI59kQAtkMwyW0bTZbtcvtVhE1zeIxEhJUgKorqYVqBXKviCOOWHN/3m72bbxuO6Tx2ttPGphUV1SF/hEeRDFloRQnI1ri0ajjGshpmK9ZkpWbLU+Qa2bYyS7Ke0k5E3tyV6SWV1s0EM7RRKysIG7579RL6/had+iqMUTQQlQoK5UAanIDl44k7dtNzBBGLnqRh3DgyUnYhgDUxgkJmeFcMp+K6SG49u+u0ioxGzmGnMRdMdlGkjiSCc4rrZlQmVmYCYsPHxGR0Me5Syt0IAGDZfoBy9mH7jbJUYXMsjVPEUP66UHtJAxC7C9xG1WoWuI7LY7XkVSevHstRq7CbW5bpX5ErWJttXoXLSajWySKCfJcswA7ZyJdlZXsZMW6W4j2+WoDOpQM3xADUBnQE+7FVfTJcss+x3TTblE35giPVaNKaSzBNWkVIFchUgccKVpeOzCzWfiHIrNjVZ177jYha2i2u8uYnelViisNNTlryTEK5ySoGcDHSXdtfxKJobi0pKNQQGrqgOkcKj8PCta8sFBLbyM9pcQ3fVUhFciiSsaMeNGr6uYApibtz8cry66jFoptNOtCee1FdS1ZQQ0wB/00tkz1Ea1sWESBmUknOMd+q1fmpVkkQmWEnjz9/Px5YvruKzjmiivNcUjKKKCKe41p4+/EZq5o79m17VyC3Zp21obeG5RFeCizHLBWggiuIogIjLx5AbsW795O4xyrDHqFFI1Lw9Q8hWv7cVW1CIzSsJn0RtR8jpHty/VXE7uG19eGSXySOGZgq62qtq+i12ikls2fGVvf/p4JdZvHBXGD+2JaQ3MrExFUkUcyAa1pQgmoPkRWmJO6/LwRI8hMscvCisQQASWBApTLM1pUgVxRqPJOKXtxBqdJsNDItWCZko0LVOzYZkinea9RiE5tvFEuEaBuyBfIkE9W1zs29Wu3yTXUcpLEUbQaDh6eHvrnxxSWO9dv3d2ltZyw9RYmrHrXUwWpZqVrkDTxyyxZ7okm1lmrxnSSWd/JZEstSCtOsN4WGNf8qOKVpqyExv3C/ZI32k57dRoEuPnUfdJelaKoNWBFB4kUqBXxGLG4lil257PaLSWfdNesogJbSRUN4UI8/HwONIl+WvlvhNOPY7FuHchpy3JrENjV7tNTY1+teOIyVLkO8is1Np+MkRWFZJEsEsMyN1nX7X7c3pmije7ilGXrUMj1/ijLgDzOLC3+oHcHbdr81cWthKGl1DpMY3iThST5gBpTXLTqA51xKP8A3kfGG6H/AGd8p6PX6RrDV6k+2sVvwRetyXIfxGrz0rE+ungpyNFJO7PGo8frg9Nt9JO6NvA3Hty9eZUqyxo3CgP4TRmJGWlQTn4Yln68dib4f6H3TYraCcAGR46FiGFAjisda0Y1cekE41JK/wAU8h2dRTqON8gt7iS2mu2eu22uuU9t+L7d0VKtqLYRwG3q5PTDiSIlsDDk9Z3+p90WNrIZLiW2VCWmV1oYs6anUioU0yyrjUSdv7Du13HMlpBcvPRYmicUkoKhEUGpYLQk5Cp8sWSHhPxv4NNX1O74rBXjlggWwLVhh7j+5JBrtb+ZsikH5DyO4UFZFIGcDqsXuG/clUlt7xpjUmL0P/qegDfaK0pifB21FpEvy+4WkNqNI1r1I1IJ9KoUamefE5kmueMk55q/nfim1l5TxxqfKtHpdVMIdTZ1yXOV8i1y2Kz2jrqGljgC2IIrDtHHPXkYRoRlmxjV9vp2FuVv/SrwSWl9K+RExWFMqjq9Spochx4kYyPcW5fVvZ9wG67c1tfWFvAJGR40aacVAZoOiRnQmisus0NFxN8C5Nwb5e49tU2FurstLUaLV7/h8gko8g10kMNZawv6vZ1Kew1/vSw+SuyKCVLRlsrmi37Zbvszc1i0vBNJnDIwqki8SFZa6jpzooJoK0pjYdtd2W31J2m5e2hgurfUFktgWSVCMik6EAwsr0NHpkCa1yw8h3nGdpZtfHe65RDY29itHqrWp10dttxrdbI8Cau5LtrUle7skrCzH+YtdJHhZFYKY8t0Mm2XssS9xW8bGzrrDPpAlYZMsagkrT/5gQYlRbzcCRu2NxcyXskXT0R//i8AJKyK7aVdVaoYqS4p8OmhKlzZXuEvYq3NiN6+qp172su1IbkE09mzI8dutalk1s0UL+wiNHPMyr5MF7EjpiO227ftE1sWgaeXTIX9ar4yIh9KoOGlTqqCdNDXE7+qb723G1vdiO5W3Tqw9MMheT8MTvpDNUUOojTnxwzrc91E+m5DvtdvNXuaPG9rM/IKtfYRWtpxST8X+obSnc9+KOWpa8HLGKSIeKeQi8yepC7MIpba0vIXS5mRukSHiikCsAGUKdMgJIqoYFKgvTEGPuWW8srzdrJ4Z7G1YGcIUmeKqszJI7CsLKoY5qdYB0VxF0eAcEtQycm4hBrak1yr+XW5Tphcikip7mok8FqqU/Fj2VW3rrKtI6PHktgN5IwEu47m3i3YbfuEwNnHK0Zt5UiK60IFCCrOONUNSGpipXsjabyI7rtVoq3c1ssy3cMrB0S4jYpIhLLG9RkyqAQDmaihr/If7tfifgVPXcP2PLdxtp9AiQpX43f27W6tukrGSvsJ7RsT2pXX70meVsM3cAjrT7V9Nu5d7u5d1s40hjuQKPIi0ZaD1UQUFPhFAchUnljBb99We0e3bWHYtxneaW0QBgrS69ajSa9VmrUipKkL4CuOLOVf3Y6exudvseN8WqSVt1I/5A5bso9hXt1DG6mptaOu1VCfc1FnxJHDdt2ERyxx3x17Ztf0vMdlDbbjeEpGooFViynP+WzuRFxy6aK3PXj553z6um63Ge822zEsc6FT8wyyI6Gg6bxokZkh59OeSZa1NM6CoP8A3P8AJYKlWPhvHPjD492UZKNyDg/H7Wg3NtZFD2DM/v3YFezKuW8FH2gD6nq7h7B2eaUpvNzuO42v4YbidnjT/lFNY8iR44zrfUnuGGFF2mx2rbLyPM3FnbrBI/L1KAyAeyuHFn+5v513Grnozc+doZEKu1Cvq9fdU5IR0u0aNe67IGJ7svkfU9Ifpv2DDdreJt0BmU0zSq09jOf1Vw1P9Vvqdc2bWD7ncG3fmrKrqfFSIuPLiPbjP73yH8kbPxh2fLOXWIHiEH37mw84pge2vlaNuGaRURcCPz9PQj1Okh7Z7bgl61rZ23iNK6dJ8AAKeeMpJ3f3jcBbfcdzvpkVdNXYkkVJqWLHPPlQeWKvdintyyX5NvPfnCZY7SSdHkQL4gQTSCf2yoT/ANT6m6WGGNNEcaIh+IqKEn3YpHkvJJkmeeWTT+F2JAr4VqftxHJMvsSE07EFxgAqyzrLWb7l7BD/AO0CpPcdTI4kiGmJloTnXjhp5iVIAYH9WFhI0eHiLJKh/wDscJXxbw8iPdV+x+3t+p64yR6qEigz9vsw2BcKVJb4jzqfPkMsKN+VdeKN2mtTSFBDFFA3uNnP2kr5tI+e3fB/QfXpllt/5hFFOdTQUHmSaYmfms4iFXuCclSrEjxp92J6pwnmLs06cM5aYSCwsLxnevA/ioLLBImveKV1BzhWz1WXO67BF6BeWYkrwM8QNfYXBxYxbL3ESzx7ffNGpyK28rA+YISh8MsdQ/E/9oHyd8iy1dryula+NeIhllk2ezoLNyO9GSHH9E0MksU8ItwkFpbSwxLnOG7qfHO9/rp2l2eJLLaJF3Te1BGiI6oFY8BLcCqZCpKxlmNKUFaj3r6b/wBtH1A72ZNx7gil2PtssCJJwEuZE4kwWzevPhql0AVJzoAfqJ8ZfE/xx8Na6zq+E6iWDayVRW23I7Qe7yHcN9g9mxsPbg8UlWQH8eBIay+OcADv8b95d/dy993Knf5qW0ZrHBFWO3Q1yOgGpIUlTqLE1JqOGP0G+nn0x7N+mNkbPtKzRHcVknkpJcSNzLSMBQE50XSoyyPHF61zVfctV4poac0dt66/kGSaSwldoYUtQ2Er5mhinl8QuAAQR3xk5a7/ACmD1Z7ckfDT0nwrl7cbmBAwLkUuM61z1c6/fTGPfIO0rcBk43u49RtLNLmfN9TxVY6cJQU9vvROLWwY2fCGHVCGmwsxJ5ZkwUUdz1qdgt136S4tOoiNa2cs9WJ9QiCsY1oD+Y+oBa0XI1Ixiu675+2vldyMTyJd30NtpSh0NMWAkbUR+WumrkVbPJTi3QXbtP3XEMNWqpjrpfd3SR7E9b8irJWqV0tfjiJvsZpPAZyB9MwHt4pWALf7rjQEek0rn+rKuJ3VuwpKJ+UODcj7OeNTobpt1odxqZY9am6rR1WoJuXZECWfdtyGV5opVswtJGV/low8nVCQW6q5rBbe5Se4VjYsNTaCKnOoqa1ADZmns54lR3txNbFGCi9oQleFTkfaCtQVIowyNAa45wv0OVabmevpauPXaHjlGKsnINJZj2Fm/LZjgeSzQ0EsVpfb0x2JhdJBJI1b2yTEArqdvbTbffbZNNfCSXeJB6JFoFUCgDuK1AAFKKDWmMRNbbnFucce1dGPbIiWlgkQO5JrXpMfTpJNQjMNNSoBABw9s09tW3GoDboce2ttFlhjra6vU02/uQ06+1d43SxNShOz1WVrrE0kbojnyyG6YMlvPBInSE0SrX+JP/Tn+rLEhXb5iKXq/LF2IBKhVbwyzA8OdDXEjoNFHxnmmp+QPjP2dZc2k1Gt8ofFWwQxVuU1NRFd18HJeANa2NWDQciOwskWyv8A0liRQJY45D5GRDu3zG0zbF3GvV24AfIXsIq0WmnpunBd5IKV6WpgU/AZRUitl7eFtvK9w9nN0rqQR/P2Ex/LnCgjXbKdCx3JJHUZBpkp644moD0rxvlGi3MDWKsW/wBdShnhFf8ArEphuLFIn5GwjSjRn2IaHXW3eJ2lA8nc+PqpNRLZzOiPHNHO/A9Itpj5qJHYBQXFWBBIoCCQaDFsm4w1mWSze3BNaSj1yUyYoilmojHSagEkigIqcKvybjmv2uoiT+pxi/a2mLdIDaUdU89d5zX2ryJNNoqN91IpylvA2GYLg56kvtt9JYTXOuBekoObipz4KQCpPmGAxCO42UM8MCQu6TSkEgGiHT/1RXVGOHxDjlxw2g47pq1ZLANm1M9y208RpayKO0rM0atZeaW0xZ1YgMF7soJx0slxLdabcUJAGY9XIfu1z9mHo4zbAy26xadRoG1JzPDWFy8PHjwIOK7yLn/xHx+GSlyTl/x7xm2kkqLBueQamnuVCozJP/T182jRcYIB8jnsOp+3dvdy3chfb7TcrmP95ITo97GgA8zlyxSbh3l25tzPbbnuG120ymjI86BxlXKhoftxw982f36fHulsSaD4n0eu5myU7NOTkUyL/Rad1o4xFNVa3QlsW5606l18SqkfXr2vsv6Db5uESbj3FLJZjWG6bV1sPA0FKEefGnLHgHe/9zHbdgf6b2hGm5PGCrSAEW+qhp6zQkq1GFAeGPlnu+c7fke5s7vkUqbnZ7CV57VmxXjWEOxOEiiHdETPYA46+qts2O12mFbPb1VLKNQFA4nLMtyrXwPDHxdvPce57zuM26bxK8+43Danc8PAKByCigHsxrXwHLwjY/JOhj5xqtdsdK8skcWtnjhhp3LUoAjFlWuRSFU7Z8Q37Os73xDvlr29LJscnSugNTOtNXurjT/TS62K57phHcKJPbr6VR3UL45iteftx90ONVdDqK1TT8U12o1OmgoAw63V6gVK9f308w3jWhSCxIQ4+4uGGR26+G91uLie4e5v5HuLxmBDORX7ATnj9BNqkjt4Es9pAtbGNNIjj1Z+zUAKc8yK4uFJHKfZZvSU/AhrMtdJYq6QfxCypkjktQeXYFXEiHBxgHqpm6oIBUAg1Apx8h588XMQFzCqG4ldUBBIIAUk86mviOf2YlUr3I5a+wp7eQRxwExo12eOsjs/8l4r4Ks6ykeIQglD69u/TJubTOOYaXJzFMxyzpjprS6emiX0gempyY1OQOYr7aYCTkVytLUhv+zrZ61iS1FJftyrZhedm/n0bKsiTxSZ/mj3CHHb6dGtrbA9SF9SjOnjXwxFSbcLdhDJGquOOs6R/wCo+k+0E/bga2w2eysTQXVuQSSkivYxHFrpQn/uRCeKSKuzWPXwD+QYDHTkkdvaR9SEJpPjxwAe8upzFchhTmDUD3Zn7BiR0tvdttnqaxKnvRSot3UbG0leeaGP7ipbaTqoFiuGxLXlGDgeLZPQXMVu6hWJSQjJhSlfA8/uwcUtzrMsfrRRQqQdVPEZU4+Jxe7PIzsoxJQWanbqR2o4l15SxarWlHhFG/uralU1QAVYnD5z2HVDpkibpSFWi1VJzNcaFIIL+Eag60FQBStfDjiu/wBfu3IfwOX/AJE9WNSZrMFGWCwbAjKrKTChFedi+ZEyYj64yepMlpAk5ntytH4g1+7ww7FuSIRbSIRIuQy4e0/4YT9iARxpTea9/wAEnuPFSaOGIH8cGOBmJNc9j5YLdNzQBG1H4Riztd2unYlWU6fMYQgSCW2ZZvyPelJkd/FJqa2CxkcgTFfIpIxCjH8GP06YmthQuzAKBXn9nA4dtu4riOQQGLXn/wAo++tfdiTWBIZ1WVmhZMkupK+95kySSsIhNGyGM/wBc/aTnptbeMIGBLEiuXH2cs8N3HcVyZWgCRQyk1DZlvdQEUxY4y8MBFPcUbFXwVsVWECohPlG84BZjEM5wrBv2dRtcIYJHB+ceJf/ACriuQz3UrPdXcsi1z0ZH7DTD6ltTFCkK2JPNkDWbFNI4UtDIGWytiQpIB9wX22I/ZnrprN3kAIoh40/xw5FuNGIRdUS/hbn9mLTW3d6Kv41t5FK0zuiRColJK86q348amOSTxSMdseI8x69QjYxup1BgpyHDj+gxMi3JzIAsKIBxPOmKVuxzLau2x2lqtDIlY/ikOkSh3+wH2aof2xgFsB+5OcZPRW1rCj6VzIXF6u42ccelUZlpVj6aA+GZGfDCVjWblNbDKnJnu2YypWF1eQNH7WWSGS3NNGFE+CPKP0HSSR6ZdAUgHiMO7bu9nNIUjgSNP3wy6j5kVpX2YjhsOZRsTSsWobSRRwxiL8fymhkPkJzKtf2fcXGCnkH/Z0zLEEByqcWbHbMzNKqx0yBIyxI05uYSSZti64yfahECTGNmGJWVykS4st3fyPb6Z6Ze2NQrIx9n7cNS7lsNtGencIJKcTw/acTEDc+Dn3LV1lDYjjOugNGGoEfzMsUsoWQnz8FBQn7c/Xo2s4jQx6gKffiuO+bAmc0sMgpUn1VrypliYqTbuCsy3KpkufmyWoZ2tqIpWZ8wgrGiQwOBgOqBXAHZj0I20SOHVqEeNcV03cmztXpMSvKgyA9+Pk1/f622GollmvQxGxKZPxoIYwqGSWVpIjKcu4DsQO38OPr19K/Q2xRr1ZF1UCcftr9uWPmv6+dwwybMOghCLkQaVPsocfEbYXLLr4iykMaM/8A04hDr4SYyFYsg8m8e/b0PX2TFbuAldJFMuNcfC0+5yyhV5rUHLOp/ZiqTMASGX7ASFVFVIlzgso+8nJOSSf16t3t4+mFYeunLEIXcoFQTqxHyEf8XjkYx5FQoOc5z+nfoo9uUoCSMxhv+pzrkxOoY+sH/wAV9KWhyj5K5Z5TGSfR2eNVIo/ykSxaij123hERjlkLTNbsDPrgHBweviH+8u4/2G07NCVBXpzuSfh1SMg4Z6vQW4U0sM6kjH3t/ZFZTXN3u/cMgJmeToL+7Remx0+Q109oOPsB/ZdX2lqzvNhaik9pfkLZiQz2rfu1UoUdYLtmQLLHN7sRo4Qox758sDPXxh9V57SJoYbcu0se2JpSlCNckxpWoGqjq3HgG8q/Y3aizNDdy3GlS9+QOP8A0wqUPtIqB4caHLEB8S/IOyg1kqw6yx7MvNfkCPUWq1CxdtWlj28cMU9yC1er1oa01WqxDxvG/iR4hu/Ujftqhku40EiLcC0hJyY/FGDyHgR/wxP2iWSa0klkQit1NQHjQORjsHhtu5ySvsrQq7Wg9WjrLdY0uPaW/c2NfW07zWdfFFantGnXH56FkVGkmXyJZcE9eeXkC2c0caeury6m6sgUa1QZoFOmlM6A1+3D6xDrGWRUI0acya18TQUpy48sYPs+Y6zebo260FGPcWdXc0taCTXtDakkmleKC1Q2ZinFDZ0qyvXcv7cZiQ+IPnnrTna7mG1CPqdCpBagpQc+Na8uHuxJtHEYWp/TzxZLmsSvorWul/F2sMSz/ioklmJLPuieWoLUJrJNNYqeS59tipKnHbv0FtXUDCSileJpn5cfflg5NTsXqCSMMuPcyta/keopCnNBSj3UySWP5ZjikFPZ7K4taPxE9iKxpNcpBUsUOVYgsoL242Sm3kuLhg8yiorxCnkDwzNcRlqjkEEAj9PvxjXyNym2v93nwld41tJKc+nb5Y5FZ2tScSF7y8F1HFtSi6+ZBYV5o9vMkkLLhfbznJx1oNitIv8A273ppRpuH+Th05Votw09CfhzKqwoT8Q88Zq/iM3eOywOha2ji3GVjyVhDEkZPjQSOCfHhjYPkmbeQcF5Tas7Xcy7fmVS5UbU12sVop70e21NBtxsmUrW2M9qe0QqhAQ8ZGH8usNshtZd6tumFFlFKwLGtGojElafdWmN1fzCSwkSNY/y9ND4+ocMWPnmw1nG+LnQ0tXUrcqo8AuajYb7aRXmmuVq90QprzHJtUo7GSvZskPHFHHkQAMcEgu7Zavf3puLr12ou1KaT6hVHalCQKlVKZZVpyJOIk0uq4aQH00Na/D8PPKueVCcfJ34xnu1+Nvt93oZZ5eTfKvy3zC3AzmK7e2d7fVpNRJUoRyG5Xr6rT2lxK/kss07eOcEj6D31Ikuls1nIs7Xa7G2QLmCIoVWbUeILEEKBypWmePKu0ILgbXcXtzX5m63G7uWQ8jPM0i1r/CVB8605Y+l/wAUfJ241vBDa2tcX9VyHiljQ7OV7U01mvDtNlPTsTxJYLS2bdmTZuQilvFV7Y7DrxXuHaLOTdiUYI8Nx1FJrQeleHOpFKjHoFlI/wAmlEq3EU/V7PHHz4/vwkn2/wAVf3d6rQLD/ReLQ8drUtdZjavZq1OMaf4+m2MFVpbXmYbevWVgPbZSVK+pA69f+jht7bu7tOe4b13DS6XOQrIbvSM865RnzBFOOPJPq7DNefSzvOaKjOpUmnAx23yYkFQOJ9YHsNaY6V5XoYtP/bF/cduaqbBLr1uS3dXBDShgo2Ndyrd8c5EqpXiTwUU47rReJz7OCVBZiBgdqe6ve/NlV6el4FkqD/0oZEcqBzYr6tVOR4jG030rD2ruBhAC/mOgY01RzssiioqdADBajOlaVFMUDnrbv+1DnPAflG8Nlsaf9zPGNX8TfJWovQeQo8x+ONBs+f8Ax/8AIGskhs+5sd0OK1djpJ1lcOIpoijFEeJtN2wkff8Asd72xKvRn2Fpb22apOq3vZY4Lqyk4npCcQ3MdKhSlCMxTP8Ad5t+zvqJt/ddqFkh7giNjcxkU0zWNq89tcpy1mFJbeQEgv8AlMDUNj6TfHJ4butlLX5Dtt401yvPNR3fjs6mjgSm1OOnpoqvilKMH3HeWV7AD2PGJVPbPjt8bq3jQ2SAKDpNDwbiTQ/hqSQSa0pWprj11zL00lSjOzAGtNWYrqamWoihamVakClMZt8i8U5Vo+PfJG40uu5TPUucb3O20a19TxZdDYhvTbOLVXLl3cWUuRv+XCoR44wh80IB8h1O267tLu+t/np4uoJQWdlOoJmWoFzqVBAzHHjg5Lj5W3pDoOlT41qRQUy8SOJ/Vg3xnJd+Mqmm+INz8a8s1z8o43Bpd/y+xveM7KtX20+lpWTPak1hXZa+YbTXNP7awspWRgSMnpzdLmLcHud6W7jl0MXEJMgcDVoT4qpRU0igYnI0JGKRluJ47eGVS5jUHUuS6jXqHOh9RpT76Y6Cu8Ut2tTRpa+arFXtmxDHXknqJeG0L1poaNO1chllaxJrIpXSVFjlVGMgJXOKmK4mlkeSXKddLKENVqaEZnnyrTCxlIbhjIaSov2jP9Z5ZYjeITCb4e+QtVTjna/BqBDf292SCSha2sW8nh11dbVwiC7YqRW4fcMaCJlEbZLE9TpSp3q3uGQBkcVUVGlaD8yTlpqfwk/bhq8idruMj3Dnw/xw0p6u3Sq8x/qyNLZp34LdTaw6VuRWNfrHCap6FKnItursLle1r55HEcYkdAx/hKkq92szwQQAssihcjp018WHAVHLP7cRniDlnSlNPDzrl+vnjnfnutv3Ofabm8MdGtx/lGo3tKjqqOt09HYaqOf8XSy7LZNQj8IK9jb24Hli7vA2ApfDeN/FeRxbe1uA6XEc6NnIzghGqQKgAE+Pu54esI1Q/nH1r/j+vHH/AMte/wAM5j8gVm10qvqtCm0X8SCK3YsmXjUdqMVWaWt+VNYnQeLeSorHJDenWu2q3TdNusYRIFkeWIVNaA62OdOXszwlxfizjuJtDMiQs5ApUhAxIFfIZV58xiXi5ZS4pt9Bz+jPfj4pxbbcCrppLOu2UewXkm90teLW09ddSUWH19zQtJZmkMQRcyL6lGNYu2TX8E+2BYhe3KXAeRJANNrC8lZGBowdyCFoCOFSMWcu5R24DyOwo4QKAK1IB55Uz+3G084fj3OYrsG64nuQ3It7podkLpuxptNnYtWYuFruZ9GIINZQ19jZP7gs/wAto2Vcylsik257nbbgQ2U0dYoVOgDgxQsx1Oqg1yAK1NeNMzg54YrodOQEqzaSBSmQrU55jLEr/b1838F1lLmjzfh6bj/x0a+oh2K6lYTc2CbrYUtnGsn5s7mSjd2kRELIBGqgt4gHB9y9sb5dNZRy9SW/vwpeIaQ3Mg5kc9PCuRxAj3LbeiWoBaxsQWPwq3Dlz9vnjmnnN6hY5/tR/W9lb0u20vII9JuBqtRT1tiuu80129/21WUzWbMRQN7rl/F5WdMDHWu2azki7bta28a3UVyhaMltWpkKDWSNOvMVoSKcDiNbXMM3cLQmaTS9pRWy00LgjSa1p6T5543/AI1zvjev45uuM7NdzZ1O8no7GjueQbD+lz8htSVIk3KPraKRx/iRCwsUcczI5KiTHYE+c7jtt4158zrpdxEh0QECMigpUgA1pUZ+HPG+t5YZBHrJAXUKtTOrEg5e37sUnjPObfFaNHhcEXHLdDXWN7Xvxbcw3/y9TCnlWoSl7Ts/5wXJQeLqMh8Z72d7tMl6Pm7gyGQ/AFyBJpxzGXGlOdMd6HugqnMHP7Dhf5J5lr+YbXX0a/I6sOom1YvkG5detRua1WqrVFu/Vq/jzU45CsMUbMkYXyUks2L76YbPdWO7MxhfSVeMgkEksuVPZT7PPGX73uLW27drKw1rcRt4UBbTnWnjjG9hqdjellrvvdPbqtK/slrcNK1WjPmNatatOr19naqwME8p5PadGLFfP190QQQ06kcqLQDNa5AUPCvEg+ePHHuG6R0SQuwdxk3PWSDnT3+zFRtvuqUdSnu9wvlFWfTGxFm1Ug2MskUqRR7OpYWkIJoo0SOGYRNEsf2AknqdbxxzO3yUbuurXwAFKcBWmdRXwxV3N/FCgF80Ksw0HMkluNcq5UIwpo9zd1fLGS5X2dLWT046xCLY1ZtbORYpYqyWAt6mdd7AJmQx4XIBbPRmxiNgJQ0fW/FR1J9wBqTiHJvM73ohVWWHRpqyMB7SaZDFps72OvaevrqhS7SkYpnzioRJM6ytHE8VqWGQ+WPuWL7hkEDPUKKBWFJCOmT4NqB8RlSvtxxv7iIN8vHqpQmmYOYGedQM+OK41YVl2DaO3/Q7+32K3dveSS/sbk1wVnR/E3nu1KgRGiwogCqgwF+pt/nzpSK9LyRRrRAUy01r6iOdSfdiFdbcDLKduHQlmkEjsCfi0gZavIDyw7vch3FOKNZ9XvN/eox1GDTrVqw2DYmkq+de5C4hrLHFKZp29tCqDJHRRNt1051PDET+EBqDyrTECWHdLBnayW7uLjTqJ6qqD40FafYcVnc8yn01rTUN7tLIs7vYyrW1utTabWGZ6cUknsvPU1wjpxw15k9zyIhDj+Lq3tNvjuY5Xt4HSKMZsWUZVGYFanGe3Q3FhPDbXksM1zK1EijDSkmlaM0aFFy5lhhWxyWxciqxLWlV2sSVYEvCJobE3uSRobIUsFAaInsRn9epSWMccgeN+pHTMgins9uI8ty6Cl3bi2kbJVYFWY0rkWopB40rXhllgYuQau7Xo1rx1V67Ei3GWvXn1Nilr7AMZsmGlLD7cICeSpKzL38sZJHTRF5Usgf5YNxoTTIZGlTwwjrt0qHrFWuVj+BSpcZnjyGfE1piCea5WrVnt6bzTYWpHSzp90uzta2Ct70kVre2a9N68cQiRTHHCrOfIAnIPVnHdJI1YJXrHkaigJp+EHOn+oA+WKKXZ9wiVZjDG8EgqjK4JA/iI9JP+kkYrdPl9exaX8C3bsEwLsRE1krKaMthkMt2CvX9+tFZ8CYnl9oyRklV7HEu5sXaFVopJ5VAxBtbsrdANr0tF1K0/BwrnlWtPSaGnLAS76y8uy3d2ylnXVkmmrGpQv3KyVlhaauBZhjnD+DoQgAlYdy/ioJ6cMMRdLRFQXByoXH665e/CNdX2mXcLsydGMf9KKRqivMIBX31GPUfkvSVKlCLb7jQau3uIobeo0+5raerbelGrGxDTV6aWpK1Vo2xK0fnnv5eOOgbZtyluKWcM0kaGkmhWdQaVPqAociOBxJXf9qt7cNfyQRXMqB41k6SSFCdNdLR1A1AjPOtcVC9oONLtbPILKa+y+x2nlFtKWz12v3UrPLDKadLb14obtn3ZUiWOP3W8omIHcY6soN73F7NNvhYrYqKNFIheJyCal4nDKT7h7MVr2W2Q3h3D8iS/MmpJY5EjlVTRqRypoYeoAf6dQ8sO9hJuDueOF+SbSDW1J5o9joNrxWlu9fft3oDXEG12atrrLgFVaDOGRxhW8c9MQTWS28+u0i62nJlkaBxmM1QcTidLJvVxcwSvfyiyB6bq1mrRs+fpaUkBRz1/DUAVqcTE+pm1+ubXf0bim2kexZhlnrvsYzLLJ5O9GJEtrHq7k8yFllykUOfuLE+QY/qStciQzSwoqZRtHE5JqM9eutPdiUbCa3hesEM5DsC63DpqojNpEYGlXy4MQKA50x7g1HU8ZOx1en4vptPLNi9uZKraQQzpLGYrFLYXES/PuowCwmnkkdSUK+DeRPUbfbqe+iilv5mnammNZNcgjzqHhTUkavU0oTlStcWPa+2xWyvY7VCtpcMommMXRQOrgem4no50gZsgzkGTALQnOOffNXxDxC6tYxcT5ImupQUZuH6jfLxzkE16TyFX+k3k1surrVDMyssMbISD4gpjq+2DtPu3d160q3dsJDU3EoDRaBkKUIkYmmdCwHCuWMr3N3p2HsCva2t5t+4yx5LZwSBZzJxObAQqATw9NBy5mD498g8d53deXafB+74dNMwFbc7zlVjktdopKpgM/hC9BNVXeGTCRiCUxPnBx3FhuW3XezBYbPdre+SvwxIU1eQJDEf+pfbim2je9r7glM9/tN7tpI9LzSiRlJGRWUFWX2iNvCmeJTR0dFxOZ5uJaOhuNjb92ruOQ3781uxJShnQwQ0ht3v+VWIL4xuioEkUMxUDqDuNzd7mOvuU8iWkQ9CVOlBSlSB8R5U4Z+WLLarPaNlmMGyWqS3c/8AMld9bPmDQM4GkVANeOXhgbGt4nyrkFi3BxGhrN9qnlE+2ki5Pu7Orv23jjnbXT8gsR8YUyosbsYo5a7FRhSoPlHhn3bbdtMK3Orb5xnGFjgimFeEpj1TMo9xPAimZlSLs27boZI7ULewNnKTJPLC4H/REoWEEg8tQHGvIMdHtuKaDd7Pjei48+z+Tw1hG5Jv9c2329SaRGsB7qWpU1wjnGZClQ11liwFVVUDqZuOzbrfWCbjfXaR9rBQWhSiRtypQkuAKU458TxpiJtfcW1bduT7btO3tL3cpIW4nrO68yQpAHA1IiKqOGdDiQ3cdqrWfkEzovKtNDKs27t0V5Hs4qyhY5v6Vo2pSQ6qSKSVXhkqqobx8ge3UGzRXkG3rLXbWyESnpLTwlIzdfJ3YVAyxP3G+nW1bdFtUj3hGpJcMHmmf2RlaQf6lRDTLhh0m4jXXVJ9zzKrUNmt7usq7BZrO52yxqqRQ0dNfdHuXSZpB7TK7SPITgYBER9vT5h7Xb4bkKHo7IdMQB/EZf3a0HtNaYsLfep+nHNfz2HUkjqFcF5Sf3Bbketzx08KAknLFUXbvs2sUre3qwzyVkq66hvXp6yep4Wvfr3TraU0kVKGKBmUPBYkdlwpUYIEx7WOxjRo4pZIlehdOpINRHASPQeHBGX+KuQrYL1tymZHngillXKOQxxFQCc2gQMY6mtF1g86CtTXb3ylsoNvU4xr7mkq/hbOGKDkL1oa9+tn3JLmwh11bTXpINdCkhBsz7OEvgED6CyHato9gdxvopZyV6nQJYLJU0HVpPFQ/wCmNRwy54rW75MO5rsdndWttGr9Np6rqQgcUQW7MUz+N7kCuVeQYVdh/RrslHkVzk9fj96xJdn2NSvPJJyi5YsO8qJKu22NmRC5Sx5zRoSW+wnHTy2nzsK32zw2LXCnQseshYB4+oAnwz8cMNulvtV38t3JcXkOzyP6Z1hJkump+8JWZh/9RVxbt9zjjNRYa/FuOtILlYJfhsanSRVPwJGh92zI2znaKPb+DArKyMGkGXXqt2/YbqaVxuM8KFJOAlcHUa840J0+KgrXhUDF5uXemyQwpDssN5MjopJaKMDRqGrN3GmQj4W0sBzUjGOIJaW15Js7M9CzT3tK2sZ3UEu95dp7EsArg6blA/NOrqqFJApRV/Fm+0gIo62TwxXNlb2IaWO6t2PqhQLbyA/v2+pVkbl+ZIRwPHLHm0e6G3vbq5vI4Z7K5YlElcm4jHBQkwRjDQDPohQW1EBQcWuDlCzcXo8bqz3tTVoiNhuNZLt72/anBcW4tXYbm8z2HS048ZZpcMQeqiPYVj3M7myK8xapiYIkYypQKmQ4VoBQV58caX/y5rjbodisSLONF0mWPU85zJ9RkLVOdKlySM8q0DHb843q7exHLybkn5N6ikkWjoQ6UWjrUXw/IpRzRXrKRFjiOUyESE4X16mRbVtyWSSx29qAPidi+hHrUK1BXV7Mq88Vt73Rv8F7KDeXiLKul4UWM0B9pNK86A5VxWakHHuNyWqj8N3NV91FSh2ewrbu9UpbOKI/l0aexlpx0C1jXWx5y4ZSrOVbtjqwkW83WLTJdxTRxLUI6KWQUpUVcjTnQH4qkcq4oormDZpukLGaC6uWzZJX0vnWrGMISxpUoTp58sPuT/JMi7mnqOHLwn3JJYYdxSv7u5TtC8leNUb8WrM0szPCigyRM5wmXAPcxdq7ehFg9zvUFy6JVkeKIaNPgShKjOtQc6UypiVu/d1+byG12KS2VtVJEclHDUpkpLFjSnqyFcuIxVxzHdVt60WypbXaw1ZSYkv6dn0M4wGexrRE0sUkYZvssWWXy8BlerA7bt0ljqtXhheQVyakg8nVqUOKqHd97TcdV6LiYxMQEdDpYcfQVrVc+dMWD5I+R+a7lNTDwiLQ6XSRiObbamBZtNc2csboVla/XR3r1RjtFA0RT/mY9+q3tjt3abXrzbkZ7m9OUbkiiKeQBIz+6njwxbd296dx3gij2AQQbaB+aql0Zz46lAcCudVzy9+Ifd8x3O31eoi2u0tqNMGNSlpLNbUx/kSpKsjS7QPstzffxlZGkmmWSRSc+PYdWNnstpZTNJb28Op8gzrqIWtaAEaVNRxQKPI8RXX3d97f28Md3dSqsSkFV0qSxFKtLnLItCfTKzcQailMVfi252PDVtHUWNPSsWo4miK0K1yFbMI84DtDdrSXNkoKglGmERYklT9bPerSz3llW5imeJFAzlfKnIAMop9vtxTbP3Bf7HCz2UsSl31HTHGalc11BkLMSahyHUFaAKc8WJueXbBppYnlrvT5g/PJLOtsWq1+xyOSk9CQT7FJfzItV7cvupUh9qBHRVC+BYGtGwWaPI0cZeCW0+XEbklUWpNVNSS2fE54nRd77rN0OuYgsN+b0MkZidpjEYSjuktXt6GoiIA1AHHSe4458767lnKIuK6bQfIfGOS7abYbTXck2myG2WhJMLElKenso10n5dOKBhU/lTv3VQEJ68Xsd47Iutrt23m4udr3y3jK64UCrWhoxEShieXpIyJ5Y+jt12D6m2Pcl0nb9lYbz2/dyhjHcOZWpUEonWVYSOLAFmzGNXl+Ldfyq5tZ9Vx/ZVn1+hGq3nBuVUtdZ0mnim9m5rZ4qN1NpqxHBJkmeBRXmDN5tEydUMHdu4bTaJbXN8jWLT60uo2eOcDPJ2UiWhGWZpqpXhjRXvY2zdw3stxa2U0d6kJimsp1j+VGQYuVJe3orKBkgYg6Q1TjNv8A7l/BNRraXHvkPjkfBuVWbFzY8f5T8dpPxqvspbw9ytb1etq3LMVLfVlQe3HGZ4rX8cZABUbP/wAk3i+vm3DYpfnbB0CTQXSLPKQM6MaKxioQwavEkE1GPO4OyO3NlsIrTfIBte5o7S293t6yQRkklA0alm6MlQV6fAgBxkwxH1Pkit8XS6rj1b5i3clGns/Kev8AIXA99zDZzQ2IkdqW32Ahb+iETF2ad2IMbe4ECjHUiTtm17tE+4T7NaGSSCgNpcJApplVRmwIppoTxBxXxd77z2WsO2z79fHa1uCT/UbCW7Y1zpIWYek1r1c1pQUyx1zpvk3jk8qVadjWb1Jrr/gH4+mp82hmitoGm3p1mqsJudPXDN7MkIDmKP8AmZkU9vLJ9ieBHeXrpIldYnhe3GrgIurIhjZ+BqoC0y449ftO42vpkFibW8jkZSnyDRXWo0PVn0xEyRRpw050Q9Q5EUac04Zp9u+55Fr/AI13UO+raOO5ovkrhuz/AKDPsIIXsw0EqX4zqLNY1rKyMal+OWBWhC+OAuO2nfp7aKHbrnc4Vs3mpJazorRrkaGod1AcVj1qUb1chh3eO11nuZb+22ySO5jhLwX9q7K5BIDMMgxIJzSQvmK0yxU/jPSS0YNtyHlHyY/yRstZQhpzXOU8MqcVu6KX+ZJG+wkSvA+0uexelgSy8IlYAMVAVT1YdySQThLOw2obZZs+owRXJmjlWlAsRLEQkkayledeeIfaCXNqr7hvW6vu1xEulGntlgktnBrrlKKpuCK0V6UB4CoxJfK+zXj2ot8kTX6S1oPYKb5tfzPj1WSauh9xVlobq/WE8gcL/wCxMbPtqF8PEkGH2ntjbjeLtryTpcB9aA28zIr8mLomlyBQZHRlwrXEzvjuKTb7F97SKGawZNMkq3MKsE5q8c0kIWpq1VkLZ8ccw63+6b4A4Cu7/pm8flT8uarb2WifhVxHrSa+kaq6+TbzV4jO3syYilMtlYvEeIB7j1C8+k/fO/G1F2htltA6xy/NMekj8QEBoB4mMKz5ay1MeObf9c/p928LuW1K3wvwvXtzaispUUoJWzoRwVyyp+ADHL+9/u354tXb8d+OK9fi/ALJuihq99HHyLkFWC5JJJOYuQW40uQwI8p/Hrl2WujYQY69MsPpFsLSxbt3Kout+HTV5ECpHKI1KrqjQBS4HGSmts6k1x47uf8AcJ3VGlxtXZitY9syalWOfVLLGSeEcjsWEaioVDULypwxynJYW3JJZvSSyXJJWlaxIDNI5c+TuGZsAs5PXrsEEduixRjTaoulVGQUeApjw6S5uZ7iS7mdnupm1O7esk+WqoA8gAOeEZZ6zDwzlF7DyGD3+px3GD0+FRco/g5c8VVzcXCk1fnTgMOK8lZljJSVAD/GGlIX9G+6uoOTj6jo2toYx1FLFh9/3Yixz3TqNbEGudP044sFFaa+l4+S/wATCLKBic4yxVu319R+zqOYS1WegUnFtDJIIl1Ma5nEpDs3/mRmaGdEkwAkqY8PFc5V0GD3Pp1wt1UalIA518cGJjcISKEg0z9mHK3aplRXisFJO3tV3EhsfTwV5JYQGyPqcdLpr6UNPMkAe7DUiyQRCSb0oeBClq+wDPx442/ifwTzr5LFd6Gkscc1cxkU7PaOlTIVUkVq/m6zWZEQH7Yo5Gc9gAMkYfe++Nh2B+lLOLi5XikfxHyWtc+efLzxttk+n3dG+ATW9ubawP8A1Ja0UcSSBTKnDzxtOr/stebWG7sOaWJ3hlsB4qutapXkhryoizWL+2gTwJJ+5kQ+BwoDk9Yq9+rMPXjS1tidYoQ5NQ/hkRlpqc+ePRrD6PTC3kuJ74Ki/uAaXSmYLMrBM6eqlOXE46n/ALefgfRcUqT7yjwmhyWCSGGFuXXb+m2Mw2fuRxW4K2suNHMKdb3I396IDxDHKlgVHjn1O+pDXTJtH9Qltbsv6oYopGVo6fGZQdKHVVdJ5CvPH0J9F/pfaW+vdbfa4rm3C5XEkiqVlyrGqMPzU06W6iUFSV5Y66k5Zcr1oqOuw0aSkJdr14jBRiiULHBAkRUTTXJcgSeH8IHYdfP1xW6kEzgB9XCta+ZJBJJ48cfWljt6WSiNkUxUHBSPuBAGfgB44GvtLduN455IJ7c/ui3sWrBPGqxCLE0okZ0mSLCxqfNiB93j6GBPDFbgfLqI41yCLkgHgFGSr/AMueLWNXlozsfU1cjQVzzbm5/iareeG1681WMKXrGTxMntREy+VWGSMKthGHm0kyJ65A/THSRQo7gucqivsph2UyKh6ZGsDLz9v+WGNS68qSNf/H/L8feiVFkWRKsYsWYwth3PYv4BlOWyv7epEsasrLFq0A8/Z+meIsU0moNKAJKcq/p/hidmirbKCCvsHr7CGO3Wt1YrStL7F1EmjaRIvICGSFp2KlcNk+vUNHnsn61qxRzkfMEKGU/wnSMS54odwhWC5QOivqFeTAkhh5jUc8Zo2zsUtptYqliCSDVUpYuRccWF724o+80TazZU2QQfk6q5WDeMvjMPcTxSTzQ503Sju7eFnjeNZgSk4I0NkfyJRmwm51FFoPHGSEtxDezaJA0FtUSwEHWoqOnNEeDwMK1fPOlKY0mxsNNsdfXs1546tmKT3oZpLBihanSUGKtQkYi3Zvz+14SAhbGWJVWAwaa3jmhkEMo1RiopnQrWuef+GLW6MLos8NQaZcKg+P6VpiqLtKV/XpqeVAosm8vWottVaf8AIuzyy2ndI9lrgr6y00MaRzKrAtHCwYBnbNrPaXKxvNtmpfyhqUmihdRJA4H7+HnirgmtGZIt2AZesSHJIXVpABYqCSR4UC+eM9OuFLXbbTfK20m3HCpt1Pf0fJq6lKXFKP5lmfV6rYnWRpMKNDIrfefaDReWUJYtdC5S6uFue30FvvK241wH/rkfjQt6WPLpD1c64o5tukgs3i7inF7szXB0XNABCrMCFdUNUATUVkqVJHq0c7TttKNrA9andktivHsNvWnKT172iFO0qWrHHdpDnaa+/HRRHd0FiCWvJHI8BAfEO1vkA03EbCWQ0dQAqShstLx/DoJyFANA+ChxIuNtlSMS2c46aCqNUs8RA+JHzcMKfES3X46TTSanvda1rUam9zzj+8taS7s61ulzPiQ2Vc665NFNYj2m7n4lsPy9JsTDSWKzfoyy07fuqLFSvIwxfbTf3NpuDpsV1At1GmmSCbRUgUYQW/WAV1Cg9OOYo5YCjHgcvvNhZbnt8Unc9tILKSdTHcwiQquqqG4uFhbXGzOQrSwB1VSTLHCcsUjkGy+ZJdI1z4i2vAOVR06N4a2pyazsn2NlKtl3mi47zGnto+G7epJHKEqVrctG7lgjyTTFutjtO89pC/Cd8xblaqXBdoYxGiagConttLSIQDnoV8vUPTjzDuXtvvg2Au/p7d7VczmL8uO6maWRiD6/l7ostvcLw0RzGIBnUa9YYY+Zny185f3FbLfbLiHyXy/mnFdlqkFS5wueja4oaEMpx7bUo2rWZK0uO0rSyAqchyDnr607P7O+mnyCbtscNndxyKD19fV6pzGlWAVBLyMThGFMxj4v747z+rB3J9h7yuL6xvIn0mzeNoXjoKk5Et0R/wBxDIhz0nTTHPBge27TzXYbBmbyknsF5ZppMZzK8jHzwPo2R16cOhBH0h6R4IdCn/Uq0U/fnjyKaCSfU7kdZ21MdNAx8GHAr5HB/Bo/5bSPIxH2mOPEQA79sHxGR+zoJJg9Cc2GVT4Y5Yp1zlId6UyFAB5RrRB/q06uVaE4dqHOAxXwGQV8gGYgfoAe3fplm1cAPdh2h/Fl7qY6m/tb1DbX5B1iiTjINeT8hau8oyTyusa5azRk9hoPKL/iEkqE/QdeafU26jtNikDJc9SVaAxEUp51Bz+wY9V+llvcXXcVrEgtCgkIHVjQ/wDxUBPtJx9iYuScj1iOI9hNtPemLPQCeBtKI/bEKyW2ghVljUeMalTlR3+h+P2sNtvZNIXpsODk5jzzy8uGPslt83ixIfrxyiuSAU1Z8KilMLQ7Q056tWzWOqXZ2fxq1Np9qrT3ZU916tho1kr1i6d1Hn38TnI6VNvtmDfmiRoxXzA4VXz+3KuG33e6WRFmj6cExoFBOkv/ABZ1pSvMZ4tckditFG+xneOpPZajHBVnmlqxSInk3swwLIgVUTxlLkP5AEYznqrWBDrdEU+mtWGZzpVvPLlTFxNLJDChunZrJn0lEPBqVqOJoBTnhxHutWlYVxfs2TJbk8ZXgjZ4YGCiOq35U3laiGPXxB6ababzqhoxEBTzzy9v6sPwb9Z20YguDIya9Pq9YA4igeoGJXWbLVa+47VbNkWrqQKKqL+FHNXZsTS/iWYvw3EC93kPtucdh1AurS7dOkIlMfPPP9dMXG33W2yXHWjklFy3ADhl4VB8+OLBPsTYUrFsKbxx+37okrvPK0UlgLEXKoYnUxAlfuJH7uqyNJUjK3CHVXSAaEDzHPy40xoZL+GWT8t1oE4AUY+08DXyHHB7lu3NHOBFfNQxxGWan41JnSFA0sdGyGIQGQkBWz0iQor/AJrRg0yB5jxywxcbjM0Wm3ikK1zK0r9+WGFnaNWFSWzV3wqsjI1pSZ1aKRey3QMgyovYkjJ/d1Lhs4nJWKSHXzBrT9eK+XdLlNM0yT9CmVNOv31WlfcMI09o2sjvJWYzUlleRUkDG1LJYViQ/sM8jojDsGVRjPRtbNdMryIynmMtI/bhi33PbbXqSWvrCtTPVU+zOlcPaGz2MTTxo1unGgbKSLXiR3l9xQ0LyqhK+K+nc56G4gj0gARmnEeX24h2m6ziViRIFOYryxZKwns0iPy0EZQRyMbLyWUlhKyCeOWN0aN4vMjA7HJzn6VUgjRwYkbSB+Ejj4ZjwxpbW5uOm0pkiCk09YJbhxGeJKGKGKt7S2pw8x9z3mhCRM/8IEkxdx44H1A650eZhKyaW/Tjn+rDHzEMEbBJSZm58AcScN2FIYIfH37DMXK1mcBex8ZDgLk4+nYdRWiMpdpWpbLzP7aYce+ijiSKMM01aZcTiQj2d4hmiaTLKquPGGuzLGAwWbxjBjyR/F69Hbx2kSlqhlI86/flww31L+ZdMSOGGeZFfZh6LkjIoZJZGCplfeewEUIMSoVKKwGMYz1HdbdTripQHjxNfD2ftrjmWVQFnrHUZhq558RSmX7cSsa/y1lCEowHuAwnzznvhXaTxzj0yem2lE0muMAuP3sCLaOCJXiZqN5kD3YmK5kdcoP5DN9n87z81AJDmJGj9mRR/wAR7/59RJZIww6bgtwGXE4eiW3b1SHURzJP+OLBXdSGCSxorIBIHZyo7qT/ABtKOx79gD+316ZVGUAB2GdeX+HDCMkavqVF0ngfH3HC7xu/gw9uUqwYyKf4sHAOfb7jtjH1HSGSM5fiwKG2Vz1iijw054jdihbzcF1b21jKxhGUxysQfsYqodD6OFD/ALelVn4Lx/T9PLBmbSoAYLGOGnw8qg4+Pv8A8iUc66SWbBAWdQHR1k8R7j+jKD37/Xr6f+hRRbxVXIFMfNv12Bk2wuD6epwx8NbpZyxAzhUC/d4kEgglvo3r9Pr19jJLFkOdOOPjR4TJqVjlqyxWpXMRZHV3wxIJz6kAnBx3H06k6aZccRI5mUegKcMZrSMSGiLgZ+3yIwMA4zkd8/r08JCABRTTAtMKksvq8jl+rH26/wDj4mpaH4q0uxrhIr0ur3XJJQspk++fknNIXmsIp9xYUh0dNV8j5OAApHX5sf3TNcbh35e2Ehd7FntYAM6qotbXNTw1Fp5H8NSrlxr+sH9odtaWX0w22VSFlnjnmdqAHW93cLTzCiFQtamhNa5U+wP9pDcfpcC45HraUtjeb7Y8z3F3dSSOSxs7c2q0i1rLpHCRNZWFVfyaSMeJPcnr5T+o4vb7fLnqSmK2jEEaDKiFIxECBxBIqTUkEnhj6L2eIxbSs2TdWQzn/U0jk8Pw+jzOZz4Y56obnUbfWXqWw1NjXomy5JsNZXqvJWk2qtye3FLsF8PBKcNW7QtqqL7hWIKAx81I1lzb3FtLBIJRJMYY45SSNIIQUPjq00Jp40yw1ttwLprllDLbmUstPPj7tQP3Vx178N8irwcH+Rb2+0tKCsNPDW0y7OXXVtvc1luK0rWNdPtPOwsUd6wUifw/IhnTIz4jPn+9Qo+6QWlsVuZ5KsyqKCvD1E8sqZZ1xYTRL1ECFgBxJyzOfLl+zHLUmu3FXlrmHSHz1fJbBhifYVLFyxNAJ0JMU0dSrTihqeMaTBESZmyBnrfi5299oqkirIyEkZ14gGgJy9+IxhnF3V0cW4z15U4f441i5sN400sopCp5yh2jFuW9bhSONJcRVqFOeMzpkr2fwLeuRkGpiXb3jEVRIygkDnnzy545Gmqa0oD9ow143yQabdTbXWvotjs4+LX49clmMxwWZtjFKlqCpDYrzVG2ctmpDGHJVgysoGCcw7vb0mtGgWrIzKSCctNfzKc8loRyryxKdgQBLkK8uP8Aw4jHPW1vcqf+7TT7T/uO3otrw74D5FsKm3uIdrabfbPmWsm3ULxGqKlm9/Sq00kFaMAzLH4R4wetmtpZx/TqW1ZFZZt6jJQsfTElo6roIIbN6E6iRVjSmQGRkKr33C4qbCLZJgPBpJruPVX2Rp6aU8643S9zzW8gl41c3O3MtXW2uMavdT7baPVubS1FuaO72F21ThdWrzB0jk9pWT/2iP8AiGMJHaXFi8yRp/uTGXVa5AEEVFc860zONyY4vlunXPqaR9mX34zP+4j5PXZ67lcMnKKu8q6DglNNcsmtkrT45Rzt5o1mjB96d312rkVZA8hZVUtkknrTdobPClxYv8u/518wL1FTHbpR9QOVOo4DECvCnPGc3GRobO7AGmZYYHbPgzFjQU5UQCnGhOfDHz04ha3taDf2Nu1qlaoWodFQi1cKwxVBp9VrpZbELRPHNesR3Nh4jw8SsoJOSOvad4jthcRrZEMJUZ3IHAmRjTPhpFAPLHnux3d10b28ujSMSBFVeA/LXPOuXM+ePpD8Sjf8b+Kvj+1qYLuxtJX1MlePb1JLz2o5Ny9uSYVZEZylGOFm9t3b3QM/xZ68b7ma1vu4LuNmiQkhspFUg6Vy0spoMuBrXkcegbLHcWthCsoaRdHEEZ1JIz99McL8ik5re+Dv7pd9zCW+1vmfBfmHe3htIzK9u5LLt/A4nDrQjqu6JHD4llEcfgQAMes7fPtJ717YtNpZGjtr6zVSo9IVzHrJHGoCEinNzWo4eXdwx39v9NO6DuERUT2e4+lzX1Mr6dNKc3Azr8K8+Ov6nZco2P8AZFs6lrR3rJu/H3HNN/U5BYe/sNlS2ujrz76ory0acMFzaa+7HLLKXmkiMSICzZ6zV1FtUX1YiNlIsYW7mbTyAcSsqgjKmlh51r5YtIId1l+l1tbzq0l3/ToYy2WpjH00av2N9gwT/wCRrk2xl+Nf7adTpK+j2m0ufP8AxO1ptS1fbWbcsKfHXO9be/qkGzkicTrWvsqhGVZ7CMsRlVcGb9BLW2XuLf7y4EkVouwziRiR6tdxbsjLkfSpDVJr5HKuKX6/fMR2Pbse2oZNzPccSxo3naXayUZdNKioUfvDOtaY7tPKdpxanpd1q9Vxnk/HuFco41U5Jx+ZdhHodpSkgsyx0L1nbUrCWtQt2AyOJV9iO1EiNluvGTt9pcuIZGeK4mhejMarWIUqfTlVga8uGPci08sbAQsjTRAChFQCBpYH97SRXzzxY/7hfn3Tc+u7/wCONFQiqcXTQU9dsdslaezqtLtgaF5ONUoHnqSWRJrY5ZJWRESmIkCq7HJi9u9tnbGi3u7lUTtNSJdNT0yrfnKD+HOlDWnniHBDIYhHKSxNdVfCtQcYfL8g8loa2flkWt1UHKuGbzg22ksl7F1t9rLm5i47bqxG9a9xYrNa8HWiPulLoQVZcHQJtNndbl8nLIZYpEYCqgHUFLZaVHhSlPZh++uI7azEshIcnSAvD318hjrJudC5ZX+p821VDjU9KrtoOO6qhttjJyHZ7qiaG01+xt0Kc0Gphr0neFLgkDV1kHs4yR1TJYrawNa2UbGX5hkauYIGXpIFeHPMeFM8V0wWV/THV2FC2VQOI8q88Zfx3c1dJtK1SeS9suOQyCaPUW4kt1KXJaWw0tqqmktbGFUn2uvqyyNLCsXh7Q9yQkFAs42hkjZ2Ci6KaD46R+HwzrXKlPHEm9mjYLQFJitMuYxs7cx39zdcPo6Ph222eltbbfXthuZ7cwoa69rtnYsGe5Yo3/bgkeWZ44/smiMgK/wYAr5dtsUt2luJenOh0rGK0b1A1BQEg+dDlyxTJMweRHADaeXsxx3uuZXDz3cJQ4/t3kXUxjYjkXF9vXrxppn8htBTuxPr9nPtRYlgc0jKszoCZe4QaRbJBbxdWa3MZbUVjkSatEIzK0IahzVl9prliXtslvcO4IfWqnIUA4jhXnjEOZ8WO85Dyh9vNyld1yPWX9VNe3NGrWajJtq7UdfBrwq2JYa+oqGskUbV1U1YyoZX8SdBbXyWNpb3CrEI4X6hQBqkCoFTWgqcuFcssDFaJcLcWwEhM8TxqxK6RqBU5UrUBqj3V89G+SOAafU7fS0dgJt5b2HPdJuOJaPRbKtpZotdS49pdDVqmPbWAjTVotA7GaaZfBAyiNSx6oNn3y5la5mjWGGEWbRSPIpJOuSRyiUjPpIfOrMcT7qzUmNmCyTJKCFXKp0j4q8fcMX3Ucv97inOrvENhQ07NMusl21zYRct2NyeDkcNiWpqIaO2jhqbyKx+LCrvl4grlsAqxqbywrvNjBucV31kiDoEjIiVtOgVbPKhb4jxUZiuJUEiTQnQfUJj+qh91K/4Y5e+JeZ8Vh0HyHxHY1eOUdNZ2twbOK7sdfr3u6/bU2VbEzrpthZn2EUtaOSRkYP78krlySQd9vO27i93a7vbCV7hY0KaQXeMrlkCy+mmRFTTIDGdVtoW2ubS6ESwdTOuqhPE/CGqTnxFKVz4YmeUbz46q6nVHVWdPPYparZapS/9V2stGLY7eGdhRvU9fXqWVuUYWlbKqR29B0sFjv4me3uXnoZY30npRatAGZDuSdQGZBA5AAg4lR3W0uFa16XoQDUA1RTkKhfbwPHjiA4/sqcemhtwzhdjJWm1Xlaq2xBTMVeJY5NfB+YGcGpZbyRiQiqSxLYxXbmJoJGilD/KglmQFDRSa1LD4syeZHnjW2kQuIEK6WUrUYiBSSPb2LySXZK96xe9yT+mzzUYZPCsHgAkabFmQTkM/nIxZe/Tb3YfbUtjUKrjS3MpXNjTn7MsJFatBdPIjltdaVIpz9nLFe5ZSsxU45IPyilfUbFatuwK1SVLN29+RV1yUGjjhsR2Y0Du8kbTeIPiw69E+nU6/wDkkUIQOZLiiha5oFNWNa+zLx4Y8s+s9rEOyLyVHCxxxREMSfiMyClR7cVXX16cFOKXZX7Ozux145rdXWS/iQ/lOkk418cNl5LduRXXxQeLIFH8WR4n3O7urp7kxW6JFaF6AstaiuZrTSM8viHDhzx8n7Xa2UNuZbud5bkK5KrIR6tRoumjucs6gYzaHlM1+zW2s1eKilK0ZEqg3b+2qzLHJA8Ule/XrWoneNwQ4ghkQ4KYHrejbYmiNumqdWSmr0KntUr/APzHGak3y6WZZyywgPqI9bMD4NrC50H7i8eGJb/uGuksewt7nYQxujJLQS9Y/wCrnsJG9exaaNogIRVyrqoAdlHl6dQ4tsOpoIUhGXxaFBHvAxzdxyxz/M3c0xjX4lZ2Kn2iuYwre5nrbEFeGtdjrwMCbdVk2l4sIT5l4ZTcVIJfFfTv+nS22yyRMwnrqplktOPLLBXndUciBIZYQhoSDqOXHgWxDvybTR3625rtTg26gQjZJVuVZfwpSQqSMtg+aEepY+Xnn6Y6eSwuZVazlzgbOmkZ8uNK8sAndVpDINwtdHzoIGpKrT2Z4lbPPobhmN2/7iivKDA5sWWUhRHFMI5ZHSKaROzKje2ykZXPUWLt1E0xWsSUpzGLJ/qI908sl9dFxTT6i1feVIJP7MM9TzMK901eRS6aO3XrRvSljrnU2JEPj+cUJgIlEWEy0qqEHYZ79Hc7AHADx+pfxKzBj7q6ftGEs+/bqSR2S4dFcU6ZziH+pTxHv40PLEfy/e8hCUdlxmzqOX7B5F171/PW0ruv1CNLJbnrqyTx2QXcCLJDn/mJ6lbbtdjodLyJoIUWoIObNUCh48iT7sLvPcN6BDc7fcxT3TvRvy4yY1oTqWoPOgzrxw0u8m5nWrSV7dWvLDLYeOIW9LEtpGhl+3yWM+66KBhQzMhHp26mxbR21JMHLyiUCgo7KPsFAT54r7nuXvMWzW4Fs8DEElooiSaDPhQHzGIqT5G3MSvHY1VWykTwlIbtfZ1qcEteT3lf247SVYssxyqqEKnuM9Sm7T2eYdRLiZSeYKmv2qTirbv7uWDXFc2ttItcq9TUMuHpcADLwphIfJ+yWO1HJRoWfy2exYfzsOzvIviiGMpG/wCPVc+SoWK/rno5u1tvAXTJM9DnmKU+zDJ7+3IRS28tvCetJrICsPV4g6svZw8sL1fljkVaCSJGMQjCiOOB6dOAYieCOKJVrARRGKVwVXxLeRySO3TUvZu2TqfSgLChJZq0qDTI5Z88S7b6ndyWyCFG02yGukMqeXFq6sifT7+WM+2MXCN1vNjyPecOsbfc7aOsNm9rYV9msn40RjiCV5oytSOsx9yNYsRq7EkEk9aG2G77faJYWt4IrJFoAhYE+RNc8uZz86YzNzuPbt1eSblLYSy7jK2pmLLMK+RYHQP4FovOlScTGx39Db3qEv493UQ0qDVmh120s0JmhLD2pbVmvJ422gCL4Ky+KePZeqm3sbq0hkpIZWZiRqoePgaV4+OJ8/c9veXELtaywRotKRuVGX8NaD2AAYu9Dfx262rqbPkVTZ39c7z6+R9xFUqSRWWfwGz1iUa2rvWfNBiV4/cX+FWAJHWfuLA2rSSWlq0Vm6+sEGU08RqPUrWnwtX3Y9BsN+hvY7Vri8tpLuE0jLXJVStKaXjWNY5BSvxip8cXmflk1c6yqlSm2srUbMVi7qZ9AZLewuVjDbkrUQ8IrGMAqygEksSP16prDZ0liafWxuy5/mRutF8BU550y488abce53haK2VIV21YWXVB0HqzAg6V0HTlU5DTXiDjLjtatOexflqbMrHEXNelasUI9hFWXwSs2so2oKUtqdcqWmmQNn69a6G0eWFbRZEIB4Fcq/vV4g0pzpjzj+rW0Ur7hcRMUemkBigYKAoZ1UhWY0zypSgpip7S1FuI60r1ONR0NhLO3/b3JeEafaV69eSu0Q1yQGSG/BIxIeRxckZnUENjt1aW0Fxaz6hJdrcRJ6ZoZmQ+5alftXFTe7la7jRnh22aCUAmGe0hYLyFGCK48fi54r8Gv0PGkkr6bWUNdFblMktbS2eSQ0WAHvQLVpVrtmtHIpfxx2Xx9f16sJ5rrdyst7cTyshrqk0lh79Ip9mKqG4tNnjeGxhtEt2H8qMOF93qJ+3Hru1t+DRSRMlERiNEqUtjHNHWx5S0ZLTmNjA7ZLhMoe/k/wBCyltbyEOramByJpkfGlKH34iT3d4YyGXRGc6DUD9tce0ljlFjZ07NLn3J5desftTUBrtIKdDXwx5sx0tqqQzxmQBQzlvtBIGD366/h2yKLpizs33BqMpEkvUc1pXpjUtP9OkccueJVje7688TS31//TBVGrHCI0FKgdU6Grn+LUSCM8ZlyarpuOXoOVnZ19jurli0tu1xvmVrdbgTzMywVq2kqWNvsoK/hj3lH3NIvl5DsOryxl3HdLVtrdejt6ABUnhRIzzzdyrHOudFxQ7hLYbJeJvbyV3I1LPFcGR61oPy429OQFQG44tVjkvK9uuta5p9tBr2sx3oZJ7kPG9xLE7I1erFFb2EW1nqWAmSjRh5B2YfUUy2GzWTSBLq2a9CmpXVNHnlkyRmMH/W4Hvpi/buHf7qJJL20uFsjJqCmkErU5OJJes48gpPuzw052Z9bTO9m2Dyxbiw9ebQ6yXYre15tMghtxyVxuZNb+JJGEkcLKVDl1QYyJvbyR3TDbrXUkygnqvnHLU00mMsiHxoSMhiu7nnW0ie/vNLielY48miUZ6uppkcZjScm48MVrX7u7fpzF9OunqQ1W/p1vQV6m121uCqAkla1JyStRNGNyC3uewgbOVXJz1Nvdut4JyWuDO6mjRPWONT/AkLUGVPxNnzxWWm8TS25mtoPl4gutHjVZXYfDRnnKmhpmAi0w8g5RXpQmC3+XZK2Y5YpppY0ijsSwqIknirWEHhCrffDmSInv5DOBFm26S7LBH0RlaDS1RT/mqT7ycSYd8e2QR1l6ofUdQC0J5UQ00c+nUrXOlTiBgsyy7Ww1rZP+DR1tldNNTpV5Jrd+ctITat7BbMft0PFVP2hVVQFA6mXEEkFuuiN+rK9ZGZ2AFP9BXLFfaXEPzhuL6ZDCIOnCqxozMfFhIGUN5qBhxT2VmzMkey112GrVZk9yFagtzMSLE9mf8AESFWisTOojCAYQfr36aktJKELOnqYNpJZgDwyrU/fh9N2Rv58D0RaKUVULCvMqAPuw1FytVksSU9fbuTTMzQ/wBSszNDDIZAQkVdIB4DxDYZ3JGB+neU0V1PEqSXMSwrkVUUqa8SeNcQDuFsk5aC2lZzn6jw9lKYVl3mwjlVh7KTI6mMGZ7MyqW8okt2K9XwkgkBx4+gHr0LWNkgMnGL94Nl7c8/txHO8XKS0o0c/wCFQlftJrU4gNl/WNhPPNBeFVp1YOtBpVmZcHzrmVA7PABnCNlEH8IB79XNj8nbwrDQRxrmdTrQvT+YaZ6vZQeWIV5fbldzGeMy9cnNumTq9oIINR5YXr63dxxwwaSjFrAqQSWBra9yzFfkKnxsXobNmwJpmPqPtXPfHVa021M5F7M0q14O3IgjKmnLwxa28m7QMsW1xRwHj+WjGrHiSzayG8hRfLEu9LlhCtfqW2tGaOf321iVZ/Ot90ASGKMtYgfJVo1+xlJyOoTLtDIUVq2oyADGoFa0BBrTPhh+WfuYMEltD81q1aiiNqPCpBFOXlhlPR5NWhkWzIkZZndzPDVSaB5GMkdOOT2vdhrRq38HgFVcD9plLJtDENGGWFQK1lfLKnj+vEdjvfTYXBjE4OQ6Khxz9IUaae7zxGJrNnfE9yCxDbyoeZ45Y41GABIywB0jUr+wY/f1Jee3tD05VKHkCQS32DEX5XddyY3YPWC8TQpTLkMhX21xDy6rckha2vktH3MEQbHX+5YkB8lMNaWarJLOygjwQenfPbohuW3RkPM6xCv4q0P2Kx8+GGLjY96ZjFBayzahX0ldXt9TKKft9+I+1Bu6YjTYcW5ckUkbe3jWNalLiR+wh11i1YQEdlY9upkVxttyC0V3bcecmkVpwo6KfeMvfhptm3qyULebfeRxUrq6Yce/Qx+yoOK1PzHj2vmsVbmu3bylT7taxXbXWocAA5a1MJE/b5gH/DHU+HaL650vbywNEz0BDginiDzxVndLWyme3vIZyY0r/LKiteGk5ge+vnj69yV99t6d25xDlfEttt5qUccTanepLTaeBoLHvX9nxjkUtkK0LBYIvbiKH/2T69fGUN1ZWDRw7lZ3lrZISSssLg6aGpDyxBQfDWaVoOOP0KubPdtzjnudp3C1uN8ljP8A9nuRNFqGY1tb3ByyyzrWlKnI886LlfyDpfmDl/Hdnf0nCub0tbR2VvWcu+Z9hxvjPMNDbs10T/t6tzLgW5q7S9CxjV41lS0j5C+ZLN16Ne2GwXnaVruu2ie92TWwDR7eJ57dwj1+YeKeMUpUAspAqMq0OPItu3fuPa+97zaN0k/pvchihYxXu7SwR3ETEV6Ud3YyRFmajaWkEukEqSAa7d8z8X558fs3PNhw/kU2plip2+VNBroOfcRjS7E1KOxtq2o3Oq5bUpy2nWKvNVrSu8sRHtL9wOH7P3XaN8D9u217B84CUhq72dzX4tMRZZoGapNUuJFFOBx6J9Qdp3bt6KPuc2MskDUe4ETjcLcDIF5I1khulWgorwR1BHw6c8POJcu+Cvkinrqn5MW5npx1M8b3W82HH93r7blKcipx7lGrpb6Ot7rkQSjyVE+wjHQbxY/ULtmeSSONodeXV6QZJBSgPUjMkMfsVApapHHE3t+f6Vd3WaIZDPPGK/Ky3bw3RJzIFtc9KbQOIcPKmkgEVyxy/wDPun5D8cScm1XxoN3S+NNzq5NjJyXhzcA55vOMbO1Ism30dLl8T6bnOtiO1hL2iLrSNDKsXi/h29R7D3O17lS3k7jdG7jjYBY5vm7KKdKUVpLUGSCSpoKMoByr448a+pm3XXZ09xB2gs0fZ86t1JbVbO9mtnYguI5Py7mDIZsJslFBl6cXnh/93PC/jf4w49KvO+X3uQyVVh2fxre2u257MBXryRQbe/yLllGOXQy7B3Fj8BLc8cAmAQA/eKrfPpJv2/8Act1G9haLt8maXYWG2AaoDxrFblup060DSqtRmaNTFlsX117R7O7Ls7uHdNwk3pB67JpZb3WDXRIbi5UmIyUqbeG4apyVPxDm6D++zm+s+Q+Wc31/GNfZ13INXuaWs4xtrtibX8f2WzrwVK+6180dOM1n18KFYqvgYg0jBSf4uvQ2+hWy3OwW2xTXLQSQMNUsahC4Br02IZi2dTr9LEGnADHkC/3J73Yd23m/RWaz7bPDMBayyMUimkQCOZZNBcOpFflyGjQ8WJJpyRyfmW35XasbTfbXYbK5ev2bU8Fu5Ymgrz2ZGed4azyNDCPJsAAfaBjr17btjt9sjW2tII0jjQKraV1EAcSSK1Ptx4Xu3dF5vMxvdxnmeaU1YamRanJj01bpjMEcCDxyxTbIjknEjROn2KI2cyp5KgCiRiVJx4dsA46v0jkRgstCQcsh/hjKtKki1jqvvJ++uBSZQH8nSRfLwZIVZHUHJDeRUIR27/XpmWOrinGuHPmHIDSGraaAnD2ws9eus6K0yBchK7tMCpJAbCD0B9R+vT4KMOnShOOY3SKJBVl86H7cNzMwRJLMPtKzA+ckMoJUj0I8Q3boZIyiAJxocDFMkoIu1Arzrh3XYWZvGFX+4+MccETlmZu6qoVZZCxY9sKf8ugecwKWlcKoqdTDIe3D9vbOV6YWV5HyCpTWa/u+f7Maxovgz5g5JCsus4NtRWkhaaC7sJauugaNPuDBbc8Uzqy9/wCDyI+nWMvvqJ2Vt1x/u9yh61aaFjLk8+AOXtx6HY/SP6l7rbhtt2i5NoVBEkkkaZE+LkV41oo1e7HSPAf7NuX3alfZ8s5jw3jsA8JL2ueWS7er1ZPBQ0tl/wAavSYnIU/ze49O+OsHvf1t2KF2g2y1urgulFcoY0VgTyPHKmfgcei7F/bb3WLZrvd7yxtFjIZo+o0jsDQVqyEAA1FFUio48h1LofgLQfE2whoRcc418iz3KbbFa++3WmfYSavxElm5Qq7Z9PUC1HIVMvAfFs+R9evN7j6kP3XbCZ5rmxiik0v04pmBp/FErk586DHqO3/S8di34t4ba03Od4hNplmh6rq38wxJJ8uirEKEDPMnjjede1K/oFrVuJc010a2UWXX8lo1NbxRUowtXj/CXWtuJLVYx2AI2hlRGx3Ynv155ud3Htl60t3fWNy55RTBrpfMrSh9gAyx6hsuy7r3DY/L7bt93aW/U0lpuj8mF/hkUaph5KQamtcsaJrd2mvSDV7yBrFGPVRV4tdWpy0eORe60axau3Bat27F5QMRqDKAzSd0P0xF5u093I13t8qpMz/ESdYI58acPLnj1jZuxrLbEitd2VZYQtOmorGRxp5jyNcQm85860oOP09Ns9DX1UYerVoa19fFrqVOvEVjoQzMtZVbzVywJAbJUdiTWRbfJLcPeT3Ky3ci+ssTmc+IqB92Nebu3s41sbW0MVnF8ARQAq+WWXPLDCnzp8QJqtX56zXOuvs4xJsZBDnFpZ5XWGVIpVVZWkYPiQ+3k9LJsUUX5l1IOo+eXAezB229TPGstrDrhjk0kNxPPPFooco1DQ1JFeGGN2dIRBLhzgH3sEk5eUfxM33N9T1Al224MrIx1aBUivHFrFuMJiRsgrmg8sRO0+QdLSuQxys7zWjRp1kKszZnkZ2b3ACW9uvE2Qf06ftthvZ4HkVNQXP2Dh+3ES43uwtp1RmzY0HmcGi5lopbEjwySrNHWtAZRlW6W9l/5bTkV4YYGZlkdyMquB36NtsuUhC6iGY/YPD2VGGZt3t5pKR/Gv3jFk4/yOK9cijhejPJYeWaFYDK8pOcTSBJFSSv7RyQH9c5H246g7jZyWw1MahRQ+fDjzxabdepOoUDSxFR4DyxC8krS8prSz0JxptzDZhm025R7FSxSGvkk96nZsVYvyYdTP4/z4T7sEgyXifJBk7XMm23Ci5rLaSJWRag6q1FQGIUNU5EUNfHgYm7WT7taVjPSvEZVRg2ggJmilwCQgAI0kFaE1U8qzreSLNuJ9HyDVyaPZw6ReQvrpKsNjS31kNWrebSXAskVhpLtqOwY4zDNGr/AM2OIY8rOazSCyF/Yya7YSdOhr1UahakusBg9BlpGinOtMU9rfPLuH9J3COS33Dp9TJQYZYwQmuGRaoy1YVB0OTnopUh9tK+0+PP6hybda65HwinXXdbjd1r8R2hq69qtqTT6+KVpNhZljprMsNbEpmMfsKfGVSFs2g3xo9ts5FbdXYxCMkgHWvofIiulqjVwjpqNQcV25Rydv8AX3O+DLs6xySPOvGJIgGIH+qvwmvUrpFCMa/f49wTfUq9jiMe74zBO8m+uSauzBLxvay7jWGrKd1xbY1ZI79cRyQySa2N1ryefdfe6prTctztBJb7usVxcITAisaSqyEqTAV0mlR8dSx41zAxYXO02zxxXu2PNa2ciLKFQDozSSRiiXCkMGLI3qtgF4+qpzxzTBsLPxvd4X/3Kv59Tmm/r6KabXrt6mg4/slqWVuwxVJ4XucTpQVK0Mmo100s1PZl7FeuY/ZCvuLu2buCK8G2kI1nbCaMOoLzQalGpGqq3TCRpEnasbxRJG7Bg5YYmy3SDt2fbod7jj617dGBiDMIo30Meo4Zf9sOmsbW8Z1xySyyIjRlAp1Cludtw6aota3PzHh9+S8k9OGutvcVBJDbu0LZaCxFrOTaeWWq8Vbz9jZVWsRqJbLR+2M78zZ7vH0LqNLHcIB8TelZNJAChCpktGBoQ0SyRTAE6kpqOxO27lsjrNtjyX233Un8sgPLECCdeoFYruDkVlpPC5UBpPgxZthpuEc1r7DYv+HpbtN3gtz6z3KjWZZqbRaqlengqyzyytJcUfgbrXyp7gEzwlFDhbLdd22O4WNQ8qFScwJWCsTXQ1cgc/zY5S34fQVqae/2Xad8R1gdYLiMqrNGeiWKD0xzAhdaqDUW8yEVOoKwIxhvyV8c0eSw6/j3zpwTV/KXGNVQSsvPKLy6PnvChDVmms7O5cogbzS62xPEI1FUbLTxPlnFVZFC7LtzfrrbLiXcOyNwk2rcZpv/ALMY0ktLx6CsIEjBGl5mR1juv3Gmpnge6e29q3m0i2vv/a4d12qCEf7tXdLuzQVpMxReqsVMhHCXjNNUghBGOQ+ef/H/AEt3STkv9t3Pn3tG9E9ilw/mc1cXZfbZoXqa3fQP7GydrUTIpiNpTj72i69q7e/uDvdvmfbPqJaCCZONxbiqn/6kZr0xXLVSP/Tj597o/tgtNwt13P6Y3zXNs/8A+L3HEf8A05NJ6h4nSeof4scX8n+BfnLgct5eS/HPJ6lfUrDJuburr2N9R0tac/Za27axrFvV1we7SWYYogFADuDnr3HafqX2ZvUafIX9sZJAAkbsqOzeC6iNTeCjOmdMsfN+8fSn6h9v3DtfbbcpbRmjyRwvLGo46mCFumoy/MIVeRAJAxeOMf2+/MPMdF/3F8fVeEfJmtEElny4jzbjuw2kcFbK2q/9Gv3NVtI7sBkBkhdSw9VypB6i331Y7I2K7G39wNd7fcMaDr21wVcngySgadHLKuYJxZ2H0W+oe/2B3XtqOy3O2ArWC8t2ZAMykkWRWQcaE1oRiC0Oq+ROC7/Ub/k3COda7XavZLHavV9RtYKcLU5xTtRx7ihr79Byt1Ck0Sur/d6fXqfuG69u7/Yz2W139hNLKgYAzRinuchxl+8AcU+37D3T2xeR3u+bZuENpFMQ7iKUlDzAMYMZ/wCUke+ox9U9Z/cp/b3aSrV2POtNU2UdWvKI9l/WKlQXFhV5kS3a0cRaeA/xzZHfr5hv/p535FK81vZSvbF6ZCJqCnIKxY+wY+rLb6jfTeaGO3ub+FLgJUAmRan/AFNCoX2lhjdaXLuBcq1qS8d5HwrYqyvLVFDeR7NJZvBTD7llSbImUyHC+0GPl4+XWI+R3/arlo9wtrwMpJ/laPdXOvs9+Nwl52vu9p19vubMkr6fzdeo5ZUrl7fdzxZRS2dTRzy8aWjt9rUmaaIVbcumCWLKgTVYy/u0dq7LCPdE0UcqoAvu9VUt7Eu4IL3qwWkhowemY8eHDGjj27rbXq2pILjcIwCdMxhCnwq4aNjz0k6qHwzwpr6+32tdZtpxa7xw0ViltfcuzkvPUUXbF+hHq7Oxm9qyC0Zik8WwuRgY6Oa8sLdzFZ3wllc+lTT0jkPXpT7GP24G32i/nUT3u2C2WM1KrSWSc/vxxwszKOWfEitMTyb6OyzVq9bXw1bjxT0LWz/Mo3J2hRmlr14LrwTxtEwyGYyS9u4Iz1Vx2UhQnqXDzJm4Q+hB55VpiwbdrZnWD5OKKI5B5gYXbnTpk1bIcAR44ez7zXO2tS5sq0bQ24rnhrKqSxXTHXmrGvZstJCbSxvYDOwdVWRR0CbddIZLmOOWQaOZ4Cozw7JvW3CKK1kmt4okkrRdNSSCoFZCMqmvEnE+FvQwy16+500dZniDNsJG/mM8hlxDPWd4pZMyfzDktEuM5GOoPWtQQZYJzLTiKHFq3z0MdLS7t0lU0Jl0aCCKgLoJGqhyrhStJuKrTfmxkQWJhFWSGG9dl8owpaRYk+4pIDlWVWBXB+vQvNC+duWWVfjBHqr5+dPDApFexI73cYaGY6UJ6uTePpUr7M6YVuIsUqpfpX9TPMzqtj8X+nwSzD7Vjl2deOVhHg4JlQ9vTvjo4rkuSYZFmiNdVPiI8BiLJtskKjUHjdmqSYCoB8WPLBNNva1ZK1Pb7bVT36zss4jgsW1ETyyvX9uyZJRaZMAGQeJxkMobA6Zu7eaVurZRujEUz8fHPngYtxsUIs9xmikkrUE/ZTKlOOLImxrXPeTV+4bBkAB/BM2uImwuI3B/qKCbBypTOe/8JHTMwuoFRrtQyhc8sq14nElE2y6YrbSFqck4e+tc/wBmHNsrXgryxxVbMtSUSbSK4WrGWJsJ4IFxD5owIHc9gM989BbXEks5RjSIn08OHvwV7YWQjW4t4xLPD65FPHT+6aEe6njgacslqxMp8YarFDSvxzyE+2Gw0cUtbzV/YJwBg/t6GeV1k0sNYB+HkfLDEEE0l29FEVqANEg4199cTkXtRvFaWeSSxF4Ry2ZWhtTWDIZFDT1h/KLjHclQQo7jqMz9VgsitQH4VpxxaJaM2qWDTrUZsSf8ePuxYKm0i2FUSwbGjakmWBpUrPBIqs5PjCHrqBlUA7Bex6glek7CaOUNWo9mJRjkuoR0pIS3Akipr+lMSESzNhJzJGnljwJKjt9IlAU+Pb/PozOgNKZefH34jQ7TOwBuJNS+ApT3YlasNdo0ngM7wPH4nxHtBf8A+fHIRIig/Xv3x1De9Yg6pIip8AK+7zwDWKIYyqSAE514U5V8ji3auFQrxt45ARpIHAUV2IxGqSD7nMyksQSfTqEJ3dm0N6aftwk8MyoAsa6K5H9mLEkMPtuwEhCxO7RwsTIWx2c/cF9sDt6evUYTrE5BzatcRzaTTJppEgBrU8f25Yr2wrQVwZpZJ0HgpdgE9lWABXLMpzjPr1YWlzJMfQD7cQJes7lSVePkQcj7OGPkf/8AI1PRrcDe5WgWZ19uR1jmUuplyUd0IAcAkn/6HX0T9DbqQ76tqpOSio8Rjwf64LbQ9smev5gf7eH6ffj8/duazM0piDiNpMLkxl/AIpycHt4k49Pr19vokZr6RkR+rHxJI0seoux0l8vvyxDyzFfAFvRvFyxJRgSW7ZyfLvjqWhqvmMRQAJRl4Yj7EisXVQcv/D3xgfpnOR26IUOWHJIptepdIjr5Y+2f9kENO78A6DYQBIthWo8y41c9ilEZp1p7Hc7aqZpor0UlhvevBIHaMIvfIxk9fnN/cdLcW31VuraV5BE7W8ylqaFXowRV4eKY/V/+1i3tbn6LbbdQKROgvYW01qSlzPIgzqMhITln6j5Y+l/wjyDcU+F8Nv2tBv8AV2dNPc0E1K5FXSqZZ71SM7CxYMYYNUtwKkWC48rHYOmSPmvvK0tp91uqXEBtJgJOo/4StCKEZelqEVHHyx73ss0ltt1ukkUizp+UyeIL11H3Fl5ZMcsIcPvSXvibk+yl03IdbY4nyKUani+yqR7aStq/6rta6V6tkUUYaaV9sZzEyvZMkf2eS5ChvEKxb5blJYJojDC7OZenqOgDUV4HKmdOXDI4m7U8nQoEMcYeRaH90OSPOledcNeIa3exabl2o3dO1Q1jV9VcpVuXamJ7ex2IiMmwp6uHbbXSLHBXayshk8CJhGuPqS3dT2plia3Km4dz/J1FUzyWVxCasRmSD4DFrI4mR+plFXI+Xurzyw6293k0G2qvW49sJtKLFOS1tKB/o/Ga2wUCKLXUo4YrmuEZaBY1VrkYadyAwyOjiSz6DRX0scE6iix6dU4zGTh9LMPJBU8ssNTElo/lSXgc0zPLEjqV5ZspKlTRwVP6zOlgQVE5LM96xLGqvJBHFDZs+eypS3BmsPcZRks3iOm9W3W4Es0xZVNaGIxZ8KhuZz4e/BFGjFXXSvsxVKS8tpWaepuUNJR32tWhLpKfJNnZltTWNbthapvU1deVq8lKWxbkmhsRiRLTAgZQdSi9qyJNbtPJBJqA0AUoVApmK5imfMAc8NyRJLmeFP0zBzxXPlN6vHua885jNBrZfZ+Fo73FZ5NsK0knPrnNtDT1yzWftrySCbfThEjjjmjSYqT9iv1c7CZLvabPaGNwUbdz1VOk0tvlp3DGgBp1Ia0ryGeMnvHUsbx74RAxLYaBX9+Sboxtx4gyqRnTKpGIzWaXYbBUi1VigNZ/Xdfep7C/ajsQXZdXRpLvZIZirpYUXa8iH3CezH9nVXdXUUUzTSL/ALo2pUr+6KinurTnyxt4kZY01EkBgSPPx8fPFP8AmbUch0vFeW7GZddBX3uw1mh1lhb9exLLU4wkOzWvNL4SCr4XL5XxiCN7U2BkkdX/AGk1s+47fBIztLbRTuwU/iloXalfxFVPhkKAYyfczUsLySEL15HjBJrmFYBR7tTD3nGH1NbeoxXKt6rUt27t3mu41Gt0nInp2ITUvoyo+ythYHknesrTQhDNEqq5YBvEbh7/AOd6UtsXSNI7cF3AoNahnFAM61LefiMZa0tBbRXUbiItJK+kCURgqsjKMjXgABXypyrj6PaXh3JNXwLQ0pdOld9JxyxspNdteY24o/eg0MjSUJ9lBdmu+2Jdl4h40DxK/ljuD14vd71tk3cEzSTPpaWOjJbB0Kl2UhXIJYEAA+Byxu7W2eLao4lX81Y6ZHVnX97geNK44q/uEq7TV/24/KdGjRQxbbT63U3L8XJZNgs7citcK1mzfX1rlRJ2eH+oGBQZF/JJOFDHy69Q7DurS6+oG2zTytWOcuB8uVFYhOV4U+BVp4Ae7GE+pVpdxfTvdbaKJRHPEiD88NpM1xDGWzGZ9Vac+HPF741PzGT4U4tp5+DSQaAX49vFVo8qrV9frdNq2t3tTXvCW2L+0k2VmmTYrR5T3ZQ+MMAKu+k2lO6L+8sr4vuIhi9TW5J6oABz4LVGUVp8KjmTW322C8G2Wlvd2apbPLJVUuAdMDVeJvFteZ4ip9QyYAUH512Fjkuu/t9n5Pqtq2z5P/djwG5LubFGKOOXWcc4ryjY1GqGTXrNLZ5JfrNQTyb2wJGkkwACbTsmC2t5O5ZLSZVtbftW4V1V9YBnkjjJOdV6aF5VWpNczlii+ps0qHtKziT0Td1wMsrKVYPDDPIoFagiViIiaAUcjzx2dzrm6z8cTTV6PJqdo77T3YqFyvobDbWGC/up6sV3XpNQ/qOi/Nh/HgrzS+HusMsxTJ8027ant7+WWTpfLhGGo9U9OtVZRRSoBoDlUZ8cekalaJekACFFKE8OWdfCnh4YwG5TlfnPyDq1ob6LWLd0EOpuHYyxT7A6Hjer8CBpmepdsjzdrZ9mR42jAZyuerye/eLaLS5R4TdBKuKCq1lcGlMvLLIeGJtjCrvMbr0jVSnKngP09+NTqcHXW8H+SNxxyPaNLr+NU9ikdyRqQ216vOb2vje7Zu14btZr1arYm9qJncJgnGR1WWO6TT7tbJdshsTMAdIAKgqwJFKciRlWtcsV3cq2VrYBkaswjLHnzp+3F05loN3rtHR1dLjujTdJoJY5knns3KMFrUS05tM0N7X07chSnroXSWRnhjQzERKxcBWLC4tJrhV3KaY24I0MAM6rIzDlXPP7OWHZVIlf5DKPVx4EDLLPljROQxbHZbzX63T7Ti/G63G4dVZ2eura3X8u2Fz/ALn2lOrPLLJdsU/6BSs/jmuJ5CZfx48t2RQYVsbaO2a7liuZjIAqA0jAdombUJDkakA1pypyxBlYqiTsaycif0/ZicvT7TXvxySHm3yBtrE2tr2rkHHrcuu4zSr7quzW6qQwyosNPWW2jamWM08kssjO7kKOnoyghf020cLgFOtU62NKjNhy4ZiuKxYpDcM4ALcq+P8Ann7BTGM/IPF+bby9bsX9ZymmvJ+Owa2/Jyu6LW/saIbPTU/wYaWu2EF6MT78Qx1oq8kb14gzunuySILG1vbCwT8vQ0McmpdKqED6GFFUKAT72NOWLS3SGXMELTiB48z+njiN5f8A2/8AGNBabeQ2rP8AXdbFZQ6xtVsN3sYeX6rTNerW0u2Nw1CPXT2LakuFR48FYkkHmeug7i3O7t2tpwPlGJ6nrRKpwC5rUrXOtR78OQxWEdwlxHGpuENVarVFeOVaE+0Uxkul00HyHt7POOT6EbetoNxQopr5t7Ukbb2bUbNfvx7Fmt0tKvHK1OWawp8pwpijSGTzx1ZvcT7TB/R7OVkeaMOGVg3SahMYVCD1hKRQkCnhSmc650XjI8yikZJU8KHxqKVqT93HFs53vfjfQabm2s4twKjDWpcp11SzZsq1mvs99NNpdbvN9LrtLWqwwaygTUljkLCO7YiLM3ivtiBYW293V/b3N7dyPdtb69OoMVVRJRV11X1Gi0YcCedKR1EMET9FQAZeAqK/rxTPgfj/AAGjtuc7Q661denLZaaGO1xxdJLS108r6iONYNFPuKmzt+MnvLHNPVMUg83U46n903+4tBbW1Y9AWpYl1kBIOscShCNpUFVBOrwGYWG2pHcS3PqELyAaV8+NfKnnjU+acX0bSUYVsWJtPqeO7fkt6pDsNrDWTcvVq1119KePwjbS0zcbzECSmQiRRgAHqi2++u1k6bRRveSPoRviJWgJf16jXMrlQZVpzxZPaoxMkeo50UNThn+ntxztxff7ipxubZSbL2k41vVq0qTTU4raWLMEe8o3npymRrWunnjdLauoBUgKpOR1f39nby3whCSUubah05AgEimkZUqCTSntwUSvErMuUq/EP2ffyxVuW3biUuO2Vq7Wv/Vdiuz3Eo2lqOtb2N2OCz+Tra0GvgpUKcVjIkroGGcfd2x1Z2CRSzSxErSOIqlQKD9Bw4n20rhmWO5jjjmaugtl5D/PzGKHtId5LpuVbabV261IXoGXYyljHNT1cdUqqNYt+fsoTgEJklvQ9bXs25tE7w2mDrIZyWFFyIqDU5D3Z489+q23Xd79Mt71xLG9vGkoUf8AagcSv9oWhGKNV5PaaarC01rxQfbXl2Fmqqv4ZayspnNeNmZvqgU4GBkZ6+kZdvEUHTjoV1mmVSBXkT6hXjxx8K2u+TG4BOr1ICaMwqSMyQpCk8OIxHbLf1RmTYx1t3buTyWD7lFdv5ywOkQrWbCubMx9pRl5XDH92OlWzuHURl2iiAyIJqftrgp9zijLXBiWV5Myp5Gn3cPtxSLWyFmR42QREsZPak9tWSTLySRx+Bk/kwu5wM/XqfBadInqZs3vxmrq5nnHqQKRy5HDJ78qp4NF9uU7rlInLKWZ43Xthvr1PUVJLngMsVktX9cqhWrx/ZgpuoyMk0siq7qSoxIron3zRqFACzBe6dvX16NUlMmpUGnTx8cNVJPlTDnLTskUEjO0YEwELuyCHA8ElrwqXjbx/iHb7s9CqOAJHNc8vLEgwCRdEABY8RTnT2Ys8XH7c6VzWt15ZrsIsR1KUGweWmE7yrfmWjBDB7AXGTMFAOT1WNucUa0mSRWU5sfu+/LF/b9vTXESGGSFnkj/AJI6vUiPNpdSgaQPEjFXn2uh12yfVbKxY2dilJYq25tbT/NrwTq0TPXazK8UVqZvfGPalkVSPT69WMUO5yxLcrHFEjNkH+FhTj7cQGG2Wlx8lLI1zKAayW2UYP7hrnr/AM8SH/c/E4tdDFQ0W+n2/vyvPbub+3XpspxDBHBRrRH8T2hFlizMfLIzjHXNY7sbjq3NxAtrwCJCjn2gsyn3Z+NcSDu+yQbaqxW88m5VyaSaRBQZUIVSDwOeRxBf943VZx7WoRgxWWN6N6+XVvbEbK1y8VWdSTktGM+uMdTU2dXJLPMwrxoFP/pFQPYK4rW7iulUNFBbLU+LNT/mahPtIHsxC7G6141mnavBNWadkiggq12X6Bf+nckg+n3E/XqTbW4tmdEGpTzxAu79746pWijUD8OR92ETYdUTDF64VZEZwsoOXCzNhAzD2XIUE/r1JCIDkM8QyWApkU5EgGvuNftwSperyERiRwZZmghMcMq+Ks3kQZwMgMvYg56bngKEMwy8MGjM6GtKV5ZcvKmJCOTWNEkR2RSXMvmImiZIZATLH5OwEhCxREdz6HqNN8wx1xx1Q8DiSsNjIulpmSQcR4H/AAwSeOOOuWlWP3ayzKnvQZyfGN4mr24AxaGQuWPfI+nRWtwOusdaKTnSvhgLiJYozJKNLoKgAD2fpXERHvFriIVI7aSiOAKIpFVozJK5mnw6yNYRguVDkZAz5du5GxIJkdi9GrmeRy4e3DMF+LcjokrNXI88/uz9nswls+R1pRCHpUZmjmf3HlryQbB5H9Z19tnVfB8r5IR6HqRDZyE6ozkx5AezC3m6dQCNogCBmanjxJ40xGDkbfjmCvVhmHuECZYIhYgdTjEdj+XPEf8A6lW79OLaLHKxmYqpy93hTDK7sywn0k6cgfIfpzr5YXi5BNG2ZhIUikjm/wCqrxiSOaLw8VQvGLAKouB45PbpZoYJIwU4HIjxw2m53MTB6CgNeAriQs/IFWyoazrYrc+ZHkvTkz3ZSHUopkfA+xF7BQXx29M9VsexkVkimZYznpHP9OeLr/ygyoEe3UycNZ408PDwPDBDPwbc1rUXL6e23sU8pFeBd2lKrUX3fJD/AEdql2na8PED7oY2wMEkAdcYu4bZ0baXjgVGrXpliTwLBgajKgp5V54L5ntm9Up3Ak9ySo06ZdCqP3dBgeMmtTqZgc6EUFSZKHAbf4evpXt/oK9WO08P4iwVZJLbTKtVHsaKSvTMOSfP/pyAP0Oejnut5iVrieJLiYkksy6hXxAfUftrifaw9uylIbe5nt4BwUSANTwJh0R/+hVFOIrU4pkOg5RUnucpl5rq9hVu2W19bia0dfPsIlr/AGQWrdpI4lWJlJw6uz59D1Nk3HbJhFtbWdwoVatcFqJJ/wDTJNAf9Vcq5YrYtl3cLNvD7pZvG0gC26qGki8nURqSKfusD4nKmI7Qbv8Are1s6uVNpAZJYKs802k2Gg0dfESG00m02FhoA3tFmMgGX7gHvjp7crCGyshPbiNqZhTIJC2XB1pTT5040xG25JLzcntw7RxK51P02RaUPwvWta0NK8M8Tf8A2tPe29TXw7KGxNd2YqQXVjv2aUtZpTHDYMrQ4evGVEZYuF8nXC47msbeYLbb2upEWMqgJAAAXPgABSnuw6na15f38e3wyCZp3IDfFqHKrNUnOvPFr2Pw7zLT045NhcsB7VivqNdrodZudnbnt3YXaOu1mGhBRp15ZP4rFiaCpCwP3k9VMHfWwXd0YYEXpJF1JH60S6Rw4MwkJ/8AkopPOueNbcfSPumwtFlvJ1XVJ0o06EprzHwL0xx/nTMsNMq1BxzNBz6rFuhxsa7dX94+3taNKFbWxSNXtCyYSkk5sfhvH6M/toD4qTnr0e52xo7E7q0qrtvRLCR/hJ8W9vAedMeRQ7hby7iuw28Ms26yTiLp5ZashQ8qHP3HHUvIeDcd+O9B/wB684+V9RDxy2yRQxazj1/ZTm8sxju62iUerJYu1pkUfawRQp+mevNtu7nv+4r9dr2LaZnvlDGrsIwwBoHLkUWOpGdOJGPYt47B2zs/bBvvdO+QQWDsqhYojMQyAh4+mCDrY5k1plSmOcLPzV8bvyaN+J8N+SOd6aokSRwMa+tk21j73s35Y6VXbWoIoVLIICHUgli2Tgbxe2O4Yto07pf7ZZXjkljUSdPlpLlkjalK1Hq5Ux5j/wCTdqyb71Ni2/c9xtRQBK6er4sEVHeOvDQSVyrXM43CnJ8kckr6Tk2h+O+MfE2i2V27Q47DyLWnc7vYONc91wNU3iUrtVjLGR6aYxkMPriWbtWweTb9w3W43W9RNcr256NtGf3S7VJFKZ1449Y+R7xvUg3fa9jtNmtJOskQvAZp5NKgqyxrUCjV/wCmv+s4v3Ffif5/la3Zv83vPT2UE0ssVTX1xUghlja8ktWq2noOteepYRIvGUkYGT69Zvcu6/p9HpSGxMlyhqSZJFr7W10H2frxqNl+nv1XuYTcXl+RbMKaVjic0oeCiFSftGWdcsSOt+PPkTjUrptOX1tdqZLkUVSzsdnRk2dyWKL+YLFACY5RJvNli/8AsanBz01f92dvbkNdpaNLcIua0YgLl/1AQDmRlSvPEva+x+7tlBfcL62g28yHNnjSQscqBChNeJoDyxW+T1eRabkPHtPQ2u15TWs7O3ByzkOupQWFpVqkEbsa2tpzzXZIrMlhQJavjWjI+6X1AnbXd28+3XN20SWlxFGDDHIG0SNzrIT6aDl7+eKXdttuLPdrXbepe3sDyEXMqREvGDmumNAWeuQ1UEfKtQcJ7uvzXTU63ItdwpI5dTe/psP/AHu39HvXuN2Ip2tbu8cWG1yRFVkInjmdq6Fg2CvR7fc7Xf3D7bd3kjrJGGX5ZOoDNziXncKP3lpnUcsOX1pu9hGm72thFG9vIUpdFYnaDiJ5AH027n9xq5AHninb+xwrdcYk3+t3mw3KT6JZpI+Ma6qOR67aXJ0SCWjpYxBJajjwVlrWUgkj8lkyQ2OrLb7buCw3D+m3MMEZjmoevIY4tND8cjVKDz8aDnir3du0tz2g7lDd3NzE0FVNqircRtUDU9uaCXw01GR1csUHiOu2tDb0NpySCjd49sopKmvl+SK1bj28uNTjSW1FW1us/EnOxRVOIzM2YvJsdsjT7xuG23NtLa7SZYtzjI1GzcOgFKZuQagmhyxmO3tu3K3uYb7fI7aTaJEIVL4rDM/MdNUeplCjgcitT4YtVh459r7uofW8a1znyajoaVyzGrw/zqkj2nszu8k57t5SY+hGB1QRRD5JGvVe6nJzd5FVh/DQqfbUeOLh7ul+gtJEtrOp/LSGTLjTWdRDPTn+7TB9dXo7vaW/+6eQcno0LASA7Whq+Oy1o5F+6WtLCdZLM0DZyTkNn69SZ7i72+2Q7PbWr3YzWJnYknxJVgCfYBgLGLbt6v5V3+9uorWSoMyRoAAMqKCpIHtJPE1xxmLXCNdKuw4brNtSmqOj0dhd3MrWYpoyGS08VOGD2ZoiCVYOMMB369dRd8u7bo7w0UgYUYU1ZeGk8R5Vx81rLsdnIbnt/rJKKFJH+JSOa/s8OPLCm8+SeYcmaFeTcr3PJXqFUqDkl3+uSUoZiHkWpc2sNiWFJQMsvkQpAI7jp7ae3Nn2wM1laW1pK5qfl4+mrHxc1zJ5j34Dee8e5d3VI943C5u4lNALmUzuoAyKOQNK8gnKuLXQ/ua+cOO6enp9X8i7GGvq68FTXpMKVu3BDHMJ66pZu1XEq0pIwsPmx9r1UdVFx9Ouxr+7NxebbEZpHJkdfxGlKmvPli9g+rf1H2uzW1s94nW2hUCNCOCg8MVv5I+a/kj5fmiu8/5Da3c1Ufy4J6lWMV5WC+VkPErTvK5HkxJ7t3GAe1l232T2t2qjQ7DAYtZNSOAzJ/biu7s+o/dvfc0Uu/Xr3YjA0q4GnIcRTljOKdna1gJKaGFHQrlHsQs5Yd/cUMsRBGfUYPWmaGAijgs2WfhjDLdS9Vjb1jrwy4+PDx8/tw89m/LGCIUSf0DuzIr+RB/hjyD37eXQyGOJAFXKuJaFnp1DWT9PEDDn+nzeIWa0iSkr5ATP4r2H24x37f4dCbqLRQqMG8UzEaXK+VPvw6i0x958tL7Txxywy++MSzggPF7bAexGAP8A3fUdRxexZheA9gA+3CHbpyussuo+yv2VqMGvaFVi9+00TRLI34zfmyjzinK+KSxfcHlLHAHXCclgJKaD5Zfb/jh2Tb0SJmZsgPHPjyXifcPuw/l49d1mti2Ww0u4paufst2SCdNe5yQoFlozErE+gLDP0z6dMLeiadoYG6kq8QudP2YfuNpls7Rbm8hkW1alCRzplwqRl4imNI+NfiXZfI80v9Cv19dq68qwX791Gsww2HClYmSMo6HxZe/kAD1Rdw90W3b8StdRzSXTfCiqakfZTjXF72r2c3dMrx2UsEVuh9TMwyNK8jXgRyxtq/2gb5XM7cw49yCmkzB4tS+0TYzhRloY3sQvWaVFByqyMcDrDyfWTa6CMWl7BPwDkUC+Xjjex/RHeTnHe2NxEOABJ0+TGlAfaRjq344/t7+NuFbSDYazi+zubKo8N+C5strbu7FlaPAu16kFBtfUSCRCIg58Jj9xwQOvMO4PqJv+72jpdXCJZONPohCo5rw1A+VfSDwx7l2l9MNi7cv0vLO2kO4A6lMkzNIvKugjLKvxUGeNVj0GiAfaW+Gba1R3G4gFN4o5rM9u9MAjXvxaFmIeavG3vSgBUAOSO3WKk3SUdKC3u40mSPUWNcqHLlxrQZVxv/6K9xNLLf2k7xySBAqaSTqy4a1y8zi61fjehxyrR/pTa+hx4xSWK2ok01i6jSzSi9ItW/8A12GVBCUId7ckkIeTCxsc9UNx3wbss14gbcjkXqACBlXM41Vl9KmgCTWU7R7EgqUYVIOoggAFzkcsuYrwzxaK2045qJNlu+SaHVVo4KEQr2L8DWRr/czYv2dmmwMtK7LWRkevJ4sIIA6AYOBnLzdNx3BYrPbppFkllyp8JPkeH6UxvLHtDt3a5n3DcoI5hHBVurmB5mlSSB/JNKwtU88X6XYLbJlS2s0sXtZtCeyzSxJWjDQa4KBAYKkskYckH3SO/cdZbox6tHB6gZ+JNAK+0088ehqZSV0RMsK1IqPLyr/lhNJdXLHVG3v/AHzzQRQyWR5SWC0y2ElrJIkaWUrSQeR7+JAweowgmSUxW6l1XVqpTLSQGzrSoJAOeJz3cKW4E7rGK1Go0+yuFUhGxefWPyFK0Vizbe1tJbNbZ2fevK6FKEcreSFlnIKoCsQfx9Bnp14GRvmY4T1OBzFf14gybgoi0ddGqcqGuXhlXwxI0eP1t7ery6qSzDrtFdlk/KL1rFe/IaVz/op3lhaGF3mAMgcM0MQf2vJjjrup8qjsUjIkj+E5EGvA+f7KYjLPLrjCvULJU8cOY9dV/LtNDLE1SJUltW5YK8b2Zv4ozAkCR01j8/5aBVDewAJck9R5JiVbqCjgCg8fdXFhAXsBSUepjmf3RhlbrakXFmtza+heiirOr14ErNepXJ0SOOpHXoT0q3lHG3m5AeMDy+veXH1hCIX9Vu5yoeBOf6sVV0SJ1uLZTrVqkjmM8VGrp6dyre2v4FL3/wCuNsZgkUUM2y2Nqu1S1U2LpFaENenXhiCKkQjdiQWQDyM47i9no6wqqjQPAAmuZ5ccRztYu5AsFAXl6jcOJAXLx4cq0GZoMZdur270N7Ww0aKjfWY6/tWK1qGOWtXp73U06cNzDR/lyS8dhtq7PH7MMaqFZpArdX1lBt17DMbmRRZIaaSc2rHK9R/+E0J7SPbin3GbdNunhWwQtduDqA8erEmfL+VrfjwU+WLZq+RVtvV2VGJdxpN1V2WyalW2McCJdrtLLLSsoyEpZqbCv7hb228owCD5HHVPdWU9sRcP057AxRq5U0p0lPU8/wAs0LA5cs64vNv3VL9ZbBjcwX6XEjxq4B1CV9MZGdCHNQudQcyBTCTxXNyuu2ephe1sddsIa1vXbFfzPxHUe1d12x9uZfzNZsYm/wClmcpNAmChZMg98xb2VYL0MUmiJVxkCoIBov8A0wCQCgqCTqrlhz5a53BVuLBtRjk0sj8iKgmvGRiQRrNCBkKg1xft38l1uP1NenI+L3tvxppLdTdXtZJHO3G9bZErLek0WxVLG6p2o1xYmh/mgD+AHANft2zfPzOLC8ENzT8hHoizPzQXH/4uxWnqJGrhg9/3BbG1jN9ZGazr/uJEq3RT99oOE4H7oqRxIpiix7GtrLt7m3ALsF/465RQqBIXlaStBt6s717tzW17SMiai/pzFJPC+Z0twGFWVC6i/eMzRDaN7iFtv1s1WZGqxi46NRPqJJoTXOIk1xnbEm1lbe9iuFu+1LtRoV6BFl4dTTWoFATQDKVQOAOJ+Tnsmy57qfiPeayxVk2nDtn8gQ3dVamryx67U7ZdPUGt2KyU1uC/YuSLcgUyCGNypSRXyYI2xbXY37wtJnKw3cVmyMGIHzQ1+tRRhw1DgTpotWGJF3NDd902/Zl5Do3Cfb2vUl1GPpJayCNU6hBU6XycDVRK6wFapzPRcL5D8SWbMnF9Xf5B8U3KGzgi4DSCnl/xwYt3csapuJ66w/4u+4rHU2M8tqiLIsGVkEcUXdW025b7t3d1ui7o0Fv3ijAC4IdbO71KU0XMpRDFLRV0NppXKSQkjGb23tvfewJ2baIpLnsiTrFLSP8A+1WJMiyL8mQSbq30tIXt1kVkYDoppBBvNPZ19xZ24p7qrQ3Nfj5tU+Qa17GontwPJXii11qlsqtyRqYS7C7RXq1iGCQMPJW7LSRodtWJih/p3WKBMpFUkEHTLGW6gJRyvTIl0oSQVGL6aS13iWW1Dh78RCQSohtZCvpNNEgEg061V+urR6zTUjHFrh+QNrp6Ve3zfgu63vDLdSy2wt6fj9/cbXR7CClO6l49bYm3etqX7JjWNo/fhZvL2pQPEK3DtcG6XTRbTdxRbnkYg5EfVUgEMhfQrAg5ULH+A5kxtw3A7Fao+7Q3ku2hSJW0FijAkFWigJnjcEGsrak5VpgPH4i2OsGz4ty/baejyXZwTw061HbW4E3HtLM17ZnTwR2NHfqVh4fk2g7K4/jPobAju+3uTabpbRyG1i06nC69PigdlWU8iF0mlToyxnivaFzCbnb7mWFLt9OhGOlpOPUcRqzoAB/OaprlXPBq3JORm3SeryXS82NUSIq25dXHzmlQB87CazdCepfswTrI3vxTgmwmQAGCkALHam1B4JrHWMyqubTVx1PHp06+JBB9Jz5YRdw3RABHNDucKZZsougv7qyaqhORBAqMqZ4y6x8H/H1nkx+ROE0+RfFnNbafmbiHhvJl0Ou2t6slpvG/qd/p91x2292Kb+bcEays6KTk9m10HeW8x7Yuwb41vuewhfymu4WmYLmBSeOSOQlTXSF+EUGMVL2jtR3ht+7ajvdm7kZi0otJFihkqcwYZYpoSGFAxpqY19QxaW5l8taaTb09rpZ+QcTWYUNHqOQ8OWg1mvJHFLYv2OR8IfkOuljsWEYmRtbQtSTgN9oOBFi2DtidIpdsuRa35WshSdTRs8ujdLFPGaUovWmjpnzpiVP3Z3VavLb73YJdberUjVraRPSAMxLbtNFJU19TQxS1y4AHERNzH4u2KjWfIPBdrp6KStHXuLTg2yS0mkTEAS/7G6qymUqfMQn9HJznp2HbO8reQTbJuFtJcHk8rQt/+bIlg4V+FsM3O8/T26Uwb7YzQWY4kRiQf+orbzjP94thptNL8Gj2bVHX/G15JWFqCPZ8a1w2AgSURfj7VZ6WtsJIQf44biqCBlD6ibZbn3q0ZWW43KNddCIrhumzDM00ysKUB/6Kj+LkabcbL6drIJIodokXSdJnto2JBGSv1ERlHD1LMxrlpoahjruM/HeiEcNulxmOhbj9mWKjzbl2gp66S/K8tQQ3NfPvdTGGVwobwqeBGGbxAJkXW99x3hfpPdM6H4mhgusgPBxBJxr6Rq8cycNWGx9lwIguYLSOG4Uo4S7ngRTWoCGNp0RDUU1aKGvLGkUdFx/VnXwy1ebxai8r022Ot5lped6mk4z+PH/UNTs5NticfxyiHyA7Fu3Wbl37d7pXTq2LX65LFLC1hLL5sJV6aHlQAAjPOtcaWPtnt20SNjFerYtl1YrhL+KI/uhonaVqihqQaE05UxL2NPqF1tcVuS8zShLFXSzQ3Otu7+tLXlkk9yKO3XhtW6xMRJPuO/bsw6iQ7xu5vJA1lt0k1MihEDD/AExmgc/szxYXGw7GLOPRf38Nq/4ZEFyrKcjqbkPs5YZSarWbS1Bx6XmNZNVrZ6ckWj2kbNr7UkUbPRtDV7KhTrRx11IZBXsQeMsaljgEGam7XcCvMu3sZStDoZq0rXMRk6h4hgV4HjTFRcdp7UTHt53OL5KM+jXQqag/ClY2jP8AFE4kpUfCScS2v+PpIrFulx/caaxDaQ3btulyBdrtltpYkPkKW4/Kv00/nFyfyHhUsQhCgDpt+6reK2El/FNDMGoFa30oV8SUZNRrUeoF8vCgBR/TpGuuls8sLwldTMtyxfXX8InMzhaAH4gteVanEdt7fI+E7mtr7028p1rtOwatytsaNuOysOIxNaOvtW9lSqzOPskavHDGe7yKMdTLe42PfrU3MawUjyKaWTU3h68gf4S1efA4pL/ae4O3r9I9d6bWSOmpbgFa+QTiPMLprzrh5JsbtiMR3d3sUQqCIrFv8iFZY5RILMc1ew8YQxPknBJUnAJ6SFbRHpDFHUGvp4j2cMR5zuWlopbyXWOAf4CeFGpX/jTDOXY2oqgoRx1NXdhgmMf9CmX8lNlJZWY2K9mVGim9+OEFpHUr4u2O4yJRghdVl0eg518vH/jiud2iJhtzFHIpzA4lzy94qcWuryq7BPHfRdfTZKcayyfkWRPBcllb2J02MlhEWOAMYkjKYYYI9cCvltLW51R9N2BNagE/eB92J67hudu0ciSwhguYdgDWvDM+GLlV+SNnFWaGzrtPajJkk9+eIrYKMB4thnWNiT+qMe3VPN27YM3TieWJyeFKU9x/bjS2fd2+W0ZLQW8qngQQa/p7cTGo5doBspb8snHdN7dF02dKOtuK1e09ad1RBNEBSlsO7FwVfOP+DqFedvh7ZrVJp30vXWadQDxXOnH7q4kbd3bJBf8AzywWkaFdLop9BP7h8Tz9Nfbiwvzrhqyi3r6lu5flhUxpQjBhCyr4+Jt2HDyls58iMgdsdQV7b3IJ03lbpHm/xe+nLGhl7x2fWHSJutpqRH8Jz4Z0y/ww3/r9CxJBNQ0dLS3opFnaxsLcUTmRQ8ck4WtApd/BlXDKWOf064bTe2aMZJnmgApoQ8/HOn6DEU77t+4fmRwQ2twG+Nq5inA05+zE2vMKUntwtbFoRSCGykTLGpuiPIki9qBrjPD9SCBjqAm13EAEhLUbPOlffniRJv1qfywVZq8gae7LFjp7ygs6ysLUgcwxmKWKwiO4AIVRIoJAyDnGD1FltLmTMiMEfbgl3OBh6TIfCoy9+LLS2l99gsy2YaldTIZzL5M0UbhgghWNgTOxXt6jGempIEWHpEEytlln58sMpdtJISSgQCpL5Cn+P7MaRHufaqF1nFmOIRl2l8R5FSVJb7lJIbt9T1SMWci0ETllanDl7TliQLMO/Ud7ZYWFQSwrTyBz+7GZ8h5aliaekkbxK5WUy+9FWh8IyC6n3i7ZH6+PfPbq+tbToDqlQrjgtR/mMQJ5LeFzb24EmrmAaZfumnDHyb/+QDZT2eJTVvxWTyhX22klwzRF2dH8JHWRVz37rnr6N+h6253VLkSqzaaEZ8TXLh4Y8A+ue3bjDs5jkicRsvMjxB8cfCyz7hH2PC2GYyNhyrkqoBPiVJGFPX2KsyvRpBqFKDlj406Z0kgfizHniIn/ACWGewX6+B8Uxkr2DnPUyGWAKR8OfmcMyAsRliJmgkLfy1mkkcDxSMebSMxKoVVcliWUgfqR1KWSKoNfRnX/AJRqb7FzOIktuDqp8eXP94hV+0sB7Tj7x/298ctcP+JuA6evxttPcvcW1n9U1WzEtu3T3PJUnGznxeRZ47z15zOg7LBJIYwp8Qevy9+rO+Q7t3/u97LcGYrcssUgzUQxKyxx08Wrllyrj9l/ov20e3vpbsW029tJZyfIxGWGT0P8y1TcuQ1CdRochUj8vgtcd+cflsx8J119Eq0683Kd9PW14ksPt3rwNBNSisTyOYJV9mSRG+0GCTBH8OOvDr820t4DGjvS3jWrcCVoCAeZBx6vGskTyxTH11DAGmfEefjiY00fI68kk+n2mn081HklKCRbNGxZuWqNnXbGGuZNuLCVZfa/qEr1w6A+6WYuAezF5PZNEYLq3d0WMUIGRJJGn28/eDh+3tdUhcsBVST+n2YyblOq5LpLe6r2JBv5HnvQvY10WYJBA9WurvupRtU2euljg9hI/NFiSIeOernb7vbp1iKBIHVaBWZQRypx936sJKjRRkDMtmPP/DFt023m5Zt6mpm2f/a2lZNZua1CxJTr6C5LVqeLV78KGOk0kzTB/cKSe7MrS4jZvtpruIWqteoPmLwMIhVTrA1ChWgNc6AeRz8cTiV+UA0N4V5/dnid5vttDqUpJp9zX3xgl1tnZtrpNfBA9qCtVipf1HbU6y7KGm34ZLJUf8hpfJWfOB11hDeXCtLcBknzCAj1agQrGlaUAJBLAoDxNaYjCIBga0AI4nkRlTlwoR5UPA4NojyjmYjn3UL0KNWjLd9zT07D8h03F0vSabUy7ayIJdlx3jdm1ZYUxYniszCYMF8WA6R7aPbqLZFnkQFCwoImcjWRqJWNiBWpi9IGXHAi4tVnEBKx3EhbQpIGvTTUVzp+ICmRPLFb3XDuPfKlvaazRIeQ8LobK1xPYbO+8tCpNf1NqrFbo67ZbBhKtrVbGuFmwCPy64WQkrgTE3S/7VTq3um33JrcXACA6lhaoDMvgQcgRqowNKGuIKx2XccMkUQins0kMbMK0DqfUtSACVIoStRXnljQZeMf9s1L2qo7KHUivLZsQpqas+uWrLHPJWatBSzZYx2LTLI0rTP7xLnGMHrPreT3iJemP8+QVQMciBln5cxXyxdLQDRQNCPHh7+ftyxkfJeMvf1VKnJLBfi2m/dal78q1NejktyNr3uV4dik1WpJ5BWYSJJF4qoXxcqw0G1bobO5edml9MRLqtKFB8SivNvhy8fDEbcNtg3GARvGmmuWnk1Dpb2KfUQeQ8ccxbKvBxnndrTcjoCTkVXj68S1NOVdNsYQlHZwb7knKYakCGtHf2tGpJNLKT7n40sQ8uzL16dbXN5fbEJ9vcmw6wlJpmBIqQxwkniVJVB58cqHHnB2+G13Rork0vGi0RKeL6SzyMvLMhnpXhyx9EKb6Pm+qpbu5dSG0qvsdhsp/wAKxY3EjaB9RbqTxTWk/Pjr6qnEuK6opSPKnHXiUzzbbIbWAP0hUomn1UM6TcMv+oAPLUMehLDB0WMdPlyFrTgMhX/PHMH96nHtVrP7WvlTaab+n6zVbHgnGaEi+1Us7kbik1HkF5KN6ui2Ym3NbUxRiTMxo2ljk8SuevUPo/c3k31G2e1naW4kjvJSy1GQcMupq5FRUkjMn4aAHLy/6vW8Q+nm+TM5h/2xdOZYq8bqiaalXkOlI3AqjusgBK0w549tNxQ+NOS6O49b27c+qi1MUc17ax8fo0btfTRaGGxLto6tiEW9e00/jChnlj8sjz8RUXIs27givIgDCFHVDqFM0ukS6gAikUEuaGgiroFTqxtxYzrtUXqWNaFQlf5caMY4oyeL6dDqJPxMJG/Fjmr5NE+q3fAudWtlPuOAf26fJPA/kv5aq7CZkat/3VvNrxCpttbq7M1iG5W081qC1fWWUyVqlZmiV2VPH0PtJYb6y3Tt8RdLfu4dvvLO0oBoHRiW4Kk1HrkUSRQ6RnJIAxAqcebfUqVLKXY95udLbHsm8WV3ecaLHK8trqJGQSNpknmrn046x+oHHXXJ9vu9JyXkMku1pXYpbugvcfn2V67bmqaHST7Q1q1VPtWzDa2FydpvOST3kWF/cUoOvL47iPcNuhSSOVHMcomCqxXqOoKgN4kUBIqNYbHrMW2y298ZQ/oMI4cDly56TxWuekiudcZfzHa37XJNZsodxabWVuTwySUba3IUo/1zRfg0a1MtMKojlexOzGTC+T4+846s9vEKbbJZ9N/nDb0L8iQwJB4ngCf8sSJLeWKWKQmihqkczypjSuHcZsci+K/lnUNu7kd7lWmko8ZEdOXZtQuaWrNuBHOn5CwSf1FoTXwCBGJg5yFI6gpfw2m9WFx01kjiKl61HpzBI51BINPCuIm7WtzcW8iIwDVFV58fPFlOpkj0PE7L7V9RYtcFk1m9ue3Uqm3XtctF0Ur1aCRpItxBXX8qfyyrmOJCSqhRElv7eW4ktolkltBMpVCB6VEaAkHL0h686kg0yw3FZSgOFrqKCleZ50wdKNa/yTk91RBDJfqcQtSyVrVWKvKtB/z7EyRN7wCWLFZI/bnCwRJK3iFAB6ae6dbeBm9aq83u1U0/bn5ftmSwMqMCakZHLPhzx1NoeQcW8NPf1vAxsXv8f1o5Js6lHSw7CnJHPUeb+puHW5NUp3KsYSBI28IUPtY7kUzCbUUvbwl431LWh1cqczTP24qFsZAWEf8AN6tV/VUcPE88Z3zn5Pu2LP8AUNNGdXqlvVK9e5MK8u0m11DfRb/bxauRzJYZNq8yPGV8fYZQGJPUuOC31p1F6qVqNPI0zOft8jixtNrkhQRsfWTUjjnjC9x8i8n5D/0ta1cvCxYlmmtW68hkt3lEUrBIobFCklaBQ0NeuEZhD5YJwcTolit1UlQhKn1GusZmgAGVPD2nFjHt2Va1K5FeBxTLL+7DttKdJHxyne2UnILtjQ0KtIVLEdWrEJ/ea5ZXEaVVEUIX2/rnyPgZkbaNNxDKZ+nFRFl51JNBxIp7vHjhTaQrmRKknPhT9eE4tTWlp7p1SG8m4/pa1v6i0AiIrXBcsSW/wvC3CbEaMzmTsLD9NS30jOlWYlDno+KnlXKvh5eeJK2rqlJBpXOtf0/4YPxOfYajYVdRxrc2BLsf6lrZ/wAYs8MWyn2V202yUFprdiEwWDHmQrgIcL3GXL5I7o/MXcSpIgBBNNZrlnyp7KVJ4YjpA6x1TJdXHx8saPzWzduaHa19nYSCBrtGnM8kTN7NQUs7B7KuyXjO1yJFaOFxGpcEnueoFsYI7sFBGGyyPGvlTPz44VYJWcMDlTHOi7q1rtWKtRJdhQeeWa0EWAXXGi1k0FZfcMkTP51JHiUhm/iAycdXpSO4u1MriKZSKcaZnkRyqc8SljZBUAujA1py9v2ZYiNnasbiKKxJQ2VuPRchgmpVNts79xwtV3hkgWSCOoJqU1a6UiI7Z/THU63eGyLKoB61vRiCPTnkPLhnThhu6sp5THIho0U2oLTMihH7eZxFcm1zXtNv6i6wU/y4bSxwTra8kkrqspc2blsiLzbwUEYGB69W/a+8Dbe5bG/B/lTD7GqvKvjjJ/ULt2Lf+w962KU//adsnIzAq8adVBypqdAKeeOaVR4a8byF19yayHkrTxWHrmEY9kT+ch82kz9npg5+vX2A1ykrlIVIp489Xqr9+PzH+XkhiFxOw1sBwzpkCRlUZNXDSW92jn8JUVIikknhLRZ08TIRFEf5c8/iM+WACfTJ6lRMaUkFB54akuNa1h9LjieH3YQkvRbKCN5o2LR+Nd4K1Vpa8sFdPJ+8X/UyWijgiRCHP0GM9HHGYWeKI0lIywS3DOBJcoTH4eOHcWi2ViobNSrT19YF2gW7cWs06AiMLB+Y7yQCNZcyEhWL4AznqKLu3t5OjIzux4lQf1kAU9+JKbfcTwG60rGdWQYg5eQBJ+0YV13DL94TPf3eooQrYiqNNN78teR5VfyRp8R++UihJPiTjHfopt/trYhYopJBp1VpXKpH68O2nbF5eljJOkR10IzGdAeYHI8ssS8HD9ZWjsWpOV0ows761pa7y1R+REQJHjkF+JnqyxlVB+p6jTb3e3Eq0tfSfEZ088S//HLWwEjm99WqhIIpXwGIXbWoOO19nBW5fQ3EewipRz6ulNNDLvIXlZxUWyxijrwwMpMrswCxuT39OrCCOTcJIi1sydM1EjUCqaHM1rz8jx8cQp7r+jq6QXsckUy6XjXUWIqKgac/PjyzyxSpmS8g9nWDSwJGY4onsw2poVckzQ159Z7dSWgPJVhZleVvHLHqzSI2rfnTPLKcz6iEB8g1WyGXxaedMZ+edbqQtbQJDEDRSANZHPVpopBPMjV4nDaTXTVwJLD4X2ysPvJ4LNMynCksIS8xAzkAgKBk9Pm5DtWg1Uzpn9vHPEcwyx1MuSE5ZU+2vn92CwxyzSMqxMixmOuxclD5zRrYDK7SArWeRVWTw8s/ToZJhoChwA3Lww5Dbu5OkagP0+zDIzF5I0etU840Yq0l1IVy4eSMye4gJeuYTkekIGATnqQpW3QAtLoPiDT7hXEdleaTTGISR4EV+8jP9eI57sIByacY9tHMk8s5jh911aR4/ZRGZJfHzQN2OM+gz0/Sul2WTRnmFI5HxphppYioh1Q9bLJmApn9lcSE3I60k09QS66qhaKOaKp5RU1WJQBKxjdAZZPscyN/AVJGScdV62sulZiz9QVA1DPiTyriVLeRM7xaojCSCdDCnwgccRY2nHPJxTgP5i+MkayR/wDSKPfDRN5yW1eWWBVySO7Dv9epc1vvKpquHPRplly/TyxHin20tps1/N5mv7TkcRNnkNerFHdv7WY3ZZn+wRiSmPGT28hIdlOI1kcj2sK3b1A6fS0ZpSkEUYtxwII/XWg95GIc83y8KtNNKZzyKtl7QASfcMQcG5p2ksJ/Mmlqgq9krKYvdkkcuQ9hoY3EYbHgCRkj9OrKS1dc1AbLkVanuBJxWx3UE0hNTrA+IhlB8qsBU86DCht1bTyRybKKGOMxSJamaCGxF7UTZmEQZGTyY+IwSMfXqMPmYgWiilY8yEegHuGHUIvm6LumgZUqMyPDPwphtc3nE0jqwHeU64kEfuRtYPuloPuZi6TyAsXOfX69GtnuL1KwSsR/A/8Ahhqa72hWSBpIlBHqq6gih8zj0O+1Fr8Y6+a0zWGmGbNWKaNfEgR23d7CuXBb0UMf2dcLK5h9V6iA+Gdfdh431hOfyC5y4kin6ewYTfbUaYMqxo0CSNAZoYBIsLyq3tO6uJI4vZl8iT6jyA/Xp1LWYS6IwocCoVsvvOWGDdQqxKlWVjQ+Xn93LPC8dh5S839O3Qj8ooYtlDWKxKgHur7McUXg5wSoP/FjAzjrlQnLXbiRjUqTnzFfDl4+zDwaR49Rt7oLWiskbkN7ABVm8lBNKGmEH2O0jZFg1m1b2Ullllnp22X2GmVl94we3+NI4BPgMn9meuSGzMbCeSNHP8QA9x4EYNZ9x/lRW9w4Uf8AbetPMUy8waHyxYYbPLPOG3X4xarQ2BHYBraCzEjQixIFT3LOGJLIf4Tnt1Tz/wBDEYtZbqAuoyowyz8ssaCFe6IIxLBt8sSyf/LZWPsDAMfsxIS7HnVSH8qTi9plniiWSR9fPHLB/OLN70UyyhECMO/oAQScZ6Rtv2SU/LGeL5gZ0B1Hh/CDh/5zuuFBK9lc9KnNCMq0rnQ0rlXhibpcl57SqEUONQipFsqtk2pJar2Fs+2zw1Uq1LEbWKk3iGf+W5we5xgdUs+0duzzdO4upFnKEBFqoKVNWqwAOdRx5YtrXuLvCztepYWSvCkoYkjWwfSPTpQswyoc1pnxxP8ALPmHl/MOIW+N8v4FTrRbCo9SDkGotbvjW41194nSvfpz62xeimijK+JqzQJDJj7gpyeo2z9lbHtW5R7psu4PWJ6tFJHBNA9fxOJKH7ycsW/cP1Q7p7h2Z9m7h2m3UTRjpzRTTQXSSD/qh1Lh1pl0XVYsvhrU45f458K3dBvaPKLG053Zsaq1HfoNQhr0DNL5jxuS2rNexOZTnPkiOw9QDjHXo25dzSX+3y7YRYpbywurB9TIQVNVKqUJ1fCAGXMjOlceObH23fbLuyb5J/UXvIJ0YMKqysGyLFQxULxJ0nIEUJND0HP/APc0pb/Y8n3Xx7f33I7NnZ39fa5rLX3EUG2nrVk02sMm0axVbUwuJrFpIaqWJ+wVoT15+lr3Q9gm0Wm4xW+0JDGjxW6aXIAJd0Kev9xSGkI9JyJocetr3P2XBuMu8bls1xe71JNI/Wu3DKjGmiCNZAfytIkkJWIvUigiONh49876nX0NLNquN6+pUr27n/c8cdetSu7aBIvGhHxwUdXPp6NGeYH8hLEck0Sj1lc56w+5fT65uLy4jvbxpS8am3dCQUoc2n6kiuHOa1jpUUBblj0/ZvrVtK7ZbSbRYdFEZhcxkK1RTL5QpHJblTwmEhaQLSvqxEbPY6LlPD5jrdrFBzKS3esVIrt/nul4hp4drdWzbqUYeOCntXllihCyJLeNdySwiVGMYnW9ruO07pquIVk2NFAbRDbPKwCirO0kjI1WrmqiWlKtitvt82ruDZWWzuRF3K1W0TS7glumpiQsQjETBQunJnaKoJCgUAVgqiXYUt1f3+he/R1f40iTcx2Br2GnreMbaynvNvY2P/TgEM1hyLGCCwyOmZGjMDWsNvdLZyyjSPlYaoKg1/LRF5UFY2oTWnPEhR1b1bua7tFv0hJDi7kUOaU9JmaR+GZEkoDCq88Q+j1/HRudbyOL5V1vIrew/rFTc7LmXHYJtLxowzVQ78X47uNm9GvJhRF5QgysIomR8ZHVruV3fpYPY3G1TWyqQ8S28oWSccOpcShI6vQn8nUwp6qekUq9qtdpTcUvbfuCG7eWsU0lzGrRQ6z6ktraaWSGNAMy6KrV9QalVLX5Gm5UK7p8Vcu0Px/f0lOClu7e02WsN3lOjsT541Ho7upn2C1Ds4yxFeD2JoRLJ73iQSS2IbcsxXuizvL23nNYFiQt8s+kZykiMaqDjqao5HHdzPurxBuzd0tdtltaR3EjTRNNPHqKxCBoi6lX8HVCMxkAMN+FXOVaxxsvkzdbTmFq6wtUeG/DMdDm2q1FGNIo7z8qmn2+voaZCwR1gsS7GzMAxUKhKkN1/pl4rQ9s28dnHHGVaW+DW9WqT+VlrmH8Q6QPDUaVwGwjeIJUvO7dwlvrnVqWz2qOO8hEYykFzWWFYnloKjVOQQTpxeYfh34t1PIKfKNTp+ManZ8lhucg1+jn51Y12wu2dTLNK93bcT4XDyDWVqBseMjQXvx60v8AB4Bv4aI95dz3m3TbbdXF1cW9u3RkmEKEFSaGks5Eymh4pU+RrjSxfTntCy3ePebGCzjvbtDMkAv3XSQCVMtnaJJC6gipWYKuWZGMX+Xtb8m8z5Bo/iflFuHf63jlxPljX8j41S41w7h9bTWvGCmsm5292HjlO5JPMkMsry2XRvBSq5Kdaztu77Z2TbJu5LOM208wFm8c5lupmk1DQRCoWY61UkKtABUlgBjEd5bd3t3Duln2pvMsN7Y2KNuKXFsLeztljAKugmlAgjCFwCEaQs1KowJGNMn0fBtxxKL3NxpoNrFq9nvJKtLmtu1s4KcZeJ5qUtelq9denvVA6sqwOZVIMTeJB6zC7luNjuzQWsbm26pjDPCYomY+ohGZnZFFcxqcA1q1agbg7fsN7sqySz2wvGgWZkhumaVV+E9QlUikaVVChdCqQAVAQjFR13Ha2xqUVjivVtLWqxbJp+V3k4xei1UaYoS1eM0LuvfYmvXidGMzCXEis4Hl3tLy/ltZXjikpcscljiMyH/RdFPQP21xRWtoLm3/ANxGosAmrqSyx25CVNNVpbuuug9PHOleePlNB5K5miszsjP4+Lv5KqAd4wgRD4/vHX1S3Mc6Y+EbRenBHVvTzpwz/Tl9mHcqtIvm5ynngnJ8mA/gUY+qj6du3TyTIEAoagZ4dkiLksGWlPP2eGPTHX4EatWZosMVIWaYt6jx9wqFAP8AljptHcE6eBNcJM0ZUg8a0w+rXa0cZeVAX8Bh5F80iUZw/bwyvf8AUnpHlYN6TQ4K2VEUGmVP+OHZ2VeMBhHCUOB28mMmWzkFs+OD/p02C7+jURXxrh8GBTVSurlgbe5Mq/yJBXBHh/LH3PghfFRkn7s5H7ukCMlQXDNTIVAr5CtBXBtIp9T10rmaKT+quLbxPgPPeYyVTx3T27kVlxHFastTp02lHZhJatToUZc9wAf16o907h2baIWfcp1jcCunNjT2rUDhwrjVbL2d3L3EU/pNo7xsaByQq+8k1pn4Vx1Twz+0fd2TcbnHLKtDYQRVrEmh4tHHutstSSXw8nuFo4YY2J/+xrIck9uvKd3+sFtbFV2SzWeJ+Dz5IRwqNOpvtA4Y9o7c+gO7yCRt/wBy+XmRdXSt4kkk9gd9Kt7dX6sdIa/+1L4i15jluC5yO7XswSVIr3MrdKBpgMRsINZQre6ZB6qBhD/GR1gX+q3dt2hztrWH8Wi25V5FpT+o49PT6H9j2ko9U15NX09S5ahPnpiH68Wjl/G9tqeNf0tIPj7Wcc1fvgUeYMa2vafxL1UbkuzWaKKeKQDDOpw33eg6jbXvkV3uDzyveSX03ExanNP/AKIZKZ80LN5UNcH3DtElptPyWrbIduiYUExCAZEfzyCa0/fAXnWtMUnjWibldVWj5BxjiVu+zGrb4w+l5FB4QssewalboVK+sl/KceHgcFyC3n3wJO8bwdsf5jp3NxEnqrL1ICCctGli2fP1EVrww1212zb7/J0LSe3guZCAGieC4BUCtVdFQUJrRaNn+LOg1vW8c1Op3L1zvdze3KUackNrbCzBqq6W5JNZr71mnGx1lpJLcTK0TWklCr27Y6xt3v8Af3tt1riNI4upp0htTA5HieOR449W2zs+x2m4MiSSS7giatcgCJoGXUliWqOKgjjWgxr/AAPWpuU1tzlYfcXC97WWbWpU6/jlD+kj3RYCXfamNS/IxiWOZrMfmp9sEYYYzer3pNJHsdIonao6hPU88xqUn2BPbjc9ubQbhEvO5Sst2PQ3RH5IIzqAwR1HtL+zni+786vWJ+TDQr1d3fqw6eLaLVSSZ68TM9SKoxCQVfsTMLFIkYr/AMbYBz1k8szBLpzJEramDUB8D6qgUANcyMaW7tYAWuLKNYpChjBoSoDChJ4nLkQDn5Y5atco5pq9np91yB9ntI9VbqVqFirdsVeKXJ1lsQAbaKlIK+h2Gx/LVJJLcBrix9pdFU+PoMe2bfeWT2dn0YkYdQiSMavAMjPTqKafDEWPOmeMOm4XuyXMF/uiPPLA3TSRJSLcHNVWbTXpk0I1yKqh61NKHF+45tK+6v8AI9o0NqhDs94bWwpcjtQUadJoLYDRxWXZ6th4as00LGFpI7MDIVBPVBudhfbdDDalUkeOHUrQqSTmT1DGvqUZ00kawRXTTGu2neNmv2ubqEmFJJ/zEuDpES0FVLt6WWtSrqShUijYvC72fZRWE1O0qapL9oGlNRuQT7OozW6/5txIJ4/FqhkRCECBAX7ggFTQR2D29JZ4GlCmrA5K2RoTzyNDw5Y1p3CG9iZbO4RVqCGUjUAGBNAaVJFR78SS7/8Aptrjkm2YE6yhuDtalMwu4hr7NFoG1YlnRX2Ka6NPc8MQu7lYlUZHUaOxmeG6jsPRCzrpOdNZU66HjQmhHs4DCtcwxyW827dJ5gJdWpVaiNIpjJUkAMFFCfOgqM8Xvb2qtirefX1KiTtWmsQyT0KcLxAwTKmK9QZaRZpfFirlvMep6o4bTco5TFcu4IFPTwJryrn7fZi4kuNmZQ1rHAdQ1A6Qgp5ha1zHHEul2bc19btIaKUIYC+wkrSyxPVmu5m/EcSV54fcWeKXOJYwRnB9O4Pt8scrwzS6zq9Leo8QOJpx5fdhl97tWRHSNFYCjDLj5fdgP6pBeSXXWX/pdcw+xeuUk/Jeo2zZ601xYfNXE0LfewUfyz45x5DpINumjKzW7F0p+IEAHwzFanEqe9sXUC70C4ZclqCAwzKNQkahz5eeBX8fXxV6uwmrx3rdzavBLUhniopUjqLTWpYmntGpJct1K4eJEkJlPaMFvLEwQvra6jOl1X4W58K6ac/DFM+5RLCIuitSa+ihJXhT9vuxke2sHUXK0NOzVqVNVYmg4tt1qCGlWvSmCva0O/qyWb06f1GufMvN3jfyK4bt1oIImurYoqho5F0SjIv0+IZOQYNUGpHDFdcf7SZbhdStGwaNzQKsrinSkBOopKlASqnTxxd6PLOO8goa+dhqqkkc1mld/Jp1BJUt0CkVpn2EPmKsdaXzBZyCEwfDv3z8+07ptjvajW8LHIr4UFK1pnSgJ8a8saWz3rY9wgVpCiytJoetKqw46f4BwB40FaYpvMqlw7rXXNNSGxoxci4nyHQz6yu0zw0uP7KexsKtuHInjWepaeOMhfF/R1UHIttoZDZTQ3blZJbW4jbUDTXKKKy+QPGtD4A4od9tnnuYXsVDwwXVu8bRkA6IpGdlkrStQaDTUV4kYc7XecZ4Nc2HINlsH42nKtlpIoU2EFqRm2OvoSanWi1FQjnNeGxVbwkaTEMWASw9enLHb987ggi263hW5S0WUk100jL1qC1K+BHGpyFMN7tvWxdtXz7peSmD56SIFSNQ6scfTUKFrTVGupq09VfLFj+R+P6XkfBW/P2NC3soq9r2dYJdnTgmqrHElyvT3uqM8uqexQsukFiOOwjSIoljaMhlc7aiudu3Ro7dJFDfEFWOQoVPExyGkq/w0A5hq8KXvS7s9x2nqXJheJG1KrtLHqBABZJIqvHJTg2l/AimMo+Oad3jvDp9fwu7Nz/jXGYhPU4LzqOjqd/pLElma3WhqcopxCpy3VQ3ppBFWvJEZMhFto2FGp3/AKe675Ffb1Glputxl87BH+UxAoJHtnI+XfSADIhk4ZR0zxje27+42vt54timfddptwStneKnzcKkktFFdIFS5TUSQlzCDQ5y5YUsLwLmvyHr0h2dj455lHHetcY4/a3VmhsaVzaVYk2On4rfvf1PTpXmeAfnayl7tex4K/sBhjoDY9y7RsjXawre7C4RZ5Yx1I5UjOTzxAqykNWRZnCNG5KJqU4mLvvZe877DFHNNbd2wo7RQyS9OSCSRQsi28kivFIssaqJbePqo5XWRUY0nkGp5HY1tWL+q3+J8ooQwyWbs+u03K+ObFVsKAZfbOsZJJgoaKVGg9pgfFEYEdZ7aoNnW+NwFgm266DMqI0kUmqhAY69Y0K1PwkVpQZYtN43zfpLBY7d5Lfd41GmR4o500BhrDdERaXdagE6SvxDhjP6G32l+w1X5H+LtJ8g6OZno6rlPAjBtNm9SC5BLch5BxLYXl3VP2rFSB2NOze994w7qPFMaSfY4LFFk7c3eewvEpKILhAEU0ZTLDPHG8ZY1dAZVhIVnzAauMvB3reX101r3TskV9aPWHrWZMh0VVwlzCzJItNKOwimlLsqMUqM9Rj5Tq62xj2PF/lm3xaj7VOO5xX5B18q6dZKgyiP/wB0pqd3Taf0aateUdsSGT16oxt8sm2PbbntNvcqQAslpIJCw5EGBpwRyzjNKaeAxNl7gtJ9wG4bXvktsukq0V1DJEA1c6NcJDJEK5kJL6idX4sPt5pbfI9c+6k4nxrb35p53W7x3Y3NJZuBolVZKW1WC4k8oK5A945+j9Sdtu7ewnWziublLevpEqiZI8jUrXQqUHPS2WVMBu+2zbvG1+1jb3N6hoXhfoSufDMSCTyBceNcZ1NZitRtTD8hktUKtdpNLuU47za1WnhWRnrx63aXtfyK5hULNHE5b2wSrfTrQIojdZC0D2sremdJLi21Dx1skkFAeRQZ51oMYwmGQyW3UuheoudtLHb3YRqj0GLqLPI1K+lZSKV9FaEG47s+ObSSJDx7ZR+E348++4E251LU7lxJIpBteJ7a1XmpRrH4gotq2wI7LjHSbhBdWcfWjuYdJNR800bK4/gnjFacqlFFa4mbRcbRfN8qIJzIgpJ8qZYSj8fzLNyVQgU9HUZqU5UxP/maWO5Yi0/yJJprVNRXlr72DkfCrV2eCzK9OaW5va83HdpCvlgAp4sQfv6if7+5gRpdte4tCOEIi3CNB5LHIklOedThyVduhlkS23hLW7QVIl623yHyMssTRFv9OVMSy1+Q2ZzYms17NXCiMV72q2mqsgn+bar3dfRlapayMr5GP0/h6ae6tbdRFGkySSGihluFcnjkrnT9uVMONt25X8pkufl5FU5D8iZH/wDwulStONcsxTEdWq7OWw9WTW6/fS0x7Ne40FJtrDA0wkNOU0t0lq1XMpUh3pdmAz0/Le26stx1jDInIK6mtKVBYaSff446PbZ01Wl1Gly7CvUpErqtR6KxsxKD2cQMQfIdRTimv/17ger2+uV0kzNo777KvGY4VmattodPVMVlXLDxguKfBfQtkdTbPc72Qx/J7hdx3bKUqZURSK1ppDOG4849XLVSgEK72jb0aR73b7S4hWhzjlk0jhUuUTQRn/1Ao40rXEdLQ4kKyTUuL1Wjs1BY1staWLawyI6KgS3q/wCt0Lom8FwHjWSQEfd3z07FdbityYp7wBUNHQjS4P8ACejKDXjwGIgsNmghZ7LbRMTFqjaNxMpPiwSdKU4ZM1KccSNTb6eSpToXeC8i11ipVkFT2L21u0mDzmOSMybCFblaS0E90Rs3uBPRvUdRp7a8hkeSHcLWVC2k6kjBPs6elftGJVvfWciRpcbZeRFYiVpJJoY+19TjLwIwFAaahWtf0/Xc+0808krWGh5La2qlTI0bPFrpbCy6+KaMFkVShCd85+3p9o7y5dUDWMsI/CVWoPj6a+f24iW+42NjE1INxgL1IfqFic/h9RpTnl4Ya093W11gTa3mXK6SPW/HnrbrW/m35ZXl8mRNpHA9qTX+wUj9iV28W+7y79ph2l54jDNa2xbVkVAK6afuGg1Vr6hnSg5YrE7kSCd5bK9vY0CHUHiDsW8RIpJ00oOmaCtTzwe/y2nvtcms5BfbexQTvKrbDWgWaU3vkxnUW9VeguawoqeLvGySnGGZh2AxbBLZ3HzVoi20o5xtmR4Sh9Symv7w0UoOnlXEV+8kv9vFlfyNcx9QserGEp/9MRlWg9iEscz1M6A9Tf06euSo90POEsIl6ulhZ0czzSVJxX/AIEtT3FC4JBUd+pctpdvIZH6nS5io4c8gcQk3PbRa9BEgF0RkwDVrypUfrxGVtxs46UIsXdf+QjwT2LSUZYZ5L1VizXK6LMk0UE6pGPZIEQSNhj+axBy28Lzflh1gBoAeNPD7cVdvMFTXcNG0xOda0ryIy8KjPFtPOtMUoG5qrskk9iLWTfibrFZ50lQYjF7XztXls1WLe2QQzsFQgAuYg2u5V3IdY4GFRUMT9zL+3xxNk3a0CKghLEHMqQFr71Jr93DLEwvMOPRslfYVNvE7slbztwa1o2uGTwmo12gSK7HJArBgH/iRhgknHVdLtu4uwEckbQoteDA0r78/efbi0G7bPCaSpOJOealftquX/KPZifgl4ezSzXpdslHX2asdOCbWU7SR2JmVI9skWv2Fi42vVbPiCYiQMllHY9VrrvKgDpwF2/d1VyzyqBi4il7YdwzTXXTRwqQtFAsaSE0EisjltGfEio5DF7/7Ss17MEQZpGnSwVkiswUo45o8w16sK3vxka3K0iFUB8vuwPuGOqo729Nc9I8qFTWuWRrSvPFzJ2xC79CNlclmo+tUX0mlAXKkkkigAqcziwQcS3tWGBrlaGCdAJJoJbiSWUlVJAsc0sq5kdkDlhn7SAPp1Al7isZRoDGlaVpkP2/dizg7M3GMFJFAmAq0dRrUeZHpzGeROWI+CfYV7Uqx/wBScRxyP7Ff+mSfy6kcilq7tJOhFhADIWC9vQdPR3EEsJVmhofhY6+HnRTiMdvaKUiOOdumaFV0cfAVI+/D6htblrCrY3lUSMZ/yrH4khrxxrGDBBBXgWGaF/HK+Y+4dx6dNSSdN9BSI08Dx/biGIHcEL8ylf3tNPtBOLTWtVolWvd2O02kgJaRjY/pgcxSe+IQacEZ9v22Ocv5Z+n16hyyXlQ1pGiGubDPLwzHvw4ltbSJoneRyG+E0Hv44dXeUcdrVEkrUoYI41Vqk1l5trM4jL/apvGQGTIPlnxXPUSOxv52ZSzmMmrAUoScuJofup78ThdW0Si3KQoQSysyh2y8CctPl418ccbfMv8AefruHay5Uqf0mC7LHKjEVqyX38WMceY1jZqyRFcqAozn9OvUezvo9c71cC4kaZbUiuXD/l8h588YDuz61Ls1uVUQfNA0WqqpYDIkKMhX24+LXzN/cFy35L3Fh9zYrvWGHSKKthVQL4DzkwztIPL0HbH16+ue0ew9n7WttFov51c2/wAMfH/fH1N7i7tnBu5AIF4DP7xwxz89+OSNiyJAgZVE/tlEIIPZsZbxP6463gT1UTPLljzpbktVaejjw5+3nhgVSZx7kkEoVT3WTxCr3ZfNiyKvmScZ756fCyRqSVIQZs2ksFHi1AaCvPCLHFJnIzAlvDIDjx/YM8Wjh3H05JyrjesrULez89trbFijRjsTTLQr7am9+zN7ILw1a9f3PNl8lH+nVF3NusO0duXt/dyxwRmzm6TlgEaVkdEVW4a3Pwp8WYqBxxqOztgue4O67Ha9tgmun+di6qKhEiRK8LyO6HMIig6nI0+FTj9Gxq1Y6J2r0tk1lJ5J4RUvEffFYPtNPM9YyNal/LICs0bEAAdfkJHcM0i250mqep2qWLgE6jQHLKgHnnj91ryNChuXOoq3pDAOVTgArGhU51qBwriy6DU3Kta3E8m5nsVoNbHKa862LEkOwtSzyQhYa/upPP77eHmGVY2UMC3cJdbhG8MTgIFcVyBrllnl78VYswZnDktIgrlw+/PLDaeChfenUp6nlVIixYV59ru6U8TTwTLHHG9eLQVH9sQS+BjZmcOmVbHYx3uIEHpKuWAAHn/6R5DniztrSZoyHK1BqKV+EePmfsxcaWxscZrbF4tjz9v68tCOClruRSagRtW2l4CK2sVeWzLhI8gxohby/hAx1Dty/XInECKuRJjB1f8ANxNPHLOuGp7U3OkxKCFqCKfp+vwxXd/Z11S5SocP4zWS9Yik1Xu37dzlNDViaGzLLyvdiV4ordvSJEyCtDJ5XbnhDJJCvuFbzbbN7md59ylmSKP87TGQrTAEVhjJI0swyLGgUVIqQAa/db+8s7JYrPS1883SDEeiEkH82QDNlUVIUAlm0qaAlhdf6Hwlt3rNHwSC38gct0PGdHBybYbCaOnwTU85GuNfZ7SklOCrW3vKRcR5WqJG1eGUt4NHEPER5727h22W/wC4Ojb7fLO620Ean5hoWNY7cyAVVI6VL1rKRV6HLFRAtxcOthZPJcLbqRJI9AHq1WlkP/cdqekDTGKhTRqLOzcZ3Wz4/wAp43xLld/je55ZDtqMu/Fm5Jb2m8lgnpFtlbq2W9+tSqJOK8ZQJUlMTDzMXtmFDuUdpdQT7jbm9263YMtuQoXTUMixrqCKwkUNKxaromj8Zo7e7bHc2sljC6QTzRyIkpjEhiZl0tNGT+LQzIoNArHqD1KKm4b/ANsycCg0+jkerx/j1K7x7XVdprnpySavR+GkpSam7SR61sTBGQymNZbDqZHYtJ7nVbv0G5zbyb/c217vO5lJRg1HcajG2qgCZ5IhYIKIKhQcXGxXFpBtEVpYxyJt1tAscSsFAJjHT1NQksWpUsfU5JcgEkYlrV+y9aKqkYexZbWFKVaP229qSpMomtWJ5JRNSpVGQnxfz+0EjIPQQWaeqRSwBi0lRw9qez3YiztMjqYVIBOdf2+XGuKLtKCbGrFr7dmaealJBTrRV1Ltrooqk9mW1TsQKhWbYzOCj+YGUPlhR1Jjlj2+UMQxKimdCDlwOZPGh8KYsI9Tyhl5jP28z7KY5059r9Wvytotp+PVpa/jHxzsY6uwgVPzb++syzaFtbYrRRyU9guu1Wxnlr2/bScNZwWIUr16BsV/LH2fPEspF5cX0YUCmhUiCS6q5EamAGQzp5VxlL+z+Y7pgEy1tLSzklVhxM8vUg0n+ERMxpx1EeeN44BrrlODiNFVierF/XJbHmLdq7r6Ngz0qSa6vC3ttYEVj2WKADxLEKAABjtz3NZZ5biMTfFRMlNPWhqfAnSRzpl7caOKwktrQW8zK0dASRXMt62pXlUkDypjG/737lmX4G5Zsm/Pio8eta/c063tzxyQJqdvW2Jv13ZZqFjbx1qgEc1hDWkjcLIvtrnra/R6S2fviygUo806NEdTCh64mC1pQkekhivrIPpzx5l9XI407Cvr3qlDbLHOSvxUgms2YpX06uaaqICAW9IOL1BW0eo4UgvyNTua/QaCTRf1e5C7bHYRvc3J1te3QoS1pIKUt7tK7ytZEwBwY1znOo11uzyziNmF3KW0AglGqdRqxHUqg1gUCDSK1NMejXtr0YIEhijLIgUE6uK8iMzpFKK34vVStCzc3/LnEa+x+GPkTh2og39rkXybJDx/kVLXxVpB70NDfb2DW6R7lM2Z57O8jgZYjIFdJCSAY8db/s7exa93bdvd6Ujh20mSIvkKPJFC5enCkZOYJ4UNcYfv7tybuDs7dNitYyTusXTdFpXUscrxmPVxk6g0oo4hjmDi3fG25j57xLjPyLtZpKibviHG6tmpX45Duqsk+sqKr2tNce5TtLBNNGjOHJdTNhixBPVD3TYQ7But127bghobx9NJWBCuS4DACgI9QoMqKSOVdV2huNzv2w2nc5RAtzZglUJKal0qdHPRmAtaMAKMARi0a+lrp9Wuqgp7WV5qKpJs4odJBanl1Uczm9VksMj0naazXQxg5Z4gA+PWpN1LJc9YtGtM9JLeeR8veK1xem2nWMQ0qajM8MTmgu8d1lqwljWch38mw3LraWTkGs0bVnWpOqRGPXrNYhrK0eWliZZV8lGDkr1DnMlwUnfQFSIHgfV6uWR8fYacuOH5IHQMIxVpW4+GR/Thi8WKsN7QVL9+Sea5WlrXIm2t15J9nDpvyJYbtq42mqVnmnqwLG0flJKxAcv93avF2TITCgBapPKnKg93nXhhIduSP461HOv6HFi0lmaTU7PbTaDVQ3dFJoU1WwWi+x3dg7Ge/RmnvybeV7WxpUYfbdFKLEFx39OozsWeLRKUcSBippkOHifDh78sLJBFDOgNSknEmtMSFbkvJ68tFdvvZNtrYpvxbdGmYKs5q1rE1OHLUlikSykLK0ZZmjZ/U4Y9BdQ2rOQ0dJl+FifSD/kOGXHAraK3qiCq1PDnim8o9pduZ9dFtJYPsir/AJT3HtTIB4SRPEVWASBVT3fbCp5qMMR36fs5HEdGoW5Ur/h4YmJDpVdXxDPFj4XyTjlHj3JeK8o482z1O4kWUvW1w/qOusxxloLtfYizNNBNARJ4fjwvMz/ZnxYlSZLgSrKGYUoKUBBzrx8c6Yq7+1uJX+YtzQDjX2/8MY7b1FWaaWP2rUpdWkaSvWYV/diYs9iavdtJPGFUgyR92GcAHGOrkzMc206qcxn78sSIUZkLKQCOOr9nEYihElBJta1hZKlutOGD15QiRyricFRdjLMqnK58goGfXpjU7OLiRQky8ss+PtxYho5Dkarzpi58Vl1+qkVxuKGpqrsRZ2MaCzO1SKWImU1YIbEc+wZxFEUJbxVmIbGc9RryVLg9KRau4A/hHOppnXDLW7RRahR1rWg5fbi5R057WgLRWvyRsK8s0xm1teu85ZmlSZRLLIYZ/ZQNJG/kZCcZxjqvjnC32kx6dIAB5GnM1OORFJ1CgFOGWMb1NK3rprs7ayhbSaSSNl2s8Tho7kNmJZ7GsoPLZiem1gkhAoCBer24YXfTPVYIgy0j9RJGDEpjjMKgY9LQgavrKYvVJZKccCV5pau2eGAGzEDJLOa0UU0IFcOEkw5APb7ugDorPKzNoY5gUr4ZD/DASOSagePEj/HCVr+nbltmthrdqW+0oiqDUw6RLaTA0rFj8Z6+xkFaEL5faVz5I30OLS3a9t7yD5MBiXQgKKsSSCFFaDM+kVNAeJGK3cIoL3a7i2uQRHJbzK3HJTE1WqOAUeo8yMgCaA8B2tzxiKI+x8h6AqZ68K06JuXvZDKzRM00UUEEn5ITxV08iSMnAx191QruV0Qr2MrSKgGt9CiqgAhfUCRWtDSh5Vx+UF1/QVg1Wm6Wos9RCpGZHYCtPzKJRX56amgpXPLEXa5vxeK1U/G2a7CWGCFLBrULs8GwPvkrBc/MZR+VWhll7qyooj+4gY6dTbtzaJjNEIS2YqVIHl6ST48sMSbjtSzRRpKJ3QUUqjgEcauWUA+6vLPDLY8pkuve/F18t167+3TaK3BXWWNmY/m/jxGMQz1IgIxkYby6l21ikcamRxmfUWD0p9mI0+4NcO/RVnCkj8ula+SmhPsAJxHHcWGMU8KRI1mWOSKxjZPciJlh/kxONW0KGSxF4syyZUZIPUwfLSaoZmdokNAPQqVIOaksCT5U4csR2W9Gh7ZFEzUNaShqA8/y9PGnA4sV3mHJrsi25dNPsol917U9urdqbFFgWvWmhw1WSOKGTLok7qGkDKSRk4rrbbduh9HUAmYED1IRka5+rFzebnv0rBpEaWFaMSwYOBTTRaLSmVczzPlik26/K5GKUdAziOcTSRS67kFi0YnEsvtfjJp5K3lVnlASRT7bePds9WMdztNfXN+dw+KMUpln6q/5YpZ9r32YD5e0EsayajQTsxrnmFiOfLjhpFrPkNfcjqccqRR27EMkknIqW+msvEySB5PxNdrKwg9pVJEQXwb0yen5b/t2V/zp5HcfutEsf/MWcUHmcRIO2+7oJVihtljjPEvHMzDzAWM18MsP62m5pJT8b1jUUpvKNoHbSXnNiBnaFHg/Kv0Gng8PTwUKrDxViQwECbfdnSUC2V2anDWpH/qUSL+nHFjb9pdxTJ075kgOrmj1p46fQwHt+zEFsTX1UtqPdc31dP8AHQq4fT3mhCTmNfOpLLtHiiV3VFZySFQ5B746sku7qeGtpZO2r8QZWHsqFWh8qYhXGy7dZu0dzuC6geBR0z8QWYinvHs8YK/uNEnsNP8AI/Hy7yIhxBVmFNGPj42LFvcwM0MDjJ8FZsEYB6kQm+NZPkJ/RkT1iqt/pURMAPec8V8lts8RWJtztmaRqUWEOVP8TmVQ3tA92IT/AL64bG0kA+V6yyywS+X9J4tE0cJDM8sk0xNiWL3kl8jjJOCB69TG27dpI0ddolUg1zlkH3kUHvIxH6uxB3Em+RliMikC/q4/YMOaXIeHiG3bi5fs+RW67V4Y4a3DXku21sRtFIrtNq/GejArEMWYPGRhAwOeiuW3RFRWs4oKjMy3C6f9I1MBq55cgcSbWz2Y20lwNxuLh1YALFAUepPxEiNqqK0pQcsW6pSfY+41bYcr2bUWnkWCvrY4GSKdCEjhgHGqlqvVijX7SJBk9vMnKiiuNy+VbTLHaahmD1A49tY5KD2HPnwxpLXtoXkbPFLdyRKorRTX/wCOBf8ADzwal8SbGfYyx0qny7ajBktxbKrHPSrRjwRmmLSaWCVPKQlQrM5+wHODnoZe/EihAZtrDjIh4WZh7W1+r24cg+nl3Lc9NE3Rof3llCKK50p0gB7BXAbT4q/De7rIuHc65BuKvktqls9nyuxMqJNEzyTV6sdFIokE4yFlDZB/cSt++JlVLiW8t7S2Y56Y4gD72Jp7xh2f6bxo/wAla7de3d6uR1tPqWp4soUUFP4sFX404fUmi03IuNauhsUgsWbCSba8Uqxq0mI5hvtifalJjbJcjxAznv1AHeG73ate2dxJcW4agAiVs/3l6SmvhmaZ+NMTv/a/t+2J2/dLCCK7A1FnnKovtExb/wCFa+6uK/sOEfFBh1z004DQQT2Fs7efe19hQMcTRKqK/klyxO7z/cir7aDuWxnEy37o7ppMsq7jLSMelYnQgeIGmhHmTWvKlMQ7rsHtOSOGWD+jwW6OdckkkcigcMtLxsa8KKjeNeQql/hnA6N6KOShpNi1pJbNNtPFXNNq1dXYWJzr7t+SlFL4lUDr5zOQEBJ6tLTubeZlMkbTpo+JZHdG94IAr5ZZYqNy7G7dtGENLR9WaNGiulDwpmxGr/pgkmQ1VKkECwa3h2lSrR2FWnpaEbxW5Y4L2m3Mk0VaNGzLZQ6H3KNoHHY/TqC/cNw8jRP1pHH7rRZ+ysgxLtOx4VCzDoRApq9Qm1Jyo6iIlTn+IU9+HOo498LxLLc5Jt95u5ksV3/A4LxPmFt5ZPcSOSKyjaaCkhAkOWUt4jpq+33vqRhHtVvbwqVpqupLYCniv5rerh7q4mbT2h9OICbruS7u7rQ2oRWdrduWatKamhRaUrmrE+7Gkryn4x01O/b4/wDCfyLyS5XsU00sG347yOjW2NmZCtSG3tdrHT0+slyWEXisruE/lqzHHWSaz7wnljtt1360t7cg6zFPBUZkmiIJGNBwY0HLKlcb4bn9MrGF/wCjdrbpfX4fTCJ47kBqqDRZZVVYSK1IUkkcMVvbcz+ZXsQUuF/DsPGthdtQyXrGw4TATooK0Uc3e8tv3LeC/wBxNYO31UHPU2DaOzVtuvv+9yXdpmE03oBcAkVAWOnGo40xW3Xc/ehePbe3O3Lfb7maf80y2BYRCnwa+pqY866BqrXnXCPJOCfIN3R+zb5j8pcy2uyOwOz0Wpl0XF+I1p1YvUE1/Zs96qkkjEmGDLY7Ag+je373sdtciSG02zb9vjIKyy6pZBXKojoVc58CwHPlm/u/bndM+3LC15vG6Xdwn5kcYtbWADiY5GdVmjY8xGdVBQEVOMd2fGPm2LWVqMHxFx3TV6Te8999vNb2ew/pZi/JpzWN9yi8HilZleWJUT3AO2Fz1tLXfe0Eu5G/rd5P1CAEVBHHGxFNSBITw4CrcDwrjzu87b+oK2UUEXa22WdnD6qiR36tP+401xIHYjMgKgPGvLFR3nydzfWNBZXg3xVo57FeSudVrodW7wSRSSL7mxonaSxzNPNIHCO8ir4rgfTq1s+39tuENu9/us6K+qrzFRmAdKlUB008RWtcUe69zbzEyTHZ+3beQR6QiQRF8ifUyB1LScg4ZloAKEg4Y635s+SqFWGhS+P+N2t1FXvmxyGzxq5f2dqKcOJ7PsNOmniSIP8AYYogqgf49PXPaGzXlyZJNwultWI/J6qDRQAULMuokkVqSTn4Uw1a/ULuO0tfk4disDdBavM9k8rtmcxGGEa5ZUUAUAPGtadH8yfINehV0J/OlSW3Smq07Pv2j7cLEpUpLEiXLNaUt4sss08pPYOB1YXPauzpOdwYGFlBOrNKVyLEsuke8ZYy9v3vuyWSbMkMTqsgYAqrZjgoWNRICT/G3Hwx2H8aTc55VSPIubVdP8e6mSbXU9droOL2b3JtxKyWIDar09jYebQa22+Iy7p5St2TCkt1473TdbTskzWGzvc39wRrZ2kCwr5B1UFmzHp4Uq3EUx9NdgbT3Bvtqm/91xWO1WZYBIRBrunFMmZHJECHkzEO/ADQWOLntNfN4WqOn5Bu4drOIjDuIuOLrI9bXrGFZKxQ7itOBZjGEnHlGqwsWGQCc/Z7xJRZryBHtQTrh+Yk9eXpNdDZL7Mbbce27ejW213jJfA+iZLOGFUWtSBGrijEZE1IPHjhTd8Eh29ejescv3Iaj4TNRXezCxfSwBHLK1mG1SSexSwDHFYmkicEeOR0e391T2plgW0h6koI/h41HIHhTkPGmIPcPYkG4rBcXF3cdFEFaGrcKHiaZkE0JPhXFnglTXaxdbVrTQbKGm9SrLPWll2d+Wp7kK2DJNP+CWsHs2LC4yCMgY6r3vrqa7N5dSyiEuFkIlk0KP8ATRXoTQZZ54ly7LtsW3raJaQ/NRRkRjogOx8Q5qoFKmrYrFMcgq6jZGzBPyu5fsOP6JYTSG1rrMbYr15ZqoiqPAHg/ieZpArAgEjq9+ftZboLbkWca0DOru8b5caSMWDc/hpxzxgF2TRZPLcRfOzMxKoUiEif+lNGnl8ROfDCVrh1bd1K8j8FpzPRhlsW6GxNSUxlrPuu8S+K+6tKVWkdIZS8ue6nClZCb3eWkz2/zsgSc6QyEqCgzqtB8WompPIDCf8Ai+1X8KXUe3xT3NvGzNCwir1OCagVqUXjlWh4Z1wOg+L+G7GzCNVpNpQ3EMc72YK/JV1tGd38I3lqaSfbSTROzMGGDG2D6E5JjX/enc9pApuprOW0b4S8QLaRkNcgCOzZZlicTdo+nvYt/KVhs90tr8pSREmHTDnNujblgQlTUBV41NKnFs03jxmzsUh1rR3NbrpH2ENm9sbctjS0mZZtdZX+pa0SUXIcyecrr7xLnucdRrzck3CKOeeTXA0vpaMBSZKHM0DZD2E18OIn7d2ze2m4SQbbbCS5gt9MpmZ5ax5ZFDNCF4jItIp4HLFZ3fB+R8nkmi1fF/g/i2st7TVXq9zj9iXUW7UdSaO8dTa1Vxt9prENphH5SQtEJPuYjyGOpdp3VtNm+qa93i5uliZTHLEhiBYaSyTBopaICdKEtVsyQBnDveyO4LoCBNu7bs4pZ0kR4GME0oVtRikib5mAB6eoIEXInVqoMX7WcR2JvsGm1vDpdfKgloa3eWrWoV5q5EclM7Ex1Qa86xusaqkTrlDjA6pbjeQsY0ma6BUZyoi8DTMRqAG0gAkAnmTnjU2HbizXsklz09vAYhhFNqVTQEIDKpZgCa1HpANBSlMV+bjfIK+318XIL+2TZ1aU+wufJOs2mvSlbvG2yVdXLGdVZ3MKTOySLFJG9PKgMSvo/b71B8lMdvW3ezafQbORX1k0FTr1AUJJIII9mI0mxGK9ie9jvzuCR623CK5RYylTRVjWBX1UoKMSMq6uGPkpBZlEbmJ4jMP4mLkrG2QAThV7Ef49fXyUYjP1Y/Oq39EAQV0nMciPZhf8qVgB5I0mB5EliA+PuAzgEDPUgQrqBODDsAaE+3B4w0RLGdMyDB9uJFbuP+bxJP7+mvmfTSg1YkC2UHLURXhyx5goDH3ZXB7yOw81IPqmPIeWO3oB+nUZpFLEtka+7EjpNQaa62FQB+3Fv4pwLmHNrVWjxrj262htMESzBrLb0IlbyzNYvRQvXrwooJJdh2/U4HVXufcGy7NE8+53UcKItTU1PuA8caPYuzt87huY4dptZ3aR9IYQuYwT+9KCFQeZFOA546z4X/axrqt9F5lu9dycQvDFsdNx65brjX2HhZ0qbSytZrELNjy9wKYkRSXAIA68k3f6s3ktu0uyW72sYFRJMocsK0qmWkDmKitOePfO3voNZx3aRdxXkV5Kv8+3gYp0mpXpSua0bnq+HlStDjp3UcE+P+ErXtcf4zViFGvCdhq4L735NU4kljktx3ppY3tRSz+JM6J4lTjxBGT5fcdydw71O8F7cBixqv5agtlWhoKY9ns+1Oxe1xHd7FYnrhPVGJXLoKkdRXY6StcqqyioOVc8ae+0o8Yio7Wa/WoJN7CS62a0qWNgskyWDBrtnY/6eX2EJYn3yIR6o/oKFUn3F5bSKNpEAIVko3qHEFRpKCuVAr+NcaiW6ttrRL+WYIrZEy1jZgeCQtIxWST+PW6csSdrnUlSrbPDeJa2a8K6O1zkO0khS3r7EQNr+kWlsV/xLccwIEkkQEp7jpmzsdEgk3u+YRnhDCo1p/8AVLKykf6QDgN0uCYv/wBnduhaRR/Nnl0RvWn8tgRoOZzfUOVMxir37fFOV1J9Xyaxy3WfiwGCrWu2F3mmeW1FOZFTWyVp4NzDCyksJssGAKsMY6u7e+3baWWba0guHDVqpdZAnGpZWFDWgypxxkJu29s3aU2W+z3NpFIKnTpuImetNGlV/MFCTp45V5Ywux/b9b43vdNyr4p3EdPeUtguyq3l15i49PH7Sx2a261slqJaSXIi8UgVGHgR3yBjaR/Ujb92tJdt7phVbVo9J1eqUN4oM2cZ/ExJrlXLGRu/o7vGx7jBuvZlw0k8UusMFeKPT+66saRkUrpFMiDjrLUwbm6K/wDW6dOPYWa9eXYUo9jLsdVCkIVUhrWEVIjRqtCjwyNGGQjxJOCT45ubbdaymOwMpsVkLIXGliKD4lOY/wAMfRmyndr62D7rEnzskYWTQwZSOaKc6pz9tcaVS2ktOvYhk2EVQQyRyS0IILksURVkkrLGPx4YXriyPIYLsCxH8PbrLS2z3U6hI2114kjLn+zGzivtthtZRNIFRzmQDQZinn4DFd5LTl3u1WrLun/NsVVviDZ2d1VahGs0LzXNLtNQEm199nAjQAgJC7gdiR1Z7Xdybfbtfi2cRrrjOlVdm1qV9QcMukV1AgA6gudKg57dduN/cnbxcrHdNGHVZHZTGoYfnRPGVKt+HMn0lssc57bj3z5xnlNxdDe4hzb48j22+2s2psae/pbN6zyCaV7SWtzx/V2r+5mqm2yQiaKZAcyPGzfd16Na7j9Pt1s4v6nb3Nl3M8CKW1I1FRdI6UMrqI9RBLNGVzJGQyx5Le7f9Vtn3aSbbJ7fce2TeTSU/MjYPMdUiSXMKs7gKVQCXVRADxqTF6Xkvy1vOUpSq/EvFuU63U1E1HI+N8V5vpJuR3qdevMYILur5VQ0VzUQ0bBWwkkVeBWkTzZmYKRJuNt7a2/aXuZdzurS4mYPFPPZTLGD8Opbi3MyEUXPW9CRwxC2zfu9dw3mO1i7esr2ztgYrq1tL6IyvFWvTa3uRC4XMepI1qTXqE4u175Q2/AZqO2538O/InEuPR66ytrcw6fWcltVd0bvkkc8nE59gya2Suisz4jUuB6Dt1T23btjvitY7JvW23e7lqrEWe3LxeAWdVcy86DKgPpxpNy7yl2CdN07k7Y3uy2lVIMoCXGmYc1a2dlMdMvWiGtPVyNd0v8Ach8Y7y9I8HJYNdW2kk1GWT5A4vLq6w1TH21rx7SNWrtWrSsSYZ196UEgvkDqwvvph3dttkFa1SZYU1hLORJWJ/ekGZFK0qKZ5Yr9s+sf0+vLvQ99NB15ACb63mgVV46FckKTzpxoCa0GNH3nOdfbgGv+MfkL4/5Du7dSqkLW+R15Xk/AeOWa5qdTVnWlXvB4x4x2IliETeJdWGesxtGxXttMLvubbr2C2jJYUSmZFKOGBqMq1FDXG/3XuTbLq0Fn2Xu20XN3KgU67kDSoJJEaAqzN51K/vaRmb9rb1pqLVNhLTS1tlhe1FpGjiqUroHnMYrkkkUt0IzYEMfk8S5cu6L3pLqzAmZ9v9VqqllqBXM8OAPlT340G2X4MIt78P8AOMo1aSKVGVVrXIjPifI0zw50Os2K8qh2NLaw63VQ1dlTXWPNJbj20M7wzDaXHtTQTa+3RuRsghUtDYjIJTKghq8u4Ttnylwhe7MmsSaastAfSFWgIPsrlWvHEuy2W5k3lL1PTt0cUyGMvlI02k9RyzCjpKCqkMqha1qcZ/s+V7vk202nFdBpbtXTccr2NJe2Oxji9vQbYrNdo2rOn2jQQbfUtWmkInrTtPCtlAjqwz1fbXtMO22Fvu80yLPInUWNWDGSM+kx6lACzVIYKw4KSRljG7p3INz3eXZ7CxcQWqmGSUgkxXAoyOsTEde3IBUyQyAhmC88bBotOiVIIx/T43koeGwvUIli1Z2tiBYL8iRWZ7FqESooCpI80syYzIWz1ltyna3lKB5EkrRVkzmCE6qFlAWlSeWNhtFNxtA8kET9GP1Sp6EMhGmSsZd2B0gL62LgAEEccPW19rikVJpa1e5DcealWraaiII5b0nlaQ2QIppVFpuwfLNGcjw+vXRXDbjOzxuYljOltQy4DnjrsQbfaq7ASO7aRpPqYciB4genhnTxzxOhxDBK9SKK5NXrTTWa2snkt36sSr5SzTSBYphCiDurR+59QpOB1EQu9x05yKsaaiPRn4e00A/ViQ0xtLcrbg+lc0UnXTjwOWXH2Yq+52sE2spbfXpV3Gguziiu21jLfu0bIhOUn191YJbMUMv/ALgXxdWA8kAyOruxgeG+a13AvZ3CAssbnKRKU1Dp0OZPMkCvCuMXud6buyj3S2C3u066SSR5yRPWgAR66iDkQoBpmDSuF+SaTdvraMXHXq8u2kvsC1qrkDTQgCOOT3NVb19rV7XSzhQAW9yx7JH2qAem9s3Cyjkc3itbW65CVZFWprzRwwI8WpXzw5vG3bwtsq2PTv7/AP6kLRMdIK1Gl42SSJtJHoZjQ+r8WI74a5xFYk5Lxfl2vvcQ5JW2/wDJ1+/q7DWW7tJ0LQRa+Pa14r2xfzBPvRvYWf7XaVWAxP7w2q6gS23DZJPnLN4fX0QkpFSc9CugVvHX0/ZzMHsHeLIpdbPu8L7fusdz6I7oyRNIlB/KeVdU61r6keUctWVBFc1+JuPcvt7FuSXP6J/UbKbDSvVvLa2MdyrMjUNhqlpiPZ6+3RkUSKIZfdBX+Hx8untk7x3fZ44ptvjWVgumRh6EkU1B6qfA+RI9SkA0IFQDiH3L9O9k3y5mut5mNs0raojm0sbj1LpYUkFCAfS1aZGoqDZuPcm+UNXxylrdjtOEc4uUpFjqbDky7Xh97fa33m8bP9S0Q5DSv7oImHH4cJ9zu8eSzdVm47d2vNfSXdjFd2ltOQ+mFoZ0jkPHT1GR0jOZI1sAaUXmLHa7/um3shHuE9luE6EDqSde2MygUBPTV0kYDLOKLmTWmdW5eZNhuaXOtRxLc8R5Lpmhik2ugta7kEWwlv8AtxS1m09F6W4dniTLOldhIi/zV/4Re7OUtI5NqvL1brarkH0yKYXXKlVcl49eXDUCfZnjNdxsbm4g3y1tn23d7ZspoXSVXz/lNCipcMpqT1KEZ0rUEY1u5z+9Fx2ehvNTDLuIIFqz1zqJNlp9jXH8mxbiqw0bMQise2GFeRWdCcZ+nWVi7eCXomsHK2JJ9R/mUGXqarVOXEk8vZjZL3MZNqeHeEeK8C/jU6STnkrAMONaHPPPFJpcc4HtqGs2vE+Px8dtwWzZji4PvLfC7NPfxIwCJptVsqurKIpYj36Lg/XPp1aybr3Ja3Ellu8zTWzGgN2qTgx+LlxK/l6ZU9vI1n9B7Zv7WK82KNILlPVSzd7f80cFARoo/EmsTHy54eWoOV2n1133drSl10XsyRch0ui5PLasBm929/UIYNZuoLE1csS8U0ar/wAMZ6ft32yCPoRxxOh5QSy24RTxUguY3jrQ6GU+oA8sRJo95nK3UUkkIi/mJPFHca5RwYsFWZW01GsOMqjnivWeRV7m3i03IK3Gp5JIfKkatrY6vkbWsJIgoLsNhLPaYxGQlY7ayfb/AAL3zLitLi2je/2l5gy5UdoHipzVqLpjXnraNqnKvLFPd7pZ7jcDbd3jtdVNQ6fXScNWgMaM5eUZfCsq0NcsKXtsdTXke8b17XXIHiSy9t6V6lHRb3LK35rRrVJEo1sy48pJ5FUhfM9OJbpcSmKNIkmFNQ0jQxIzqCooM+QUHjTPEa9W6238+UXLRSJRWY6JVXlXU2kH/nanCuE1jua5rNqlJrp4dlAlqIbLUUzJLVjjDVZJljIv1fAE/fJEjBc5JOD0XShu/wAq4DqV4hHdV94qR7MLA9ztjNNbdB7KUUVJERmU+TBVce0EYjRtK9q14HXUTZiErD8KtZPszR+HitO1UkaRPeaTyRJISGUEFwepK2s8EJWBpNJAFGkVQBXjVlJ9wxVvf21zeBGjjLqdQCxszOaU0JRgAc61YEUHsxIHfXadX86pHttQyKs7Upp3gvVcSL5JZpW5q4iaZoyHkQdvI+DA9MS2Vk06wyFJXVqZSF6EgH1A1XVnyHCmJMe83UML3EayxS6QSjx6QACciODe33VyxYre+a3Q9zeazaUV2U2uqauSGaLY0oZXA/FhSGaPZRQtaOfOR/KOMd2bJPVem3lJTDbTwgolSHVqgk8DpIH2Uxazb095F/8Ae0TxvcIOmwZWipwqFZSV9lfHDSJpK92SSXZTUa6VnVtTsdNf11RZ5Qhiu/1PTT1iHghSRGRVMfhK3258SJYim+X6AXqtrDB1uFKg89SurAilciOOIhv1a41XlwI7cqVCTQtGFyNKPHRlNaZ55e3CUNll/GaxJqYI6FP37Mup5JJso5p4Iif5Gq2cNyarXFIFvbMxnkc/8A7dBJVYmMYZgWAXUihacyJIwoYjhThTOmGBeQrCk9wtuohgdmaO81atOYXpTISK8Sa6sqc8R0O1obCpZvV7Y/LlTX24IpdN7ktWpfaWYVdlXcxyibFWcoIJIyBGA/cZd95Lq2demhe1DaWI4q1AczqrShHBD7cMKu23kbXMbP13jSRQYNY0sBUV00JrWlHApTLmZYVnnSSzCj0KVivHZ18t/QnUWpWDpIklmOC5ar1odjFKDXBInc93iTPS/OLH6p19RarAMSAvCoJoT7SB7MJLtymraQImX01jCNr8GUEhfYDWlM8Er6qa8TJUkhvVizRpfqec9VmNg1ZRGYUl82S0Pb+gyC3p0813BEqmQdOZuC5sx9lMvtxXLtc0khEYBhHF6UA9o48csueFJ+PW4bFfWbCXWVL22hnEFG7dEM16vDWAuPVgnhrvLDCjkSMvYdu46bTcY5YWlpJpU/hQua+wZj2+OWOfY7i3uFs7xUguJB6VkkVcqVD6uGk8NPH7Mer6Z6PibH4FZ7SCeGaC9JttclOPxrQVqexrQ+zDZmeAoYVEjk/x4GGPNfrO5BMojQ09aFDXjwPEUPHxywEOyyqOlqh69CzFHDpQGmRHPLga4fUV47avVqxh3+zmp7evXsxaXUXNqdTY2saIkty2yVaSSQ1vKd1aYyrHGPaUsniW7g3Mg6ge3gQwSEEyivoFR6eIrzrgLf8ApxmI/PmIliUqImOnWSDRuDU5ZUHMHFwvWdLTrva4rSp81oVLb09y2y2j8fLUPbxOmsvRpfZtkzmIkSutVAMgt1EjFyzL84xhQw1R4wXCy+D10tppX4VrU+GLAz2FufmbGNLtYnAlBYBekDXWpNKPqAFTVeOWJyv8jptY4YONbvVT6d2m2+91dytDyTdHb3oorih7VwwPpX18M62PbiX3Iy6keSsCsCLaXjJEyF0ZSNbRlQamuWrnzp4Vxar3QL64gn2xoBahnd45CkrKTnkKUCqeDAV5VoTg8HNbG0/KuPtL0E0tl4ElKNPsZI4oRVF6CGBZYoY/HyJV0DN5E4yc9FPs8SaUSKLpac6D8Vefn+zDNv3VdytJcS3EpuWlOp60ZhkAKcAoGWQxFvymnBdlr1DuLUk9PY3p7VShMb87wRiBaFeGxNXCPfcgI0iiE+hkXpltmdunI7RIurTpyCgfr+/AHuINcukZlzXUSmotX7x92LTp+X7yarLEnGfkC3VlrVUrV3j01NogIRJi4W2AjickN9rqviB9pHfMe42bbDWQXdkqLmGrKT4cwB+rF5Z7tuRKI9jfusqVUER6q+FNYw42XJd/soSo+Pp6E8D11E9/f6qCVy8kaCMQ66W1KbVwgJGftH3dz9OocNpt1sdJ3BHjJ/CD/n7MdebjudxGwTa2VwfxsQfDNRw48dZ9nPGb/IvNeScP0GxduKLr7iwO811LuuFG0jRqI1/HtS/1JY53JKFRJN9SfHHWk2jZdv3C+jigmVkdgCdPv5Yze+3267Tts0vyxBUV1agQDpGRrn9hx8AfljlW+5Jy3d3rskzquxLlxIkntKvm8kKtHIBLHXAHljGR27Hr7Z7c2602zbYreFVosYAYVFfPHwt3Rfy7puks1w5eVZDQ14cMhjJrk19mRMHM/kyv4RFQygk+5gkxJgfXPfrUpIgGoABgMZmTW0Z41+zEOZwkLM1mNgMeJ8IiuU+6QOZJkxIgB9B6fQ9SRKmkPqoOeVfsGWfmTQDEMJIQdfUAAyNagZ8WzrTw01JNMsddf20f2jfIX9xOzrbmdbXDPiSrarLyD5E21B2S5UV/OzU4nqyUbf7Z409sNE/4lZ3BlmBHi/iv1X+ufaP0vtBBPKL3umUHo2sUtVRiCA94U/kotKqjazI1VAHHH0R9Ef7d+9Pqzcm+IksOx1IE93KrqJ1BBEForhTJJITTWtFiqC75hcfavS/Afwr8S0qes+JuK6/R1rm/1WwvXb0ew2HJ9j/Qqli9Vk2262Fm5sZXmYZWKFYII5X7RjHX56b99Se+O97prvvbcZb2QWsyxLpWGKJ5iFfTBEBGWKKq6mBcjiRmMfqT2d9Kex/p1aJYdlbYlkJZ4jO7OZ7h2h1FUad6vpVmJ0LpUHlXGoT0Yn0UMTSRiO5aoWIa3lMzyTJfh/AeSMxJJI8AiyxYH9vWBgNxHcGSMp6V51NKgj9WPUJek8Q6msGoyFM8+dRhKtsoKux3P46EWIN5WScQf1Sqs9060SwvCwVP5EJj/wDcVigKgYyerBbaRra3MT64zAT+EZ6hwNOA+3EFpkE8qKGzahNOVPZTEqtuuou+5s9RWr66I3N3Jfi3LhYYYjYmnkuSxzgwe5YUy4khGAfDLdhUTWkyuvTimmnZwFC6SWauaCgyIHqJNRQjnibDOscDSv6IFX1yOaLGP3mAzIPAaTXxxntzZpfE9Hi1WGCDbQz1Kez1Av8Anfuq0NmmBYu1BLSqzQ3j92YrDuhGEXBOts9qW0f5ncmV6yadHIZCoPiRwPjjMXm7pMhtdvd1DJq1jic+Iy4HiOeNs+P6ehoXJa6Wtfs9zrtYJtvR9uf8Gk+zrWPZZ2f2YL0FqAeYiUxmQjHtYV3NVuTzGE60KW7yOEofUGTKQoK+qP1CvOI0DFq4hLJ13aNZCZIyA5AzLZHOtQK54utCVaevupBRj1+qubS1c2NqlJFT2WzmiWdxGy+Uc9ah+TenkeKQrGTKx8s+OKUNLc3CPKXcqpVQ1CB/FmKgjx8zi2X0Fo0IWNlBYcA3DjTM/pTEhTba0tpXlhj06Dd6VK9ZKk0jWdVUvmwoe49eOtIaFaL2bEEqkyS/dHhQPJmtFvNA8DNJW2fVLXISA0oFpQ1B8DwplXDGpkDLFRE4UGfvGrPnTDPe2bev1oq0/MpAJq0EbRw1zaLWi23tUkhjihE12VXBQCNEiKxoyAE9cRbPemqEE8KE5VpwJrmRTj7KjD8evoUjYELyOQP2fbh/pddBsZDNeuFKsslj8RJ61gkFK5uJRCwwRxquXOB2y58c4wOmr64WJVtgwWU5Vp7D5e7EnTJnKanKtOVPLnXwxDzaqnq5dbeZjBr4tEt+f23tWJ6n5r21/p8xVUkisuZSQkjYhRAue/eHK1xJG6ylaiijMkgEHj/Fl7KYkxsrnRFqABr7T4ezPGVch+P6G0uz7COe+1YJEssMFg2aGzSpFJ/T4LSvgwV3eRHdYn8SQDnJPVrt29T2cHyT6KFCA2ZIJ51rStPGtMPy2EEkgmbVrBzGVCPPKpzzypixaLU1aMsN1K1P2ooZjVoyVZntq0VSek1ursK84d2HuZUd179xkZ6r7iR9QhJdgfiI5ezLPDrxROgzIB5eABxyn/dhu+N7v4b5zxz8K7Fsr/H+V6SiLNW5Rv7Hke3h1Ok0uva0XtVIGgt66KaSKQqBXdxlQxI9h+l1tuVp3lt+4yyF9vguI3d61VUi1SMSvxH0PpFMxJSgoMeP/VKOyv8A6d7tZIzreXdhLHDGeLSSdIICaUA1AVrxFRzxqN/fybSlxhbybLTLU1Wvv7GHVyWK1RltusxrzQTAJGstKoq142AljqHwIGWzjorZtve4ltGSaN55EDtxbpoilgBQVIcFmHxNUtXKnpsaPNKGmIE3SjZkFaJ1NTMM6/DJrRQT6UCgUJYmucz2nFFr69Hmux247V3lFOjHNE12zV/FtLe9yOaQRfh0BAwVlIat/GSxCg2Gx2l5e64UQFHXoiVvgRq6/VSnxEoM8mGWGd0mttvuIZLhx1RrcItSXRI2bMcCFo7FTkQrA8RSnfC20aDgGv4XceepruKX+USLrP6ZWmaLXcw5Pt+U8U0u5rB5pdHt6XDdrVhFGsWiggrIFbuuLjv9TJ3FJvkLrM96luS9aBnt4Ut7h1NRVTcRzEE1LFj54zH0rtrm07a/ozkx29tPII0ObRQ3MguoYm5BobaWJCAAFKkUoAMazSpU6lY2BPsk19j3VWw0GskZ4ng/KpxGKRJxg+0HlyVzGV/4s5xU3VkmIRAZQfOnvocelguoJLKVPD9OGIKdqldZasJuCfa19hsorzXdPr5hJ5WZKsTyGJFhrRpX8I+5PjgYU9TkSWdgHCCKE6KZkUpWvGpOXDn9mIJLwQMFppPlnX9WNKgNiKile2LtmS9MrU1ubeyxXX2okjmWOlFOtaNY/IorEMcA9u3VDIxV5HTTp0ZUOXGhr4/bh9VMoQuxzGY9/wDhi08dvWYWgggnip1pFbXXamtg/qFuWXWkIJLGx2DVpDrgqlpDHJnPZQPEdMzywwGq0LkDM8eFfcPZgZLZm9KDUF4A8vZTGi6fj1PZbK6mo016W1LOlGJ5bFU1IbLxh6YewwT3qsCEsW9xHP6Zx1Xy3Z6ZNzUAcSvj4Z1rhktNbDU+kqBnka0H6eGLVyj4en0tlv66893W1IIbmxdWr1fxWnRo6pgMNZiqm7G/l5eMrwso9T5dMRbizuahlK0p58s+OdfZgLe+WeMso9VfDw/b92MRPFNTWnM2xuwaiAh5hsayb++sjCCwYUggq3qsKeU86qWx5J37+Xfq7iu5ZFVVVi5PEeI8v0zOH5YCFaXW2nmuX6fsxQNhU1+tlp2Za+ntizZvMEnq7JzHJUnkjR7KT7AyZsIoYYd/Ly7nq5t+vcM7hSSPCnLjx/T24YWSKQCBKgN58MRtizX8AsdCkh82LFtdWnhMhkbNZZ3X34ofFP8A21+wnsBnoI2kl9UxJzry9n2ffhZIwiCSEsF5gkf4YX1u3rDUmOhFYSaFpktNFVWjT96fPvTsye3bmlZBgOfH2CACpGelniImBckJp/aMKhuHWikAHLj+gwMtyaVf5EUgQFXmW3bN5iMsIfGFgswWMsSGDfcP2dugdo+DR1Xl5jzOHAhPpkKqfL/PEQLkx80E8AeLwZgtf31KTIwH/vYWCPzT7lByPXPTy10hlUhDwGBk6cVfVUjnlniMuIZQHvXAGnVg4dM1WCuWYFo4gYyiMQGA8gD9ejhRpZKopCVz1f5UwrzREEIanyw0p2Uh8RhvNSyM9ZLDtbrxsnshkhm/l+Ua+KuskefUgN2M5oKMpk0HSa6jxUjw4cT6fIE0oc8MzTMaaKiRqqKAcxn58P8AA1GMjm/ta1XLOWbXeV+Vcx1B3O4hvwccGx12voVIZXB2K6uKsst6SjBKzyRQLEvthiFk8E8evYbH687vsHb8Fhe7dbTy2lsVaQR1d1TJKlmI10+KgppAPGpPzNv39r3bm+90Xe9WO6XdlZ3tzrSBSWiid85QmkAqjGpCsWIcnPTQChy8Q+MK1iTV2eY/KPILGrvW6B/B2+ygRLdexYTXrQMLV4hC0AdLDp9mCGI+7r0od290SQjcLeDbYEeNH9QjLHWisKIa0pWhx5QOx+zonNjPd73LFA7o2iWeKhRmBoAQADSvvw1n4t8W5ncQ/IN267yV4k/735zJf/NlhMkElg0b6xJVqeDDyBJLFcqRnrl7m7lVVkf5NNBBb/bRGnu01PuwUvY/Y10SyjdpXkYlK7hdZmnCgcginipwjL8YcDnrTmTj3ONnfrxRAzVOW85ltFFljjMf5Vzb14zDD4zTy+ckcSonkT2wUm707w+YkZJbIRswA1W1uF4VyDxtnT7sPwfS/sFYoobpNxa7CFgqXl2WYVpSpZVyB1H2YhN5xP4dowzWbHEtjXoWIxRr7Hd/IPIKsFxZrEaNNVv7TkFMPPOi5Zj5J4qPbBTDF207j77upBDbSwNKDrAhtojXKmaxw58PEH3Yj3nZX0rtAJLxJjbMoXqTXUyqcyfS0lwCADkciK1PPETDxP4CsTTsOF6He2oiVHufJolqToCyJFaMvKa7OnjETIS7fxDC9TDvf1IRaST3MK51pahSp8NLQGnsNcQv/Evo2r61trW6bKmq+jkRvZqugT92K0lX+2B3d7Gk+II5ZGkgjqNzTX05YnM6xpYULbe1FShSQ5WQvNJkeIAB6sTcfVpk0rNu6geFpISa+JdI/wD8k4rP6b9BBIWNvsTuwyBuI0Puo5avsrjTKXFPgGaklmPjPwRUfwaZLNpdBs4pbNjENd/YnkpRLqvFMrD3AyXPkc9UlxuXf0Vy8N/e74JdQGgLOmRFa6VDUOVOA4nF+m1/TB7dZrOw7dJMerWzRyUA/DU/EefqZBl8XLGe8l+Wf7bPjyOtXv8AGfjO/vZZaM/lxHhHGOQpUkawiSW5o9ZQv0xVrRRl/YMxaZ8eQHp1d7b2x9Rd+UtYXW4LEo/6t3LG1eNNLFTX2ZYzW792fSbt8Qx31jtbSyHjbWMEjAcPij6gXMHIsTz4HDKP+5f+1GNacteNqVqzYnl2LRfF1enB7lhyzWA413qSSRCMBCceg6T/AMB+qPWZS0jxaaCt+2ovzDAtX9uGovqZ9HGERGmOUvqP/wB3qaL7dH6eGLFoPnn4v5ByJtNxmTi0NCB69ja7zY2uH8W1+YYj+BV1sl6nFPvLPsZWwsDGKMk5k7AdQ9w7N7q2vaVuNzS760lQiIl5OxPg4TKLLmwYEilM8W+1d89lb1vp23b7zbRHGPzpJZLK1RTxpG0rDqexWUjjXliT5h/czwDiV+hroec8Wms27nntKPE9i26SpBMGHuXb2l19rVVUDYMjq7yAdgjE9Vezdgdx7pt0l+u3XqW8aU6k6rDU6hwikmebPgrGONa0qeRvN++pPZOwbjFbNu23STFs47Oc3B0kU1GWCIxKFJqQXatABma4qdj+7TiEe2fVcJ03NPl+WLUx2Lm34hxrYTtDsGnlQa8VrEFWdaNSJg7yzSukjsQiA5JtB9LN3S3M3cDWm0Ra6Kt1crFVaA6mZQQzEkgKFXID1VxAj+sOwNdSbT2vb7vv8iQeqa1spZwJCzejS4QoqilWLMKmtMOY/wC47awUpdpyLjO+0E9V0ttx/aQ2ql2no0vPDJutjasauQeyWlQfjVVnCDs86thOmB2LBJcC2266guLYrRJFCsskuf5SqbgMv+ttRP8A2wMWv/ndzFYNd75aXNu8SdWW1kDRmG24deV/lizGtfyoY5AOcpOWMu3f96OyrQwx8c40ORWZL0iXGpRbGvXmSRw1epBY2zf1LZXzIoMk61YaxKdk79aiz+jkcsjNuFx8vaINSiSQfD/3gVICpyoTXPjjz3dvrxHCka7RZzX907UbRrVA3/aVZfUx59ZYFjoKaakYhdh/db8wGaGs3xFY1lvZEJabfXnWvtI3rCpXgp0Braye+jBDIzl0Pieyk+Qmw/S3tfRI77mksKLULEAxDAjNtLltNMvCpGKO6+sXddywA2H5Z5GqTPMxDrQjQoWMUavqr4CmL7U+ZOdSV9XNyDg3CNNtaNxZai7vdtMNuoryS24NVVoVqq6+0k2FLWPdrlR44JBJrJO09ngaea0v7uSFwA8kURpDyo+rUSvD4c6knhifbd2brcNbC72uxguIXJhSSSVi5IqTHGiqK55tJqXlSueGNX505RR2zXVpcGoQ17FiKv8Ag7PcbKy5sJJAjmxTpbWaGxNE3jKIYYQq/agVT1IuuyLeSAWSyXjgqOMMR4jjxiOYNc2J88R4vqDPBePetHt6SIxAEc00vH4gVRHINcj6Vofhpzj63P8A+4XkE068S4Twfks88z2ZL1v4/wCfayWk0w+6JRvNjTgvQgjCSSf+59F6Sft3sPbwH3e+vLYH/wCdbsPsVS3hQCprgLHuv6mXgcdvbbY3YLauobK+XR/qMkhDrSuUgYfcRp9i3/c5Z4/Wt6ji/B6MNav+Xs1jbX0/Cwzqti3VitiwsSxSoWeKd5VBGCF/hONhP0ui3Foru/upJy/oLmQ+kj4ZAoWleIpTLHqcUX1muttS8tNntEhRfzCHgiFebxREvkBzZjmaafCmby3/AHNbzhA1FnkPxFwjjTRzf1CvyGGhtd5tY68rvZnPt6wxCpNYVTGlQKYyD4sM9WW3v9Kds3T5mzh3W+3DUa/LPIioCKDUGZNQBFaFufDFXfw/W3eO3/6de3Ww2G1aQsonEU00rD1EKEV2LCoAEKhgBUnFSHx18k8mn1EFn56h4jFLG7a+rxoA07MtExCwy3atPV7NntqzERskqj+HyOOprdy9r7Qsk8Xb7XhVjrnlj9S+FEDOpyIqda8MQk7J7y3pYIrzuldus6AxxROHR6Zc44XjFQfS3UI5nwqvFNH88tb3HEtbyTc7jQTybCKXmNTatSismOSWBq+vv7XjsF2ayqBSYKxCgZxK3Vrue5fTuFYd2nto4rz4hbFeoYjyZ2SUgKa0LuinloBxSbFsH1hmluO37O6kfYnahveqFDg/9O3lltY5JPHpQ6cgT1aAg2OP+1Kpu9oku15xst37aLLJNY2PKrl2SyYTBaBoU4zEJpCwjLiRyV9e3UUfVkW9pqt7EIGzGkRqpAyGnWrEk8aeGJEn9vd5dbsZdz3lHMS+onrSt6iB69DrTjyy5EZ4kNz/AGifE+jiowcwsbHSRXlWPVbGUXqBnkjsQRWa+o/q20a3M0Ush8lgryP5eR8eutPqz3dfSO2zWXVdVBdczoXhqOlAoPkXBpypQ4W7/t77D291j7j3VYPUArdF49THMKrSSs71rkkUbMPiJzxG77hPxt8bVphxDgW/5Zu1sV9Vrmg0dWzDbmlJM067vf1Ja9y4FI8442lmC47DHZ2x3fuvuSYNu93bWlgaliZm1A/u9JGDR/6WY+Ncxhrdu3uxezoCO3bW83Ld69MKsCcOOpp50YySZ/y1VmpTPkN5+MfjHRavWw8gscVtaHdW/cijg5PvdJap2Aym1NDq1oR66OYwzTNXAWONvNMg9usF3X3Fvcs5tYrqCSzHB4kbP/V1GYfd9+PV+we1e0reyXdRayRbhIwGmeWGV4yTSoSNIiTnShYAVqagEENZueCLyDaa6Hk1GjZ135dCfTTwg7pjRd5Rd1V24tg8m0KucVyJlm90MqjCnqLdbTu0O3R3VzGxjmo2pS3TKEGlBXSGqBmKClcsSdu7g2Sa/ls7ZoYZUkkR4pZIxNqSQANregmjPI6mMeSqACcUPmPO+FS7u1oNbarbHm1dakEFJdnHUq1FrQiwtzbQ1o7VqvSkqNOJDLGUrhh73bDG72Dt3dI7Rdx3CN4todCepUMfClDlllQcXJ0rQjGd7s7y2uW9k2jbZYH7nQqpiBUqAa0zQmmrOrElUoNdFdTi+8S4dyDb6YwbKHitW1DpIL8do7XXRXdpq7yOzZ19q+xkqLhUZUQtVYgsEX1qdy3GxtbwyWRmkWueVQOWWQocswSacOWLXaLXfrnakt91ihjdlqilqSS5n1LUlV8KEHhkTxOS/JO81nxuNF+T/wBjXotvq4q9fR6CLZ8l3ewcT2Fdk1Fewu0oTQALmUCOLzP8TjrR9u7dddwRzyxLMphlqZZmjijU+TldEnhkPPGQ7vvbPtm6t4ZRbOZbfSkVtE88soqKlVhdnDUzqdKcfzOWNA4x8i8d1mm19fkElvg0N2j4R7K7WrNMxSAxP+dbWYtpdhVfGAwlQjIdu+OqW+27dLm7kFgY76UNmqE6shyQU1in4gQPLGx2q67esdsiO7JLtkcsdVlmKUof38iYmrnpJcU4tXLEbqL3Hxs9tKt3abOZoapj2ElurW41t7Zb7Z6lSvZra3cWbUJUMY/cHbLd8gBdxbubNG/LhjV60AJdDQVVxnpzzpxzrjrBu2LS4mkbqPrUKJT/APZ5Cc/QikNMdJFdC5DnyEXyXlunr39bBwbVXNbt422A5hb081WeChGixS6+SC7b1tlHvLKT5Qw2CUBwyqO/Vjte1XAtZZ98mhNuy/k66kMx5aQQQPPFBvm77RbbkIuzIzDcR5XDwepYHpwDSKlOTUjYUqQc88Nn3LbzcR7XYULHHdhFrfwLnLJ5EtW9lDC5fWwXKsFdtVsakSN5OpCkM2PuXPSSWsNvb9CKRbmMNqEKmlDTPQwIZTkONchiVZ30+5XnUlgktb2OLTJdEZFvB1NVYZnKmZI8MM6ScalvWtZvthfvXa1lKzzaUS/02zBalDwVPx/CGKpNI9gnEbOqEAAhcjqRLLfw2SS2RVI2FSr1cingSf14qbeHZrm9kst4Fy8gOnXEunqg56W00IB41FBUYDa0eM8NJ2bcL2W+oS2VFRaFNNnYRpSVqRTVJ5ppbVqV1KjIjhQjyZwDgJt15uO6t8qL63ttK1JkGmv+n0kU99fLEi/2HYe3FG4vstxeRnKNVjjd18CRIQWHmWxP6LmNW3DHPueNtxam7SVa/wDXrlSlIiNkLG2vq2XiZFfOfGWVVYdl6r7/AGydLilvc/OT0H8sAZ/vA6RXlxHuxabbu8PyYO52ybbbvJSs0kKHT4GJZGCewHz54+PVf+a0MgbyhZ8ShFZPuUeRJwexIH7uvtourUaGgAFcsfmPGmhAgBNPHwxIw2FsYEaeA9x1USEM8jZGASxwFAyTjrorhiak1HnhXhGkBKD/AAwQNKssgD5ZMke0UlScnICxknCkfUdC2hqsFAIpwwQMisAWqSCcaJwm7xXT7Vb/ACqCzfev7T1tfXkEaSTyjsthESUh0GM5HVDvkW5XcItrAxo9PiPH340vb9zslhuAvd5WWZl+GOMVLe3xx2dU+deN+/oDqtzteL6iZqsu3q1pI1nSxEQ0pjlewPdiMSLIVMDRNkgHJGPGrnsTdnt50uUgu7kMQjAsVHtqTl+3H0Ttn1Y7YEtpJa3FzYWZoZEFFZvCigaSa+I4Z41fUfMvxNPZucsrSarZb1Y5oY6UVG7S3ewgnLRWZbL1K717Ul4AEg+2ETPk3WMuey+8zDHYTrPFYkVJOjpgV5a89XsJNOWPS7X6p/SuO9k3lRA27qQCp6muQkUDuFqrZ0+MaeGeLXvd3xHfamzQ2c39MNjykl/pnI6sO5hqxJEJJNdDU2MInl9xljYSRSke1447Y6jbftvcW3X6ybei3CwtQF66C1KEnUBnpoPTVaedcS9y3jsndrB4Nxm6cs2bLGaSBeIKBJAtB4NzBqnM4y+t5xq7o2fxxziPfaaW3Xbf6jmmpgBvUldalya/DXjqVNtYq0wW8VrxWSAPBm618MO33kDW3cu3rbSgERPaT9MpJx1JQ61OedWIrXLGHl3G82u+F72HvAu4QR1or23CCSICmmVwqxTsOARY1egFWPHG88e43xmSWza1cdC7cneGHca7Y7eSvSgrzyF4loaqGbFKtX8HWvGVZgX7nrC7xNuVrEkVxqjiHwtHGrSOachQljxqMetdqrst7dvc2kcMs1fzI5bjpxxDx6LV1AZCnDnyxfYaFJYo6tfc8aq7i3KG02htbqJJ5i4j9rETyRzSRhLKOiDyJWcHBI6yUd5diUzG3vP6enxydMxn214H2f4Y3slltgi+Xs5rL+pMaxwicAFvD0lXH/4MM3D00rR9foctqNrrFvX6aaN1QbzVVNoY2kqzTW0giho3KJeRT4BvMkSfQZGD0MF5s131zBJcLIPUjvD1AP8AmGY9nv54ibhbdyWM0E8lvAY1Q9aKO5qGByoQQGPtca/OlMQN/kmw0MlCHTcdsU0klailLX8iowmOdvakaG5DdQR1/ISZ9uxJB2bsuCCbm02+PcA7bjdJKelXUYGzPjxEnD/thh4YyF7v13s88SW1k8CvL0gguF9LH1ZChTn/ANRlOfDDuh8qbu/ye3x3a6Lba2vBFVeL8vS/j3Y9krCN6lTa1JNro74UtmKUiBFXJKk4HUe77Psl2hNxtJ4pNctAYp9SkeDwyaZox56pPZh/be/b1t7l2e7t7mFVh1MDAFkSUn+Wky64ZPE1VBpBNa0Bm/61rtVY2E1rkQbaPrrSmC1LXhqyTOkuIU/HZJLETBQjyCOKN5MFVBAPVe+2XV1EqW8ERtNSgla8QedScWzb/Ybfcu0t+y3pjLUelWrl+WaV6fIii+qnpPHFO1G/vinLct0IrMcdprtLXTX44YbxjhsQwN+NaEsQryyMrGfwYoy/Xq+vdutFuBDDprRQ7UFR/DUioFOWWMlY7/uM0PUm9f5hMdGNKfvEA0Jr48sR/Jauv5FFQn5XoKw2NBo66cjWLZ1tzTuFvOnV13JqU9CWsY3HiHVU8gPTB7yNse422WaHbbhjE7/yDRo3FOLIwKtz4jFdvMabmsF3vVsOvEDS4DMksRqfgeNlZTSmYNfPFu0/M+UccqwarY7HemMvHHU2l5zs1SnHjxsWdxDBXRfciUho3lkQg/xA46rb3Ztq3EtcWscKpWpVC0Jc+SFiW9laYudv7j3vY0FjePO0pGkSORPpHHOYDLwq1fDDP5A2Vrkeujr7bjvFua6dbDW56GxpUPwTQVX9yeH3K81r33hYkFbQ+8+n16PYNsi2+4MlpPdWVxT0srsM6g0zbMZVoaj34b7m3i5vrNbW5tbG8sK6nSdA0fAgseYY10qQRmacMctN/bRwatNZ3nG9jx14rdz8v+icnj29W3osOJTXrXuM7htlGFkHlEFiYsUGCDnPqq/ULfeku37lFcVVNPUXpt1l/ebqoyVJqOK5AZc8eLD6ZdrmY7jtRtUq+tbe51h4G8UMLrJp5pk1K5GuN54TH8h1moaTkOo1XOada008GzblSzXa2tc51zUqN7WNdYQr2kM1mOcqfF5CO3WM3xu3bqOS6hkuLa4eLRpEKsXf94mOTpE8vQFXyrXHofbN33Tt0iW7rBuESy6hKbhlKR8NCRSR9WVa1zdi1edKY0ujyrZT2b+trcbjgapPJBLWTd6OOzG9eN39tNZNYDyZwSJB2H6Yz1n5tr2yGCGaSUyI6CpMFx4jP0oh+xl9vLGs/rO+38stg8SxPExAEtxDWlS9AFkf8RJ+Bs+VOEfV5xzQyrXPxpzq5SRIoZ97RbhW+0KwWbUZY2aSbuSYyIjFZAkCsB6Jgdn7zZtlo7NudkrMwpG0U8ZGWVKLSvsJOE27uXf45AP6JujwAAvcLJayRCjCjKvVaVaH9yJfZieqb3VaOVNtrOIbu3Vt27X9VnqVtTPXmvGdxEtZBtokozTS/a2Y1KYyAPXqlm217hSkl3bo3IsJasviCYWNOI4j/G/g7lTbQ0ltY3DW8jHUQsSgsxqdTiZKNU1IdA2deFBitcq5Ja49tf8A7oO11PzDJqqlOVDX4Nr6/K11lhGT2zbtaK9celSSNzHLXt1/ZWUghxnqy2naotwtRsNvPtSXzSUDXMpgWQV4gTBBMM/ijIk5aMsVm97xJt16O57u03mSygTUsVpGLrSfEvBIxjPlJpj864n+J/L3FN9LY51qruyqceeq+r3ljmGg3ui5GtuUHwjvXRDZ1d+GzHlfIV1fv/7n6x917N3WyEfb8yRS7kW1xLbTQzR0GelmU6gKCvM1AxP2fvzZ95uH7kspZY9sPonNxFLDcxy0oUdWGgqfKntxIXeZ8BGpJTk8Gp0MthJJRrIZ9PFUkk8hClq4qR2bU3/LKB2XIxg9R4Nn7hF22u0eTclQ01GpIBA01PL7MSJ967RNtWG/ht9t11YDIA51YUz1edeeLB/UuKX6iPw/ncNDYRa+Z0mqS6jb2LYygktzxy2Ydoa/YJK48AQcE56qja7zbu67ztjmBmpTSzKo8PSjDjnmQc/DE4XvbV0iz7Fv0Ud0q1BVRM7/AMTQ61c+HUJIypywlx7knJFu1l2aJudZLHKdlu6SCs+ruV5RFFV/pE+z2clnWXq5PlPVnRowMNH+r1/ttg0TSWsYtZ6+lGBUNkP+sArQf6Tnz54c2ve7iKQJez/O2RUrLOg0SRivBYqtrGfGNjL/AA4tcJ9lb2/r6WfamjBYvmGtqINi6sQZppKMM95pfyYvHsyASdjg/Tqllubi3aO3uTHHLK2mrkImeXqNKAeZHGnjjQxbfYXMcm4WbSTywqWMagu60/cU8T+oVPLDGVtVva9HkOq01SDaW459hTobLYVdResThYpT56a9ehqVZYvHzIkCvhfLuM9WKve2Mr7ZcPIbZTRniiZkFRXVriFWHKhy94GKZtv2vcLZd6UUvZj6VeZUckcjHIaV/izYcK0Jw6m5FtqFAybPRLorEhqvUg2MtfZKZ1lhmZ0vaSzsYpBKgDpmM+IIHSw2onnKwTJMg4N0yrA0/wDmCtfMeziMMTT2O3w9W8hninPpZdaSA88jGSAPI58+GEH57rrrbGShJOdnRW3C1UJtK1ba2WiP48VbcJpS0AqghT2c+74jP06cGy7lFpRpALGXMsxjJXM5VZ9XH97P3UxWPvnbd0k6wpcPfQx5R0fST45QsPsJHicQv9VNimtr8ye5C9h5p9VyLYidNYsUCzXZXuTV2czRzOIQQcmVDjq1eCWrQSdMKqaVkiBYEVBoUrRuHCmM0k6fKi6tuoOodRimahUjOof4lyHjisyjcV7V3k2h5DxDSTTVK+xmqPylWu7CiFLe2aGwe1OZnjHmG9iF8JhGycGytxZS9O13CzvLlS2REIjQH97Vzyrl7+WKu7k3qOW433bb7bYBJHqKG5JZgCBShOedOGeIbUcl5I8NR6mt09+SSrHLAliKrrNtFHFZmfZclp2Lkk2B/wBQYSseIp8sEfPpPn2naDGxkaaCGNs2UKFAPCKQgZ0NWofHxxS2ncXcE7qFhtZrmZfShBiY0rWWOVi2o/hotK0wabl+33F+9BFa02msPSsSmhDDsootWizyQf1K/chk9rW7PCA+3ZX7YWYxAk56T+jW9rHHK/VlbXQPUkkHMUQ1abKgBrypyw4/cd7uE8kYaC2nVKMhBQxoMjKzg/lPXk1aihpniyzXdpRmq0pfh7e8vtipcuV9rouU0qpsraFWB2hq3tPUI1ccilyZIZZIyfD/AOygitW3gkEksO8Q2qNJpPUtHYgcaaRICQfIinHF5JdXMMixXGxX16nTrrhu0R5Dzoxi0gjjwz4Uzw8jtcNsyUJW4P8ANdCK1YexuYn47rbVrVVDVnhjd6EdpZLMgvRrFG0MLvmWNigTyIBl30KwF5sbuqjohpSeodQz9KHSxFfQzUA8wMKB2s86rBZdxoCCJh0gGhWhzLFlLKGoNaKASRqotcIQcc1/9Iv/APbHzeaEO01DpW4p8oxWaM8CUo5Hkng5Ftba8kg2Gu18TO0SpLErx4VPDv0zc7tfPcxHeNnR5YZKyy2ciNVdI9JjQnUeJqaMQQOFMOJsVlFt8ibDvssUcsdI4L+MKxbUT+VJNpYHk1HMdB6SRnismDn9GxZXbTardIYlT+ucR5DJd1CQ62vFXEkGuglSSL8rxM06jyDOrntnAvlm2No9VqZYZWHqW6QW5GeQZmBr/hTGZlt+5LGUm8MN3DWhms368EeX4kV2Cnx0sRqrnyEbx3ZWN3yOra1vuctrpR2SUadejupNHHcrmhJJI9yhF920U2QVJYoInaNGJQuXLuFLPbmim6drca6EOqhiPAZUNTl/zJiHt93LfbgNxiV720VNICsxTqV+MkmtQM+PBXxu3GgdpS5BNzqtseORPI+l12wTZ19Xe5NpHorJb2D3YKk13WWJZ4zA0QBngEYbuzjrK3sEdtPbpt03XQx1lRVaQQtUekKCKA8a+7HoWzu7Wt1d70kls9SkBDmMyoRmSyKxPhTIc+IxD2PkGzUhatNxyhG1E6v+obffbLdXKNhrtmStHToyTXaldo5IoF8WmCyyN4uQM46kx7NHcTG6S5uWmKynSkehqhFpStTl41xQX/dd3rFitsgtVQVklmnkHpyGbFUAoBRTTx54irPyTv1kk2tfm3F4OPVdfu7VuPW6LTLLVs0fG89sbZrNmQ6PV1YWT3XEpnlYrnsMOr2/topb3Flcy7g7QKBI0xZkfNg1ARma8Dw54hSd2bo5NzBuMEW2JHM7FIIXVWRRpKtrINPHxxG3+Z2belh2MvM5II5xVVtrXcXqvhc8ZKt9te8M0dSAJ4pE0kaeOfOVw4GZ8W0fK3xtY7eqx1PTckyNkaBTXj+wYgz7001kt4186oxBaQqGAEprHVFA1aQCAPPPhgBLx3kUZ9nYbbay/lbKhBZbaRpsayXIqs9mlSaXxu1IqTuprpFJIa5RZSe4IRrPcNtjT8uKKFgWZDUNxyLUP7ePLDMt3tm5M56ks8wfTr1ggihqBGRVeHHhy54lKuzhpa+WvrbM2o19i6Eadq1+lFILss5tNaCzwJEtu5WMU4lVxJPZRiWJLGNMpvJA7hZpAK0qaafA5/pXEtNFva/LQsIIMxVsiGPMePvwnDHtTWqavcct3VmlqttBZjvUa9bTW9jVh19smpfNWR02NSO1NCPsWBW9v7lJySTdACS8tbWJJ3hZAsigornJita8RTiThiJJY4UsL69kkhjmVy0Ro7ouahqfuk8sRiHTSa/f6pByfVT0a/8AR9ZJsZ7VV9vBBpParGzWrN+FsKrR5hBWZFw/fL5Xoppr2SaK5RbZ4plq6jNl/iQucmr/ABAUriIg25rea3c3MciNpR2qFYVFQ2kEkU8ia4ntZstLVjZtfxexLWoaqoktfRwT2t1WngSOkYJKY1UZq16muSOEYeWSREVu/j01c211FTq3CRu5zMxUgL4IFk+LzI4VxKtvknfXaxF0jSlIg6knLiWRag88ya4t/HJrGylnu7HjtPQRzrZhSQDYSbCSihLa21Cuw2esqtH75lZzLA0v2gY8QOq25WONejZymSM5v4a/L0ueFOY9nPFvYQddureQx28a5IsmrqEcdSmvT01qPUCag50pi2Dc7KvXpR6OKCGaIPJfne1xvX7o6evZje9vPxNjT2laWhImJJIUtQzTBR7av3HVObKzuH07h1HVjUCstBTw0aR9gGNRHustjAp2pP8AcaaOUCGVY6//AGiX8op0+Xp5Ac64lazc33KrsNbudZspLOnLwbD+l6o27byO71UtQQPr9RYhNFlXLnyAbOc46iXFtskFUmWWOdJKNHmQBQ0FCTXPxxaLd9xX0azWc8UlYvTKQvqOXEAU+wYovyNyTkPDNdNup/wGt1Fr/wBRCT1bFU1oqxDfj0GthKmxhlJETB5fTGckdXnb+12W7TraxhwjmgNFzz4cMZ7uPcd72uxecyxM8Y1OAzUpnnStONOAH2Y+S3yz8/8ALefC1We/mq7WK7TxssHi6r5+xJSS1NEYowwMYl8m8O47Y6+pe1+xtq2WKOYgCYZ0YCpNB6v2e7HyL3d3/ue66yrsUY0LKxoM+FOHDPMY43ngrfnRbPe7D3/yl8V8HempmBmjx7cKsJF8AMnHfr0wUPooKjkBljydzGhMskhYnMk8c8ax8Wf28fNHzTdgq/HPAeRbrTCSNZ+WWl/oXEakPn4yNc5JsYIYpfaGcpALDyj0XrE92/VDsbsiMnuW/t4ZiPTBE/XuyacPl1/MBP8AGABmSaDHp3Yf0c+pP1KmEfalhPLtxahuZF6FtSvO4mopA/8AlBnPDTU4+xf9tv8A8ffx58J3q/L/AJJbT/J3PUVG1VKXUT/9kcavIWls3tZSu+N3ke2iVggmtosCk5jg7Bh8QfVP+5Xf++LZtl7Uhfau3wx1MJB8zOBUAOVH5cZrqpESNQALcsfoT9GP7UO1/p5c/wBf7wli3fuhVAjVoq2ts1Q1Y1ct1ZBQqGlC+ksRDlqHdVrYVtRAlbXxVIoIq6VKdOB4a8FSLtCj16qQpC/4sbnxhVQsZYkDPXze9vcXZaaYk3MgBZmJLMBzZmzJFMjWo5HH1ytwkYVEosMdQqgBUXLPTHki/wDKoGZ8TivXhqI1ikuwPICGSH+cVYe3KIncKysW9yN/VT9f179PxwSy+hW4Z8uPj+nt44aNwkPChFa08/H9OAyxO6ni93bSqbSiKozGZmarG1iOtFMB+MG8i0cnvTocr9wx/h1FkFtDHnq9XGnxGnL3n7jgDeMaVzYZANSlfE05Yi9zyX4isWLmt1G4h2/K6l+fXbPW8fv3tnONhToWGagho1lrwWKsOtllkAkMgIwwUkEXVp293I1vFcXds0di0PURWkCARlgPSSKE1INHNCtc60BoB3RsayyxRXIa7SbpEqhc9TSWoQKUAAIr45YzSbV73mls2tjHNFpNPsrTwjeULGqpZ/GWnBUOn2kcSTurzOy3bbx+cniFQBQTbx/07tuAWlpnuNwNLN1OodZFeI9KnTTJCRzJ5CBJPfb/ACLJKT8kZSUTRoBUADNfxVYE1NRjRNJpeN8aoV7W0q7C3fu5Eq1/479SAXq00B2teaxZpa5feaW22R775VSECgU95uW57jcTW8Cx0Va866gKavLz8cTIre1t+m8jelVKlfDMmlOfliR1E8UGp5RR19CU7PmvIqu2jpWwa3412p+Lqqc1uCKakg1ep09WGNFfy8vaZPPzJUQZrOe6u7O4upEWx26CSNKGhYyEGUDzkajOeLac8Sw0Nusot0U/MnUx8WqMzzrlyp9+LRJHR0uuTb7PXySw1TUetDchnni3UvvRWJdpb1ksLyLHJZKhYLMiUkjVM+Yzno2N5OLaBiISaFuYXxz86UrliK7RhC0hJNKU8MW/UXK82tr8kEcCbS7UkW5PPI9e7X0yWhbeSGhH4a+vFC8LKH+12RAHYJ4oIt3DIk8dq3qtIpa+k0dmoBrA4HIAZ5ZcMAIpFj1xMgDCoDfq+7FP0Uk3JqtKbY7HV3/6tBr7Us+on2MuvqJBXjms62tDc1uunsq0/wDLkHuMs7KwBZe5fvittNqtEZYozT1fEKgH1eJz9/DDtrFNLbq1yQaipHAcT76Y0yWSpWbYUygrGs8tf2IT7jU4ZYYgxsrKDGbxMp9ufsFkK9vp1nGhaRz1c68eJ+/x88XCVEeqtTxriu7y9RobOtWhaNIdbWhULBNElv8AImjR2lJdK8mxYKZIh/EPcVvXqTb2jz2xNT1g/wAXOtD9tOHDCRMyK4IBcitP24R20lU2KZgez+P/AEkwRVFhhgimSSKUl50mzK9iikaN5liMjoIrNp6hf5inifLj/nhZJn6SlvS1f0/T/HGYbVdRHq7TywT05dY125VspNB5SLEY4dakckRUNCz+2tn/AOkft379WFsJzdoqrr1CrDKh/Tn44ltUQjTSlMsZH8s8Tm+UvjXkeh0c6UJ9xxxqdSyAHcbevNUtLVrEyRmnBLb03gZSy2Ez5IPIAHV9obw3avcltvF4rm1t5dTAHkQwJpUA6S+sA1BORyyxku79mTuDtu92SArFNcw0DjkVZZBnxFTGFqM88SGnehU1dPVSb2nBNZ1urj2NaPSptrkWxrQxrPG7tO8i1oL1iOm5RSsbsY/tKsOot1HM87TywEQ9RwpLhAATqQjzlUFzzyrWmNHFPGY0jLp1mBLAcWIVOoSePoc6QMviOMn5y9pHN2PaUp3oaPZ2NMsvH68UxuSm0z4McpjsQ242BkrZCSlFGfJgBqu3UjKiHpN05LldQWcPUAIfUoFUYGhVzyDgjLFLvyhCZg8aSRWx0FkJ0sxdSQ9fWCpKNFxXUjVoxxX/AIRini0vIpRtqS7TZcsl/q+pN1TrI10HHtZR0UT3mkEuzdtDXr/kMcFbckiD+XCzdTe+5EmvrSOKKX5SOxbRJp0M2uWR5D089IMjOV8VoeLDED6ewLFYXk1yR83JeymZQ/UETJCiIocUqVjCg+BqvLG8a7Xay9WppP8A0ezUQQi+ti28svvSQorSwxtPmFY/IsCPQJj0687uJrq3n1qkyyuRmaU9/uxvEWzZNLUIH6eOEptRUYLBHFr5/wAKZEb8n8euMfk4nrVVnt4dFIjby8fJmPcnv0iXN0pZVqVZTX2+P6/ZhehB6QSemTSmNKZqd+/EwqxNFVZHhaewtm1JBHVZZirpKfxPankyGA8Tj0zk9UiieK2CyV/MBPtFcv24kosJfTEBoU0xbKEet09OhesKI6dX218IUW007yl4FwZP53lYuSgM5OT5euMdMoJ7l+nENcp4Zc+AwFzKluNeqnl+n242rhNNxnd2a20iqrJVeCpU91NbVkjX2o57DwKpneeAkKe7ePY9NXlegINUes0BIrU8Pb4YoJ5GZ+nUn/hi2cmeXYJsbUQZbNmV7MVSRlsp4RrCjCdbBDUoLleEFFIIjKhwMjPSwIAKcXHDCW7xxppavHj5Z+zGX2NTrJ6Pia0dGOw6Ypzz+2a0jAI5VfNFkjZR/F3D5z69EZWimEkY/NPu/b99MWEUnUqx9QBpjN+Zx7CXjf8A260utua6GWGDWTTV6nv1/YsieNILsFV7E3ukGEp5FvE+vVzt93qJXSFm/Fma/d7sNm0gS5E5NGbOgxiC1XhnFrYtLXevasGSoqWHnjFZg/u4ev4GMSsygtiUY7Dq9geNsqAxk5nmKc8R7p5bldEJ8Bl+vCVVSZ6yymy9vaSeNfZQ09teWxPGiTFrVaGgJXkWJ8lj4I3jgt9C5KBca9NJdArQuEyrTjz9nv5YcEjwwiORATXD2xVte1M0Me0d47iWtkW1Z18NOCQ+3Vlia5O1pEmlRu2HQd8foEWQIi0AXLJQ4cU8dVOPlhP9sCJZjXkK8v0+/DP8Csxc2JKweWFbVVvyJrcSyl3ieGxHAdfHDdb2W+0sy+JHbv0200pfqEehfiFP+P7OeBeSKHJwGSuVfDCdTR06uzRHd4azCzYouIHeg8cdaRpXsyGxKYQ8gA8MEq2D9Oi+bmmtgS1ZSD9uDaKIAkqMN9rOKc91a888SR2fClRjqwwHY05fxgHkqVoS0kHvSMQ4ZXldQ/0PUi0iklWITJqVkNa8yMwcvDw4YjqU6lUFKf4U54d6ulHRhlRavjHWRppLc/5Ec9eGVohPDYts8NiCVjIMlk8xCDjAOTGupOsQzuXnoTQnnmvhTgAKeWEtw8cDRwVWMniK8jUc/E1xl3K/iDb8pu7KtofkrZaXX3kkl/oIq6yxVVGdBNDR21OKvsqUkRjDN7kzMWJz9uFHp/bP1Tftyxgiu9ogubmM6FmClpWGfxaiV504cAMeNd4fRn/yncpNxh3q+tbed9ckIKvEDQDKNVV1BpWhbiSeeOT/AJ04H848N0Kf9rbrWy8O/pi073IpN3S4wmlvxTpUhikk9uS5PPLJGCbvtQd2MWcg59r+n/ffYW8Xddwhuou5Fn1rCsZufRQ+kaXoRzoQfHHgf1X+mX1W2Cw0bLcWc3a3QCPcSXMcAimqPSVaLU68uqGANaZc+euKcd+ardCPj/IuU6CPQw4ant6Wz5C+2rNDZbwkqbbU1o7lsh+zmb3vdjJI7Dr0HdO4exba5bcNtsbltyNNSPHGob2xy6gudM1APKtK48o2Tsn6mXlsNs3ndNth2SlepFJKzpnylt01nInJiFPtpix2PiPju0oXIdlvq82wglgXX73Zand8jjt7GVmisTTa3YX6xGrgiHiPERGSUge3nLGti+oO+WV9FcWNu4tpMmggaKFyvgkiKAJRzrU6acsa+b6XdobltU9vuG4WrXEbwiO5uIbm5i1FiC0qSyV0MMgFCrUE0qTjPZfhK/qLLzx7n423lhbU8NSrb+NL8UFpZcQwrFXlkEVaK3FVaQZUvAuDnv30cv1EtLuMRSwbzGnNl3JCPPNoZCSOBz45csYyD6SybVdPJb3na13dEnQj7QylgCaVXqpTLhWuVDzxeeEfEPJajtsOU/Let+OoPKSODj/xvp9JUFae69hEu2buz10tUzWIshURJLPfuU6zO/8AedhcKLXathu91uCQxlvpJDG6cglG1jl/MUCo442vaHYW6Wdw933H3ZbbNpGg2m0WltE0Zoc3NGXMVro6h/iGeMo2/wAYf28ryCtNe+YPkD5L28Nl4pOH6jjUu65VfkrL310lmhfrzVAJnL+QX7VH0HWqsu6PqZHtrR22x7btdqYxpuJLpo4osxmQ2oEgVyCseenKuMPuPY30Mbdi03c279wTiUlrWKz+YnlbOqN0guha8XYxrqoC1aA7R8ePytodxoaHGfkP4+4VXrV7XHrnKdpxWPZ6yCsDakp6/jdbS7DZWzftsWZhJZnDhAXGCOvP+5oNvlEF5Jcbfuu9O35gt4ppo2Y/iaczJGqL+7SIUGrpZ1PrPYu67hbNd2Btt12XtuCPXbm6uLFZYo4xVo4rdoTIAwy9DyzA1GrTTGgT6zi+7qGC1oNpWubCazForm32ssfMN1YkczSVN5r4dcyamUM4kiMggeSHIwO3VPaXHcm3XAlglhNrG1ZAkSNbRtllERIKinHiNVcXe6r2DuVsEv0YbhO3+2le6MV1d1FenOhjcKc8gDXTpzFaY5v+Qfgb4/8A6s1n2aHDtdHWie4u7+U0sbKa9sAWVKunp8f3mwkMkrfwCYZz6j6esbL3x3T8m0TFrq4EtAUsCtR/ExlA86sCK0x8+9zfT/6anc9VtEu3bSBrAm3VpHL8KrGsGbZ8FkT25UxetD8P8A0Ogq7LT0+P8j21amkVSy+s5vvNjTZ/stKwe7ZowWIVc+A/FWR84GM46zu5dy933l8VvLia1tl+IiaBKDmGUL1AOZrIQCAQK0I2ew7F9ONisBPtlhDe7iqnRILW4ncVyJWszq5zI9MOogmp01B1ji/xn8pcf4/aTjlXe1NTIZLkooaitxpKVZEQw1KNSCpxVhqqsoLTtbkiMOclnPc4ndb7t6/3FP6i1vNMrUFZOtrNSdTmSSQg1NKKvAAjiMem7Evd2z7IU2K3vobKRS2lbcWghVuUcMcdsqoDVpnmIWMHUXJNBD/H/B9NX3d7fbnd3Lk+7dtpJPu+SlthtrIwIKlbTcZmG45Dx2oqBQli3areK9lPfp7uPeL6W3jsbXpRwQUCJFbtIq0zB13IEcL5/ENBHGuI3Z+07Xa7i1/uCXc1/dSGTVLcojStw4WyF548qKs0roVoQKHG1cw45o1leTb7Cp/ValqtFX12o0zpet0ZmBaxr5Ui9lYvH7gjMsiEeJBLdY3Ydx3FAH29p2iZ8i7EgHkKk1ofhoCBnwxu+7do2S9cndrdFvuoFPTUKzJUVBChQ4A9WlqhiKccVDSaXh1qla2m04btastGa8jV6WsbabO54WbqwLHNQgexLZv0IYpZa6wedeWUIznOOtpc73v1uUstnmtnhYisk8hjjQU+NjqVTVtS0c6ToGVceV2/Z3Yd5Cd47hhvUkjp+RDF1HckyVVQqO1aLGxAAMerQSdWEeG8bubHY7a9P8X8kq147ckui0u/bjfFL50yrElWzfqbjYSbiSWUqzCVooE9vC+OVJI79vt1aWaQw7jZtcFaSNCJJhrrwUxKI9NKen1556s6Du3O1dhuruWebatw+UD6oUmFvARGAMnBbrElq1LPEaZaOZ0a5udzw2enYofGfEoaliP3V/p3MNJLur0snthadbXaGS7NfELZ95gqe16lu/WfsrBd2R4b7cbhinjFIwHOmuUxJF7CzY1d9vtvsMyXXb+z2ltCeKo0cc78qxJC0zyjxbSM64pmy5PvaN+a3zfmdCKbeK+jk43xXe7b3HuzxTRWms29lSQnb1apDGCi/wD0naYAtlBZQ9v2UsaxdvWTFomEwkuFgLqqkEfymcAA8anhin/8z3C0ka57ovgkdwrQrDb3U4jZ3U9WjOuudk4aEKmHg2rGbwfD2mscVbjlXllPU7r8uzLT0XMeRcy09zS1J7sOwrVYJ9NM42UGwjsmvMXryTguHlcFgOtE++brFuh3G4txJbmnWe1ghkR2A0qH6gFGHE6SPCnPGFj2ztm47fXaY7owzEsY/mZ7mN4kLVJWi0ZHNEOoavV8WHWl+OjxK1e3HJLnxbx3Za9dg169HV3fNXhrGlNFNuk2MsGx2VSpLFVW1H+PHXLBSGOPcxH3Lc7ndJP6fbx7jIraR6nS1jrq1KiJDQO+YJZiTpIFMhjSbPZWO0a94uJNjjvkLMyxRvcyRjSNUjSzMzxh8zpj0eqrc8Zz8d8z47zja7vQ8S4Tfmq/9zQWrnLLl9NbybZwPYl96eiJ7FaTV1xCuFge1VPhgugYkdaHuLZt37djiv8Actyt0la3CiIUaNJKceGlzSlTIkhrXPGP7R7l2fue5nse3tnluIhcF3vDMYpnWtOROkVBoDLEdIGXPHRvOZH4zX3O44Pseb7TaUdfTjqjjkEMkUi2LMfuxQf1C1b/AKbX1bNl0YSwIMnDDyU+ZbPcW24yRWe8pY/Kl8zOuinOtEKVbkDkx4ahXHsu97fue0W0m7dqLugvtHwQzM6ippTVcNINIrUg+kAVoTTFe4VxXnXMOCbzWc55lyXRbze7Vbcuz4lEnHLFb2q0dr+lbKxWqn8/+omWP3J6kWvjkY/y0xk9Td83/ZNi3xbvZLVJ9uiiAKyxtIM2UM6JUmIIMwrvISKGozGGtm7L7i7m7Ufb+47+aK+nnDmW3k6DiikrFIaaJ1ZqBpI1jGqgCGtcZH8raj5LHydwmhY/pep43xbhuu/B+SLVu/Ztvtblpl3NmpJBY3F+vv5YyuIQlaVmHmZUUg9aft3cO3pe379447m53e6vpdVmsYFYwQIyY6oOiQAddajNaEjGN7v2TvCHvjb1aSDbu37TboNO5S3Esj9QisnTVVlLT1quiNYm0gEzBaLh/NLwzQ7zjO/tcy3PyCgDwvtOST7WhHrZnxHHPTqwSSXoplMa+3/NLTOxyT0xHJ3HuNlNt0NhBYTj4BEq0cDgCxUE8aEkDOvHE2Ydh7Xudvu0+7XG7AEsXm6isjHiyqjNLGT/ABevxOFdVyrY3rnJ9lwzht/kW9tU2OlFjTzNouMWYZZKsc9VbMiPLHFOBbmld0Hmjfu6budjkjW3g7hnS129X9VJUM0o5gAIakkhch8NTlxw9B3htVb267Nsnu96mqY1eBhBbDgCxLZKPiFTxArlkcq+DuD7pOW7nmu4W3z3YXb1uC/+NtIo9Zx/ezT2JLc9mCs1DWWC8rr/AClry/iurMAxGDsO9N207TBsNrLFt1qkXpUx9RpIiAAACWI8dWsV/dGPL/phs2ruC47mvYpd4lkmcE9XQkFwklZCNIRczQadFB45Z6xz3450PIuSx8g3U3GuIchtQRRwb5Nzat7mKtBXmji18UdfX1aFgywSO0qyBltREKxyPEZPt3dbuw2z+n2xuLmyUkmJoikZORrrYmnKn7vEZ49H7vsNv3reG3jco7ax3Z1Ci5SQPNpFfRoFARmdQpRhk1QBRnU4fx7XihVucmn5FBXia4Zd7SvWhff2/BZormI5tJGY2ysUKhU7EDPfqQ253syPJa2qWsp4oultPlqpRvGvnimXb7WOOO03O+muY9OZYuurmCXBHy+WQXwz54madzSLJYi1OmqUIyI1mvVtZPetyiQhITPPHViv2qcGRh5LQkx2Cn+ExZ7e4ljEl1NJKCSQuoKKjwFAi889OHbK+FtOz7VCbeI5M8IIkIOWen1SH/UWNK4x35U4tWkv1rmm1nI+Z8nikhmhO/0bD4z0tSyzH3IbLSK9GxFYj938UVJ3nOVcjPWr7T3Uw2MibjJZ2O0kEEQSBrknxdqFgpFRUMtCQRjNd97R1r2C+sUvdz3e3C6HnjMe3QoWGRHUNWV9LaFhdpKFaZ1xLV60L7uzb5vzeifkODT06VbUcM4la31rRaGSs5jrVm2sGNKIpZ1WOylJcg5DeOD1F+btktY7fZ9uk/8AGjKxMs84hWV/3mdtTPlSi6mz4HkLOSynbdJNx33fVk71hhVUjsLFpmhiOY09fSLdBUjULYFx+YHowA02s/E6vD6Nvl+w5BsKF2KTW1rFqxrYqrvFHO+wrg0athnjEUJNl3Hsq6HzyewzErbpPuZg2qGBbqGUSlRWgGVAAxPKh99RjV2m27FY7FHuG/Xd3LYysUViUZSSSS35YYtmTXWONRizcYn5DskXXWeMbSjqjrr9urtOQLWt05irxV6vvaU+3frGGqI/YsRMuVkJ8GXJFLu0e12lbiC7he7MlGjjJDBSOCmvE8xx88bXty57hutW3TbdNBtoTWlxdqHEj/vSQqFKCnCpoGp8fHFO53wS57CJQ5Mmp2wsi3+bORHLYaODMdanE3jRWl75UlWkV5FXK4I6te3N4thLSe1mksQlAvHOozJNTT34zXeO0XnSZ9uv4I7ovX8yNopCaEaVINCnMCla0NcsYqm75N8FUNluuT8jv8zm3bpX1dPbmGxxMwRWJF18SbKGDZXa1qaGu7qgVYsMFfyIPW/XZds7+nXbbAR2McQqWj1CVm4kZ/lke0191MeSHuHffpPZy7vuss24XN82lBcMJLOMUzFCrSdUcchp0ledcLcU+Sd18p2ItJwSPVR2bM0tvkFWnAfHQROSYrcTSVYdxcVctmzXWBYvEDxx09fdq7T2nG25b404iSgTVTVIAOLaTp8eB4Yq9o7+3zvadbHtlYUuWJMqqPRAo/6kaug55/CPZ48hf/c643VkaO5zNpIo4zKTFod9rpXXx7RRxbDUoklh/oCQP29eujf9yLaILVw/IErn7ADU4+bf/HNst9QudwgMKnii3H3Ex6B7zTE/F8ZfGNynHNR+beMw3ZYA7UN/BudXPWlK4Fey7aWeD3IW7Eq+D9Oq+TuXfoZtM+y3TRg5NGFNT72Bpxxew9m9sXNsZbbf7FLmmaTa1FPI6aE15ccV2X431tawiXfkDiUFVvEJf1+zr7es+T4CRkgmq2YA8gP2mMsB3PVkvc00yaoLK6MyjNGU1HvpT78UjdqRwzhJtxsRA2YdG9NPMHOvu4YUPxxG16vBBzDjd6pO6LDsdTdqXkDH+N7VSfZVthC4GMgK/wC/p1e6FMTPJaTx3Y4pIjaQf4SAwp7MOnsuMThI9wtJbNx/Mjljc+1opGTT4U9/PDKz8d26gsPByHXWPx1EshGo3wHj54Bknr6y3VgHl9WkUf7OnYO5opWUdBtLNx/I1cPwoXDMfIDDVx2jPFC0guRktcoJ1HHnII2VPaWHhj1b483NlwtHlPCZ5JMeBk5fT1DBm7tFjcLr3jkQ/wAWe3Rydy2kaH5izvg1aVNqWFPH0CT9XvwMfZV5PQW1/tJBGeu6WN+WX52gV+/3YlLHDfkvT1WghpVdrGJw422i3mg5KYyFUCCvc126vPHGMA+LQqcknPfqHHvnbN3cUmmeOcrQJJDJCD50Ma18K5+FcP3HZ/du324dEjnjBqHiuIJ1H8NY5GAPPSaNQg0oRhzrOe8810ktdtjzhLMSH3a0McklZEC+DtLXh/mqFWNf5qMvr07Pte0TL1GS2CHgSwVT7C1AfdiHHue/xE27m9EqDNUSqr7PLzxuPHvlrachpQLvN3UWOvHAssO0r1hZnWFvARW68grzPGD/ABBHdpsZOOsZufb1nZ3DLbo4cjI0y+0eONntPdV/f2vy97IrQA+peBI5cfOh92EtW1mntb9qX3dvb2ctu5o9pS3Eeru6JjBJBWSjdD3NjZoJ7vktNfBQowSR2L4a1O3xW8Z6aJ8aGPXq93AeNa4kW891Z7g88wEhZiY36oj01U0zrU+FPE15Y3XR/K0Gl4hp+K3qaVrqsl23dTkGxFi/ThgTW+d1Jmr7ARUJ0EjwsQknuBUUqOvPNx7ejvd0k3OBlNsCFUKoXSaVqQCa8ePHG92nvSe12aDbZgY7wOzySNcyjUnDSNBFa040PHj4Ndv8/wAd7Q8o4/V4bV4xTcRTVJ9lrc+YnmYXtrS2C2rOzleGVw0cccXnF7R8TJ2AsbbtAx3dtfT3LXEmrUUUU0+ytPvZPZiBefUSG6sbjb7WxFvbFKK7Mz1NebElzU8yr5c+WJan82aE3ZN0dJAlkGpszUrcnrbHjGv1H4zQwRQpe2WuuSbyaewzyV2gCQQBCC8nky10/ZtwV+S+bkNuagu9sRcNLx1F1DqluRlUyk1IFMW1p9QtvS4G4Qwqky+sILhZbeOHh00iZomkaprTprzNcqG38s+YdPDV13/aG64ry3dWfxtoNdrtNLPUmSTMk1SxsoQ9XV/ir283cxVHHrmTIqLDtGcTMl+t1b2oJAbqLHn+/UEkgivppXni83fv2O4t0baZbK9vZKMEW3JJWua5rQEGhqXIywSCxcjFjabevprlyWdJDrOI2NbVfXTX0WRaVmQbWzbtfjfxWpS6Y8stGvqX7hLeGYWcK3PTTLW+uTUP31OmoXlw4g4aS7ubgPeTi3+YOehNEQjNPgYFqF+eRrQjFW4z8owTG1c2XH+Qz0oWiFenR2Fe3Wnq2p3goWtzcrVWqV6t6ZGFcWLIklA+wH6WN/227RLFaTQxzu2lWYlW1UqVVCNcmmtXZFZUHxlcVW1d5SdR5b6Kd7SJNRiShgZa0DTvXSjMQQgcgv8AgDY1Xc8o47+BZWKHlHCZnb8wX6O4SGaZshCL9SxctVtnRnlYAPEuWIwvfrPQbPuazKddvdxhNLF7elTzAdaqDzqDjU3/AHLszROpjudvldtUbpPWQ8wZ429JSuREaq2Ywz0/P+HvMul3Ue53W+LxWpm0y2IK2sSuPcrzbErCK0s95vEBWMrHJ7eo6O82TdzH89s7xxWw9I6rLrZ6ZotCfTpqaHPLB7d3jsIkW03yKa53Sb1v0iyIij4Xf0jU1aCgyz44ltnyfhHJbWdlqqlwSmCGtJFTqV9nrFisVp5oobevj85FLKGJKrIWdghyD1FtNm3rb49UM+hQtfiIiavElCAGNagnwAHLE2+7n7e3mZVvrSOemQ1RqsygfgWRSTTnnnUnFb2cnE7xgr8ej3HHmrPckt1NbvLli3Kfcikjkkf3bQi95lf+U4cxFAc+RI6tLCHeoz1txEMsTZhQuge0LwH6Hnin3C97bu0QbMl7aqoo69djq9mVfuxfK9HS7+OT8jkNk2INRMkFdo909qaz7gvC01p6tWarUimQhVUyoEBLuFzmovJb3a5D8pbx6Gl9QLLTT41JAGeNBbwbRven5q7kEiwEqum5LH2gp/8AlUxVKG7r6XA2vKN1q4ZpJJY7OthksWdrUq1mspajXTTWbViBCSIo3b3JWACIoOROli/qThEtLeaYLUq4KhfNSwAr51pTFDZXEdpUXt9dWdmZNIkTV6wDkp0GpBYDI1zHw8xqtS3b1aRezvpE3FsB7C7bWBLuzrSxxWIvcjozJb0t8QSjySZGldRhmPicZ4ww3jGGWEPAK5AgAEcxUgkDh6a434nu7RfmFuXW7loSZFqStKCvTTIEZ+vPPPKmI7cbGpZSxFt+OcmNMU46c234jtUltWBbYm01yq9aS+mpoqQ0jSS+1IT4x+RHXWkDq6G1urUTiSojmhrQeRNPvwxuF4kopc2m4tamPSZ7Oaju/wC7ItaCDzGVa4r3Id5p/eqyaP5F5BxTUpqBpItJuuO7yenNNDJFFHclNXY2EhkLRYmHijqe2Ce3VlYwTqzpuW3215cmQkmF4UkA8VYhKf8AqGIO4bnZdaD+nbxebbZpbdJOrbzFXHtjd2p5gYl9TveWa7/7Y0uQfHu628UgiSGPf29Ve3UTGUywz0+SaXXCqDHO33E+SkZT08hDvrLaLkm1vrTcreF8vVFFJGvmWinLuPIgLz4gYkbduW+bZpn23cdsu5AagdWSN5ifwOstuCi89WsmoApSpwzGsqbBJ5d3xmw223W8j3GxitcS49YTWoZn/JerzjT7fU246LxeEcjw25Xdsslchu8gSy2irHtt0i2dvBpDfNzrUVJ0/LOGRa1+EKR/HyDnQt76Ynctv/39zLrdPlYGCtQAlLmN43ZKDiSDWvo5mzDjQG2liszuNRTt1m0SPc2M9bzap53K1nXieGa/WjjcKEnwv18XbI6hR7mpsvygRO2b0AGdfBfTWmeWXvw9NsMabh+cUWzV9EdCSOA9ILEtUHxNfOmHATUcVs67fW9rfi0schgkiC7BEqe6JLVIE65nmkhazCIgjV18mbB7d+mGkutygks7eKJr1koa5BxUVzagGVTmRwxPtUs9lnS7muJY9uD5AMaoQDTNQx45ZA19mJWpYliiuzQ7HTbSzt5rVl9LtKtHT7VLMvn+VPXoW9ZFXEEdaMqWaX3WK9snqvEMeoQTRzxQQEJribVGQeRCPUCvNhpB86YtJrmS0t2mtbi2nuLga+myLE/uWWNkLU/EpDn2E4jIrG329WObU62zTSlcT+qPS2m5n3X5M/nGKsdZqi1KNeP2RIWkULGUUsQpU9WrW9hZyFb2QjIBRpgKVPAu3ofV/CGrSh54you7rc7fq7ekyCoEjwtIJtRNOnpAMZiNPipQEmtAMWGg/GzFrY7M93Q729PaKbvR3HvbSSWusTzJDbSMUpc+AbOFADL9SMwrhdxQEkQz2alQyN6FbV8GgMxIB4ZnjXlTD0NzYJKkSdazu3OnqwVaQOOTkKFZvEgUz44sdilxS4077C/cuK9KGSCVNjHRf8Ty9mAtbQT15kmsnyxEhZkY4BGeosM+4QoBapErxSaWBQsA37pFKHL3Ym3VvYzO6X8skqOlUAcKyivxg8aeYrxpzxUbWm4zp7ccuw0Wp5C7FHjsWOSSxyW6yDy/AuJDWSRnoqM1/wCAMBgtnt1cx397dwMkF3JboRQokWgV5kEcfAD38sZmax2aznSa5tYrohsnaXqNzyoStDzry4Yd7fmPxxr7NLbXqv8A2VU8pItnDUp/lQPRp1TOt4/iWNpcqiiitLNJGrYQZ8Se3UO32nuK6b5WGVryuY1ymM6uSiuRHOpPPFhNvHbcEkd7NCLKBHo+nMAUrqIUuedMuQ4YOd18F81g9rQ8+41NJtEoQS1P+y9xuXtrJbAo7LFq7QtyRxWG9x3mPioBwsZBAba0742aXXum3zxW8LVr8wCofTq0jSxPwjV4edcWvz30y3mAW237pDNNOAskYspndkZ9IbWdAb1nTqoDXiAM8VGS3rmg2NGDR6/e29faRKtPiHHJIo5tvXdrNE0Gs2nuUdvdnY2Lccs/ireTjJVmNusF0ri4M00cMldbSzMxCgEnKmarwiz+EmuMvd39rPWwtYIrmRCQojhANVI+FpCzhmJrKQQSwFCRXFjr6DmO2uIDxfkMcNf8dKm85JvqtQ0ZYpGtyBpS0809GnKiH+T7bgH3OxUdQ5Jdt26IhZIY01amjgDEOHU0ZvT8TYlW+39w7nILi5tbp1VSqyzzCAxlWAKgqTrQfuEefLErJS4rs+Q+xe2Wq5BZlu19fYh1bLmrEsTnY1r13eXK1Nnt1pfHADyWYf4slhlqNb82SvCksCqDJHr051JGVPXy5MB78Trxtk/qOi7nt7qUERyqhaq0AOZaiHjxKk+dMgnv+WQUUt63hfAtCNprtjrqxl5BZqprqWquObe22QqUWX8P+h0IZIqkBCPJMI/+HuWY9skmCXG73ha2mgmJ6erUGWnSU6zqqzVAqeXECmO3LuiO2iePt3aY/wCoRzwhHlKadD5TtWP0npKA0dBxJ51xQ9ff3Y0MyHmvJX189a+ut2+qFfgdNzs7FC3qzo9Fr6lnT65tXTaV45p4oSk8cqocyBhopIbZr2NhawrOjVljdPmQoH7xkbqcf+29Qc+ApjIxX24CyYy3t08DU6To4t+pVhoVIkHShMK6gxdSDmOJqHNEwWN/vaHI7e1i2FqxrxrLcnJdi9nea6lSrNNKuli3/tWKC3ZI45J0rU5ZZI8kyfVUANhDd2PTZgZWkjEeUbM4Ao5iWTUVrSPqOtM+IBEdtTbnPbX6zK1QIpTMUMigavVGsjRsuoD1dNGJoK0JBlJ+O6/eSPHsGnSSWahs7W/1VWvJYMuoFZqSW62y/PbatZZJIkssiFYZSoJ8emJZnsJNUMmpVXTocMGKn1MFkV1oCzKQKfgbPDy2zXlHlVVmc6tSBAoIyVnjKsJCoDAvUfzFWnCtiHFuP3a9avbstNWho26TmDUV9VrPwLhjhTXLTpwNBer1wgjMk3fyX7fAnHVeu4XVvIT001cyWZ6nm2o1JqakEngfLFy9haXFukE8rmEjgEEYQclMCgK5UUB4cDiNrUtLY2tmeGtbarXZ9YnnXuJsr348ifjzU7DyrXq6qWFHiIeACQxgkdhlXnuEjWNGVjTnw9/2YZhsbaW4kmRXRIxoSgNWUZ1X20pnTC9SvpaUIu6vje+r3bmysyJRvWo2C27l0WbNysv59aOtdtCQtK6E4iVVRSqeJekmurhehdXMJBXNlrkozCnLjXjywltBaQSG9gtZ1uZTUxsBXXwqM6V01PHhicn1NRLlD2qxNdZZJ/8AoIrMcVWeUNPYtbD8NrSWqMcEBZVxKYrPtsntsWVa6DcJrgO87ASkFR7Bwp7cTbjaIoriBQjNbq9WopNK8a0H6ccaJr6EV3ZKRodhfp3ZNfDAIBJ7qwBLf9T2Bi2dtHtw1oYo2ixlZbCAMQes9PczWsB1zBJwcqg5+dQCPZnjQW23bfJcITAWh5Hhlnxrw9jUxeNFDHVQC18fQ3DdhkfXhNzqNQ0H4zGf25S+h2Ug92tIJJZfdUiRjjql3F5ZUV/nmSMcawzy0/8AwZmUP7NQ8a5Y1G3i227UJNrLtIKIOrDEYz49UQyhP9WfGnPElc0FJEjuCnxmC5FHLLDR2p2/KLKeKyT/AI0FjS7nVT2fxzF4xn2XXPY/bnqFBuF0knTE9yYhwZI44gfLQ6SkeP8AMHtxZz2G2NGbjo2qTgfBJJJKV89aPEPLKJ+PwcxU68HGdWluG1U4d7TJWr0aOk2vJK7UkZEW5XU20hRKeSWSM59sHwJOOrOS4vLorHHLctGFzLdOtedNDsKe3Sf4aZ4q7awsUfqSw2pLmtY+vQDhnURmuXJeHPHrt/jusjjUXa1ausyMWEd26GjxhoYTWtxOwiTHfOOjS1vZiIvU0n3n250w3ef0q0/KiKrCT/EB7PVU/aTjnH5c/um0PCtfJrtMYHsLKEimRzRhhlqjyUCtXcNMI0CphWAyvr16b2l9Otw3yUz3mgRLm3jTy/yx5d3h9S9t2CHoWpbqkZZ8/MD/AAx8y/kX565Zz69YsW9g1egwYEVoPOOVpQzuzDxs2JEkbH8QC575z19Cdtdp7TsMIjijbrc28vP34+YO4u+t6325Z5ZAtsWyHDxFaYwXZXqFq3Xvl3luJLG9iNpJo1MQjkhkiiqrHHV96SOQj7h6Ad+tikQMhz9OMO5LsTy8fHHWH9j3Btf8kf3I8Qoz8f1G74/xGntuZ7ahvtdUuawazT0TXrQz0ZbEcEklncXK8cU6pKIpGAKduvGP7ie4P/F/pTf3MctzDuE8ttbQtFMYWJmlqyqygkkIrMTSlARXkfoX+1XtdO7PrVtyTwQS7ZaW9xcTiWETjTDHoRypIOlpHVFYajE+axnM4/Q9Fds16tz8QwUK1vyV60DWIq1WGv4OtPWxJdjrUVrBSIljjJB6/KmeQT3C3ExkM4PE8CfEmuP2agt0RejoQIAaU8/AU/XisXpq3uVLM0hi/o9JakUFfabCSSGxagjiSSeKWzNNctT1oy0mB4qD3x1Y21zfSJJHEhCu3Hy5n7cRHsraMxyyMNQBy8+OIO3ahr7BdhsJ7SVfyFiGtosJJb0gJSGD8ezJKa8ZbvLJHFLIAcAKRnq7iE6W3y6xo5PFjlp+/hiqnihaY3GoBTQafHzy4/diRpUY/Zu7S0bsW0tbCs8FSayk8VBonsGvHHY95JBBXWKF5Y1CgKnf7j0MsklUgZYTFHkCPAZnzHgMsyMq4AxI7lY66DxyOVfE/wCGF25NBrJK6XI78iMK0v3TRpr69Txdvy7VkVqcYryWFYyF8AmVcdjnpYtrvNx1PGyJCtCpC6jkeSHSDnyNBn7MN3N9BtyrHOoaZqg86VFM6VxlWx1G8vSQw66TT0LE6z1o61HVVtj7NKTYQ3Wte7RevLWWBIYpmaJ5njyCGDEdaK1uYIlaW+M7qXDEiXpgSH8sDpgEDM0FCR7sU81oZkSG00IAuminMpUMTTjSo9vOmNtl9jd8dg2Wz/Gk1jQzT379J7UOgjfV4W5HFFaLPJUp164Akfzww9lfJlyc7FE1nf6beOb56VtIjZjIxqSAATlyPpqTkWpSuH57iKQNMrA20CU18qKKsR4gVzoDhPXay1zWVZ9GINTrU1zU4tzZjfWUYqN+b2IasST/AI7Uo3ssHd5SqsfALlsqJcl9BtMbQsnWlfJkBrpJJABPDIg6s6DmcV/qnkWaNunEACrn8QOYI50z8MTeoq0dTauyXYlS1PBWqWWnh8DRow//ANPsAQws0CWIk8VhmyqCXAPbPUW4nkvAI1IMa8V8QOFPb54lg/LR9ZT629/6DFru23t056lCpUgpM1tJ9wZYLJgd4jBW/GrSfzv5oJjHukQRFSpBBHUVYo0YykjI1ANKg1H7KjPLEYdaWSoOknj5+RxEvoqOt0dHTUKkjNFEuuhhaD3Y9r+Y8TyVZbTywlEsRxe4ZPcaVFQyeLFO/Szy3d67KydMkUYfGMhw4A+IpwzxMCR269QrU4Y62ytPdxvA09eJ2Gvr6utWlr66Qa+skxrSSCVqsMdKuQUCRSPju7EEDpq7RntnihCyLxZm4keLf5VNKYlQhbikkgKvT0jn+nLFw2c0T0GnSatFJakatcsRsjR+7NIaEJr2JADMasi+4FkJxkHH6U8boXYS+nmteZrTKn254sFDQSlCKpkT5YrfLQ9uzNUQirJaq1bLXrcyQVa9DW2/wvcWWX3JI5Z/dd/JGUeXb9nU20uY4pRVdTJJpP8ACdLc/Pyrh0ozUUgnn9uG/IdfJqjxuenNSQyU4jAorwbR4bRrLAuyhnSaKT8dEXMisCZGkIzjqNtV6Jp54JlIrkK5+dK/fgTbkoag0rzxlVzZ7qdm1d3Y169+1bnqQpR4vCFen5EWWMtjZtDJBRjRkkOIgsc5GDjrTRJZB1kt466V9R/eP7OVPYccls8cJNaO3Afp95xm1bkW53Ky62pbp7mHTcl0Wir1tXxulq4Lb7Gz7u7tfgQbVpL71hLVUSMFUmaVo8LF30Eu32kYWSZWhlubZpSrTMwAhyjJHCrAmik1yxl/nrhrySNKyxq4R5VBjUmvw9MD1ZCtOHnljQLempaKfbR77WbC7YtiKeOlpKAjhFmKWeVaMory24TQjkkZmbzOPDPrjObtLiS9EU0UnTCBqEmlQKjLLmf1Y07M0EhiRdbMQRlypSv24zHnn4Fatdis6J42peEdRJ/CxrWo2YXq2RNai/FnnqQzzxSKO/iR9OtD2+zdaMdYDqlan8SMJFYPHTg+lXU14hhiu3aGWO1+alo0aVqp4MSBoV//AJQejyc9K5Vxn/wxRCcdgWLXwR8e2UOl2T37UtmC7Jub2pil5bY1+uhSSAwybStIsA8zF7Dx9sk4vO97qA7hJIJW/qUZkjWmYRI3LwA+1WGrLJq8hXFT2BFeQbNDBIipaypG7lf5kkrxqJz7BLFRf4Cvnhp8kfK+i4RejnXWHb63Rce5LyDmNOpNPUk11Hj9eKz7C3LamvNPvr1uLX04CFJe07uGSBV6sO1e0b3uO2oZejPc3McVu9aljISCyx8IhHGHlZgCCqaadRiTWd4d6Rdt9WbSJrC2s557pagaDaIao8h/mvdao4I4zmWIJoIMdLy3NPyr4+43sI6Wij2/I+M6/fe7pdh7sOkE9GrtDrN08+rSxZuURYWq/jFW8bddwQox5YDcbf8Ao++3NlKHWC3uZVIJFGAOjUqqSIxJo6gRSQRICcxTGu2O8vt622Dc/UqXFvFMNQp6JY0kVaGhBVW0FSAQUOXDFi47DFBTWKaSCa/cswI1iKrKWgZVrW/KOvPNCliGWCQBhlisobt1ldwuUa81qtYOKgZ5V4Hhn540ot7opSRsvH9Pt4YsG15JY09yPQQUZ9wY64sbK1PXgaprJsfZSSX8UmezXUhm8iYl8seo6sbe3e/t/m7v/bsorEFp1CvDPLxrzxSyuEuOgFJiPxMD+v8AyxZtDzjkFirrH1aXIhp7RpQpZespmSyYW/BsSRUZEul7UauH9oCLxx9empLECQzT5uRTl+lMCVgjUxFhQih48anPyxddzsNrs3sbSDY7SOxQtQfkQ0dxPrLUsSN7bR07UNMAzN78mFMf3BCP06rIvl4ZCpRWccm4Zc6Dj7PbjlhAIjOaFa/pniC2smwqTNLTl3NzV2nkfYVNqfetRWp4GGTbmYkWKkmCqgIPI5IBJ6cd/UVZAUXhQ09Pn51rh+3gjEmomjAUxB7Oa0tJvZMHuWbsdgO8VcmxMPskBmX7Y1lRR5fowPT8F3FGNISueH+kJCdeVPsxXeY3NhyiKPa3UgfYUK1bXberAslGaX8Exqu3sRye4LclkKS8ka57foB1K26Rbef5UsFiOVc6fYR5cRhlIFiiaFK6acfb/hiv6nRaXdaindvQ+N1qjTG1Ru3KtmtbSH8efzmUJVipQwY90t5BgcAd8jRzMjemOOgZKF6ihHsPDGca83C2vlKuGhU8Kjwpzpg7RRM81nEJoxPIEsV60EM+tEKNL4ml7hisxDwbBi7Oo8gST01BED+VHmQK8uGBe79K9T0aga155nFauae3O0t3XmC1HGzPHLVVhLDOpYANQsuLH5BdG7jycnsARjqQZFIEErAUFMDrUZKKg4qD2bFa26u7+UlOwnjbjnNSw1gKrB3dcx2ELhhkAgjsM9Wq2auqtQs6ZlcvZ4+OG0vZLeYoAemeeGVnd/x2ntV5K9P8fWxFop9jBHMbJb3Z7cPtzQzuCPFjhlB9Oows0Q9GeMqxPA+HtBxYQSGX82E18aeH/HEZfmjk/MunZOJ7wiWCbyktGJYGMhMk80yR3ltRMFTzBlhx2PoOjTSytbxRoenWuo0y5H2Vr/hiQkefUjd0QfEFHE+P2UHuw91VyhakevFUuUWuWUsz2I4poJVvvWEK2yZCVlSYVoRLlsyjAPUS6ScRBbhlKoKKqmuRBOX24fRlDGWNHDnixFK+2nHD2GttFjuWWSptIrGxsrLZoV5Ur26R9pRWMDLLShwIZEKlVJ9PqD00enFOjMrxFYqFhxVv8fD78PiSJodWv8txSoPHxp7ssc+fLnxPuNuKO5+IZ9Bpd7JbT8qpyt9tJx6xXleZbVnVvXneXW360qKPY9toiUY9m8evYuxfqbY7Sxs+90vZtvSI6HtdBlbMALJrIHToSciTr05Urj50+pH0cvd3B3T6cS2dlvLSgyRXRmFuUIOqROirHr6tPxjRoL86Yx+p8f8Ayi16elyLX8U2rx1BNS2MO3nerDblVXlL6iXX6ncRABgCfO1k9wOvTG+oHYq2kV1tv9QjFT+WVXWFJ+LqIxRQTTipb3Ux5FH9D/qKt5JDuLbM8KoPzo2JjbxJjMUcjEGudfKuWJjZcC5Zr4YLFS38Y0fZpN7OljrbChY2e3RzGqSbbYRPDC7PkecmB/8ASAYJh7f3xsc8nSmh3RfzSwdtM4Qea+lfP0j78XO6fRjuKLS8V3scknR0rCouIHlb+GZ2aGL2Oh9uM42fGPkK5/StluOEaGPR6t39/h2jr6bku15LYM1eSHaSWVt61JlSONxDDBJCIy3ZD1rrbvTstF+VsNwmN7cEk3cwnhjhB/6Lr6lJ9oKjI1qBjBT/AEk+ow0bnd7NavaW2XyUNxDcyTEcJkKNFJSvJXVjwIpUYpmy33Oiq7Hjnwjvq9qECexEvEIeKwClXDwGKOM8zgg2TxICkhmBkkbsMgnq1s37PaNrTct+tekpAWlwbgmtGJq9u2kZcKZHKuKG72n6isoudp7Xvo7sksyJC1oTQEUZEuQsq1INaFiaGvHEHw3ffJ261XIRu+L7XjGz1aSRVrE/xgsvuzmXzaJLmw57TryOpj8PsrKihx9xXv1Zb5c9obbc277fdi7tnpmt10gvLUVittWXjUNypTFB27sH1E3O3uJd22j5G/tmJQSWIJkOR0hprxVJ89JH8XIStXjPPOQmpc2NirrKWxSSSfXf9p6DU73RyKPdRUpayHeaywt+1GrM3vGSId/I56rT3VsG3O1tapJNMWopW5uGhl51kLlGJFaZqOGLcfT7uXcSk9+0NvBIutlW0tluYeWlEWq8q+mVxnxrkNh1vEK3HmaXY8j5JSSnXqW6t2XfLp9xLt1aFvYqaLX62WWOJiv22rKxnODGMdjmbnfZ79FNpaWjNL6XQwyPkeNZmkGjL8VD4UzxsbDtK32zS93cXAt44/Q7TpDJqrRdKJETWpFARGPPkdZl+RV03HJRf5Zsdlu9hLSX+i279yG9U95sV4th/wDa+tWu7GFFZzYRFeRmAAOT1gZNjmvr9lt7UrbxVoYx6GB5H1k0Hsx65ZdxxbTtaR316z34ydWU9WOoqFZ9C1NM6HLnjNNnr4+d7zQTclk53t+FRa+SntuG2+SWOP8AFtlbsTzFLM0UMtLc7yOYR4milmkXCY9sdibK1nl2CyuJNujsIN6DhkmFus0yrQKVVpPTHmCahddTUGmK27sLXu/cbaXd7ndpe3+mQ1u8zQWzSKSwd0jAluQQQujUIqD96uM53dWXVx8iqcel0fxovJr00VClpK2t4pfFWpVbX1YZOZW4drfsUWhcP4h4psfy1K5J61dnLFeNbz7nFLuXy6jUZWmnBJzJCs6gcaUFRllkMY3cWurKG8tNluIdnFzKSqW1vHbSqBSEA3GmR5KxkuSzI1Mo9JqTP1uXy6HX6bho202tr6qnFFsuSbTkke0nvWKcMfuw09LoaEluzYjkzIsti4YxnyJwD1B/o63txLu8URaeWUFYoonjp4lnkcRKAKmqRVNKc64lN3Alpb2/b0sojgtbenWmlWQluOlUt01Mx4ASvpFanhgDzDX7+hxqxdscg01OlbspNxxOS7+/euVx4jXWo7er166RpthPCxngAsvEjkf/AEwnW9im2zTlLb5uNxnIBoRDzBRyXLD98EJypUjFFd7gd8ghm+fO3SQsaRV6khOYEmuNQoQjLp0LVIJORxZNx8h8fbieyq7PjmkQPHHqL285Dye1pmoVVtstW5HLVnaXYxxxyIDFNLNKXDKyKj9q+3228m3GF9sLK6kuqRw9QMeBGokANSnp8M+eLobrZWO3ud6uEe1JWOSWV4kKk5q5Yhn0k5aCBmCTQGuMm4vem2fKbu/g53X2tzYGloKOyflsOk1uv45pVgepqaA19Sjrmpyz/wA1ooEaYr9sksmCvWh3a3mg2uKxlsxDbI5kYfLr1XcnPV6jRvaaUocq4zGy7zZvvE1/bXy3VzckwCYTBLeO3hoYokCKEozVp0fVWplcg0Ghb3ium2Fqfc7HZU+RWtQ4v8Sg3d/aWPjSpfvLJAPCvVoxWrF0RQuYz4gu8hHmhxnOWG63FtF8lbwvBFLlM8TKlyyjk7MQBnThyqCDXGxvtntb9jul9Na3LxZwLM8k9pG3AlY1FHNCQASvqoQa0GI3Y/ICrIule7Pr9Veq3Pb2fF6usrckvQtGIk0o5Ntam0uVaVcxyRxVl/EiMQRAit5MZ6bXJdW5ukCy3I01jl1C3UBqmQxQsheQZUqzAnMgg0FTL3Dse3XS7bNNPAhB9dusKzs9COkssisEi/fWJERfTQCSpOFcd3+v4HsJNpPQuUuWf1jcXdDqI2dONWtbbrmstLYbixtpd5uId3F4pZmaMwrPl4So9wHb3W27lvUMdtFIjbWyxK8kmgSjQxJIQRrEirWihQWpxapy8527d+2e352v7qxl/rSPKYVQVgYMjKYpWkZ5pBPUK8tNEZzVOONAPzDyX2NSyabjesSfX6zY24q9ae7tNVttcYalKF9lq44hfKJDIks2IYIYYkwZGyDnv/CrKR5mklmk0yNp8CM8/USwrlStefDGhH1LFpbW8UaQxJ8ukrB4WZo30gdIvF00fRTQjqiCNVDAEk4muUfOtXX6mKjqeR/IOx25qTwtFpLdHXa+hXsTWbddIobBgSbXWPeDLCZi6ysQAVJIibV2DdXV0Zb2120Wg4dVZNbf6QFOftpiVvn1U2ixthDbXm73G5SZHotEEU8au0jItBTmfvxz9yL5P2F3X3L28u7t3KwxQWrs4tWRCDGjw1ZdTNarmRJsEAsTEy+P169C23s21spBDbxRVHFQGUD/AJWAb30p548p3r6j7jf2byXdzcHgQzmFvSDSlYmap9+I+lfG/jrw1l5k62Fhtz7LX05oqEcaBArzWhAJZrPtTElSwIkyGwep9zBFtjPKvyUd1QhRI6qxp4VOY5V8cVVtuW47uo0/PyWzMNUkcblNFBUEgca191Djoqt8T1LHGqNrSaHkG/18OxX87XV7p1GziqRhVkll1V6r7uxltvkyJHMwwQQfXHm8vds8e4FLyW0t5emaP0g6nM8HUmvtx6jbdhRSbcl7tVvfXW3M4MkQlMbgniGRgunx8CDjQKy7bT8Z2knFNVye1PFTEE/GNvTMMlKuiNCRVuQbVIL8tZJMSZj8nCkuwAPWYmvdvudyji3C4gSfWPzIQzIx40GXDLnTwx6XZbTf2OwS3Gy2169sikPBMqARV9P5bGVGmJrmChAFWoaYqOp+IaFCjr55+Ybrda7a0zb23BYbtHiyUJbgl9uoJuPpD/XteSxjkkmf8kOQC7KQRO3DvO6nu5YobWCG6gYKtw6PKclqtOs5aIf/AC0OiufIYDavpttVrbIt5dvc2s0TmWyidLVI2ccB8oYWuEavqY+vVT1ccI8Wr8H0nPNvoT8K8V47xLV0KVqnzPdWBNNb3t1A9mui3rWxBSoAFJSSN1K5bGeg3W47gvdgg3Ft5urreZHOuCFAqBeA1UoCfPjSgpgNg2js/b+6rnb4+29sse37WGNobuR36jyhQGVEd5HkOXxu3Go4AY1Lfc/469aKvHBS/pd5bS0t3Hpta9aKyIZ44/EyKLE3uEYZJSB4+JDHI6zW2bNvmuSU9RhCKvGZijEHmVGQHkCcbHuHeu14I1W4aIRzppjk6A01/dpUkZ+Ixlmg5PzWLcpqtXttfs6VmINyB4a9atUrakRxLrjq61uxUoN5Vz7ksnk1iNEYlGBB61u4bRth2/5zcI2jnLjp6q5mtKgAaqZ04c8+eMDtndE8e6/IWUqtt7xFJXUB10RelSiNSJCRUqwZ5VIrq5GnW02fIl3cSc7j1mmu3thSuWtvs6NyPS6HWsUr7Tjk0s9T/uG9cmJFiqqlIwyjLAEdWB+X2kwqNvimu44hpCq1Xc56JXAbQlMwwNa0FM8V8cj75HcpLu8tpt00/Tma4KXAhiiBEUkSyFTcSy5awwCoczqAIM3R3/EOP6pIBzDU8w2ukoIlaFauybdyiOqkcVO1DWrJFFNaewoRPeKVhI38ClSa+42nfd0nErW01lBNJ6gunppTOqsTqcZfFprypli8TuXs7aLL8nc4t43GGL0agRKxX0BDpBXMO7U1aQMkAWgxSY+SavYyV+Mx/wBR4fxbT1It220lM2m0ev2tJi/9J1UIS5bmq3kdkm98wxPMARG2Sx1Q2n5a3k3CUx3e5zHQVGbleGpvdSnljzi43o7rIm0Wxfbths/zUmb0COSuUcCGizK/GZmI40HDFC3PzfsNdtt3RaHmEor7GNbso9ilqMRxt/Srmvhg2LtDIySEwJCo93/7Mfp1oLHs3bJrGCb/AGBBSiCtZCQf+tqjVSAK/iGY44xF79RN2ttxnjD7ozRy0kb+RCDQ5RIjuSSaUqpqM8sWTT7b5G5TVpbBK2n1urkryxUbXLOZarWbGJpJY5q81vSfkQWXeSWNg8MQVJPcGW6r7q27X266kgjeeW5VwSlvA2kgjSQHUFSBXhXzxd2m4d/bzAl00drHAYqB59wjRloQwJAlU1NPhIbx05VFiPKKPJNDX41zs8It6G7Yzv0r2xJev2tWkoSwJ15TLk04XbxeeKqzrhl7nqAm2S7Zcf1Lt4Xq3oQdAyRsETPU1ax686kZGnlXPFrL3Au/bcmyd5Hb32ssTOkMsZZ2ppU6vnOmSAAasqtTOlMVT4243wb4l5lsbHFObQb6DZwHWV4LXJNRQo6h7BMlexZ2Gm/OivxxoxQrPCXr5yyn+I2Hc24b/wB17bDBudobWaNgS4SSSpAoTocZCormxr92Kbs2z7e+nm7T3GxX0e4tIpCp1oYxEK5KZEkYMQMqjLEAvFNLyOgK9X4o+PN5u6UEP5WjhTl/EeSSowLrMuvg/qVU+5EC4njaSEA4JBOOrVd3vtskMn9SvobE8JCYLmL2tqKSHwoudfIHGKg2Lbt2iFomz7bPuwTU8S/M2061/cKLJGQf+4utKc64y/Z8K+KdftrWt518Z/KPxuceU8+nvpzShTYnxELLepaW1C5I8vFWkZVxn1JGjtt57llthd7LuG2X8TGml628njmVMlT/AAkAc65UxkLvaOy7S9O3dxbdu+2XNMmjZrqMkmgFJEiK1JoHBNDRaUNQy1/wl8Q8inaPh3zXo7U2JZI6fKa1ni05jWNXRJPzDNIJoS3ixTIJyAO2en5O9O5tpRZd52a5SI8WgkMqkcK+nMZ1yNDTOmAtuxOzN0cx7Nv9qJD8K3KiEh6fBRuNOBNKVqAcsEvf2v8AO9VYITlPxVdhZY5oXPIaa+aOEJjVL2vD/wAkSLk4wxbt0kX1F2K7iLdDcFK8V0sWz/hqT9tMFN9Ju4bSSrXuzEMaKTcQoGf9wal06uHAkZ8cTuh+N71GtKlfjPAeW7GACK5Sj5j8ZXIYirMT7dI7Xjm5rjyPiWM0ncfp1Cv+5duu21/MXlnbscmW1u0/Wky+WdOOLrbe1bm1rSy2y8vC2honvdvY18dCtbTL/wDCfOmWI0/FPGr8+zucj4r8laGtEqNbi4U3AOS6jWeK/wAySGhByG3s564//ViT9PU9Ow9z36KsW13O2y1PxTJdJIR/EQiqM6cQBXDF12RtpmebebTc7UIPUtq1jPGufEKbl3Ip+4Wby44pFnjX9v8AWstTn5z8m61wFzLb4FrZY4mP3GO5UOx116u6fXxDr+hPV/b7j3tJCWjstrnXjpW5ZC32xSfey+zmcjc7T9NIp+kdw3WEk/EbNDp/1J1o2r7FbKmfIabxb4W4ZaiXbcS/uapag2CtZVXR7zWX54nyxjnXUbeOcKMd0kCjP7Ostufem8Qqbfdu2OqQTkZoZYx7DJEuXv8AfjcbF2B27PGdw2Hu/wCV1jSoME8Mz05kRS1FOQYk86YuMv8AazyDZLYGk/uZ+P8AZCx7Hsxb3aci0r3SfOZiyWm2PteDAKSQck/p36hw/VWztvXd9u30EQ4mOOF/sAIc+4V92JU/0X3CdjHZd07fczNkFklnQHnQsQVHD8RpisN/a988anZUoanMvjq09uT/AKa1B8laqWoEQ5SxJFZCkRTlT7aFC7kdl7dXK/VXsqW3LzWm5RLSrKbVizcqZAjz92Kn/wBkvqJbXKfLbhtbOXojLexKCeIoZAK+wAnypjWU+Gf71K9aOLVc+4pvRVSMf0zX830F16zRnPt+UlSKt/KYny8ZV/hxk4x1k371+kMp6k1jeW7Fql5baYH3UYCnu48+WNjN9MPr9CipBuNrKyimiO6iBA8M1QH25/dib0vBv7xONrM0XFuIW2/IUXLEfLNOjz2J5FVQ6xzKF/KlkJVYvEOzHGT36i3vcX0bvQspubpY/FYSK+5kZqe0k4lWvY/1+sFKSWlrNO3HXOhb36ZgtfYAMV2+P7r7l9tJvvivQ7p4ajTGvMNNIr1XDlbkVl7MsFhIQozJ93t+jYPVpZ3f0mjVLmy3SeHiQAZ34V4hia/Yac8Vm5bT9cTMLPfdqimLRUIboqCD/Er0ABpxOeIC+v8AcJqT7Uv9vlNJ9fDXl8KGuo7d6eqneVZR+BRnnnEWzeBsGUGNyuAuSCLGO/8Ap7Lplbf2EctQBIwjFfD1qQT5VBpnWmM22xfU+3k0Qdtl5YBSsKGYj+IdNzQedCK0FOGKfu/lmykkGv8AlH4y2dCaFjLG/KNHYrw17SOBFalik1VC7ZAZvcIEgVu/krDA6trbtlXZ7ztXdVLlKEwTEhlGelgkjLqIPHI0IyApig3Lua7iZLXu/aHTQ2rTcwac/h1JrjV6AilM1yOda4ten3K6DVe7xOKzyWxyFKZs3OM/0WSlqakpljq1qutisUK87VknzH+RWstXlDeDL1U3lmdyuVj3NRawWxFDJ1HaRx+JnUO4z5RsoYZSBuGL+1vztdmbrbR8wbtT/LMKJGhqNKxEop//AAiFkNTGVJqbxxvilP3NNuV/A1VipPLqds29Qci3d1rNaaazZl2PL5qWsrV4orTJGkIsrWmeNlVgpIrL/c7yE3Nhc/m29aokf5McdP3QlS3vGeLfaNotZvltygOm5Ao8klZWeuWbyaUpnUdMscuGWOgqO2s8PWro9dwTb8721+/JKlqxvOM2tjHYbWhlvRc1kpNb18OtV4fBmikEhzglVBXGwrHu8r3l9eQ2NtGM9SNo+IelotOl2bk2tT4mlcbxHft63XaNn2+43O/aUmodNdWRqskxYuiLzGhgBwFaYtWj3HB7XH9doOcywaaWsUpbfkGl1MUXGths/wCZBU01nf1YTcsW60UoZ7Lx1y0kUkgGMZrNw27c23CS429ZZoWQdKKaRl0KOMqRUMapWlEEjGrA1zNLezutlTaIbXfAiyoxE0sUS9FpGOSPdKdZlC8WaNBpX2VrvIOMcO0e5fQ8K1XG+VXRDp9nRp6e1U30za63EILOyn2+nuafb3qVq3PHFJPdk8IJJl+4jOJVpuG9XtoLvc5JQqtoY9MRkMuRBBE8Q00pREHCtOOKu82zbLO7Nl29FBeSaUZVjlWYlZDkdYNu7UGZJlYgECuVA/qaneajXVRzfXLxPc3NhDr6OvmHGt7sY4p7MkNB7W81tigI4djE341sWYI60bRd2IzkLufb7limxus0Aj1FkDW6jOukxlJdTaaNQNwIPEUw5FbblYssO+24tb1pQFD9CWZEJpUz0iZgHqhDKBk3lWwcjupDRSDb1IZ+P7HT1xcvSaXinFtLUsrYsPWl1O0195LFTe2ZVYTmuksrQ+2wUKxHVJY2qvObqJzDu/WBjR5JZHbkdYkCgx0NaFVStDqrQHUbvut0u2iPcIVOym3CST/KQRwoNRIKyRLUT1UDUjO+lvhpqIyPUnSbOSLUcI5luqe8lTYWtbptxsY7dq1ToN7J2G1u7arBHHq3gGUsWHjkZTIiMR2G1vrWeLXdblaCbbomUSFELBXalAnTrIGPNI1ZFHrZhqOMJtk8VxOtptO4T2u9upKrJLUtGvEuJKIsdMw7spPwgEjCnIeY8m4rpZv69xCqw1Gsgs7vkPCL0gnspZmYRrtqFTZXhq576ESRwtPDG+f5at1Dg2rbN0v1fbtw0rLJojjuI1X1UHoR5KPKFNdTgFU4MRTFzd9y7xse3aL7bllKQ1kuLWYN1FqfypEQlYaihVa62r6Qa4ufC+XcY5RxqCRJIpdDU9/RyNcVoqqyQUIr96jfntLRMcuvlkd7Nyxl3kJY5jwxqt72jdNp3OkrlZnTqARtqZlJomlQKs0n4EA1UHDGi7f7i2ve9lC6j8qGKurCkQYCrrI7UC9OnrY5V4Yt9ccO/pkGy02oq2tXfEUa7bXUZJNDIgcCaIW7BiikM1xnjievEiPGQwZvQwwd0WWS1vpjFcxipRyC4PIECudK1HFeDAHLHJe7KDHcbfbdW2dqCRV9FMwSGJBpXg1KMM1JGHd7ba3SN7L0RVgsW5K0iXL1Cg6RipCyGrMRYaKSs6r7TmNfHwYspHiTX/JXW4nV1jq0gq6wl6BTnUkAU8q/rxdNv0G0/lNb+iSQqVacIM1HIEnhzxGUNxo4tdZ41rUpslCKGTYUr9/Y3b1a3dme+96Xd2oq0cizS2W+9ZVBGFCjsOpFzaXZmXdZ5JDGAPWECA0yr0h6zw/ACMRLPdLT5P8Ap9pHD0owdSl2Yq5JNeoRpIoRmSCOFMPdXrYYtiNS/HhFXigiv/1yptJrUbUIJG8q5r1bjyT7ORbACuAV7HLdLJeB4RdpIWc/l9MRksSfI0BA8zXCWoZ5fkmhCJpM2vXkBw01FTrz5CnngdvJXh2VWDVWNTySXXRi1BW2u92NazUoSWYkdjpnpTWVE8/kPcWSBEiLMSp6OydIrd2uFeG116TJFGlGalQrENw5kcajELcYJWnptbw3UoTWEmmIZDUAkKwGnIkBjRTXTxIxXX23yFxawt86G9Rhn2LavWQwe9W11bW3LHuG/c3Oklnu3fwwXirQCvWgaFUZlYsWMyO12bc4FtWkikuAuttUayMXBIA0yFQp0gZgnFXNN3VtM43CSAxRMTGgoQOm4HUZijhhQ10KVz+KoBxNcf8Akvmdrcclo6ivr9XV1teWvqtvspQ1DarsUkp36rVtpsLCT7CeGRgYnrK61lJDeRyYd5seyC0t7ncC7zSuyPECao4/lE04RrxLfCK0BNMTdo7g7glvZ4bZ4UtYodUbv00ViMsl1MynxrmTU88Zza5zWkp6aD+i6u3St2a3H9DLxCvYutUjeYz0q9QQ1nGv0aJVfwLsiR4/aOtOm0yTzN0ZpAyKZZNegCvDgCSa1pwxj7veElghMkKSQBulHJAWfSnHpaqBemDmWY1y4YbrybVU7e42p3MULa0/0fZvdJm0urapGZbH5V5WiSteoxTt7hHuKswSJgWdQSFhdvBDHoJeQF1jABc0y5ZcCTxpQYaXdrdbiW6YqCq9MyE0jVciCS2dSQFyFanHuObelVRrlytbi2cr3tO9iNKlzZXqNJIXrK1Cg9GnSN6pYr3JnjEQjh8ffxIOy7jZakSG2ZQoZDQ1RS7MVpqIFaUoQDU8gcHYXiBZLq4R+rXTUUeikVB0qSaZ11EUpxNcDxPkOt4pyOXZ7G41/XJshPVj1FueUpxDb/kw2r8+xLPQ3G0g3UkjwV4pQqFC2PcjiVJtyLndNrNuyGK9MZjIYkL8wHpkD6wvSy1MozPhniu225TbdyE88xktFlZx0wC/y8i0csclLCQAoqsac6HHVOsHHNfKF+O9xptZy7kOr1sxF6DYNvpNHpbWroR7Z6eyh/pXkLksizLOsLe4VZQ4Ph153dPubxk70sp2iFzGHGkJrYEIr1II18QRUUGdMexqNvt/9n2e9uN6uYld0kDCZY4iKPGpXNlyWUcyfRqGMe5LsOVU+KWZ55tnzWbQbPbHkVXibQ29FSnsX2FCnGNVA8m+uBZIphQjR44lklNlgq+HWq2tdsuLyKLTFaQXCxRKZ2WNiyg1JDfgoCysPjAqtcefbvd9xRbRcPI11fSWssjy9BerHHqIITVHWsnIgfAcn0mgL6lrOOw0L9zcXdzr9lb3dmHdSaS01+jq7WsSm7S3KVZ/yZ0nFmKWx/JksTe3HH5KP4Y815fSlTZFJrc24ljBIBaMswOmtBUMDkSPEZZ4kC3sYhIboTQzLN03KhyOppXkjBmqCDRVYgcacMO98my0i2K8d2PaI23hp27Wiqh6laR2EK254bOwpyxW1sgRuoM5jBxkgHpi0nttxuBHMOh6NSq6mjDyK1Az/eI8cde219t0ZVGWZA2lnRq6SQDnqOpsiOGqmYOYIxEPvtPq2tC89e3Up7irqNlNZsvFZixSsXm2yQ5dU19elCZO8eREVKqUlVjJltpJYFKahOYTItCNZp+EmtNR4caeeIguY7VpXk0FIrjpOpBCpX8fDJK0z415YSf+u3uKcvHFOF7jYy7TV7GbXSptp5dXsf6tdt0pJOPW/Gr7+zg/CJ/GhMapJ4qshyR0185ZW+4Wz3t3040n0uoBIWqgB3AGa6mAOmprXKmFW13C62q6Nlt7yFoNSyMVAIDElEYn49KkgGgoeNcDBv6E93jOrqU9lq5btaSKIW7m5oo8MGwl196zuPeSCtPrZrlZ4VmM6mUurrGAimQRbTSiacukjK4ZmKKwFVDAKWIJ9JFaVFcq1rgI7lIbm0tem8fzFUjGthkpIMj6QRpLagAc2orEAKtbdFr+QUrlOvCYdfbmtb6CpsLteW/xfXVFsMNc3Ib0P4tz2XWB69KxAY7LWWWaVQPSEbiwlhLOCYAmp41AWVjwpGK6ByyLDFyLXdoZolCiOQy9JJHYtHH+4ZWprbWahWCkk5sBiwwXN28SmztuFNaaKu0UGjsm7CWiL2GiYiBrViasSiqFWbP3Z7d+q2dduDjpRTrHzDla/cxxZwy7sVobq3dzwK1pX3rX7jh17G3ty62U5/N100dgWJNXWVW200XtRDWe7r42id65dPJfJcnvjuQCCzhDy2wALLQ+NKg5csOyW9zcBVkYvOjV4UXhSvCvPDiWDf1pZ3W7rrUyTx12gu3L+vnPv/a3mATFSWUK2JIkwWbBAOcRlns1ioEkJ8fTQZc88SBa7jL6piooP+46E+5VIPvODayMVtlW2ZQyS+0Y7egs7C/tNTYv37lZlsFxC2ygc163kIo/FRGGcoM5IzzNNbG2Yn5Zx4DUPYfD34ctLSKO7W6SR/mFHrh1ao5G8XY0avsGNQgraiGJ59XxPVWg0s8qG/sJ3hszRsILCGLYXknqQqAFZ8JGAc46z891Knqa96fnUAjllRWP2Kca+12+wI0QbfFM54K/pVv9TSTBAMq+ogVoONMGF3hiCSzP8c6DS7c+9JajfSybNIWllKtJE0Vu/XuQGFz7JQAnOcjHSzR74Yw0V5M8b5BtYah41o0IpkOOJ73HbMCarzbrKKRcmotfteOZlP24j+Q/LPHONVze3fHtHV0yxmbXWqkeu1tiXymPuG5r39+3AvkfEB2Z/EegGOntv7e37d3ECSztcBqVYDP/ANKj7xiDe93dv7LF1poLWOxK6k6Z4mpFTqY+HCvux89fmz+8WG6z63htPTVXLWoEkHs3RHEZQksnjJDBlsY8QPTv17t2X9KHRhc7xLJpUZjn7qimPnvv/wCt1tdj5XbYoevXitaA+7Hzt5JuLXKL0u221tJdhLIkka1U9iJFfDSCCKE4RfEHuO/XudpaW9jbra2yhYV4ZZn24+Zdy3O43S5a/u1/3TcaE6R7AcQEs0cv802Z0REdVxcnCBUYIqyROQyN3znB7DqcgKZ5ZjFazlhQ0wzsPCYlSKVpncZnZLck0a+PcsyS1kceKDLNnxVcEnpxGYyUWhIHiBl+3AZghjWnAUBJJ8FA4nxHIZ4+5P8A8ZnA+PVfg3afI1XTV4eXch5lynT2eQvQP9TOh1lbTexqaNswpZh1bkLO0cMpSa0hGfcTw6/PL+7fubebjv6LtNrhl2K12+2uRGvJ5JH1O4JydTQKtNQXUeef6r/2Rdp9v2n0ym7wWBU7mvr+5t2n4s8ETQhbdZP+nE/rqUqvUo9dS0He235TWpzya3Tx/wBa2kTxV7EOvh9/Xae3YjZ0m2tuOfEdooCwgTzmI/iVVOevmXb9nuZ4/nr1ejt4FVLV1S8vy1FWpX8TBV8CcfX9xu1ss72do3UvI/jC5rF/rf4a+QJPPhXFOjvPt1tf05lmhrz2I9ryaSs1DVRbV0WNaGpoTz2Ev21lH3P5NBCwyxZsRto/lINvAN6NJOYiFC4H77kEKF5fEWqRkBniqFzJuLMIa9NeLnJCf3U5t46gCuVK1oMSyivqp4StaW7uLIihYzLPf3KTSuI3inCtPO1tpGCoD7SLkJHjAQNu9xdPqjTRFSgJIAI8szhgxRWj9Q6nyrQEHP7eGIaxXu7syymzyGP8OybN6tHWr6OkKUOtjsprZm2Ht2rtnaWlxYmYLJXRMLHIcAzIZraxYCW3tpJHINWJLNQ0ByFAY8yoBNaZ0xFk+av6uk08MfBgANKnwrX9CcO549Pce6Yrmu1uq1e6WTZ8itoJ7w221la0NRrKrTisb+jQRLPbPkUYjwgPttgUG4STB5UlluWQusYKhAhHoaRqgAPQlVzf0kkZHEe4ltoEEInUQBtLyEEnV+6gAJJ86afPE3R0Mswo7OTW3KnDhBI5Fm3YpbvkL7GGKa3e2T2ZrE6amulgvHFgm3JCWDIgC9MTXDiVYUqe4iQY0SlIwDWqEggyH4TVSugtwNDhxbRJIyUIXbaA62qJGYGrAjIBQtTUsukgE1FcT1V7PM9x/UKWstx/Hn5lPWamOvr7Ortcg1j8fqwLt5ZpLcMd7QU9u8orxwQwVlrobB9x5fLrrqEbRtcUN9Io3sr1HAqEikMzuYoySXjJQqzHMlzkVUUMSxnuNyu5LqJf/uUO6R1+KSMxqtSKAfzA1GoAVoRq4m8cnr0YNNVhgi2NmhomoNJTgjhaXZbyWJItfCkEckcOwjrvYzFBIBHH4JOW/l5ah2QXRkeQgGa5kbTqGSFj6wf/AKoycgfxKMyBO3DQiIZFoiKAVXjQADKtBT24YV9fsK8M+w2Grjq+EXt1qD2Y9ragN5kdorFqoGoTyW5nxZmjKrWHbylzkTmaG2b5ZCpkjBJYZr9vHOvh7cMmkyCVvSrVopGY9tMvsxZrNejrIYKcyp+d+Et6WCS/EIoFLyMkscYRVnKmYmGOQlZPA5+h6p40eSusNSuWYpn4e7/MYdCKArLQDV+n34rvJaG3uz09gNlBrEorI9uO3O0JpUiPe2d5VC4m2GySuIosgRwRBsZPgepNjLbw9WK4iMjCtOAYcK0z+z/IYcMPVkUVHTr+3DmaWqZqV/KWtvr/AAt179swHVW9BaV46lunlGZHtugjkjly8tiISNJ2CtARHlDJIWjjZKaOfOhP25j2Z4tGBtp1W3CsvD9P08sWS7IjVZWpw16Maz05LMMiU5oJYcO88Ucxkc1Vawjof5atk/xdDawoVMKnWGPgcsvOnMYGjdcyVFCOGf34qc8lLZbuSOxNDPHa1mn2NKLYNLG9TWGi1icWFETRrXtbN/cSLDSGQHKhcEyyTHbCMJQnix4a/HmaUry44chLIxlkOpuGXt88EnSddhJsJmty0ECVUcVkX2IDEr2bEyxr4Kre9GmVI/lhe3lnpgUij9NOoxqxAI8ATw8Ofhg5n1KEBCnjnjJOSfhSb3W6yC0Y4DUuTbSnTsTGW8lbOwgrCWJGjqwTywvE8kn2SyKYmYOMdabZLcJYvNGK6motWXPh4mvMZDhxOIk907XKQxkFtFfIe39KYfaGp/TK8NmSppod1rIJttubcFOaGzQq3bUNWnR15DzRQzouw8Jp382PkfAAZLBucyXg6Lyy9ORhEq1FJKCplJ5PkchkM88MKy2Z1RAFw2okDIvwyqfPFz20b6+vJZnu3Pcjkm2U2wWP7naWav7NGCnDH5XUBDIzSMZO5x26z4YTzkQrqtkOhc8uBrWh+KvtFMWkMRVFlLsxLVo1KjyGMX59Sg3CyR1nZa00YlEU1eUmWWlYSxUWJ1dgv5QV5MEeKhD5ZJC9Xmxyrtpo4o6kjLPI886Uwt0BKpicVjOdDjN9XuU0Wmr63U6p9hYh2VKprXjktQ1rClJrF241F6oRKMDuokYunhHliAO3V7dWa7pfPNdXBVGUs1aZAekCtfiIAp4nLxxG+clsbIQ28XBtK0Hvr7M8cX/3LW9ZQ4Zev1JWubzlm44hxXUV6/5bbDZ8mucp1W01Ucayha1Gsul1DzQeUkBdgqmRTI+PePpdFc3G+xwzl022ygmnlY6dEcUdvJFI2Rq3rk01Ab4Wy9Ir87fXDc9v27tlri0jEm47jeWtpCiglpJpLqGeNc6KiMkTMokPr1RgSaXfT9JuHavcf0zidTm9V62zm41rzuqNZhciS1HSWR6EiVXEbrChVJG8FZnRiMlj1827xNYvud2dtmMtkJqwsahmjapD+YJGWdRWlMfSdi95BtcH9SjCbmVrMicBJkHrkBqJAWgqo0tTKlbu+xq6Wja2NM3FsGQiFZddF7kHuSiJXqQS2vaQ2mcLll+1iQewHVPbWMdy4DPQhfD9R/yxOu7h4k0n7vGmJOnXrWpNnYvyGSzakEs8de6TRoUVc3rc9loI1iEtpUjUqP1wM9TGcQIFjJCRZAVzIzPmMUxikZi7EaT/AMMWGcRmgKuj3T6m3rJqYWL25EvXILE/tt4zSxMCIWT7iURv0BGeo4uHdtc6sImNABxBP3ZYdiRFl0MKuOfL9DiTPLZ1jspZrU4Ldaurz2p4xZdbM8U9USNHKhgl9wuoJZCqhicrjIjfKwmbrCorwrxH7MPtaMq9Y8SaeWFdVyqIoLCObWtnAgWsViaxGWVUS35q8dVY3fLIxCr7RUAkg9BOZlYBhp5Co4jxy5+flho2quNRJ6g8Me2OptxiSAz1WV/GSGM/arC24SOvIsoTyNtmIYx+XiBnPXJGACeY5eOHEm0RgEHV/hirwTyQ+FKxLNDJX92GNy0SyRs0bpNBPOFknmrgRhR54JLdulo6uHWtV5cyfDz+7D6prU+GK3NPstFHb2enu3RTgis6q9FqZnxVgdRBNFZqxBVsUryWGWwsgkhljyrI4OOru3uVmlWB2ZTp/wAqZcvHyxSX9naSrrnhWWhqKkihzzHnxHhnijcj5FNttjrZL08DX91be3sJPP21joQ0395SYokNbWaqggKqwyqsqJ5HA600ECKZHOSgItTxZpCVRV/1EUFaZ4q5R0xFEil9ZamQ9Copd2P8KgVNKnPDCXnGlCaXbyXthc0tmKqWajIj3hTtzxRVbOmgvLFXmexOkcscTMrWoT/Eh9WoLZ/mH296i4jJU1HwlcyD7DUMaZYcktpJrD52yK/mKrIWJoVYAgigPEU+3Ck3Jodk9qJKh3UQtW6njUrSA2KWvnNN7kVZ4XFqSKWIyk582kRwO3iSb2y24HWl6UuVdZzHAgECvHj78R0gubjVJElYlbTUc/MeXLEbr9NBYaxNNcdEGxedQnsoqoVTxWxFJPM1IxODGEkZiXHYYwem77cl9JCqzgZBuOWWqo/x54sLLbZ4HyLK7Dl4eeGWnoGnPJrm2Yasu1sy+BWjFJMbUdeTxtzWW8o44rMX8vxUYU5bAPUHcEe5iW4iiAd4gtamgIJJBpzIPPyxobOeFWMEjq06558Ke7jnhD39erJFsYhXtG9YUQTbFytiV7RnrMuGEXg0mQApyVxgddHa3AoYwWBAypkBSmG5b6BX9WkFvDlhenjRRVqGvmemU1cUIr62e1K0amxOlqa00iuplVgpaJlL+DEhs46kyu11IblxSQ8ss8qZ8PPxxVSLCqiJFj0jgRWvurTClvkOl/IS3PBEbkKvVtezbsx1qlMyhoLEMj1/GK2isSxKfapbux79NQ28yr07cEovqWtKluFDnTTT76Y5LaRhqJKoOHn5ftwG91ul2Kxa+q0tmS9ELsMjT+U1eosxau77N1rzTNPHGxB8QviuB3HSw3e5W6G9mBQ9QKVbMHn6acuWdM8H8tFcSrDIpIoSxGVV4Ae2uf8Anjj3ccP2R3u51Wyjv/h1ruxt1dhHDauwVKNiGOxRvVdsweGGN/ASGQqzosZyB2HX0Ds19Df7TBuNtNCC4ClCyKTIDpKUYjPVRSDT1MM6cPnPuBru23y42G5ikKJOXLgMSsdAQwrTLSS2ROSnniq7u3p+Ix29nyyfb19X/ThXbY0KUkovU4XrxrPrL1X8SH+or+QM+3F5Iw+h79W+3WdxusgsrDpm/MhOhlA05E+sEEAD+KtfbTGe3/fotlHW3+RobFIwDJFGpLZj+WyuKkmgBqKVrip0tzNtN5sU4rxi7yWK0Kn9K1lu8d7fm45XrLPm5sY7Ta6ru7XdhDHHEobtOXm8D1obiwitrKM7rcC1ZARIemI/XnQaRFqZSK0IBz8q4yNt3De3e5SPtNlcX0rMNEJnaZlQ0zLrMwV6kHQfQFqSagAzLbCU2d5rNmOOjZ623+VsOM6a4N7zSC77EUutoz6zRUtkbNidXjVfLw9l2Pu/aO0FbESLBPaiVLWdSElnKxxOoJqwaUIV509OdMjXLE/+pGKe7tbprVryBlaS2t3FzcIzgBAyW6GgJGklidJzZgtMXDTWuVQJc2nPbdrgGmt62F5NXdq6yglGdn9uSLa3INrTq623O5VGnnkk7+igdhXXDbLJIlp2/wBPcb9HPqQOWkpkdI0guK1AKgjLLFlaNuvys973HKdt20xfCzx6U/hZgxiB5/majnxyyrPG+Scbrbueto4+RfJC7yzGmrkpbXTeexcHFyOLbRKa01ZZ1ESSLa8UkzGpJyOrvcds7gksOpctDtZiH5gKM3TP7kkVA9fDgK88ZbZO4+04t0a2s5LzdZ59IjljMeu4Vh6yrkmKkXBitST8APEIfIGs5JttjROr33Ffi/XJTl0j0dTx8cm53JTYytsEbebtBrItsscjJ5oksqEgLICej7ZaNduatnebrcBqqzTdG1B/e0R6pBlUeui0JFa0x3etvcpdJK17YbHtsIWMRxRC7vSh9RdZpx01lqP5YEhAqQ1ARja+I0a2zp+O/G5m1fHKmtiubrlGi18tyeGWFa2slnNcR3dbYdzGB4osjgk+XrjGbva3kNw7fkiadxWKFy5XyJKgE09uNzs297HNZLbWz3sny6U681voackV1np0WudMgoy4Yx/murt6rcnV2OT80sSWauNVr+BcSrbfVXo5bMzWqEG25PullqTRCHEokY2MkeIK461VjcwR2huxa7esYyf5u7kjIIy9SRI2nhw8KeOMTuNnfT3CwS3W7a5JCsQs7SF9THPpiSaRPX/rpyzpTFNu1+MwVdhW2mr+Rpbdaasm0v7bf8D0Ouo3LymGGLaWqsWzfWpB7ZYQ+KylMOF9OrCC9vJjH8s20lZF1RhYLt9QpkUR5VSUHhWoXnXLFHuGwWluZ0vRvoa3ljjkZ5rJYwz50MyRyaNH4qAtWgC51Fqvc7+ONVdo2I4dzzDmdWGlY49Y5P8AI/JeUV7FmqF9z8WpsZdZpkjjgmWJHhSuoXBjY9+o67b3DfK8c3y9vZP6ZCltFCynjp1IHdgaVAMzIOY1UIck3DtHaN1jKCXcu6Aim2ea/kl5gUAkboinCjLH5ZYsU3H9ryzabfeX6tPjVzZUmWVdXdr6/wB6SerM8kFVX/Oux2ynhGJntTB38ey9z1SHeLPaelaW5e7kjmqAyOwWlBq1Iwoag5Z/fja/+H7x3FNd7lf262EzQ1cwlFaXWAHUlaqz6QNLrJSuRpSuIDSxfH+iacw1Rod3xWjBZscQus5uXYLDe1Fa2OwmSWld2M6ozOq2u3ie+MdT7697luqfmvJaXclFlC0Bf91UqXQAUFWGnnXEfYdr7Ps55JJYhHe2UIJg1FplpkHlYEFmIoSOq7Z+FMUzdfJjbK9Y1PEeRV9RWKvcnsU412SRxoYLP9JapNGZ4aliJWRDAzPBk4kA79W+39tmKBrvf4Hmmrp9RHE8/ST7q8+WMnu/esMd6tn248AsguoFdRp/+cV34/ump4VFa4qe13nI9p+ZY27Sck2dYfg0r8Gvo0BOkA8/xrq0Yrc0WvZsQLAHSUmIkSjyZhpbLa7GyAt7N3hsTmVJqa8KAn3nPLGU3buO93Um/wByQ3G56dCylkWiitFKiP4BlTgw4EtxCGsavs9jAtq7rtLeZUeL8eB6tNJpDJWkju2Z4JrbrmNApKKpwfuyD1YzT/06JnhaSS31DmAaHlx4YyFvatuFwIrkQwyuxo1H0VpWpzY15ZADy54zzYbXZNPd1exWDT15ILNGpZt0oaNfazzCJnMEMqpZs0L0NdpVjLGTxYtgZwLpenGnXtPzX0hnUZkA8vD76YoES4kuWtr/APJZiYl15aiCfUKV9J8wD5Y1vRcca1w+pI8mn5S0VgQUatClUe5qXNYpU1s00aedulUT+YGlHii/aHyR1g9w3uKDdZFuBc20eWtnkcJSozGmpr7hj1HaO3Z5djhkhe1vJQTpURoGJoaBjUU8RQ8acsSGt+E/k3lOmpbmWlw6xdpV7ESaTbaQ7HkTiKRkNCKvS5HrdbX+0K6oY0kxj7yT1Dv+9e3NvuZbGOfcNEpoJIrgxQ1IrVupDMae11GLWx+mveW/WUW63CbZLNECQk0XWudI/wCmqxXEa05ghC2XhXGhj5q5VxiGTX39DwurqdNRsVN9/UbNvUwS24IY2uTRxSt70E7LDkIgcxFfuyMM2a/8R2/c5UniluZbuWbUnpjkVlYAfGCoYVrnQDG0tvqFveyo9lLbbfBYW0OiQEyRurrViChViKKQSKkgZnFn4T8qcm+RON2ea6CnnXVNwdMt/a178M221SwkrsNHbuRRSbCpQX+TKZoqymNwyu3bqp3ztrb+3txfZ9ykkN1Lb6yqUcxZ/AQhOkkeqg1DPGx7X7t3nu7ZD3PtNsq2In6R1o6LNAAPzImcDUS1QC2kGla0xQfl67yHlXGLXHb+nnexfhjaCC7aFLRXZYJFaeexs9RYdo/yYEkLMJMWH8QBnuLztCLa9svlu7eelnG5PpALjI0oJB40FaYy31Cvty3vYG2mW11TPmOtURtmKrJ0mB+GpFGGYFTjCuAUeWa6ePjWq4JxXV8bo21r1tnyTYbzXV7liwryzRQ6nZ3/AOtbVJMt7c8aN4YyDjt1uO4DtFzGdxu766k3KSPUYYTC9F4AllTQDmMieePPOz494XRt227XtcWw2z9OO4uJZYwWPqYBCxkJFCQQWXSDwqMbRLT1vJ61/WPqqV2OhXuPc3+ok21amZEMCXpYoZsUdrfpwKXLJlwhBQh1cjIW8t7tTw3STTE3BKpDOYydPInSBQGpHM5ezG+uoNv7gM1lKsOi1ALTQJMo1A1YJqB1BFIZiSMmyBxAci4o1Cerdr8lqf0beUq9qrUn3CzbFf6hXe2ksNSavK6qjUo//sbH2x9Se9ztm/C4VkS2db+JyrAAaSoPDVWhOeMh3D2XJt8gcXsMtlNH1FLygMDyOg0ZagA0IB50xz9c4xtfyW22z5Vvrd2dJY60PHVpUOLx16dh3ezHQStJPXihMipYZCPKYkg4wB6Nbb3BGgtbO2gS2TlKOrL/AMrMMjXn4Y8fvu2J6i9v7q5e5kJ9MX5drEeTJEDl5ADnh7Bf3Wu0lihv+G6nmtNRct6zb19pLQ2uvrMYzYWc2JJlljkmlVVEsvutnAUjt028NtdXCy7bevYSMPzIyq9N38VJzLUrlQZZ4O1k3Xb7F493sl3CHgswkCSKOWoMKaQPfWnLD4a3jmrip8pm5NqKGu/FsvPQqS2NrstfNNZda8mzpRRU1n1/vKxZYQqZjPuYaMeUOSXdbith0JJbhZMnfSAygDNSCcvcOOJaWm02aLuLX0MSNCSY4nM0iNU5MqxqRy8QP3uQz/l+4gscbmi1D3+SbPZW7T61ZrsWz11KKKzhrM7vIkU8JplgFcNLA+O2O/V9tNnJHuAkvFS0jjADU+JjTiMiD9uMtvt8j7OU26SS7uZHoA3rRf4ijEBV8QK54w2saU01aSTYymwkYS4+5v1tdXnkeeRBIrT6TaiMRMfTyEgRxgZ7DbXHzYRoyrhQDp6aSOw9idRdR8hjB2k9lJMkkbr1WHr1SRx6n8Qwheg8TQmmVMbLqtnyhI7Gp0VWFYKyRVoq+h125sUoPIe41mXdtroPzJZ4gWjIQAAeRwB157uVptCS/MbiXS4BrSVowxpy6JJK+0tlw51x6vtm6b50GsdojjjsmThHFK8YP73WaONWf+FV4EngMJpx5NpYvJsbWzFupLTl3Mc+vtw5pzhXFmOaVmZ61slkBjh95sjOB6SjvM9pCogCfLsh0BZEQ18wtRUDiSa+7EMbTa3oZLyRmlR/WrQuFbmSCHU0Ps/yirN7XccvNU1129qo4rNOelqtbr69dzKVL7COV7l5rFWOVfUS+TSHufEY6OC2uN0jRrmFJmINdcpp5UIiav25eeIMu52WyTNFts01rApoBGi1A9kj1FSScyTniXSPTyWUmfYjje3Wv4VpbKclezqWkPiYUv6vbf1CrTQlR4oW8VHoe/XN87HGbeOL520U1IWODSfaJF0/bl4Z4qY3sZAk8sgtZyulA73BKnkQY2D6f/lg6OdMsaPxD5A+V+IbYUrHzZw3kMewWSrrdZzfYWdvqEnnkV3l1u3sX02dDzRSmJ5V9ceOcEUm6bL2vuUAuF2ie2dG1O9sqpJwNalF0EVoaLXMA8sa/ae6u9dgnG1Tdx2l3HKn5UF1V4AagqQZH1xutPS5ypUEEnElzOjyXc6+S3y74D4luZLMkpTknD720hgsEZeW0liHR8gChixkkaRzlSPEgdV+z3e22tysW0b/AHarQ/7afSWrXjpLxkjgMq8DnyxZ7zYb1fWevdu1LWVpHJ+ZtXkWLMAlw/SkBZmqxYenP4cUOnrua0NLHt9Fxra1NFSmqvHD/wB8bCKjUZJFZZa+3rfgSVnVUz7RpyxFl7j160c9/sl1fGx3K6ja7Za52obPmH1M4rSnBjjN2m19zWO3Lue32O4Lt+ugPzcojUg/zFmR06bDhRrYjLhjRaXOrdOgtfk/GzemtGXYa3b6v5I+LLG3kpuiSmC5LsNTBDeVZCWCzQLnJBU9Zy52tZpj/TLx0SN6NE9rfBKfwUdjXga9QfsxsrPfZrWEpvVjPIZfXHJDf2RkYf8AzS0EayDyaNh5YokvNbE19d3W4vrbensTe1JTucH+E99K7wShU9pdRtOPzzXDg/ciL5DJJPVsuxxPCbO4vJVvANQMc+5wjwAIdXTnWgJ9lMZeXfmkvH3KxsYzt7GkkXymzOT/ABUhaB9WVDIKMeFc8QW8ucNv2qdmb4y41fL5EFPYfGXPeMyXankUT8XYcJ5HvK1k5J8fJc5yCT26nbfBvtshgG6XaxKMmW9tXNfAi5t0cZeenzrXFduN3tF7ItxLsllJqICxvt15EwT/AOpZ3MwbOuberlTTSqO+0PwnJVgll4tb4Bu6xR5pOP8AKOTam2sRALmvqOa8XW0zwjufA5wf85e3bn3x1GRLxdytD8Kyw2zkDwMlvMNWf8Kg+GWIe77b9OHsxNNt77Zfoa6o57uA1/hjvLdi48CGqMRWk1Oh10luTV87G6ilWC1FBvNhA2w9pXArNFPU2DxCaLOTmNQCO/p1Nu7y+nRF3GzML/vICyj2qUzHlqGZxQbdt20QNJLt1+Z4SPhlKqx9jK+R/wCU+zF815EIEmv2TNZhaWRV1u7pbVIrSSI8MxhYSGKdQHYkA9zk9VcnSkJV4mZfHQ8dfaQwr7MXcMk0I/210+qmSpMGK+dGBFOWeFrGvX8pdg0dmO0rgG/RkqVLEoqeQBMul/CNyRxY+95F82dcHPqejaMJ0KfknPSSW5UyL6iPYDTyxHljlkmWeQ6bsD4h6Cc+LCLQrH+IgtTKtAMPnbbzvG53/Ka0uIRJPQ5HyCqwau0TQzSQLsmQTwLH9oxhGOQO/TQhsI2I+WtWXlqhib7SVqfaTXE03W5yLnd3qtz0XEyjwyGugHkMKxNs/cgKcp5cJK8k4im/7guyThXsGCxOXkkBWKV2QeIK+QY5z26MpYiGjWtqY2qCDGpFD5c/LAC43SJkMV/fKyqAD1mrlnWprQ/sxN6jb72jdtbWhtdtW2OwjQ7G1YlmSxaioNI1eC7dkPvzsshfxLZCrIQpBx1AubSxntUtZI42t42qF0rpB4VApStDSvhidb7tuthO93Dd3C3Egoz6zrYVB0lhQlSRUjxGC7ea/wAkimj3rQ74LB4I2z2GymnkkteRgEk80sn5K1Y5AyL5BA57qR26Syt7bbhrsC0FWJYKQMqAVyAzJyzrwwxd397u5KboBOrDjJqZqAk0BZiaVrlwz4Yjd/8AHXCLdWaxc4NBUsLBD57CrvNpTsNbKhIREtDVNrmMttUjQBsB27/XqbY73uttcBfntT8oykJoOOZeUE5Z10j2Ybve3+3r2BmG2oJfxPHJOrHhnpETIPYCRhPh/wDVNZRs6WgOVwUZKkzw0Nlup7JVXjSQy1obBjgtNDZgUWIFV5HiQ4I8WJnbs8azRXJ+TUowJKQxiv8AzAavsIOK/ZkkgjktEa8ZWWlJJpGUV/djJ6an2LjWuI0NhyD8Pb197NY5Dxyg9OJhJPq7lezNW8ddtoqsNCsWrOsZjUQyPCI/4w2es1vV8LEyWpi1Wl04eRl+FgMxHzy1erxqOONHs9mbl47hrlDf21dC56kr6S5OXqodORAz4YsljjnIJtdHVr8th1dOGs1Sy0GysbhLskt5Z/yJKe5hfWvWtRvICkcALKfvYsMiqTdbIztK1n1pGaoHwgCgH4SCfhU5mnpX338m1X8sKpbXKQRqKFiSzH1Fq0aqj4mAoo+I+WJm/wAa0Wy0+41N6xe10k1OXXxch49butJqNc8ddZ4rOq2EtpZUPsR4McvvKk3iI2UKBHjvr6C/S6gJlQPqNtOKmYniV0FBQnx88S7jaLCfbZLK7I0ujqtzG3pgDAChV9QqtPTpAHiMRdnUTcW4I3JBuanHtXBUq0t5yWOxLc4rsqkkNp9dsq7w66a7VvvNfaWOtZkaOyZCSEKrh3qJuW8DblieW8maRkjULbXKMhoA/wCZpK6PSQiq1AM+NYbWsG0bE17LKbSK3iWOWdZHlhlSXONl0o1HLnXV5NOomg4DCrVOLcq4ztNlJstvDMo1+xp823Um0t6nYrWlhjqInH+SausgavXpxu8Q8YZHMbRuxUdLM9xtd+kJhidCSpttCqxJBFTKrlieRzFa8eWC+WtN722W6d7hNKh/mGmlkBXUlAsUyrkCoYUQrxzIoMXCPhfGOa1idtX2T0aFrS2KO0352NTaXLESPrp9pLrte+rj1xcWY4teXrtDE8wcs+MCq/qMuxXv/wB0yIlzKpRkUdTpKT6om6mqjtzdaNpIAIOeNN/SbbfLTXvMTSQJpdZJDo6rqAEn0x6QQvAKQRUElThrvfjPhrNQ0lbllrSH8WxdWLdwSb3eNv0hmrycoWXX2tOu5ma9iMWL0X/SSYMZVRkuWfcG8g/1OSzM1JNCpH6VSMcEjBr0gTUvo0lySXJxH3Dtvt5abbDdtEzxdQvIzsTOTnOzKQZZKUCdXUsYACKtMTx4F8a0o9psd/Gd7br6ehHWsS8hknirbOGOA7u3JJuUXUTVd2XRXewpmAynky+PjAu957kuWW12l9Imn6hCRAen4VroXWHjB9AQjx0mmJqbL2rFG8+6Rl2WLSS8pI+YqC03rOiklKPr9JBplXFDj4Nwnda2pyrmHMfmKxt7uwaXifHeBSe/pON3Nd7Esz6OPdwwVrUM6qiytZVaUCKVgJjYuNBbb3vW1Tja9ntNteJUb5i5uVMrysfSTN0yzKVrmVZWJA6iq1BjLS7JsW8QHdt5u93FwzgW9rZiixhTqUQq5iRgaZa6oAT03ZcbBVuW7G+sWuU73j21SLWWJ9dot1w/WVeV8ZmLflRbW9yPjVV6eZNb5rLCiztLKcLJjA6yl9t9nDtfQ2yKe2u+oS9xDNKbWUnMqIJXUauVSaadI5HG227eriTeFut7eO5sVjAW1uLWKK7ioKammi6pC8zpJOrUa4zrn2045xyaHfTa/ab/AGsOzra6hJxTfNHFVv2Pxaq+el3Wg1dW3dgmuewtiW1NPCzlU8VwOrHt/bN4uZPkYJVt4mh6j9e2NaAkEq0E8pQEjgkaDyqScVvcO+9r27LuMkU1xdRNohNvcigPHSyXFtCslCeMjyHkDQADbJODamevKKtJ5429kWtxU5BrmmoburIIrGq2VOVqkC7Os0rGYRo6fYFVmJz1iJdx3QzmG4BE7vrWF4GVZIwD+aGrRU9udaZjHoy7PsEUTJA1YqUadJo26Un/AGCjUDMfaB51xTtNw3VX7E6bDYa7iECU7FireqSbTZVruuVIIamw3glWHUQ7l5GcVq1COy6M38x17g3F5u11a2iSrFLcBwrMjuqmtaDpkhqxk8SxQ0+FWFXWhs9g2u9naJTFZdNGHVjErRgc2miyj1/u6C4rQ6+RpFtd5pKFfTce5nJyrjC7DbPrTyCu43d6eq8tlLMqz35/brbCdvGtYKlRWQsB/AnV+vyd1dNebhZLa7qY1qInDx0PMEZjlUEk1zqBTGSvm3LbrKG22jc2uNqWVtPXUh5BzJr6iK5L5CgxBi1e281Cssqtd22nv361aUsaVuF4qsbwLWWGPby16STTFLvtpklcIe69WhW1hSRjqa0iyaoBetKgg0zGfwNVfLFFS9mlRFMJuZV1p6BoIqRRifVSorxrXnhJJZNBvBq7dbYxarY0Ll3Ww0rFenJqKOrsR1KUFtVpG1LsPyYpS0kvtRjwQLIWLL0DrDulkLxDH89F6XL6hrHL4SATWleVK4ciSfbb4W1wJfkJTKyCLSoQoQM1A00IJqCDnSmC1NjG2+sVtjb1lnXQsZa2ii2FiCW5UtWYrEe45LRamY1nkmk/6P8AGQ+14M5JfBDsqytt0V1bxst0po0rUZQ3MQA8EK1qW1HlXEWKVRcPFPIjWbJ6YVqrFSwo1wa/EGpQLpHllgatHeJfiR9zqDWl1V+rsoZ/ObaSXZI2zZ18wsQxjRxm86Ss0Mau0ni5ZiD00QrWzLBA4cyo8TgKYzpoSCpBBctUnTRipqMkNZMlvOLtVmu42hC0lQs3VH7pDKRSPSQKEFQRQirimk8X+L7N/W0tdq54Y6b6+OSjS0tHyrwU4ZJxL70NmFqfsx2NcsP44BkklIypVjJ1B3Tf7aC6eWSNlnPpdmYsGHErVaZVNA4oSKZgcLva+1byaxRTIsdlUuhChaGpowBBofFDUA1qK4kNFSo39pJLLbva3az6ltDudle1r6re1eDUrUlm/ShfZD8yJNvegc2LCSrMwZIhNVjRV6bvbpktkSJVe01dQIASrzjJNQbUpCLXSPDjXEjarRLm5eWGcrelem8pNGW3J/MAdvWvUNNRUgg/BpxbJNvxbilanJSivRQUrcPHl0fGZrOpn/PvTTxDk2219WZRPFXglEhRRJ7rHzkknVMinEM1/MbdkRHZas0yrJUVrpBYEoFahXSRpAKrRSQbiO72vaoPyHk+SgnWNIoGMY9eTM4H8wsKhmepYkMxJAOK9t/kLZ3h7GoFvS1dvDTr7KrsKct6o6UtpbeKD+owSJtDt/CYzGSuI40wVclD4CTa7PZ6WN2xkCzZaSQAwVQFFOEYFMhlWpPHFduHcV48iNtyC3j0stCKkoJGqxJzEpNauCGpQfCAMVOxBR2VmDZPW2QhjsLb081GnahipSLJaSQTBIYV3aWq1o+CzeSQqqsjK/kTZJHcQxtaMVeoKvqAo3hmMxQZekivPFJMkMxjv1LgqS0ZBoV8QR8LZ1OYOHS7XbTgzx0IK0GzSvM0hjpie+yeIiSWAWGruY2gjcyMHlQjBB+7oJLfb4pekzgzRkMSNVKD8K58Dzz4YlQ3O6SI8oVlgmBzFBIxIObGlMvIcsA17kctkpeq2dhp4XpX0pSbKGnEsdORZFggd5GNMyXoxLHMuWWZvP1AwyqWYtiaoJ/hU6a8dVTnWpo3PwGG3bcZbvoTIWtm9TZ0LU0EKStDpBUHLxOeEau3lmpBrkyRMfKTYKrRXZZJxJ5OkUrzzR3DFJHE5VVjVZVOFA657SMXJSIDSpOkDUAob1aRnUipJBNTnStAMPQ3a/LhpPS4UA8CSVy1A8jQAGlAaVpUk4kI+QiCSRZ9/LcS3JJHHQt1tYteBIJ4o2ktSzUzi1XjUrEF8kVGOQWwQM1q8gCCNA2vUZADq8KeFB7MSYNyK/FM7wkZRtQrUfA1aVqhqVz4nOuH9TcbAQ2NG3LJaLa5fc/G2dOWtasJM4clZ6sntqGlJUTeEUbouewByxJbW6Si5EHWVuLLXSvnQmuHo9wuHhNk160Uw+FTV2Y8aUGR9mWJVNvtvE2Z7A2LCKCLzfSS6/2I/aRqt2vs7E341r2LTKGWJmVcqW7MB0w9jHmkCU/Fn48KezPD0e5XjAtJLJIaaSBGUAHGoLVqailPOuHv/dMU8sde9HqalQwxB9lJsoI9xXSeaV1Ms2vW9OwgeIgCMNISx8lwfIsrsy6eonUM+r+WqBh7a6lp7M+HniW/cVxpFvcJEtsBlIzkP7KBWFPszw0HOdJTvxx/1fjryzySSMy3IKU0kZTwjaSGxNLJWnm8iUlIHiw8yAewdOzX1xGWS3mUDhUKPuqf1nET+u2NtIdc9trbgRMATlzDKDX3DFR5D80cS4XCLJ5JUkte3LDVNR6TeUZcs8Usf5c7GOPOHeRv+oB+1R1d2Pau87y1JInSAL6i6MwD+BYlAB/yHGe3Hu/a9njMsEkTEDInpg1/+nrlDZHhXzxy5v8A+7qL3ZINXVt7TT2ZJFsFLFfVx5RjkKtVmtvSRxhFL9s9j16JYfTOzEKvIYlmORp4ew+ePM736t3EVy0NvqltWFHAFBTjwFAPsrjmrm3yvPzK6ss9k0akcxJpxRzOs1fIZasUsjSSAK2SSW+vW+2jt2y2QAxBGl8QP1+ePNN67puN4ZovzY7SvwlvflWuWMzXb1YZilSIQ05Glfxb+YfeklMhfyl8pYoxjGAQD1eq7g+o18jjN/MdNiYRpJ4GlT9pw9l2ElpVFhIY0aX/AKVveESJXmOFLMY0+5c9sgj9h65YVYVBo3ieH6Hl50xK+cjcdMqik5VZtKjzLEEAe0Z8KitRe/jj4T+S/lm48Hx9w7Y72Ijxubp4IamirGBY3eW7vbjVNdFHKHPteBLyMviFJ6y/dXf/AGb2RaG67pvobVvTSGvUuDqyULGmbsTmVGmi1YmgJxueyvpR9RPqTcC37Q2u4urYEhrgp0rYFQSxaZjpRKCmoGQAkGv4T9DPjr+yz464Gut2fypZm+ReXGkt25xJdzBovirj0pYOic05WkM01SiIY3Mf5CxxXHjKxqcjr5g7o/uD7q7kll27sXRtuwyStGJynV3CVFC6jFbglGDMaARPrQGrMMfa/Y/9p3aHaEFvunf0x3buMoHeAN0tqtWrVTdzhTLoC/AZIxHO/wDLC4+hNPlHvcZo6PRfg8P4BrqUcGx5HJXm49ByUW5UfZ1OIaapFpXqVtxdZ4zsZjG/tyhqkE8rAr8u3G3uN5fcr9pr/uGSTWkOsyNDTISXDu0msimoRBtAPpleEY+vrO+j/psW27bDBt/axjCPIUCCSjBjHbJEEChqU6jKX0n8uOZq0dR0am3ghio619Lw2JH/AKNxeusGsub+OMLJd2W/QoLGk1ZLAqJpkkli/mWQDIsfQ3F5c23ruJEm3g/zZWr04mpXREV/LnnpwKrxqqBaVxNsYLa7j0W8ckG0Aflxr/MkX96Sv5kUFaVDHwrVajGgaTS39neqavUxwXNn+BbvUtfR2tLUcZ1mm1MX5NjZrcsTKKtSsoUQyxq1ub72gjhRSTSiaIQyXt3IkVmDnr1F5G8ASTWuZ08UYBTUkYmXUhilS1ET3Ny2Q0UVUHmBQKo4Aigk+IZDG8afUcc4ukdSwz2b0lOzsdvHrKMuv1x2TQwJDUuSB0v319md0heZpVyJGZBIxxkpru6u/wA5HAsiTpDatRWmQFCPTmeRzGJttaRxsY2UCdTnxIFfbz8cZNtYBY5PX4zTkl12pj45+RsYV1uqlFrYba6Hhpja7d5ZKdjW6aNrNWSFlmhZsIHCqg0Fgq29kbmaJJLwzALr1ALFppUAMMzIQufKvMnEe+md7k26TFLVYv8Ap6TrkrwNQfup7cVzd0KvG+V8d3HE9XPb1VK62sr6iX3JPxGtTzxWLteOWT3ILFiWRYTKP+qnrswycseriyeW922627dpdDyqZWdSVJZSNNa5hYwDpVaVoONBioeBYpoL21i6jKaBaV0LTJVByPtbUeOeLrtPyOWW9hpIrcLbazTkr8h1M7T2tXp6dhErT0bVX35rUtvYPAxWP8gSRK5P2+hrNvK7fCt+Fc2hq8MuXUcD0lgprQVyoRXniXf0vlNrcMrKwBaMVApyqRTnSoFAwyNQSMX+3Yp69ZNVq2rWLlOk9HbvWSy1WEmOUtFGlhLP5VzRRyElFRIsqFB7HqpdfmZJby+LvNO/5atSrMR8T0H4f4QOHHCq8yosMYGlQKngcvClAABkAMqZAYyqXy3skN4StHq7lZoqqSiOS1HQE6qL3tQhqw2+4MMksQ91Wjrnw/UdaKq2QWJipnQgtTgDQZDypwzyzwwwkuG1GpAr7x+nhjSKFg/ixPHD+RCY6tdnZCkksrL+PJA1L7oq4tWIWUxsXEcfdPHqkcKhqy6fEAcR4Z1Of/CmHjAG9KE+/l+nLCdgfkVdjsYpK9tUWxO6zQGepPNHZrrHqYl8A9pGkriJcELG+MYHkC5FdpFMnpIiYmuRyyqOXlTAPDKqhSRx8ftOEmOttQtTvV7CGSK+r64fzHuQbONVr1q3/tmeWOT2o18TmPH78x5GZj81bJ+WXNSOAHClMiTwOWHY3ZDpelSKA/44g9nYj0PHtfqxr4aF2zZdPZZIrlmvT2Biu2YdhOrCZpBIAI/EhYsHwx1JRBdXgmXgKVIFA1RxNc/LjlifZROzDWwOkU99T92Ks8NWetfabXu1mWeCHWs9fCB9naVZpbK+8x/ErxmV1kZsA+uejVmaT0sFQ+QGR86cMWNxrUERZmnPDeOLVafnLWbWo/PhOkaxq6dSxJXp2rsFezr6st7yLJP7t2EPmLxAWMADucjLKZLA9KoIelaChFCMvOpHtzxHjV5HCsVAqSfIUxKb7Y26MK2fCxrZi4kkrRLae3ARFFcmgsGVI45q9RQolMa4aZwFwAR11okqztBJ6nC0BYAZcxlT9PHDLLHOA6v68xypQYpXKucW9Jr9TVp05b+85tsJHk9vW/kR6xaMTQPYtwlYJ5YIkmsSOrMhLyk4werOw22OeR5JnWOztPW9DRmbkKZg1ryHvxFmHyhVIY9d7OdAJqVA41y5/di26Dk2s47Q2Gp2tHZXdls5aN5bcuvi2s99l8RJNsbMUslKD8aZlNeDMcUIXsOqjcLf+pFLqNkjhRQoWuS+LDOuqmXGmfDE6OyaFAhBZQDmaZ/ZgJ+RW70csew12xkaxNJPRs3LVASRVIJ3WM/ynYVZvOPJiBb+L1+nTElhFYyBrVkCaeCV4+JqTz44mQxNPR/hp9mKvsaE/txxoKryTRVrSyQ3IbSfjnKpE5iUivYMhCtHny8QCP4jlyKcGTWwYkj3fp+3LEowyuKouoDKop+3GUchtSVqstuxBMIqk9+97SV3pNej0FeKSzUEngFjjSeZZFQECZyD6qetTtyQzSCEuOpJ0kNc9PUJrTwIGQJ4cxitvpXtITKy1ESyPTxKAUB8jjhvk1HafI3NLHxPGg49Q0HK+G885tyCSOKzf01Tb6f3dUvH6czRFXnraCS7cs+DRLZkhrxRYkdz9DbbPadudvx923jG5ee1ubS0iB0qxWUm4E1BUkNMI446/CkjlidIHzTvo3HvfuibsK16UFvaXVjeX9wwOuHXC5gSEV01C2/UmuAApdooFjYkyH6m8b3cO51Mu5q/mCw9SzF7VorAk806Qf8A2tKwSYnlggtRtNGivIqvhgp6+Ur6wO23/wAvM/poQiJU6Uz01bmBwFPHH1Cl7/UoEmiUdGVga51yyJNc9TMCfe2JHc2qhpVkpSvIyip5JFB7VmOJYc4WSRC6isWBCNEuCo7Y6CySQN1WIFc6Dyypx/Tlhu6HUqDlRq/sw8rX6XGalSGSyEtT24EttYgkZq0ZDWYD5OsbynxMan7GU+ZGPTEp45Lwk00xqaCnMeJrxP3YgSSMo5U/wyw506STpDLb8WmtJZryuRJLNJLHLYkpwQ10PmIlcqF8gWOe5+vXXOmQkBgNNP1itfYKkeeHIiaM3NjT7/2YUhuQLZeX3I2sRyTVXk91Z/xm9qu7QOY3mi96EsQyYDRnKt1H0n0q1VFWJr8QHGMjlQrWv3UxLQ11qZAwRhQDl7fPBLNeKpPaq6m+orzRq9qvFHLJIxI/IaOQT5Vo/N/t7eKg4GMdNpKtwiawGcggGhpQE/bnXPABianmOHnic1d2HY6qbWWzOs1CEzVCsnvWoVeVH9mN/OOPw9oFhgZU+h6FlaC4R5BWGnBc6Z+3lTDMqM0yzRjgaMOX2YiNnHIqNYmknjq+YrStMkrTSMnttXJNeHzeQSxMpJCDB79+uVkZwNRAJ48/v+zEgTPGdJAJbwrTDHWTgebK0YBK0XSR1EczuzOksoBR2ErYTuMgkd+pGgPIJQANOVc6+w588MTqCjK3PPFRvcT1uz1+5oRPNDeevPQ/MkcOa0F+tbikqGMq4dPGwAx/5gp9QOryO5lilhYHXEpViprpLIxKV4H0HMZ8cVyKVR0UnMMoPMBlKuo5epTQ+wYxjm+qv6TSUpaFeR9fx7R3ZLkEEcUBgOv0FiOpPUiZYxGNZbqBIh5KUYxEdmHWh2PpXW4EXDD5y6mJDNXPUw1ajyrU1rkR54a3GZLfbUFkD8vbW7gqBn+SoChRzFKV5+FMXLiKwavi3Bv6hYiqzDjumSL8hmqQLeua9LuzdY5jAfJbrv5ExjMkh9R26z28xTX+53jx+u1N5LTMk0jIVRXMUp58h77Xa2FntVrHPRZvl49Y/jfM+fLLn44hWaOaaWeBberS096MQUJ50jM1d4LEN22sbVZ5DJn2/Jcj2/25Jm2SQCMJONUigeo0yH7vsz+3DG5yya9dsx9nDDGOL8e/7skdgyTR+d2SSzDsRaMi+WacTSxmKrATnADMXz556vnWGS3oDpoeHIjx/ZljLRSXHzJWRfWxqGFchwpiN2qw2p9VDGWvbPY2jFXrpUAn9qrDYsyhFsOvtinBD7pm8V7ZUfTpq0EzNLIdIhjSvPLy/bizu16PRLZl2of08cTCtfrexWmtV2RJYvKVZZn9n8xf5UogiHuD8lQSWPkVJ79uq5jF8YU5cuX6sWKWqKQMvsz+3DSar5nzsyeNlQzSxUI1Mlmr/MIkazKXrvGka/cfaBC5Gc9NrLG5IKEqPd/h+nLBiSX4A2XKvtpTDqvsK2qrT3LCJDLNU/GtbGGN7KIlJ5RRE4jDPGnuXPtaNSDH2I7Z6B7Wa9QWsBpGG1EE/bQ+7xwDzG1AuJCStdJ05mvhnXL9K45u/uD0+6I4jy/Qcn5XQTWpDrOS67g2wjr7DawyR/mauRjfr36dGrXgc1p1es7T+YClcHr2D6U3tjGt127uttYtLN+bbvdrVIyPxLpKlquA4rItCBUUx4N9eNq3APZd37PfbtB0yLea3spAGuGfJNcjrNHDEq1VwYGOkkggmuKRqrWlsaq9NBrdtot9tdFPX21vbASVaTWqpDXNBqtvLBEszB+5jEiyMBkH062t3b3sdxFD1YJ9qicMgUlAx40kmUFyvtr4Ywe1T7JfWU0k8Vza7pdWrdXqhZCreMMLjSpFKqUUqDT8zkcoj5fq+BaTUcQsHlW4msPNNBY1ut5VHyX3Xilo1J9s1XjtbV66pKsp8Y4VRCAPvBw3WrTY77fr19912kEemrKZIEjQAUIQltTP/EUdiK1XGKbuuw7SsINhDX1xfzkvFOkV3LcPU6SLlRbpCUKkjQsmkZHTlqFL5Z8k39LvKuxh43vfe4rHrpE4PxmahpdlHLZqNDYubHR0thPstxe2xm8/ybQtSKgIKjCEaDaO0Yr3bmheeBYbgMDNKxuPSCfSjyKEjANTpQR5knnjHb93/c7VuiTwbfM8Vkax2ls0cCoXH5jPbREysz1oZZtZWgC0pig8j/ufk5K9DV7H4Ep8j4jWENTkeh5fyjdJe2dus6yRwfkxyVoonruytAJ605BB8/P6aOw+mS2CSS2u/vFubJWOSGGNqAilEJDuwy4xuorUYw/cH1lvO5bil/22txsUS6ZYrq5lrUZirxtGmoZUMsbMKDPnjXfgD4m3fyBu6vyIibL4q43xWKXdaSxyblWml1tlv6k1jV8Z0+n0KUKGi0mpiuysuwagWLr5kBgSc93t3NbdvbfL2+ZVvt0uGEciQ28rOq1FJppXdpGfIcHC+WLz6cdnXPdW7R9xtaNY7TahpUae6hSM0qRDFFGqIscQqVy1nPUzHFz5r/efwK5S5AvH+KajXfKOnfb6niHL9xxO1zijuZVvRVVu6jdWo5oIpqskJaKcVvblwPLOcGg2j6Udyw3lu97LK3bdyepLHHdfKvpIJo6hlYr4rqrWhrljYdxfWjsXcLW7bb0J7qt/RaTTWbX0MjL6C8R0k6VzzKjOgAIOIHinJfkLb6+lb5TzvlvKb292P5tuGtxQ6ilavWYpiglt7PjWu10GnRE8RFHXusQxJK/aQ5utltdpeNHt9lb29tbqQjS3AfKpHAXMjvzOrUgrlpyqZfb+5brcbXFHuW63l1c3TfDHavAurSGIJ+WiVEHACjHL4jwB+Oc24np+S032vA+UDl24bZUNCwo2rSFtUH9qustqSjBBqy9bu9dI7DBzjtg9V9/sm9XVgy2F9aNssIHUGpAzaqEUB1GmdAGZvbXF7sm/bBHusb3G2bi3dl+ksVpVDK5MOXTMheArATmdCk5/HjPavBPk+9yL/wC6d8sVeH7SU7WK5HQr7HY7rW8bjkhFNKv/AG3p7VSjFdjq+Mf5czT2W9WkJ79aKXuLtj5E9tdnPfi2MZDN0oklmYmp1yTapdP8EelfBRnjOWXY/eVruY777+j2mSVp2cIZZJbe3RsqJBGY4l01oHYSSZ+pyaU0vcXeBTG2+h0dKlPeWK1yJq1axUp32rV4/COWLZk2AGjUExrMImdAzKzAdZOxtO4YoxBeSym3jqI0cjUqk+QAPtIqOANMa/eN/wCz41aLYIrWOSajTiGMdOVh++H1MUr+DUErRqVAxWb/AM0XqluPW1/6Z/TVhri1/wDaOveQLHGk8kWpisS15ZyarCZEjMXgiEkyMcdaW17BsJLfrVlF38XxlQanmAPHn7cYO++sW6Wc6WccNmLJSVoIAdFBQCNK+rx6a0oasTQ4zbac5r7JLdmfj961qYYIrRhmWEf1O9+RKZtrWjMsqV4pIqwWGo0iZCt28iT1rbLtt7JktopljuHFAfiAT9w6q5cTq+LPjjzXc+8juLvd3cbz2yIW05UL1PrCqAPAaPhFMxWpxCjnLWVlaHhF6zsIl/H1U62akdqjHekjrwClphXktpYEzqzUZUKrlSHKhurE7HBAOkLtFttWpga0ORyOonKvmDlimi7mupm60VkRuLIFBEiFl81UDM0yocs8Sh3nyITdi1HCI6y7ZLR2O53W3sUKlWxIIZZ9s1gNGsDeDe/GlfzJMxVPEZHUJYe2Y01Xd6WkjaoWNNRPKlKHx4nLFgbjuaaethto/Nj0mWV9ABqCeYXlwArj203fM4IK8C2OKRTJVgVqeqtTXNl5pM8c2b8Zmsz2lqFzIrE+KP8ARh0lrDskqSyzLP0ZDkJV0mnIgZZV5+OHLpu4oY1ijNsZVADdMlwprxrXJqUy8AMWTj3FbG88L2+5RxqtHThm2kFLZ2bljZw7GHFeQ1WFaRKCFJiFYhsIT9fSDuO8Q7dWKwtLnXIukMgXQR7S4P20xaWHb15uam73K7ti8ID0csJAx5UVCv2V9uNXh49yLT63Ub+Hn+1pahfFIqtSNIdPeJBExp7FIDZiFoAI3uRuoAwoGcjGHdNrmuJLeTb4HvFWitT1gnIfip92N8Nl3XbrKDc4t6nWy1VKK2gEDlqKmntOJLZ63lmwgq8g44PkGEW7hsteobCdPZquvjYtVLkwhW3B/wBP/NrxS+TICVQEAhy0ubCNWsd3jsGKoQUkh6gJJBAIaqlqV4jhXB3druFwRvOxz7tHcO1daTsgCAEVDimRamS0PnTFR22gS+s245BKd/cWGCGLa7qdrdie9E/4QuPtLavYngoJZkCx+2ZiUEfm3ic2dpcvDS02yIW8LDPpIqKUPIACi1/hAOKG7tFui13vcz3E6sCDK7MxkHAsSauRyJrpNTzxK8f23MYKUi0rOp9lfBqtWjqNvcnijryMPelinpR1kvzrAjxNDFMoJx3OR1UblYdvtcBAjIyn42miX76rLSv75J91MaPad+7nitpI9cLW7j4FtpXPtIIMVac0AB9tcQXLrPMrmgtQQchn0km1jF9r9dIK26Ff8mpWl11HW36yTT2Uk8wJK4lhiB7hO4NltdjtMF6Lh7czyo1KU1prA/E8elQo4nUDXEPe+4O4JtofbY79oIpZNZkH5UqA5dJVZJXMh5MikDFf1NTX0dOeK62vtaE9uOS9Hb5buN5ttzakh8bMm7g9+HW6h4K7xib2TKkWFwpBwC5cPcy3rblczRSQ1A020McUKD/ttQFy3i3qPlhqOXaYdrTYrKzlhk0ajJeT3FzPIx4yRiQQRITXKhFASOGHdje8U1espQ8oobnZQPbKW95stp/2/rpHgq2Tc160aVWzVp3Z5ftib8p3dMASYJXp+Ha963B3k2yW3gV1rGOh1iTXP1vIpyFPSEXhWnPEGbduz9mto7fdLS+FHpJPNcdOOhFGQIiSfHwJ6hFMhmCTD25OL7HX2eQ6SpuRQ8RXvRVdpW5E+ohBV4K96/HDDJrprFVXECGAe3CCpc9j1NRN5t7gWW49JmFBqMfSLGmZWIElhyyb9uKq6n7duE/qOyq/QWoePUs2iPlSUqApHLWpyplwxVG2yRLXpxtK0Vd9fHNBEn5qCrLYnkrKLYklmjlEc0YswB1yZE7zfc6WS2IkDzBlUkZN4e77sVP9ZkRFjmDFI5aUAqaUNOPu92BgTdQbfX16dChcuLavWd1rzQlmCQ1hGEksQvYXwXSuVkmkinQpGR5Hsx6cEkBtWWd3WMfjqFDE5UyFc8+PhhgxXv8AUF+QhFzeka2QRa9MQzLASOFDA0FRnmcqVxDbiVuSValilv8AzhawsU+n3r0tTYhnmmIv1pa1YQVHoWLwmjikWAoRKSQ5/mGy2+CPbwweERytmZFJ0moyqTU6gKVz4UFMVe7XB3iSOWWZ49tY5JIFSqjLTSE5+uo9Rplw54oW+pSaraQxwaqPijbBJIZ64TXRxSRQt/NsIQ0EEa1s/wAf8X1GM9Xu2tHdwsHJumByrUH78ZvcwthcBOmlm0qafSF6ajkQqZAkUPv8cIVqWvexBNe21iHXVrEMlt9dtClcoEJFgUKutvvL7LhWbGW8lGMdOTEhWjt7eNpWFF9LE19zLyrwxDjNkJUluLyURoasEfSBlyOlqV9h/aJY2NbdvrFM6a2vGay159XuN1sbE0VuASx7OzWrwQma/ZY/cmIVhcHyOQB1DNvNYoXdWlcg16kSAAcSNT6gqjxOeLBbkblKoOuKDUFUxyXEhqclfpgJU1PqzA019uCbLhG6q246Oyt7rZNOLUmmiV7UBc68iOaeSCC/FFUjrvPGRLaAkdFIycDpqDetp6bS26whkycaENG4+lqUeo5qNNcqDHS9t7m12sEr3Tl3/Lr1KlVJUlhHMwSrBtKyEPpoSKEEttp8e3m2ppxGs1/YVKclKu8S057Neet7U9j2ZvYZEMxz70oiTyJI88jo7bue1EIuWVugCQ2QGdeAAAH2V8cPXPYm7PuI29UK3clNCOaPIKcUBJBHL8x1NfdjSeX8H2umMP5XINXttRNJ/wBNY1cmnn2ss7EZ89ZsbHG7zsfo8d5B9Ao6yu0dwWW5KwW3mt75QdasSEA/i6fzCU8dSMPKuY125dl3G3mOSW7jubJ2GduFqvmonMMhNaUpcRH+LkWfDL/J9tf2/EZZ/jPki1kLwab5n4Jb1V9KnnGsUWs32ut2pdqqM+Fj/KslMg+RIz0u8R2FrZw7pbNuVsjfFJtt0DGTStJEdkpSla9JRlTEjt243Oe7n7bJ2a5C5rFvG39OQLUZx3ETSdTMhRGZ5cvVxWuJOpsqWs32x44fgH433G016SmWjxP5E2vFdjJGkiieXU6XZSU57krRthIwWdgP4sdhCntp7nb03CPuLdLeB+c9mLuOv7rvGrLH7W4ceBGJ1teRW26TbT/4rsdzdQpqpbXr2cvOrwxuYzIOQCggmorWtC8h1FbWRDc6yn85/CMryflV9nS2+62nH4oyrqBsqUe8u+08Uje0XDqp/wCXo9uuTNIbKSXYd6hA0uhiWKb2RyaF1DxqKg1HLEbebVLRF3W0te5u2ix1CWO4leNTwPVjEkhU1/dpUUPPFj4N8p/J01Bb21finyfQ8Egfa3zpdBybXeJsKJ9xXlnu1Lc86wejFJMfx49OoO+dpdq285t7RrzamJB0x9SaCQ0/AVUNWmfGh8MT9g7776ltkubtrLfLeJekWlaGG5j5/mBpT9wr7OOLDNzvhl53h5l8SaqKxdpytrbFvgXG9prr7xuGkMe51bq4XKkk+WcD06ip23uMSI2ybuxhVvVS7nR0FPiMUlBxyIz4jE1+8NqlmMfcmwwdRgQhNlBKjP8AuiZXlatKmpIFBwrTGf8AMeE/DPJtQNpR48OB81f2yanHJ9vR1ExaQymdoaInr1ITXZWwFyG/Zjq/2beO9NtvGgnujf7afxSJGKctPrI1jKurMGvjXGT33Z/pxv8AYrdwWUe178lfTE0h1AE+v8sFUOenTkaLXwxBcbb/ALfhkr0+S83o+7MImu1ud2LkHsp2D/0/e6UqVB/hWOaMS+g9Orbch/UqGS22+Qfum1B0+IrHKqnyoKe/FDs8ibYjRwXm4IxyDLcgZeKrcwkIfJW9+JaDYQ25PGLkfOtftFa0Yrc9vhG2qyWY8IykWtNr7kakTA+yZJCcduoktq8dHlttvktAOAS8jfPhpkSV0U+bGlMueJcW6bdcMWt7vdorteBd7KWP/njeFXceSjjQ8AcNLcGrmkj/AK9fg2F0e2tbaT8RpawuD5RzSR3NHUdq1kqxHlJ5Bu/SxSXkTa7JBGg+JRNJJl4UkJpnzGfurgLhbKRRHuEpnYnJjDFEQacQYkqcq+kinPiBgkFSt4mSHksNYxzdqW1gzJG71keJ0tvQqRsZiqv4g5I/Xp5rqQyBmtZWUj4k4e/z/wAsQflNujjboXarLX/qZrw5+lfsz9uHlWxKJaVe9U18z35R7OxqT3PYmsu8KMI4SYilX2UMkoLsSw7HHbpJXRkkniLjRHXQ3EHz8/8ALAQIhHTd45Xbg8ddB/0+XL21wMc86bKwoox6zU17luKrttsZY5NkphaaMQ66YMqU0ZAy+5Ir+QBPUiIdSyiJYm8aOrJyU+PtxHmMhvmRYQLBV9L1NSaf44stnX260FOxLGJPza5mgkkksLI8tn8eWKTyhsyxkye2XCJ5RtjHY9ViXsbkhcpFNCPtxJksrhIIjIgIZC1eda5V92GYG2rpGDXjeETCeWVr0yPXWH2oppEJrJHlQAHjIYor4zn0lGe1kBDZORpI5Ecc/f7MRlF1+76K8fDEnorElKSDWx0Nhr5fN9jJbo1PzRdaaL347V+uJ/yL0kUx+xsKAFHb69RLuNZEN2XikVctDDNPKooftJxZ2dw+pbXTLGzj+YpPr/i5inLIDhhLY25NdS/IubuKBDM0a1Wgp1r1xEaOQy19dHSrSzgysTK6Rj+I5wuenrJYppqJCgReBNSoNOdSfvxEvuolt1luFZqZoaCVwSBRCBx5+wHD32OQaytVsSHfVFeGZdTfMNZIZI445ZJII3VZIptdCbCsVhc+PiO49OgSfbZ5OjSFirUZRXLlXiaYJrLc7S2BlEkcbCoY0BNeVaV92BgXfPr/AMT+uW45LUhlgkevGbAbznisWI8x2a6QRWK/mkf2kozDH3ggwbGO8Sd4l6EdQwzoV5A5+OeBB3HoiCCZw8poOHEZk8OJGXhi2S7qzHVr15dYjwiGn5rLFFZ/LgWWNpLtgrQcPPTmJd42Zj7SlgRkYrxawTTF4pCJtRoP3c6gA0qBSlM8T0vLyKEdZB8oRTyblmOBzri16vnVtNZseOWXlh1NlEfY6+S06aK09IURUNjX1/x6oetZK+0zRORJEn/Cyt1V3Ww2011FuEIQX9W0OR6lLfF6viz5muNFYd03sVhJtetls3EYkStI2EWUYZRRaJXLLPnXE3Q5JU/E2F2LVbW7sLa/lQztXsW54JpnirMtWKEGDcJBGhkmLN70ZPiPJsDqunsJmcRmSELXP1iM1/101H2V88Xu37lELdmEFw0qDUGCGWNcxmkIIV291aVzxbF0nIt3pGWvsdhcluT2bNjY7ivZqWtfVskpXgr65H19pBEgzCkrFGyPPBUHqse4sra8UqsSdLIhH6gZq11M3jyp4AY0S7dfbltzzs8krTkks6dJhkKIIvwAcdNOZPPD/Q8O22vgSOtqFsW6+uk11vc7uxSjstSZySkHnFXjlrIzeXt4K+R7+ZHkevN2gkkpGxSB21aASBX3Z8vHDdpsl1BCDGtLpF09SShUjM5eWHr8U1BsU5N9uNRQnp0YqNCE2qCSKIJcqYa6XZIP6lBM7j3Jw0qR+GMY6Rb28EJNhBM8Dya3pQFm8a8Rx4Cg8sKdt2+Kau43UMM8celBxULUeNa+RNT54s1Vfj5FnRtnfawldngs6rYVIkgWLCwQ17lCexWaWRonkDzBE8GAYg9+q+S238MWCwKXzIl9T05Ak1JA5CukcgMWEDdqJb9KSSYooqDF6YySc/SKLnxJpUnM4dvy7R14Tf1Wv37rVs3bbSSNqSl160NOxYaMCaeSStFYiEYMSv4SSu+CpB6RdtvJ5RDcvAIiuSqPQWzGafDXzpWmBXd9ujRjt8c+qM5k/EEpybiB/CCBXOmeMF+U2pcw5L8eb3UyQ89+P7PKa9nkHENPtLWtkl2klYPrtrsc0q1mzY4/+QXtLBIRY8Yy/iUHWw7WWfa4tzs5wlnvC2OmKeigKtSSFHD11/KqPirWuMF3P0973HbL+zD3+zG51SW6EmRm4AyVNaoRWahHp00pjbl5JquBUI4uUcg1Wvr2lMurp1r0GyvbS/CPdsrBq4RBstdHT2VkRwNZjmGftk8cg9ZSSK6vmdrC3lko4RmZyNKcIwWJOkSfGacxlTG/e4tdmYW+43MUMzRlhpQFmkI9dYQAY2iNFVmJyNDXGRycs+R+W7eXfpTTjHC9nQv1ljn1djS8t2tXS221et2tq9ZtSWqWl2bWldYIyjIwZHXCqetJa7L2/t0K2kjifeYpaa0kD26OymutaZykekO1STzxiF3vujdL4blAgh2OWMqBNHomZYSFf1f9lm0toFBrCmmWKtWtw7SKxsdbWobGaiBqW3lMTWtdWuVqlf8AIlhuUTNTBqWViwzfZE0QcjBx1NlhewK2bmSIMmpYnpqZSTm2VfiB0/w0xVpcvurNfxRpIVcqz6W9LeHUrpTIj06fPicOanG9496U3J03X4Xsa+nQrWYE2+zowSSWbNZdtYsBdjYWeQS+3HEkWMff6joJb+zSFkjAidv5jP8ACCPDy4YkQ2F8snzF2eosYokaMHZlOebAAHMnhT7sLjU06vnasWtjqXsympa1u12KbyZ6KT17i7lGnNWpPIYCkcgi8yk5NeJD95UBeSSx9GkUypVmaMUCS0I6Z8qE8ftw6kdvBcmYGWIkkKkpBLxMwLSjUQNXA8QPDww+o8S22q5jf33IEoaXis96qPx7ArxRczmlhVhs7u4Uw7Cw+tizEI1rR144k8yCXADC3SXWzR7bYknd0jIU1P5UdasQPhzNBUgnE1dklh3h9x3HoQbEzqQGBpdV4MdWmQODSmmkfHiaYtcMfxpwrke82elnPIuW7mxcubyOrsI/GpoL0lVOL6WVbEpqUdRriMVY6rCSWzJJNJ5hRhhv61uu2w2F2qW+2oCsTCoJlGZkyodRBpn5gUqcWCQ9p9vbvNuW3s93vUtHmUio6R9KxgHLSCK8MzSvAUdcu55atWtXaiobxdHobVuDknHNlUrz67kFuUhasWw9u608qau/GkyszFAIiSCwz01t206LeSB3iS+uELRP+aStDpy9LLy5ZZ08sLvXc8rXcM3QlNrbvoeDgsoIDCtM+fIjxOeKLOmoh3MvI7liPcWLutOn2/tXbcbH8GT3JbAiqqmqSy0FgvG/i6yqhYjsep8L3K2DbSSsS9bWtaaVWnA86edcUt2ttc3y7pMUluFhEcyJUEniCApAqDSuWH83IK4iNeGnqWtef5IX8Xyv0rbJJFX9x/yBT2Ek8MrkxoFkrFVJ/j7MvbmQFkd6n0sctDDiQMvEV8csOPegHWYo2YENn8alcwTnTL2ccNX3plnlElyWGzalhtW69m0k08YWshrVT4W0LyPFErwovlLKI3jbKjp5LeaNRpSiqKcOXH9OeI5uYJqpMxDli3jmeJHtP34Rj31mEotV7NiOWEey8Gsrw12UQO1nwpG9NWVnB8okQBAScrnPStHBOtJMjzGeBLzA6Y0kaPkeR+7LBP63Na/6dq0sdaxYIjeW5MpRoSRbMUKWrEkkapN9h9oMVyST0LIqIFrUx50oP+P24kRRyTel4lDtQVq+Xs01PjwBOJGnq7p97zFISIroiM+9vO6wqW1qU0qxI5jnRmYqxI8h3+nVbcbrbov5pYKpqCgjqPbrUinszr5Y0lh2nuN5ckJoUlqCq3D8RwUDQQeGZJ5jCut4fvkcaOHiPlDauEe9sa+z1lYRzojzyyXbduzNVgroQQ4TJYnJ6au+6NlKG5uLosyxipj6eutTx0KFrTxHD3Yk2v037qM/yVtZDQZT6pVkRDkP+4zkjzAAz41xJy/GPygZI7teL45p65rEqDY7Crb3FOm8fuRwp+M9/WOBYiYtNlPb+7IOemB372cjFS25PLlRDpo+XE+mvl58cTX+jffwdZf/ALpitx8bP1NKZ8B+cP0+6vbLjdnQwflcj+bfhqlYSukdvSTafaa8x14pBYjatak5IPZkQg+EQQ9j4+h6sLfuhL+kVjsO8NB+B+shqfNREK/bipuPpvPtStJufdfb0UoFXieF1angr9YlT50OIufn3wDrteke0+UtTuJhXfzpaWTZ1DJLCyvYAneruJ4JpSU8fJiD4jJAA6mRbd37e3I+T2uWFT8LXCK548Kalp7fKnPFM+4fTbb4Ghvd3S6mBofl5JFT2qfXny9/HFZsf3Kf2l69Wxwz5C5NZgjQxx7jY6a7RaSJnnkK+UMAmUyyMQckYbuuerF+wPqzeBo0v7C1tzmwSJlk/wDgcjh78Ro+/wD6IWJEs237je3KLTU8oaOvGn5iA86+GeKlu/72Ph9GrzcX+AuPpbrhv52/0vDrxkEn2LGXXQRWo17DA8pcfr1MsPpP3gU6N/v0wi5COWVWHtGv0mvLFXuH1r+nSyI9j2xaPKB8UotyD/8Ao6n3nLHH3yd878j+UNpLPBqNBxvVQqsMOo49oNbrokiU4RLJp1IvyZVz2Y5YDPfr1PtftC37etej1bi7lLameV2fPxJYnHjPdvei903xeC3tLK0X4YoYo4xXy0qP14yuYcgsR48FkU+JwqV0KquQv2qQ6+J/XtnrYpSI6kUVpTGDkeFGK6Acz+g8fbhjLV2rBGszSp3CKqNEuQwwmCWAHf8AZnoXPUNNIDYQTIR6QoXnw/aMDS09u5dgoU6trZba/MlOlrafnevXp3IWOGnTqRWLNqzIwP2Rr6dc6i3ie4uHjis0jqzyZAHxHL7cPW6SXV1Db2kLTXc76I0jpKzHjVkABUjhTH0W+Jf/AI//AJM31aHd/N+6qfEvDIfbk/pk12jseb7CpjCQ+yVt67ji4YgS22aUDsK0jEY+c+8f7le19n17Z2PC+8b1qKiRa/KBjWjLI1JJaHMiJAlBm6ipH1t2F/aD3jvITcPqLMmw7CWGqJ9L3ZQkDSxA6UJNaB5WZzkBCxIGPqbvdpT4nx7hvxfwXa6/j2yh0tDSfGvANmjx7OzxvQp4X+Uchrqi2tShglaWn748HsSRiwjySCJPjWzgv973K97r7nSe6tWlaW+u4mUwrKQQltbHXQBq6ZNJDaNYjotWP6BSSWvb+02PY/ajQWd2kKw7dYySEPJFGVE1zc0T00PrjJVo2fSJFZiqCp0NJpeLbRdPbu7D5W+Rq0kN2/q5jFdl1V2xEHg2XICWbX6l1iP8s2DNZFfxjhlSML4zZr7c9225ZbaO32ntd106xqVZVDGqR6guQ+EhaIX1MV1E1Yto9p2nc2tpXuN47pV9TIwUvFIQPVKmptJpRkZmEioV0yFNIGrabjW72VlN7y+WlDO0ks81hJDLDqF8iyCjXsIYqUlnBQ2QhlkTMYLrljl9w3OxtozYbU0hjDAEtlIwp+NuJU8kJ0Up6ca+ysbqcC83NUFyoy05qufFAcg3i9NYNTqPHE8l+O146fj8NlZLFgWbtmmZLVsVTIfb/qTOGH5FqJ2WOFvIxxnzk7OB1VpBIQJ70kxjIIeHuHAEfvgV88Tp7mPrtDatRgalhSp9p5j+E1U+GNUoS0+J6LbbavJWbZStWrbGWYLA9jZWY0WDTvLYZ+9aqzPIsSiR+wHoMVN3HNuFx8o3rjAyUgUUjwrz8W4k8TXg1G8VtE1aoxzqCak/s8hwA4AYjd9LtdxPWv3Nnc0Gk2CwUJtLQ9+ryTY75Q1q1WlePXbDda7V6unCJLEZaGay3j9yx9nm2CW1lI9ssEct3pq0stejbx/wioJlLAgtmIlIcgg4gzT/ADDwgy3Ag1ZLFp1TPzR6j+WFoTShqTnie0WoqbCvr6rUK0VbXGTYQ3RsJJ6VCaWdFaFIntW5tle9uIpIhJ8ZSEIYLk115fXWkCQlZCKHIcNQagA+IEqCpHxcaUNMS7a2s1Oq3VdHEUrSvPMnkcs/DDbTXdryfZGfWLFrNB+TsqsPIH1w/qNv2Y/wtjvuMRT1rNO3YqWZFghvylY455mNdGOGFm9ulhEJd1Km5Zfg/foTQNT4DUAiHNuHUK8DVyXwvJDbbevpX8Q5c68fdi6zrr+GaCLT8cqV6+1cDWa5zKlzY2bdixK8d3Z2IhI92V6T+LTTO80bszP6DqpPW3HdfmrknpjOlSAWAIGQooFDwA4ipFcP2sJgtm4+NeZPtOf7MZny/fXWmrcI1d6rTlcVxutxW/Iu1aGuh8k5DJs9oUEdWxfy8EDu/lJIQwx4nNrt9h01k3icNcRxgiGMH1SSmo0R1/EB6m4+mnDDjTgILSCh3KdfTk1VUcT+FNTZiPU/xA1Qjiy41ZntU6Cwbtjbqx16TWGgqJI1eGs+tSZ4ox7S3kRUYR1gsaAjwZn8unLuMQztII1AkOpRnRQRmBUk+k1BqeINMDDH6AIpToTifTUkHnpGmoORplUHFptWr7V9XteN3vwYS3tXWl1s9iSGpCllYL2r11yeJZdnbsyBY5J/GMLmRchu0SJ4I7iSLcD1XUflMg9DECvqz4caeeHZIZ54YzajTE2TMDy9/wDhh/Zhl4412Lfbuu8Eb15E9ydEaoI1W2+rtLVlSnSuytfi8njeYKzZLduokF2LphJaxllCnUEHnTP7aVBw6IOlHqZyW8wP+PI4kmue+5juXa8ey0yzTJaq1pHuS7KqjQx6aOzTkmgtLFXlLosbxiadwS2e3QvH8uUltVYXFf5bcAtaVHHxOAgiadykgPS/Xzr9uKa/4IthZ2p2ZqdHUwwCLwXW2Io439thY9wt79VP/diJLgr3JOcuXMzNbMsTfmNShFB+rhT2Z4sraCQcEAPjzP6fbiFUE7bNm5mCrfe3ZhlsrWhnjrV3krLA7QmOWGzakf21KlfZx2z36O113CmBVCu7KtfLUK8fEcMPXUpSNmVMhQc+f34dQbTTzbDlGwtVfz9jZ0Oo13Hor9qOCnTlYXr+5kqeUK14JRasV/vVQR49uxIMuWO4+WS2KlYxPKailCFbSA3iADUAU9uIHy/5vWZysZSmn209/CtcNtolOzDHI81661zYwUrFHd/lRyRxa22zq+uqRktJ+bE6us6q3us2SMAdItxdi5aKfoPVagx1GkcM6/iNK4T5W3TT0m0mtAOXj7Th/wAhpVbep0tum8NdtLdVqcEcBiWOY0mhuw27zBTelZbSEIRnyznqDAzBpouIlj586HmfbTFpElG6VPVWozrQ0+7Eak8d6S0rSUaUVaH8MPJ74nmt+1HZSCRz/JGI3AyRk4x9egSMwqA3wNkow/LIyMGPwUzGWKvrrdqxPs6c9+Sz78v5CJ/NrRRh5EeKCIxSRv7byQE4T7Se+OpkgSPRIihQAK+BphIjWEo3xVqD5UP+OHGzDV6VmS6HmlrzUY6jqtwoIJpg9eeV5MKWBgbvn16NGaa4XoqNJTL21P6Z4bMjRpWp+04ou+NGPS32LKkGxXZGaxcuzUa8MG2Mwvma20ghgiCL/wC6zKwH/t5I6udrSWe/SOPO5UqaUBIZD6eWZH2E8a4qr2ZYLZxdf/ZXDB3PEBhmOPMUr4Y5y4/pKes+UuZfJJuSWOJ8s03FNdq7u0qrqtVbn45o9+lqCOnOplu63ZbG3BFWsz+3L7fmq+Efh5embzPPddrWPbEIjXebOW4klVcyqzSQlaZ0XSqsSqihajGpJOPOtjtVg7x3fve5aSTadytraOMOBEENrHOKmIjVMrNIhgmJNAoUDSAMdh/Fs8L0OOSbmn7Va7Xq3Zqs9Yx2fxZalcGZ4KamaG1L4qPNAxCuhP2g9eMdxxlN0lS0Y6Y2pqGZBzBCnPLn/nj1iyknexFywAupI42AyAoVNWIGVTlwxf8AkWukms161RAotm8/8z8xTFqZBFVp2ZY0aKIt738osWy3t5x36hWMyC36c5KxLVdXi3EA+2vlhucuzKvB9NTz9uK7PQi2m3iqGKfxpmnWaT+ZIZZjZgswrXDhRHFCkCh/E48R9TnqfbXEtrZiWT0kjMcaZ5efD9eILxvI5YE9PlwxpOtqSRywNXtQzW18pIjF4kzwlZhFFFIjBw7BAZD/ABBgMdVNw7TKXIAicU8cvA4kQyxquoZUz/z9mIGvNWrVK+vrNXq6f+rbTbWKL0qsDrstpe/IuXvyUaO1NLbE+GDsy98gDHUq4u5ZQJJjrpCEDH91cguVOAyHPAWlnaWUjyW6KnUNWzJqeNcyfuxCb7ZPR2MkywkNBMyK6vCticPGjQQxLJMUETowBLenRWVuHjSEkheQ8if1YlPIiAuKccMNTsVt09bcEdSGxNXWJmimSeT+aHXDiF2r2Svkw9uP+YP06W8tkgkMZf0qaeXDw488HC8LR6wxGrMiuLZt9rsDDcvJUhjtpRNu5UhrSVIW1uZUSzFCkNf3GV4vdJOSBnqHEImcRR0d3Izpw9lMNNDGkTFHalPtxWau0S1DXK1KbxKliCK4kEcEM8/tQKUezcliksTSlGkRgpAyerWY9OR4UACqRl7vPPiMcqhhmxZvP/LDeaRfya99NlJVadTXkV2gEcEp/ll5glR2mlaR1wwyOw6COdFTptnITl5Dw+3DcNrctKQ8YWAfryzz8sQ23hXZ1rNe+809SQSVrUdvX2rJtpH/AC7thynsxmElM4ITPbt2HTsM1zCRJDUOG1Chzr4jBi2tAv5lNGlhSnJviHnXFD3FWW2IjD+TbgqezRKCt4H8Gq3kVik/JZc5PbxXJJ6s7W4+VBVcpWYsf9TfEeHE88MzaZWHVPGhNf4RRTl4VoMHlhrLAsleB2RCkhrMw9vBeJfujHcCOFCszZB8e2e/TouZZTpNA5OR88NP0FGrXU+zClqaIWTsKVSgkUschhq1qplgiCxiN5IYJ3dVDMOzemOn4VmkfpzMWIP6fpniukdemTCx1jPlw9uKdavtso7VDWxiLe66f8ihLJB4oKMgV9jFVvxEQsGDeLRsy+1Iw/4VINubJ7Jo7iev9JuEMbeAapz8c/vxWLukd91Le2UR7vE3pL/Ax8R9uEFtFzFBcFertkWHyrxyfkRvFnJeSaTtOS8hUDBwIjjopbWiGaE67MjNjyGJUW4TGVYXXRcg8PH3GuG1vbyU4pkcy/yWYrLE5kRIFJUsYQQkKeMhU9sYbHTSWbOOpCa/dljpL4RNqucgOHtwRtxXNnV0YolhubWnZeqY7LmK9X134rWJa7YEaNXhtqvh2JDEn6dSxt01xaS3JqYoqDyDZn9X6sRW3Jre4ELVrKNQ4U01p+zBo9vbo2NhKbaeRjaC14xhshoB3KKfcDRSs4HtggHuDn0CSAFSmelwAQDQH2jn78SUkRW6gGmShGoUrRuOYFc/Hj4EY56+UfjTkHN97HyPi2902t21j2pW0m8W3DxeK7FAK9SfVtCLop7F443dvegnUOcmfH2D1Ts7u/a9j2w7NukE8u3p8MsOkykc+qGZRTPiGWvLMZ+H9/fTrf8Aft8/rnb17bxbm7VMdwGFur0IDRdNWl1Z01SxsBWpegOOTN/rea6HbWNXyWhQ2O2rtWuXJN1f2lnTyC/YnWB9ebGhra/bCCOEr7lf3ayk+L+IJI9x2W82e9skv9oaWG1Y0AURrLw/EUkZ6Hn1NLVpQHHy/wBx23c+x7021dyxRHc4yRL8yztG4pUNETEsUvAUaNSgGTeojDDVvuN8Yq8VDabGSK7PVlr686BYZK8fk34VuSetGsOvkiQe0I/FI3j7d5M9Wci2VnE0jlE9OrU4k18aVqje6rKzfqxlY7zdN0VflQzyiQxlUWAIQM9IDQqQufBWC86Vriej4Vcgh0r8g0cNWfW2p1n47sLXH4026vDZir37LW5ZKMV2K5PE0itHKF9zxz2x02d6ileaG0uGpJGD1QZ6p5IdGQy4LTDqbHPGLa4urW1WSNirQGS2jD1JNJI3KR189TeNfCT13xdze9uPxOOcX1h1v9OjobPUa7kunsRU5ZbUItbCB49tLUQWGGXngMbtG4jev5rnpifuHt23s1n3G4lW91l45Xgm9Sj8DGigrz9R488SrPtjuK/vntdvs4ZLFY9M0cNzHpVz+MDqua8vSDTwxL0P7UvkIzb2HZpptXFdmnk1W52fINtY2OvSOJYdTJ7GvWjBLDtYT7cdhnU1w/nn7c9MSfVft+SSCa0kmmkCaXAj0IU/G1SGrpHq086Vw/Z/R7ulUubS+SCAs1YnaVndW/ClIyunWfSZGyQEnE7U/turacaTYcm5BFyHZwJVo7TW1tvfso81332vwpe2+8j18EdSV1hjkklaaRhK4hKMj9QJe/lu1kgs4Uhtz6hREB0fhPohL+oes6vTn8WJlv8AS25sOk8941zIo6bBpGYBidTIA1xpCoxKg1EjgBgtCK6DuvjnYcUtDUa7j8VnX2YKktmWXaXrOtqxUq1i061akE+6sXfy6gDHzQVyXIcgICaS23bbt2ikmup/94p9GUdXoMiSoQHhkdR4eONRc7Rvexzi0jgD7dJXVUMVXQAZgorNKutSA2tEjyyYccZntPz9ZPSFfiep2k6vLcai/H5o9xep1PGzsUqwbeSlJTkMZECPI08omj/lqYsP1Y2+22N8HlmvbhVIyKXVUGY4+kt/jwxVTdx7pZzALtUFwR+b05LciR4wDVFaZkK+JIHAHCGw4TzddHFyOLV8J0FG/ClRpbPLtDvKceJYr1pJ6/59ptHJLD4ReNgs/bxCDPkEst92tZxYzT3V2sZ4tBNCQBQfHoPUHmKV44bv9q3Z7VN2S027bhKuhniu4LiIOPX6o+q7RysGRc2oKU054zqX4j+W5nOxk4rNsRGz27FeShTn2FsvJZ/FsCHV7H8uenYEbrWmrrG0SH+Hxx1rH7s7ZaEwi76TD06lkZCByB6iBT41J54xo7V7vM/zsu2hmJ1GN1V2U8NWiJupV1owKMvpIGLDV+Heff0z8y98L3xRuVbGLlHjWxivUF2yTv56SPdTWUa1I8joWZ5ALGEVFL9U8vdmxrcCCDe43usjoeeKr0/e0LTwHpPDGhs+0O4rq2ad+2phA3pZre2lSVIePVgjuH0rU1BDFqmp54teu+IZqMc+x/pnIK0stiCrFZ3tGpr7WvhrzLDIo19YV6FizQgiSQTIGRAMhg2Os3uHeU00oiWeykBjqRETpOfOtT9hxt9n+nSNC9yLC+UdQjqT21CgpUmqtCBz5caYqPNtpvtLWvamHim1nqwbBpoprcUU9rcWtWsK0b9ifXRbKKPWXoQUjWKz+R4EeYUZ6u9mWwncXDX0C3GgGnp9NaGg1FfUDkeI40rii7jg3SxtTaWe33h2yNvyzLE6vLkayExrJGY65AdTXmKrStB0nGd3JxPc8zvbHifDuL6mGzZ3R2l7kEGwpRxyIsz2aVeJ38DNe/lvCSbBPtnup6S63zbm3aLYYVvr3dLgkJpEWmo4kSFyF4fCeWfPC2/Z++J29N3Puh2/bu34UUyu5m6kak5OsQSr1J018RTli7cIk4Fu1r7LX3eZbWK7NElXecY1nIdFxk0pFxLfN3d6+L8qos6EOU8FiLElZOqLfX3uyaW2aKyi0L64pp4JrnV4KkLa1JFDRgDTyxqO0dl2ne0huYm3W4tZDSO4t4Z4LR082mi0EE1zViK1z5Y3Lach0unp1tRJR3Vh6UMdmtYu0K28eVXZf5iWnEVC2MDMbRgdh6def29lul3em+6sBkJ4QlgKjkeJ+zwpj2K8vNi2fb02O6hvJYYwdAmSKXVlnS4CrG9BU0oOGOdeccpr6zY6Pc8m5u+i12lhsR6DWyrFDU3OsmuC89O8Kbm7eeOQHxjRFWE/aWJwOvU9h226vLeazsLYXEryKXm9ZaM0pqOtQMq0y8eGPB+6t4stsvY9w3C9FvZRxMsENUHzCV1epY2NKEeA9uMon5Poub6qs+j4vbtipK8k1o0JqluKwrSRxGr78saz1pTGrAspliYlwHJx1r4Nsvdiu5Ir65j0UoBlmCBx8DxHIcMed3O8wdz2KT7fZSaixOrMaSDyz4cDnWvvwNm1v46NyGbaUo7E0Ov9mtNejtbSOSrYheiLnlEterNJRzL7kirmBjlScHp2F7ZZ1ZULQrXMAFTxzFanjlQYhyLuBt5Y7iQGWtKISJV8nIoK+7DOfe67YNHQ2Ele1fSnYrUtjt6ext7SlTs0vza6VmgNJdgyvAlmusn89mHkq+L4HfJTQq0lv/8AZy+tliIjjY8CWNKAcjyrlTDQv4p5Y7eZi1yidNWlBeVV6StRQCpJ1VNa6sz6sPr2z9qM1BBV3jz6+aafY7KrNFfkoLT92Ga28mxsJPGfZMbfy1KiQp4jwLdRYbIsnzIk6Kq4IVXVw7V4UCgrlzrX7cWNxewwKLYwiaR10s7xMNK0Jr65JFPqAy0jxw9Xm+sPG5uN7HXwXJljlpyWKl2GPX3KVV3kte9rRRpvZMRmkUyGRFwgAVSCSy/b95Hu39UspQmeqhzKsRQ0rWtRTj9uHYO6bA7LJttxatNJ08isqRgxxEsw6FPVWtNa0qPSKUOKZT2lbi20W5xqHlmvXYpVhtUadvSI+1rW5YRUoWKNRiiRCMlzJJHKRHIB9fIX9zaXO42yLeNDIIwdLmoI8aMKEZ14GlcZqy3Gz2vczdWcV3Esy+uMU0lSKhSrAg0BHGpxdd1y/wCP9jXtOeLihaaT3ZjJs97M1Oyawinljs0Li3YZ9cJT/MIyFLEhj26z1rs/csEqJDeBrVXyb0evyOqMD7SPbXGqu+5+zZLcziwMd62bBDdKyH95WDVB9nLLGbVeU7zitgfibvk1U268wll5BupRVpmaZascF2azWaGQGOy1gTsqCdGXIZQjdX9/slrfxMk8CyKr1ARA1WArqISStKinkSPEjFDt3eN1tF0EtL26MZY0a5lchFb0lEMyFdRBPi2nyxNUPj/hD3OUbOnyizpK1nV7CvLMbrNekbYo1/bXtTaswxxVxduSRkSIHIi8sui+OKyXft+jS2t5reO4kEgamgoKL6VDCpJIAp4cK1OJsXbvbCNfTWu4C1tZYOm6mrtGrtraSOTT0UVmYij+sZ0IUgYs1L4In1PHJ4dLT/qM1qS3PY53v7w5On41iKOOCS1X0rXA2v8AbsJajmjAEsalS58SOolx3k8+4CS9cxqMjbRjpEEcayNxOWZyGdMXu1fTeCy2M2lvbJM5eWUXkridVhChFV4kUiQ9RhIOmRSMH1mhAuOv+At7oomWHj+h5vLSsVa+1bjDw6fdvS28L3jSrajl8Os0V1LNYMsMsE9rHgMhcFjSz/UKG70H5maxEikIso6yKY6KzGS2qwDE1bWFA5HljW2/0gFgkkMO1w7oY5PzGtg6Sskn5yIsN4BFIFjKqJUklAUV0kiuK5rNz/2DJyyL5MptqNbTbYLW0ej4VobFrX66xNJWXWbPd2NdExvrd2YjM2UWMBWGUAPU27srrf2tYe2pOtI5VZJZJZxramppIYiSoSgI9VRVgONK1W1blsfao3I97W8ltbQ6tEUNjbNJBEfSqPdOinqMxUGZFKjMVqcRfCeej5dqbTTbpavHmEf9P0+w0GsfZ2IIGnSCN+RWbd2pUs7e1UiirRfikvIQXGVQDqVvuxTdqzpeW/5yMQWR5FjOoUH5axhm6YILSawBQ8s8Q+3O5rLvzbJ9r3B129mZEga3V5ZY1qafMSu8SGSRKBdFSae4Rmm45qNLsuWtyT5O0PKeN0fJ6+l+Oam123Pru+o32/Bfe04ta13GsP3WJjiOQYCSADqffbleXdpAm2bXNabgxoJLlokt6UNelJrIdDxU0r4jFBt20bZZTXzbtvibjtsCkpb7bFcTXbzBiqi6RgSsaU/3HrPiGAzxI7/R6D8nabDY6WhJamgYW95Sl2Gv19qeULJXevLVm/qFhG7FWCOr+gP1FdYX98scdvbzMLZWyhOmq8vUK5D3jB7pbWWqS6u4IjK4IaU1VWNDkuqhYjjQA8MZzSvb/V6+G1xrZ8a5DS95LqX9jWo7HZgRykSVrOvubCtfpVIvEokkcQlIP3sSetJcRbXeFl3KO7gcAAoJOkurxUhZAxP7hplnXKmMvaz7jBZJLtM9leQgVVpY0lmFGzQqzIUjH76+qoA54kdrc4LtrOqv86+IdPShYpbvbLWbXleu/IiauZWlioFQlaSRm8o5BZBDZ+zAyRs7TerXrQbPu87rQBbd1gqlafjoHYfwaacyanEvcb3tXcZILzuDYbNEkbS9zHLeoTQV1dKjoM8g/UUctOVTIa7kuoqPUk0W/wCeVNXNX849bR+S6e+hq0gxkrx29ZyapswYq06o5/iI9B2HUW5227l1wbjb2LXYbSXa0kgLtQE+u2K1PKvPic8PW2+bXEEudpl3VNveumNNzScIASANFxFIo4VoGalaVyoJctoNjuV2Ox5PsKdtRHaTbjhvG4rsxsVvaeCza1ewpoyGRsTe7E0efRc4IhqdzsbboQWsElrXTpWedtB/0zoajwOrLjyxLNxs+7Xyz315PBd0qJhZW0U0gzp1JIZAqjxJViRlzxS7X9Ri3bz66Xj9qrE80Nt9fptxx8PNFIYUU05ZDS2difJLyQgIXGRkd+tBEkXygjuI5UuTnoaZJx7VKqGUDgFOQ9uMXfs6bprtJrZ41rnDDNCCPFlLGJnPNlUPSv4a4mrGySW3/Sq7ym81Kd4ateJrLhoLCRwpJNGsvt+aAE++YPFe3ngYEVLaSMi4mr0VkNScqZDkc/sBGJcl2ZdcamskkY009WrPkVqPtPtpiZ/pu1WOX87URRwwPHG9qKWKKOKOaWJ5C3vysjFTE3slciN1bxJJ6aaWLUFhlBlOYUV4VPliQYJhFru4X6IoK8q+H/DE9FwOOanXtzxlKlgJLHXrQyTyyqXhZC7I5eAgr5GE4bCn69MLu8iP0ozWetAcxQ+dQME2yh4hcFh0DyyJanIUrwOG9nQamrEskWusUp5plq+5JswkMcMtlY6tmrEIpvbmWRGwGK4LYOD26OPcp5WaLqK4HhyP/CuIN3YiOISaCrk09x/zAw/XRUbzexVi01eWuIG95dvHB/1EcsjSRSpYeJZK7oPJcr3Bx0i3Txr1HaQA8NPA/ocE1ojqI26QZBQ6yARzpnyoeWCHT6CBYobEFWGz7dh/ATVKcU8DT/iR2aaSB0axAJS0fj9pzn9cc13eMGkhLnSc8sx7cv1YkQ2ljHpSRlDEZUIofZyw4raHbpNZr/8Abs0EsCSzUfzagtrPTYrWHthbM9irGlPBLyIysucdJJudsUSWSdSp4iv+Xjh4bXuYnMUVtIH/AAEDVn/yknhXE9rfjrXX9bDZqtbhatCyyyavZTGKlMZJCtiLXQuluGpTz3QxiH3MEkjsam57jmt5xG4WhyUNWhqcqEClffiztuzBdQ9ZdbSIdTaB6lOfxJ8VPOlK5YU2PE4tfUGyq7eV9c6STC7JY2spgtIgrPbljkhMddLVmNw4JMfk+QAvT6bss05hlhVLnTwWhPjXSKn30p51wlx238nafPmZzbijEurKBnSgJABOXwj1eVMLrt9FFPWr2I57PtKTJGdZT2liWtKZp6rvF7+tRlprI80ngT4yNHn0bAmCd4Wmt5Vi1MRUnmKZGmanwDUryriRC9tFKqzr1U0ilLcPx4APWjHxoSRzAxWLlnY7G9Tof/c33G9g2M3uzS6Hh2zg3mk0IVKsVfVe3Zua/fSXrXi8ZkleqqhkkZm7dSoorC0SWYblaW7IQAsl2jQPNUUkkFahPsOojDRi3C6YW9rsdzeCRtZltrKeOWO1oQyxaZZInJ4VqykE86Y3rX/H/wDUeH6Y8X27Xa1eiKeg0XI7c2n3vGtbK8stupsNdt6EGz/NilUuJY3mZvIAYiQYx17vJ23cp5b+ErI/rlmt0M0c0nBXUxsMgleJ48vDc2faw3faIo9rlC28f5cdtdt0ZIF4sCJENW1AZDlXPljMN5wy5pU2B5DutJxyrTeqkZsz3rUNhbEkteIaxq2rlmu7VZZpSYwHk8XU+hB6vrHekvI1k222nu+pyEegqfHS0taAUJOQ+zGF3Ds+fbpGj3W9srVA3xCSRmYfuqY41Wvlma+WG2s0nA4Y5J+R82fikFeZaNc2KEOx3+3NeEvBJT1ElqjsUKGCOGNZIXSR5XDhRgmXJuO+SSCLa7Q3l49aMZCI0plSoqgpSnxH7cMw7R2qkct3ue5vY2kLABTEZpJOGfSko/3cKHFgr6z4o/p62/d+QdzLXNCK9pY+O6jj08sWzd0R44vyp5KdaWYqhIBkGcAZ6Ye47nF6KrZRISQsnWaT1BSckMYDnL4Sw/ZiZ8l2ObIXCndJrkgHQIPlQQWAzCyMAM+NPbjRaUvFtPNsr3CdPveMbDUfia7TUtzyiaGDazxrLOL6QzGS+1LWqEa1/LmDQrEviv3AVbybg8cK7zLb3Uc4LylbYkhQdNOFQc+dK40Ntb7dZSTXHbsV1bTW5CRrLdAKzEaqr48OVcq49f8AmrfSTUNRe2Gnn3H4P5V3X6fbq9p7wlipIb8tWCNNSLkcr2D5zSOFJ8FmIKrHXtzbx1dwiWRbANRSyCMDgSFFasM8mpxqOWJU3e94NNpcyQLfMKuiSlyxrSpkI/JbL4syQAMsRe55gm62uipaK8u43FEleS8b2j7OhHm5rH1/u1PetbJNnr69sRPCvtwrLPhvcUN4rKi2v5OKaa+Vo7WSOkUiCOoH7tCpKNx/OqWplTLFdfbyNyuIo7IpJPFLqmjbq6f5LLqBVgrrUgdIUUn1cziqbfSWrcNWw3IdjxzWPM93drrq+iu8hen7tmD2mkq69bViofYIkev+JYdfc7hwoaVZ3/y9y6m2guJDRIa9TSrnIV6hKVAJILAgtThiDe7W9zCv+6ntrfXrkX8rVoAJ/AFehIAOlg1CcRWtGtt0dTsJtdyLV6uhLs/Z0W8DY5LUnnLbiWza1+yTcVoKYsGSjFJ7ESRxo8qkhsyJprq2kaEvFcXkkWrVEH0RqxIXjRNTEHqaRXUBnTEZI7Nkju5FntbGGUjTNppK6qC2sjUwRAQYSzUzFc8SGjlvWrvJLFuNt6my1Rq8dexNZk89ZBJWnezra8cUEcWyr1/NAzq6TebsPEEExLgJHY2tsfy2jYmWufr8cv4aeOH7KXrXNxdK0k6yp+UWHrMYJHEek0aumhOVMS1vZmW7xatEvHKuy1s1g62pM1eteXZ2de7bGnr6kv8A0wvSTe3anlEfipVSxHc9LAkkdvezfnm0lTTLRSVK1+IHmPMc8Sbq6SR7CKJbRLmOSsLO2kl86oS1Bq99OGeLjx0LYs8o1NXjOiuttNhprG7N25Vi3Nr8em5r2YDfle5dbV7KSJWgjIevIR9hwcVc8At7e1u5pZgqCbpKmoIGYimpogEAK1OakeNOOLizrdy3dla28E00oiModlDuqg109QtIKNTgQfCuILbJxJeONU5ZyDbcftUeTJNvOKJKu92xp0le0Nbsdnr9nXt6mnubFf8AKcM8E6LGDjHq8km5T7gsu3RrMrQ1jnI6UaPUAvoGrqkCo1Cpz8cQrmLaV2krulxJA8U46loiC4LhVLLGbg/ArsAGQ0yz5Yi+Mcf1DXJtZ8TcJ5TU4jt+Q6Hc7M8j5VcTSaO1r57b7VJ4plktchuSn+XNUijNcu6sMhSXt9w3K4uEEncFzZNucUMsamO3VnYFRpAlrqU6iQAwU5VpniDt+1W8lw9p2lY3r7Nd3EM0vzdw8UMYObyFKUuHB+KKuioqGNSMbHZl4dWuJTWr/VrtH29xYpayKG1Qqz6vY2BPp471u3NOsDzyQtag82sRJEzz+SS+HWTSLd3hMq0jWQiOsnxaaDNvCpqATx4CuNvJ/RIZjA9bp0ZnPS0hddSNK50rShKKSVFCQMM6u1tRQR0anFddq72qoRy1w2vlvB4dW0kCWam7vU4NGlTWC1GVdJZP5nuGIADPT89mshNwZ2aJ20Fz8OqnA8/LhiPFuDxGO1gsYo5EiYhRpkf0EBtMkg0qVrmSD5YhtfoIZdhtNtynXbJtzajsQLsdjttjYigrYZzBrGYS14FrRQFpYY/snlRT5sPSS9zcQ2cVjasVs4lLMooDXhqzIqKHgKnypiqFlb3V5cXu4RB7uaiKzBjlxoAGCVy5KD7sQmx4jNJHbrDktSlQ1CU7ltqVtGCRvMWpw2LMM0scWxszqq/h2VicQvlSQR1Ij3QQ6JLe2ke6kOlQyMWagqSo05jz9uKebaIm6kct1HHDCtW0ugVKmgDkudLV5Eg0plzxG3+H29JJI2x2+qHt2LSO92SGCN9ctGreZWiintM0jUyHnVkZizuBklB1JTdIrkVjSXUY6UWlNQJyHsNa+eBuNqntPyp2LLG+o1oTpIBDGnjWvswU7TQ6yxXis3qENwMsiVqd+azUgrI8L2oUepr5YWhWGKZo1VA0akqM56AW91eqZYlkdQOBZKe8VqR7sTDJa2TKbhljYmgIVifcQpFfacKycj4fYSH8GvuNiziEMx023v14/csSnWtYrrqqq1jVhfMaO4BU+R7jqELHcYARcGCEVyBkjB+xmH2ZnFrb3WxyECMXFxKeQilag8ahCB9uPHm3H9JFhOQ8U45tKdpEhpckl/oG3swTTS4WaeHjm0kmhhdXZC0niM4z+rqbFuW5Aq9tcXFpprqiZWVT5oJFDGlM/DLEuXujt7ZQDFcWFnuOr4biscjCgyV+jIVUnLlnU0whtvmXilBpJL/MuIU/b8ZqtixvrOzvOpVVaRKmu0YhuSM+cfwnwxkAjrrPsW9uFolteOD8REYQf+nq0HurzOIl99VtrtmH+7sElXhpl6tfPUsNTTzVT5ZYq1/+6L4oppEdrzZNnJUNla8HHOO7eKSw80UdZbNqtO9WOSIwrkeTCQdjntjq5g+mncLr/sbUIDwM1zFX/wCBi3Dwzxm7n6y9roxe8vVuGTP/AG8MhH/xgKfefPGcL/dr8c/1ss/B+RQa6Gs8dTZx7WSfZXZInRzKYpSv48c4XyCGRwMYx9Rby/SneF238m7t+qTVkZDpHskIqxrypwqeWM4n132iPcTK9jddFAQGVvU+rLToroAodVQxOVMIx/3a6evFLX1lbl8dWAuNfWsHjkKtWIm8S3vrMacnk/3BlcMmDjJ6cX6SO8yzXHyp1gaivV1edNJC/bn7sR1+vU1tE9pZtfi2RiY4/wArSK51OsE5E0yyy8cc2/IXzrzPnW1uvsN4dFqbQIXU8eH9LrSJC0vtTbCPWCCG1aK4LMyDJPbt1vNk7I7e2BVSO2W4ulFOpKCWTn+TWpp7TxrjzjuD6l95d2SSl76aG2dD+XDphWQ//PkUDU2XHT4DljEbNxJrErS2przZGbcplnd8n0LTOxwD9c/49aodOMlEqo8D+lMYuVb+YFpSJGHMZge/hTzw4jjrTSITcZh4sUVVf7ZEx5xlWKhW8Cfr07Gy14j7RiP0LioGnUTyywc3dVEpcx2bCjusYij8ExhSD7pJZvLJwDnH06dqPPjTgcCBOpKKApUVIqK+2nH7BiPO+gWXMdLMa5ZYzN4qWcYb7YxgYAzjpHeErQrU4AiR/UWFTTDObfXWULCI6iKewgXzYnHYN5djnpg1plgozpFCQZOXP/hhsN1tkb3BYBIYriSIEE4A8So8fIr5DAOe/wC3qQssugKpAX2j7K8MDIzNIUeurjSmeeXDjjun+2L+yT5P+cLWv5PzqHZfHfxHYSe3Y5Xbh1kO83qxRusFTiml2diCWY2rBEbW5UEEKZZfdZfDrwL6n/XvtjsS1m2/aim492rkLZDJ01P71xJH6Qi5nRUmvlj6h+jP9sHdv1Cuot37jjl2zsWmqWZjGs8qcAsET6irMa6Zpo9CZlanj9I4tX/bH/ZRd1em0HE2u/I+61Vi1W2klWxy/nxoKPaN6xZhha5qaNueR44zr4IY5Sh8pIlxn5kk3T6qfXK1kvdw3BF7chkCmMf7az1nPp+pqXDrT/rdQZ/Ccfa9rsn0R/t5uYLPaNtd+7LiIukh1Xl80eojqgohaFakAtGsJJodVDh/r9186/M19ZeJaJPinj8EMto/I/LYa3It5WrzYEv/AGfwnXzXNDrNqwBAtbGxsJoSw/lxnsa+fb+wuxrfRvNwd23AkUs7dnWEn92adgZJEr8SQJEhpTUQSDb/ANU+pnftwq7JZpsGzk62vb0rPcBjlqtbJNUMEleDXE87LXVoqMavxrjfxz8Nhzpk2fI/kbkxiu7fku12ab35M59dZvKK01i1YktS69ZLMgzWZKFSOMqFQqEOU3fce6e8I1+eNvZdv2q0SBIzFYQpWoOlVCRmhodf5rk6jUVONhs20ds9kXbWu3ie67pvfVPO8vzF/eyjNgs0h6jjKgjBEUZIVAvDFu0uyn02ita/494nd2m5RL2y5PakWTVaCrvuQS/nbyPlnOLa/wDbdTawzzTCddZFd2RKe3HBHYwq1G4ba1/cJP3DdiPbwwihArNMI4QqxvaWcZ6kkbpQh5SkQBLSegAm1td3gsLZ7DZ7Rbi/ZjJMrUgja6k9Uwu72QiNGViNSxCWTKiDVVRpmu+K79sUd18n8orW4L/4lyz8ecVpfhcMclpWaLlVn3ttybk9RJXWQC3b18bsfvpBcx9Vc+/WNpqi7cgpKBQXU5SS5HKqITAlqfNY5ZAfhmIAwC2297rH1e47lDE2YtbeArbmmXrkIaa7ApwYwxnj0GNa2mrseP669ej1enkkShlIuPa6Grx3jMcUQ8Ert+Oj3bdeRfZn8o8GN5hCqNjqjvLXcSgN5IiqxosjS/NXJ4VLE0BPGlDkQDi/gltmBtrONUgjFQGGR9vL/hXD6rtqsv4+/wB9JqrN/wBuzQ1muqUriUNdI9aaVNRxiG7BXlsb2H2xJb2MnvlJSxYqqhTy2ErSCytxOkKAyMTJ+ZIOBeaXnQsKQCodTQkUwBuEUfMTyNLdF9KgVK+ICrxJy4AcK8sPZI9fp4aXIeX3rVfSa9K8+2mryLspKljZI8FLS0asaF2llM2Yi0cluWUAjvIcRI4pryVtt2yOI3zNpVFUIr8ySa0c0JPLQKJwAOHZHNtS9vA2hGqaKzUJA9NFBJP8IFedMQnuDf6yL+tfmaf40W+ZKGhhW5W5ByG3sbn9Ooy80p6+lBLqYoo8SS0FbzIdJJnKR+JvoLKKyuZHtTDJ3FpCtMGBS2jAoXtdZeMuDkdIHqBFMsUN7c3W5BFuFaKx5KopLJUn0yA0/K9uefDGlT2DqzBPpa1a5HHUTj9SL3PCulCk9k7CSjUTzgqzU6UaxiQsqyQgd/LC9UF1GJqfPSuUY6yzZLqBzB40NPtxY2UBWlvH6aGrL5UyxmFxpabRmWFluyKsrpN7Ux0X9RjWtAbcryyHXGNI/CJBIxmnIPj5IcTUcv1JEJEQICMQcycqAEVy8eGJsqrGM2qRyry8cZ5b5RFYLpTQzVo5zrKiJKuNlYjaTP8AU4YkCiTFdonQFkgBVfL1xbDbZ7dxG7UlChtJ5E8sssxniPHNbsGNa5UP6HGjcbt1aOm1+q1NqjbWGUxNNXggKT7OrZmsWHeysbrLYiDr4gMx8EHVXudqzXHzN4ZRJSukUpQc+OJFgqMvStPg5nkMQG429o1ORWLTh4LcUJiT+pKyCvXeR180WKLwH2D+SPGLOO2cZiwIjPHDGpFDkfbWvnwr4YuxBBbIWyZFFaDP9efHEg+vaPSWE31ihPc21SCz7+0exYraJ4Y4L1GCJoEPtSRVYzI8z49w4b/7EMyY2i+Y07adHy50qudW1UBYGlOJzJxU3DO9bq4cOy8KchwxMprNbU44l+F7z35b0X9S0lqEmGhqLju8MsWxhtqWueyElkQxsY5ZME4xiFc3AjkER1dPMBuR9RBAPHJq1y4+3D9pqd2MhTRSuqvrBpwH6c8QV55ZBVo1UrWrd6OFq8Mtif36/i7FPMoqhPxwQzM3iuW7Z6c+WFuNcpGjL1Hh7aDniZHKSx06w3CrcT7cQHIBJ7GzDQR1BSsVU2k1h5IykMUAiiYyxzyFfv8AKTKg5UHHUmz6kIWra2cBlpxI4cxX7aHCSPbmQqo9Q45/fhs9md0E9SnDHNsJIakRvs1eOzrKTVbEl69HLlmDCMfjic+X3AjBwOrBIxI5V8xHnX916EZ19pxCBjkfSp0A8T+zD3mNmXkFuhJqtjBx+/U3Ei5sRXr1O6l2r5vYZ5ZEuCxDcVfAhikftllyOom0olo0zblGbiKSI0I4K2o5EmhrTP34bvIZHKRWUrRSLxI4Mtc8S8+wljbbaqSAVrtJdLFs7ZpyT0bR3izWo7lCaW3mJq2rgk9+NV8TOW75zhs7bIsdvcSHXBI7FUGbAJ8Qy4EcfPlhxbyJ7uS2hB1iIDUciacfL9M8Qs8VkbTYQ6qfWpGklSK5BPUtSSRyiNwjyqZGLSypYXz8wEyR3yOnHRYlTqDVJUU9tP0riQs4ZGXV6qfp/kcRdaWDW3IpY6sbXE2bwTye1JMHWBXVhCrMEiMcrKVJOM/XrjDLKhDikYBNPA4ejmCL+Ww104cz5DElNcvSi3UsLW90SwLXilqRMjO8QmPg8+XPgAS/jlQ4PRpEgVEBHAfrxFlYStrkSjcD7fDHOnyPrdls+SU9XvLFCzR2FbWbHjuqNiWrbazTu0m3e9eKo4ZYY/IVI5HxARM4A8mwfRe2L1bHa5LmyQmWDrCeXkVcHTDXmW+Kg8OIocYrfbJtw3eO0nP+1YwmBPxKUNZ5W5Z5Rw58CykAkAx+to1eZbrlfPra/naCrtLGn4HXiit1NK1Dik0WhbcaapbiEBO120VxFlcESVoWMQwCenb+abZtstNkjZU3VohLdAkFw1xWcIx8YY+kWUGh1rUahgNtWDfLncO5GRjtK3jW1gKHJbX8h3UH/uXC3NKgHpUx1bpdfGtx6tN67i0rQTtO89g00NlbteSmrsn49N4/L2kUlXXJA7deSTyPKEaYinqoeAJzHDl/kcekydKIgZrJl+rFxsWqVjZXqyCI7G/Rq09fCsjrItLXokbrL7L+3Cs9yxIY3J8i+VOMdALS5a0VhQRAVavJq5HzqKYq4Jdd04Y+qv3YrWrXYQ3BZjeGeODyklBiEckUdgCqr15XVpVdaQ8mPf8Af9OnrgmQBH9JK/b+gwehEjYk+pzi3aO/ZrywstaF44Xj9qWsUjnsu3uTmCCe196o0shXI9fp656g3ECn0MQsZpn9+Db4SWrppiFvxvLMBcmsVYJhNsSfajNeNZ45FhjkiZWacx++pPl5N39cZ6dUzAatRZCoHsFa/dlg10clp+g9mGEEtz+nprL8tmWwInrX5VRKfnJF/JkKxQ5heC4FAYsMkD9MdO3FrEblrpZAuojT5kAf8M6VwayqoK6KqeJ8/wBP14Yx6ZI41raq/afX+8fyEpTmNqTRJ7ntwRQwHwde/wC8d+kaW4WULOo6zZ05/cTyw6DBpyji95zz8csTsGurYaYg35bddadr8h3mi/BnyYa9TymsMZjHEsQwwwe/06FQ7t04zVhSh4fYcMrPmGTIeHjiuy6yLWWF2Wur0zQgWOSeq1Z5JNdL98a25HKiWWGcEK7DDI4H06mKjyRgONEg5ngeOX7cF8zykyrh/YerLClmKuK615UJhwrigx9xXnrySA/mxWJGyPNsgn9nQW5eOUiTP9D9uI0sjqhah0j9OWIy2v484/le6ZZplUo7FWhmbKoZET+TIzHPmufHIHU2BA5r+I1qK0/T24hNIxjB+z9PHFA28DQNNLrva83lda9SS+/ihRYZppbFqJvDzjWePy8hgFgPXsLq2iaZQZwWY5g55DxI4j30zxGiuBoIquqleIBI99MVWaS/HD+UqwxxzSOZfJm8ZrMEimUIQ2SYXAPkcA47Z6kra59Jq9P9B7cPm4jaOmoZZnj+vERZ2Eiz1bFWJ44IWS9KVnajY8mmjimnjtr5WFsXI5isAbwreaL7jeoF1t0Ucjm0ckI3pPHgBWp5Url54ze7GWK3ZkIB6fiBkGAJz8CQKccxiM2FLTLrpbE5mv1NhyK1opqwpxwaOGCZPyfxb1gWEsNNUWV5LFqM/irHMpLgZAnx/wBQabXaExiKEuHOcgYGgEPEUPgaZ4p7ifaXiXb9zAdpZdDjMEKAtWNRwBYerh54a7T8a1da9e2Q/LlnmFN3jrrWmuwxI1WSnWgEPtxVJUPuxRq/lGTj9eltJpg5EdqWjU1dSKCn8R4cae/lgr6EQ24iS5kT900rn9/LEFFb2ksOorUYK26ghdbGx28shn2d6SzFBHJckja7WWDxeBmrJHSxF4yeY8vFzMuY9tWNpmMkFxTJFrpOfCueVMuNTitt5N2EqwQs09tUlnagCgDMivP9mH51smzKNx9rBt6tLe01dXd61jBXjtJHWW2dlP8AjSUoaKzB53eWNW81VsArmrNwkL9O7jVoJfQ/Tl00pnmoqCzcvL2Y07WcgClLgo4WvrjD5EVBUk/Dny54b3uP7+tdn1+9Wpav7OKfeWL9VtckktWKep+RMKurt3DCrNIV9xzE+XAx2J6Fr2ydI7u0BSFaIEJZs6MaFmANaCvsBxKsrZtbW07dWVvU1F05ZZ04DLwxI6rQ6qKGhTazubdT+tFZ4p55ErLNIZq9HYRV/aMqinEY0eNSQA3kT49+oV1uVxKZGjWJXKZUyrzP255njw44tbfaFt2Dn1IDU08q/plhTcRa6pq5NbYs1tnQjicx0thQjRHigtwNsK0NiaCV4GmkquUdGiTyX+FsjM/bJ7yC5SSEkTVBydlCsc1rpIqORDVB8K0xn96g26/t5Pn4Y5odJAEiKy0PpY+oHSdJIVlz1Ecq44s5n/b9oN1FdThnyTz7j9qXZ14tfbTlO322n19G1E92pR2Wnu7Gzsfx2jCRxvFOhgWLykj+nX0Fs/1R3SwMa73YWN1AIyG026RysRxInRakcfy2GZzrnj5M7q+gGw7t1ou1N13ezvGmrG0lzqhSJhqSF4HZWBiFU1xyadKqNNRnzlyP+3X+4GDZ7yDinL9/zCtxyzWr7h9FyO/s7UWxsUvzo7CcevnW7QRxlmisSQR2vYdu7d8D1Lbfqh9OZY7Y7rBHt8t2haJJIKAgMykBhUDMH4iCeNOGPnrffoL9U9uuLq52i4fcLGycJJJbzNMQWVWFYJNLj4hUKktOZGYxgO0k+XtHu/6c3KeXXdnRJ0Eg09fY7K1ShQC0KXnUS00Lxz48oSRMp9VHXoML9r39p1+hbfKyJ1fWyhSa0HxZU8yKY8lnte87Lc/lIJ72e5WQwgwI8jgjiB0wSHU5MldYrmBwN/40PlyKFDud1/cFtNVPZrWrlTWabmFeI1JGKSz1tnYNmvSlw2Q5jKeIZcZI6pL257QZxJbrsi3XqCVntyaqaNVEIkIHlSvI0xqtqsO/4DW7buiSwqNQhhuQKnk0tWjA5EHUQcioING+32XzlW/Ir6HlnyXodfBKJ4Km05hySKvFVRQ1X269nXRRh2Xupj8EwPQHJ6Czj7FuKT3Vttc9wwoxiihAJ58HLH2uS3upjr6++pcMkke33G9WdqjVVZbu4Y8BmQU0r7FouVaVris2Oc/3ABoCvy3ybZNPDHNIF+RJ6E6O7tC1Q+V2pcNlQg9xUI+3HkCOri32X6fAMse126snA9DI88qVU18QcVM/cv1WUq8u83rCQ0oL4k18GWuoGnIrXFkq7X+5SzFJZHyJymvD+ZNsYRY5Xa28Ml7XiGOEy3bTWJJXWWRVTzZk74OMdVMtv9OVIRdutSG4kQr9uZxZjdfq1IryHdb/AFh+qA8xkGscAXPwn7v14segv/3Kz1pKyfJu3j09mx+VetUdoJohJclVLMs1Ix14bhkmiRPaMbo7MPFGbHUK7X6bxyiT+nwPcAUC9NVPt1ANSviKe3Fjtsv1Wu4DbybpKtmTrZhNroW9bArVdVGABBqKnIGuNDufIX9zEumrRScv+SrGvoYgng4vw3Q8RSezL7NSOGbktNadx7kptAtGtjzAkHkEJKjPx7H9PY7lpp7Sxinl9QM0009OIyhl/LWlKaghANaE41v/AJD9V7iyV7e73WcKNLCC2itlFKAarmMVJzHoaRSQQTliu1edfN8NF6Wqp7m1Nt68rbOhyfc29lBt9hKVmnuQxJyl5hPavRq3ul2byXBUdSbjYuwmmE24Sxrbxn0NBksYpX8MCinOgFPeK4a2zun6pWUJXaYZZZZc2E5kdpDx1alunB5Djy92LbT+WP7wK1ZWjHAkpLItcve11fZPHLLH7jlFtTW7ASvD9mB4oSB4hj36zsvZ30cklMTG8ebI0DMv/wAQQAe3V/hjZxfVD+4yG3Cqu0x2xGTC3UinlQtT3jGkaf5D+eLuleHcTfC/IKVuCostWLc8h45cjknkdYJoInrSUq1oSvh/twWIGO/VFd9q/T20u43iO927BvwxxyIR/wDULj088yMbCw+o31budrdNw/8AGbiI0DH5mS3dGYhVJXpnmdOQpU8cRlXl3Npql3U77V/Hlynd1uv0SF+T6zkkkFnXW3WOTb6W9SWrPM1eRmnidfvKI6ZZcdTn7f2OGZdy2aTdFljcuNNsVY6hSuuMvlyqDTzxHTvbuSVJNp3202Oa1lAhr83FdaXRtRVYZ1RX4g0JABzGeH83OuaUaEkVD4utWa48f6JudHyzSTw1DDBCJPDS3JdZLPK8sM3u92MPlmLB6ht2527NdKbzdOncMpeaOeCdia8zIo0nlxoeVMsTn+oXdVnaG2t9mM9t1QIpLe6tq6QAK9MZgVBAAFBwFcsTF7dfIVihBurHEOQU+PwCP8inyO3ppZ6daxOVaUWPzakJnb3BiB5Ek+4n0B6qrWw7ZtLo2QvbVtyJ4wC4KvlXgQR76UxbblvXdW92S7lLtl7FswzpOLb0iuZpUf8A5Qz+zHNPI9Bxra8t2HINlNudNfp1YIYtJv8ARf1PSK8UomfZwy17RaBJ1jDCOF5CzKfvI7H1zad13Sz2yLb7VYLlNfxwuyORQjS/prTPOtACB4Y+ft32LZrrfbjeb6W6sbgumhJbddC0dSZRp11GVMhnXEEnG+VbUixynfbL/tDXWd9LpdpwqvT44u0s25vHXmHSvS/JSrYeVsGzGUgPkq/8xmXG42Fpqj2u3hfdZtImS5cuiAcW1CvqFMgONAcsQbDZbm6T/wDaS7uF2e3W5KPYgK7u5GisLBQddB6pKino41wfimo4zxvW761PpeWWtfp9fIdnc3+4ocdpDcVPK1HTq1dnfF+/JsY4o4mkr1T5H+FcDqNuu5bnuF5BarPaxyztRViha4bp0A1GsehADXJpUNAeOLHYtm2HbNour5or+Xb7e1Bma5lWziaaOrIiiSVpCxqB/t4ileYw94dzmTa/ya3x3Nt681rXSrd4hJJUpR6JFqRtxldntasF+X+n2sixaE6pD9yxIckdMb1tNtZgG43AQvnVLkhi01SXm0xnQFk/DCVKjiaEYsO3dyk3WPo2OxtdqZYCZrVJBH0V+GAtMusmAn1Thg2VBUHFru1+WQ+7stdwTT1o4ru3eeSzyqCl+PXWBLra9JZ9U9VIaaeaGR2b3n9DnHVZDebPcAx3N5K+lRlFbswqSFDAI1cyeY0gGuJu8We/WTLcQ2FnHEssut5bpUKqx1BHaQaQcq+khsuPEYj9JzTXRSrPEeIifaGfXNvNLrdtyDZwzQlQs6TWPAI1SjM0QFY4ZskKc9Sty2a8ZdE/zlIl1KrvFboRxrRDQ18Wqw4HETbe4drtw91bLYpJMoj69ukt1PDIWNWRmByYUBVPTzpmcXff67daGerp9jodEtW2Yrlbb29XstWwhnQRnYLHBq7Ezy2BVMsk3t+cfugDwOSaOwurC5aW7Se5WZECNFHIjAnwUl8+VK0rjWbxYXlmtvYtY7ekNwQ6SmKVRpIqToELaGY1LSoWapIpliX1HFuHccpxbLmN7TQf1ZJJKtPj0tqqjfl1w/8ASrmztU5EhE0cXgIROWVWPu/djqJfb5vO43LWWxRziWE/mNKoLBeDMqFgWK1qPPEnb+2e3dptRe90S2PTnbQqwyaV10qqGTMBmyBWuoglaVrjJt3BR2O4t8f47waw9EGWbb2IrdjZJVu0o3/FhnhkvUqlVqVKOFa6GaQzBszMR4hdbYyX1vYpf312BItFiXpaCVbi4opLMczKOTUoTxx55uVjst9uEthtW0vHt3U1zOs7VEijJHYkKFFaRgNIQD6qcMWXWcM4bvaf9Q20/wDQDPN+NahTfC1dmsGuk5pwwIlpGimhIWvGryR4Z4vJQoHVbPv29WMwjtwZYtNVYIQumpBzNOdeNDzxdWvZfa24QG4vmNvKTp0C6LEvTJaKKlqUqAGoKHhhOzxzhOhh2Wh2uztUL34htPbopTs17GqZq9mF7UMsFGrFQa1EUiisSAqCwj82fxDib5vl8YryGOJ0rTx9XMAqTqIAq1Ph/FTEZ+zu2dvW5227lube5SMS5MZj0q/GQ+lVB4AatRPpALZYf19zV4s77TWcx5vrdruIqra2faMdPJNr69H/AKea3xXcQzizr7JsMtGW0Kleyf8A2TKRkNT2dxugFnd2Ni9pClGIZnGqtdK3CUzqPUYixWlHpXHJcL21ILja913Oz3eVtQ6zlKrmKvaSLmGBIVZggaoZagA4ttq9v97Qv8fvVmv14NGKtChs+O/9u27+nmaGTYmZKs0E9aFLc7yVpAtp5IGXyVnLMKyCLaNuuY9xt6wS66lklaVI3oQBSXUK040GqvgCRi2m3Hurd7B9uvI2uV6BWNJbYxMYdQZlBiUM2pqN+JKCuRAYZ0nE9fUmvT61a3E4ItZAZ4tZY2dvWU7JmVG0e1gnS9Zhr1UhJLRsY0JyxycdX8e7PJCq3iyXLO50VVdTnkykBRTxBoSRljIjaltLqlqYbJCgVqMRDWp9B19UtJ5IzClMgcsONdxrmHCdten4FdqJtOTX2lrNrtzpW1+3sNVdrzpPtaGn8hTou348cditMHDZYjBJXW7bFvFqo36PVbWqUb0y1QDhUIT/APknljtts+5e2buaTtmVIru8ZnU6oURwoAco0yoGKcYhWuomowlX5hyai9mXafFVi9CjxPZh1XJ6FqlWgNiV4n1lTYpfSjdmmZQRmSN4skInUSbaNvmjVbTd1jHCMvasGLUy6kiFWkFKmhK50z5YtLPuzcrPqSz9vMzFwZBBdKaLwIihlEyo2dPTXInENv8Ak3whymxLZ3fx78l8RuVIJJYbeps6qVpgE9lK9bFGCo0rylyvkPbDqMnuOpdhtnf2z26Gx3PbL2J2FdSSIa8eJaQ6aZUoCDzwzuu9/SXuOau67D3Bt14gqGje3bVlQoA0MaVqQ1QxyGC0b3x7yHT3uIR/ID8Wp066Jx6tzDi1fcbza7jYiae4uwOjnr29HEiuiLM0rAzMxAWPHTlzZdy7duEe/mxNzcvIesbW4KIEAAACOCrtWpqVpQgVyw1a7j2TvG1TdvtvEm1W8cemH5u1jmnZ+OhjAEKRkEDj8eo1xDQcJ4rXpQQGpx7YbmhFY18D8O2+71GxjsBCKu15La2dq/r3rzyh4BErCSUN9iHHVjJvG8sxLy3UVgzdQrdKk6Kv7saxiOlKHw54zh7f2BY0gEVk97E2gNaO8Ejc9UjuZQxNakivGmVKYv8ABwjh1xGaXk5prXjrx2K+0saupZuTBX/PmrvKtiCRS6gRj3VJJHoeqI7tv0SsFt9bF9WpVJAHmB6j7ACcaVNi7duDrkvioSOhVyAGoeFRUDxqSMRnKuNTaCxRfU8pSbV8gStro9hPstC/GLbRGKSHVtMrWr1i9+QhR4EEKyKTFJImT05sm4JfwSre2wWeAlyGinEuWRIJCoFoeTM3D00zEXedqi2meJtovn+VulCBllhMRY56CQXkXhUkqoIBUsK0No45T5px64uwl0PHdproqxvbLV6ivxPRpJE9iGvUaJNDv7bay9Y8vbrJ7aSR+bFvcOemL287bvRoeW5juXJCkvNKRTiQXiQKBn6Rqoc650xNtdv7s2A9aODb5ISoLdI2yIwOVSsM0tHy56CRQlc8W3bfKPG9rFybjWq+D4J95rF18351DZvuLeudsrBqtvcnow6KpqD+asll4FW8zhQuDnqFb7CYIrbc5Nzlht5JKhpQQHjzFFABORH4qA4nnuI3c9zs8OxRXl7HbBtMSq7AnPU7FdPPhqLeWKztoJ6m02j6nj25hkpx1n11HTyCxDsvKuNvtZrLjXssFaBrMJgMAlYREhmVh1KtXiuLaP5i4SRs9bS0XgeIIOXCmdM/biJue3ul0Tt9pOqppMIhBZWeT/7RkQGIBzjABOkGoBoCNenTl22q49t+b06W22kVBtSbsWy1GtsQv79wyf1C7Yljqw17EMkbLZSCS5IURUHl5gzJKbSXc7OxMlhGCzmMrK60quaISx91aCtcMttti+5RbLue4CHcLhlERlVo4zU/GxZR0wvD1hak0FajFp3GhTU7WPWzW4tzZtSTSVbdahQka3DNVZYpnrQbSaSlUiVfbSGWElWUnzIPVdZbj83YfMxBFto1zyalSSeBAJNONOHDjXFle9vJtt+bOZkkd1VgwEUoNRSurXVOHwtQ/iAoQcRvIOPa/WLr5bGmtGwkNVz+XDNTietWRWJjeehNXaPHuebCRU91/Ad8dOWO53ErvHFNSM8tJ5+0V8v8sRd32G3thHM0KEquZJEYJ8qnRT2E/bhlDuaNL8rXX9rc0OyWtHbhkXTxXLt6b8eIQhpqFyL3aMayB1dHQgfxJ3wZTWguVR7W3jltvxGtKDxNc/DgMN2+4Gy1291cSWl6B6VADqx8MmB4eYxNU/kfltS+2x49Z5Lr9zNBIl+1xy5BrhtqOuSH2689PbRW0KTxRN+XEoSQZQHHn5dC20xC3MFy0Bti1aSrr0HxQqylWpUBs+NNPPEle4rwXSzRfNFwCC8ZRI6U4yh439JNPxcaZ4Xi5V/SeLpx/leu1XKbe23w2+qra2ikHLddsHBqpYe/ppXn5FLdSGHMaRfhQo7l5Cwx0zcbZHdX3z2yzS2qwxdN5GcvG6VqVOtF0g6j+MmmFh3kWm0Nab3FFdpdSGSECNFkhl+EPGInbqGigamj08sVfX8l5Dagi2+z5VqvizWbu77uy2NmSs3I9jTSmr7TUa2paF/aWruxijBkZfwoKzdo45GcgWp2vaVXoR2q7hNCg6eltUKOM1ZmVh0xGTVQxlLEmpApipi3Pf6reXlwmxwySEuxZBdSxAaWVY2DO5lp6whhjVaaYiasbVF8l3NrNCeDS3qnDaOtoUqM+5iSpsFetCEsW4qYtUqvjcsgH37sxWBMKleI/cYTbHZWK693jiO7ySE0jooPsIiLA+YX7icTP/K7/cJFt9hklOxww6QH1qUP76LHIqSN5yaVAr+XUDCknyhWOnWi++epsKNdo9jf0dy7LNcsQNTFJKUNazrK2xH/ALiTJEWz3+5hnqNBsEq3jXdvCXidqr1TGwBpWhYx1ApUipBPDicSJO5S1v8AK3F06NxboPKxK8KBS4XXXM6dVACeFTiu3tiRf10NLSLc3U7flxbrke6WsBBNXjnQznxvTyy2VglkaGuvmi4QyenVmuqSOZpZSkaZCJA1C3Ns2BSoyFWAoAdFDU0jzoZkhiQyTyepJZGQMBwoSoZWFRU0UtUkFxwDCpEptPu7Umr2m6t2lK7FNJFUqVfbcSCOqDKWvVNdDD7ySSWZUMyEGNs4C6Vt4fkbZZorAj1oZiDITmS2kek1P4f14GWSR52vZxDLfRsgV+ip0ajSiVY6gtKsWzzyw73ht8WhrbqS3f2N61JTof0zS8irW7zba1Y/P1k1alNfS2RNLI0bylTFCyFvHBz0Ni9vucj2XojUNq1SJKBTyOilRyJpnTPPC3kF1tqJuj9aaaVNDKlwrip/gJFQfDjTMVpiQlWvLqaIEk+o3hivT7Eu9XYV9Fh3jip6ErJHV2M0ysJJ7VlZixLlI2wD0zE0i3MyEl7StAQxUzH/AOcQMh4Ba+Jw+8MbRQqW6dyy1OoBuh/9EHifEtTmBiRmlu0KCxanb0KWwbYwnZ7Q16etk2iMtF2sbWytQ2NnfK21aNomgaESsFdELRtGSCN52W6imkgKaVTXqCNUkBC1Do4HMVrXlidLeXVta9OwkgjuQaNJpCGQU+JgEf8AM4jI0oBhxRi0Fc5r2YZpNzNCl7boqVrF0T3LNqvPNKBXd1isUljrn2/bg8Gwo8Tg5nvVItUZuigp06V05VoCcNxLaB1nhdjcSipdiuZ4VNKeHJRlhVlrwXtektytJDXrst2nNHJsL19ti6/hwLMWotX13vD3TGr+608v3+K56jQhpLefTG1HOqNlowqMx6lqBQ+Jpg5xH14JpX6iRikinUNQrnRCA7ZHgFr5UrhhsNvqqF5Gu2ZL+v2YmqQaeOxFUobK5N/LsW49ZsLdv8m3NWSrEWWPwV4XwVJVzY2sF3e25ihABVviFSdIpQGnnqy4Zj3Q7q5sLG4rPKzK6ZRllChjWrdNyCw0hRRgBx8BWXi2Eh49X10lvb6TYR6/8x9tY31Rooa6wrM8NLVVdDZgo62LPgQ8xmZ/L+cf4FhPat8+ZtMcrMyxFGhLMrHIZs6e3IEefIP/ANSEO3LbxvLBoDSBkmVUZRnksayBfDTUcCac8TVbZ7ilynjo0vLuO7Cndqrstpa1sl2tvdFSu26zpKLG3rC2YpUKlZKaFywfyUoniYC2G3T7fdS3NjPFItY01QUWZ1YiihGcE+B1H7ajFzNc7nHuVpa2d/FKkiCVgjskkWoAhy8yhZFpxaNOOVMqmlrDzLR/IdrkXFb0HyRxrkmx11DlGybju2rXaGqn2AkvvX3Ov/qFVRq6LJSaZFjd18R7DnMnWgW87fn7bG27tG223dujmLTMGaSQqdKrE5RnNeIpkKtQ0pjO/L9w2Hcn9S2iV90264KJOPlZE0JrAZurGrqmYIBOmpFMgwOJLi3KeN63bQ6y42x0gtbLfTDmXL+Jzz2p68VhIv6Xx7URJsKumiAjRZLuzjeed1QRRAscR7nZr65sBcUSa7jggCW8EuhRIY21PNqCdZm8IiqUJrmMWe3bztlluwsVE0FpJdXGu6lgVmKBgVRIo2kNsq/96dWckBQKMcWHffOlbkW4k4Z8Vcl47e11V61CTZXrdnTbKxFZjp6+xXoveg19OWWe3dkaJlWEweLGRZmVQYtn2ld2lj/VO47SWNVoyiPptpPLVHGzOBlmWLHzoMHuP1Et923A7H25fxvaLkwk1rrNc6SsFQmlPSAv+nxsPHdFrK1epcetb1lepc2WstC3r4KLQz6qwjNuBPD7I93cSbp0XziNS26EARgFlhXF9eyFso2SWPXVKkFKfyWFARkKg01R0LKCMWFrt+3jTO0TxoGcOGYAI6gESKa5lq00kmKU0V1U0JPyblacX1stzkO+eih2IbT1th/UKFmfR1I6un2d29GsLQQwX7MkkgZY40wGWMMektNpbc5VG3WzyOy+plqE1+K6qHhlwrgb3d0sIGkvbtUjhKlASNRQ5Sq1K5kkEUqMs6YwXd/3Q8W0dzaV+OSXuUiGSAUrEcctOjJNW/HE133Lw/LiDmMlTEYxhQxPqp19l9PL69hWS8IgXXzGpiPKuQPnXlTGGu/qptNpPJFY6roaOKtoXVUfi+IH2DGQ3/7iqm9Gvn2HCtVtF1mzk3Rrpe2NfXbvkVgmODa8hWpP+Vyf8FMCL3yYopEB7eg0Nr2BLZ/MdLc7lGuIRGWrqdUqSVjLU6JJJqyVJBpSmMZf/Uq0uzD19rtplhmMoib0xs9AA0zLVrg0AoJAoFBhSX+5zdKlhTxLjrflL7Mslx7UwVgI1WwizECKRXhQh1z90YX0yekX6ZbSZUHzVygAAAChQfEgkhSScya5kk88WY+t+7xBnO32KxvHpFSxC58K6a08BTIZcMNYP7qPlWooehBoasYErVVk0sdivUnkWVVEMMxUs4EmQJGKg9/UDqQ/0w7bkFXW4kjHE6zGw9hU1H6eOK8/WzvFHJg6EAAooEauoqKVOr0/aeOMa2Hy98iW5Nhcvc43Ek+0mM9tau0mpPPOAogZ4qbxoKwAIVcDCr6/rprftztuzjSKO1h0Jw6kaSMT5yPU+8CuMU/dvdl5I+u9uvzCWqshjVTzosbcKVoK0xIaqv8AGW9ave5R80TaG3aqRzXFv/H/ACnkd6C87ssla3Zhty1pYKgiXxlSU5jI+3OR1Au923+x1x7TsXVjQnS0d1bxqygckaMn9Q5Y0u2ds9i7pElxv/dItp3WrrLt11csrVIprjfL3nzxoNX49/t+/LpXdz/cPe31SxK6T6n4++JOU3twyiMTFoztng11aqW7B/GWQMCCuB1nZO9fqBLBLDZduJbTBa67u9hEQ8qw6mz4/AvHG4svpl9HoBHcbj3pPeWch9UNhtF1JN5FRcSLEvsJXPlzNR3PHfgqvvvxNdzv5H3NUXJYNZVrfDnsbaWMyKles4v8torJbkdguErL+mM46nWW/wDe9xYie92vaIpyB1CdxZ49PGoMcByy8R41xRbp2n9J7bdTb7Vvm/3Vq0gMSps6JLpIoARNeUJqQQNLA8s6Y3bU/wBkfytzjS6zccWp1uMarYRyTf8A+3Lms4/u2hmlb2JxxrStyC/q4vFciK6Y52//AEfWI3P699p7Nd3FjvFLm/hkAK7cJp4o8vgaWRY01V5qWGRFeOPRrL+0/vTfNvt9z2BZrSxlWo/qpjtppRXKRbeFpWiHgsuhyGqFoDTRKP8A8avKLpjHLPnfhmtWEQ/kQajjnJNwtVmVgGjhtNo4PbX2/HzUev8Aw9ZS5/ub2n4du2m+lPLqPEg9hCiU/pwxsLL+y/uhVU7ju9pExzPRhnm99SYhUchw515YvNX/AOMv48ic/wBU+bOR2ofL3Y1oca1VNzAkIlm8vy7ttpZQQfEIhXBA7nPVFJ/c3uNWMOzW0VCB+ZOxP/wICPeo/bjTJ/ZnZJGfn98vGjOY0wwqferyEr7CTi40/wD41fhONE97l3yDs5rK5ia7d1Wq1yn+MGSfWaG9MruB4hVRlBYHI9RVXX9y3dWvULHboEA4KspH/qkkMa+1svfTFpb/ANnXazRsqXu6zzH4S6pGB/8Ago4tTZV4MPHFT+Qf7Xv7JviCs205xyfZRTCrHZTijb7b2tnZMH8qaKEQWKl7yaRu7vGifQL1Y7H9WfrB3oAnbNjD02NOr0lKL569RH2e3FVv30D+hP06T5jvjc7gTKK9IO2tudAqjUARXNqCvOtAeJfnDmX9sOx0+r1HwR8W3uNbFb62Nryfe7W/csy044THHV18Fm9IIhLIS7uy5+n7Ovbuyts+p1reS3nfW5RzRNGBHFCgUBvFjQVHLiT5Y+efqPvH0VuNthsfpntc0Vx1C0s9wzayOGlAWPgG4AZ8ccqPYVDke2uML/EhPoFUyZ9PLPr369QAJbSoyy4Z18gBmTXljw5olPrlc62PM5+WqmQFOZyxvvxB/bT81/OO1Gv4Rwu9Fq681f8AqvK98ZdRxTUQ2K/5SSXNtPEBNI1Y+4Ia4lnKEEKAQevPu9Pqf2T2FZ/M9xXsQlaoSFCJJpDyAjBBAJy1MVUczj1vsL6F/UX6kX/yewbe8dogBlupwUtokYVDNJQ6qjgsYZjzAGPsF8Qf2a/Cf9v9SpyDnF2D5C5ZG0bybnk8lTQ8Q1tiBfOQUNRbuJHPXrnLe9dtffH97qgGB8Zd7fXHv36jyttfbcZsLGTLpQaprhlJoBJIFAUsPwKGAPBicj+iX00/ts+nH0ptot636Zdz3eAavmZ9KWcbUqTFA9Y2KZjqSTAhSTo5jUrv9ylz5B3VniX9ufHbfytvqIjob7mMtmPU/Cnx5ABGjTbDm09d6m4tUYlLJBrq08eF8I/dOGGcg+ma7HAN9+pN1HtG3OVeK3YfMbjfSEV0iCqmGtKVkIpSpFOOvf6wQ9xXzbJ9JLKTf96hLLPdKwh2e0WtPzrp0ZbgKDrHQikY/ACKA41/gHw7NpqNS/zy7q+d80nmuSbblNPTrpo7Ec09q7DBrqGyl2jVdfqIp/bjsSsbF8sZHZCqxjBdyd9xXl09r21FLZbDSkcLs07qQAGZqiMF3pQggpDT0KxJJ3/avZzWO2xT9zTW26dy8XnWPpRMDL1FSMBpGSOHMIwPUm/6jIMhKcqbZbGd+N8H20S3C0gb8iibGoay8gBoPtoJGd1WokjvHDGzWQPEyrntXbVLFb2n9Z3q3BtQ9KiQdWgBNVVqMK5eo6dIqaEihu7/AK11p2/t+SP5rTUEoejmaZni/wDpRSScjQVYVSlotVpNpf1XNH5Tu3k1E9naw8ZrS6va7bYtEY6ens7PTy09jo+KVYctZrayxUabxjjlmQsS2jh3iW6s1vdojtltUf8AKWabqwLQH85hIrLPKa6VMyELqNEamMze7IVkfbby4ne5Ppnlhi6dwwIqIEaNgYIh8emJ1ei0Z89QuFPjserq6CPZ8r3+/wBXxfU6mPW1N7qqX5vHrdjY3J7VaLY6/wDqy3Dr5WEsbMj7B1kdZbUyhR1XT7007TQWdrHa308hE7r1PUukEFYpCiq1fxRiNKfBHGaknt/aXyLxXF7cTXlnDHSMydIsihiQBJGHZqEn+YZJa11SkUA1t9iLNyPW19htY9PchktbRUsbetsL6yO1nXVXhbXzX0pSkTTMBJEVbA8ggGMpFaE2z3bhEvoiVjfpxkQipNGOqmdNRJ4k5knM34lilgY6Xmirm7SSLIfYKEDw48vOmDwWqW2ubL8bYmK7sHWGCnOsbJRlmH4SV1tyzMbBtayASWHT3Y4fcKsQ2OkNvOoSgVijVyLDjXx+/wAuGDLIimEqVagDefs/zx7b7rifGmEFNatz8QMtHRxyNsVpXIIZYnpaxE9+5aWullI5oz5pGQB6HoYLLct0ilacsATR3BoFjPnkOIHDnw4YCaS0sXDxB0ZMgaDVqIzKGtVJFQTxoTlhjQ+O93u91W5RyIxy7pNtDd0PGbW1uw6bj2s16WDFstrHTUav+s22kSz+VNC71BAkUSdy5t5N2tdos37f2hjHFLHoml6SPI4plRywOjMjSGQ1qSTUAU39PN7cDc9wqEWvRVHkAiFfirqXqSMSdTOOBAByxf8AkcyRUzqGkvxXKsK25LCvRaI2rVaSOMpZlSxFELEy4w6lpWx6Dv1WWbW9rbpIiRqnU06V1fAMqU00FaVpmB4niTWMz3DqgVQD6aEleXM558Tnx4ZYqO+3USaxo25HPoIrArrsr+v9mxf09edE2W0o4uD2jPKyRCxYMgaKKXBcZx09ZRXfzLSNbpNWmiOQnQ5PI0BNQPVzqQAcPsVNvSOTRcfjZfwjxz8eHvxi1/8Aq1+Ga82v/oXErF4XWmtfmXeZcvjgkeWtbg0KsP6ZrbcsaRRGSTzeFSMKFZ21arb2rKsr/Mbs6+lslt4lNBoLEhqiuXppWgBJJGKx/mFJdBSyTMBqmd24ZKoKlOfGo5igJw/4pRn2Mg3GyOvieKOtY12p10la1Rrh/bArGda490ylfGSXzaE+DhHkwGaNuc8FhCtpYB5FUEamADFi1TlWq8qVoacsWG120903WugFiatKGuVOZ4E146agcOIONS1dbVa7XCarXXFY3LFWg8HhAyfi+VQ64xpBPixM7AyiNkyDk9ZXqy3M5dzrOgrTmD41NPHli7jS3tYysJHuxV9iUqQaVZm1jRPQv7feTpNVsiCevNL+PFk2p42LixlY5UH/ALa5HYdWcbsHdwlHEvTVcqk0PqH8P3+WGAmtC5djCOJwy3t+HkclbXz7mOb2I9dtdlTMbmPzruk/4JpiWSjDJLHGg8QSZQSBhQ6dLamXby9xNEeo9VH/ADChIrT1AZg+NMRhHFuNLSJ16YNedaDxxoElbWJUiva+EqJ45musNnFJRt37EsbTMio7yJZuTwhGyoXIJ+3OOqyMXDyPFedMtH6cq/CB6ciOJHxcq1piRLKUk/IoY6c/LL9lcVXkljZPLGNTXrxbCV461KC2xWSaazFTrRCzNEP/AOmVraTyOufL2lBAJOOn7eOC5mpcFvlh8VKUHl7f2Z1xJWW5t7Z51VTK3DwxWtlsqtO7W42tuOxX0e2hvbia1/8Aa3X2+R3I4Hm3O/MvsxbGmlpUhr108kK+EaoUQyPfW6yXUb3kYzlX8tSuQjFPSPBuNa5ccZu/IE5DsTIz6SRwrx+zCu72BNSlLWilgvU312ukkuyGa5stnDPF+bLPAYil2O4kqyRShVQBioBVA3USinVT1darDT+GmWlq8/tHKuLWwWqqhOVcief6ccPdXdSPan37Q/p1lbEiiWT35oNkjSVqdmVYHmgCexC6hmVR9xXGR1BukleDQVZSCB7RSvDn4VxZjQJCxYFwKUFa8a14YrvKa9/ZnkEB2kuvvbOavFBsZ7JrDxpRWdvp9drHjhSCKJoLUrzwOo915nCuB45vNsuktmhLKJIYiCarWlaiStSKMw+GmQpniov7Sscghklj6wplQMfNfL20PHLElp57eo19obX29fuLFPUVljh2NWGi1inqoReef8srahb8qSK2MGZijlMeXbqDfdKe70WQYWwOdeIHEcK58P2eOHollt7ZWkKtMD9v248Z4TsYNnPUk2VuVPfi1ECzzJFXSsjJtHFdPd/HPuOztKiKq4JOR0kbGWMw0OgEVPAU4Z19tTjgVjmWQyLrbgM+PGntyxCbfeGFf+rNqCWWaaNvw4lDxRQeMbmobJjcVaZvJJNLH5I8Pl3wvVpHtLBtCrEVArqcnM8cqAn7QM/LEWXcLVlMj6y7HgOXkfP7cZ/Js9cd1Bt+SbOezXFadqkMln8eVdXWNW6YP6VB4SRvYmrpIpAYtNIGzmIDq4SG9Np/T7VAqsKnTXS5NeDZj2aqUxXFrOG5N+XrMsXpU/Eo8dJNSPZXP18QBiX4jx29s9KLNStBpuJ6Q3ptUlmpPYkN7bXNlv196oWS1dmFqdJZ8+MS+KoT55BibndWsd0Vc9a9k6ayaSMtCJG1a8iiaQQK8KmmJOz9VLFI7RdFpV3j/wDqSF3Y+95GPjnjZeNRS6fjVW3ubz7fk12C2kbmqI1v7R5XgrLHDW8PxatlPvh9sOyRAsS2CRldweC83B4LOER2CgHP49PCg5Vr5jhi0tDNZ2CJdSs90SQ2rm3EFedAMs8ahptbxHUa0Xw1u/sb1o2LotV8VYlSksVSMOrSOyySSNIVi8iWUs4BPVNeLeXMjJCQLOGMJQ5EjUTU+Jz8eWChXSGjUetvVqPh4Dnyxnti1a1s+vpyNEX2jW/zI4VsJPJIZJF/p1RFk8a6zCVU74AC56mpA+t0bLQgYZ1yoMsq4OV1CqgqUOY4eP8AjiRvpLBUm1Md6GttyYZo2b2vcgreGY/ahmBKRQMAPIKT4j9eiTRLJ8wilozwHhlwp/hg36pQ554f2bM116WvrQROIfZsWJGrpE9QUqlYSVbFpo4fH8guAIyPuz9uT0xBHSOSeWik+mh8Bnjo3IFZK09+eG0jtDsadkPKbFwza6xTaNzFI1NnMcqhI5fCWLzAby8fsK/XOO6dxJasCB01FfOleHA+AwRmQMseoamNAMFkqT0NkSGrLVuywRpUuSQQIluxFKCspmmVEDlSRgdwQMZOOhYiWBVmVjLGKVy551J9h54fiBMh1001wwba1ada0k92FRZRnoOUlNWykP5EYWMRwh0etKFL4x4kjv69IIbi50yFSrE5AEf44IoChVPwZk/4YlTPRuWJZKJjvxUns3YfaAqxTzSGP3ajNbmrM8tXKxMMSLlyVBHfrmL241yNoOqgrn+onwwIUlQSKk8PdinWOU66hdt6qzPXFp0hkrJOsNlUT3K8McD+LLDaKyTGMBewKN3z62q20jwi6TS0dM6fb+o+WIWqaaToBG9uVMQ25s+UkdaB9nXsyTrNrYK3kNWs7WYqVhIJrS1/KuJplmkTyLhwPEFe/T9noZOsEiI4AEtU+4DDc6SQsIGRsuY4Yzbkcm4W2JIKmp3cms3NW/FQtfkPR8z7kG7NerZneC3a9izJKa0yOglCFMskZ60ljdW8QkVpZE6sDI0pALseWsVoBUAVUnPjlXGev9s+cYKEWW4WcNUkr+XT4RQfEPPLzxX9zZ5BHv8AURxaOO1o5NVPTsV682wrlLckU8i+WysCzJdnRCscQcKjFiFfKlepFlJt0m2ymf0X6/CzD1MK8wMqcxThQZUNcPTWl+b6JLJv/usfGKii+Of3D24zDmrbCnudWr66/Zr29tx3z0h2Nyvar6LaxX6tnY1FBhis52NAR+3IxClB9uWGdDsN1ZPYzlSqslvKRIR6TLHpYqeeaOCMvfil37b5BfQW8itPC1ylY6+npuHBlBHHTIiAg5ZrTniW0lTY1+Qrc2ltbutqcZ1u4gowxa2be1bO42uz1l8+9bkeIWDBTipCJikBIbzb06Z3DcYZNoFvakR3rXTxFzq0FEiSQZLnpOotWhNCMhxxJ23Zmj3Jpr+t7Etj1NB4iWsgYE/iAKKvSNEqpOrFwMWsN9Y2TfG4sEE39JsWKa0tZBRlkbYWZBVpWVoCShKjAiQF1cH0zjOg3xtzEDEYVPxIGDNXMfE9DShFaECmNH0bRmjldQjg+lW8ac6VxF1pIKZk2dfXXobKPdTT2Lwt7Pjde1riJLME2s1tiS81RK9uB/OWsEmWb+WGOR1ZiK7miEE8o+ScUYIfzSCMhqai5tl8VVPHLFO81tH1OjDqulU5PTpNXKhIJanPIYfUp+WjZ835VPftTankEOp41V41rby0tZW4uIHsb3je+1sH4E9mnyjb11klkQME9pETJToZJdttrGz2uyiMckWqSWYkmSRyx0MCtRQIFopIIIJPEYSNJL7crjcdzlrrMYt4lACQRJGqlAciayB3r+6wB4UwlLstBqrEcKa6GobEW10lO9XNxmpC3fqbI1ZJJxKtoVUjXwUqMqwLYJPURIbu6HWSRmjEgdhQZ0jaMU4Z50OLp7mIVhyS5MelfE+eLBS2FH2Kja57sipD4PbiUzrQaxEBNN7hj84ovdqq7Mw8kUFCCi5LU9prnoR6lIJXOhIzpUZfbTPECG6NtG1T6K6TUgePAEgnzxXbOm5ClE14r8W0qot6/b28E1azaa8Xpz7G1HUUwyflvHsFhdFEkDnEi4VGIuEubRW65QR6nUUPHPKnE5DjxrTzxRzRzXMbRISABy551yrjP9pxifW7XkliTkmvj0Gu4/Je223railYlGy/Aj2BNO5ZSREn11OmySCsv5EjRt7X2K6zamC9SSKG3hieW+knMcZ6hSOlNNG8mZhRmIGYrw9OLvraOJ5Nx3W5a12eEgkGISSmSoCldJ4BA9FrqY1C8SGvtqlrtSuu2Og117Z7u9WhevqYYoNdtTLNTi/JXkjUa1CnesvCisE8R+PJj3PWTxy0dxdXPVi3IiDaldh1nPXRQpp+WrZqPDh4+3Yz7faW7o1gzS7np9MSBYZIwQDpJU6G6iUEmfppRRyFW33xZx3kO3scm0/5Wj2ku013KdkIIVhqcj2uuoxLx3aNVM9mu/JdSskkAdkeSdrB/Ikx4kX1l3tudtZf0a9eOa0QGJG1FZIUb40rQjpy5FsyVIGkUrjMP9PtlXfBv9nDJBfdZZnSJUSN5EzR2T4XliFVWU0ZwSZdTAUqHKf7d/i/m2psztT3/wAcciiuy73bX+Abfk2qvxSbGhDYuQb7WjcbDXzNA8HvWGrQqq2JMKADg3m0/U3ujt++WFxaX23oEhC3KwOhAOmNoiIVkJRSQ2pjVNTEVAOMtvv0U7P7rtHaKObbNzeaa412bzQsXc6mEqJJ0lMjUK6RQSAAfzDTj/5I+FrXxzfhXlm8/ut49qJodYtHf/8Adep3eh2NG0uaVhLEmyqXdetz1hgljEjH7UDHt17T2z3xH3LCDtEHbU94mrXE8MscqkZ5L0VVkoQyupII54+Ze+vpy3al2I99ve+YLIgaLj5iC4t6HLNur+XQ1BSShBBHPFaq8Y45BraUy/3DfLWtry2pDXqcm4tsXSGzWINoS2U1u6rARGVU99lYF/2DtbSbtu01y0Uvbm1StoDAwyxrqHDIMVzyNRTKnnini7c2JLKE2fem8xOXfSlxt0xWiAFzrCSxkCta5A8q4e3/AIt47+P5v/cJVSYxmOb83f8AFNMpSV3sRQQjb8P1UkjzxSCVQ0ufP1AwCYtv3dftcN0+25zbg8VgmcCmX4bl6+4HE2f6e7YtuFPd9uX59W5trfUPACa3RvdTEFDwL8SNLmk+X6WxtJKJ2hTmfxXcaaOs4SkFozbLXIWmVU91JCmPMg9+3U7/AMm6jlL/AGhokOYL2t6ig+AbpuCeNAOQJqcUTdhi2j+ZsN/gmkR60Xcdtk8q6C0VByqSeIyzqBs/H/yRHYa/rfkvkMVzM0tmpAnx/tY7M0VqG9DBJDS5zJDNVjJVVX2G8QmB2x10fc/b6kxzbdEx46qXcYGXCrWpz51qB5YJu1O8BP1bLe7jSaakSSwnTVqVvhjvgvADIoTkM6GmJDX8I+dtNUEvH/ljl+oimV2MdH4vqBYZJX960qXKmz2MzIBH5IVck9/QdQLnuTsS4fo3+z2DV4s19Rj/AKlaNSPClFy8cWln2b9VLGFbu03/AHKFQo/lWKMoplRdEpWns4muIKSjzmdhLu/lvbf16F605m5fx7l+ipRr7BtXlbW0eIS1QqRsrCRpSyKpwCOrWC47d09La9pjayNf/ss8MrgCvDVcVJ5UAOKiSHuxJBcbnv7i8U1Iu7e4ghPOhWK1II9rLnTPliwUtO/N9rFZ5F8kajS3LUWwgpT8T5Fxc62xGyRGLz03IdTqL1uOa1Xikm85I5fbyE7nIjtuS7NbGDa9ru5oAdTCaCVnStc1aMsq8aA+oDwxaW21r3NuSy7xu9rbXRXQGt57MwuRmgkt5YraZ11AMQ8tMshqoReORazlnFEpNX4vtPktauvjio8g4LouGag1K1L3Kntyay1Yuz2dkxYvGGjmcqSwY+ozllfbXunVf5qLbWZ6GO7kvTU0B1hqIq5ekeoKCp9HM7bc9n7g2SOJLeyud8uVjynsobBUjrXUpRZZWBJqwoCaHN+QxjbcU5nvLdWxw/4p30IiidrVDlGlh4ZyCru4LNi9Y/pdmpFa1dlNrUt4Ch1LsDhRjvtrXfdgska33ndLV45HFOjItwrxgKB1B/NUggjNaUpxx5ruPavdF86y9u7LdrKsNHW5RrS4jlLEt0WQtHIuYNa1rlljNeacu+VeCSw0+T8O+SuKVTFNTRbvIeQ1a1miXDw0YrsKy66xFBWYgoCw8XJx6dabYrLtTfVM2y3u3Xr19XTjjJFPEBlb3jGH3/evqH2lotO47LuCyipVRJdXAB/5lFP/AIh7xhpwX5q5HXRtFxobfYXdl7BOtr8Xq7y1sbUSyxLXlWrXnu3FcLGwdY3b7pPLHbL+/dobHJTcNyMEAjWhbrSRADjWpcLXyzwz2x9Q+5ZCdq2I3U08xBEYs4rh3auaMViEjA+LZ1Aq2NM2mx5bambaco49ynjfv0RWmReC800tOgR7Vbysz8Z2FaOUR5kZvOMOGIBXHpmrSLZkHS2y6tp465EXttMzeQDxlgeFF4c61Jxt9zn7juGa53va7+zuWjCktt95EEAJzIjYJpqTmM6+Qw6g5Ro7Gshqt8mcFFxC0jVeb8N+QbGpmCwnLps1ktzQySSSeKTBV8MHuDnqO+33cV4bhNr3JgxyeC5s9YHg8BVUavm3DEi23fbngMdzu+0KyJmL603B4n/5vU0dOFFUjKtcVHd+cNClseO8r+ILdmokdGKnx+5zShaqWhK89c2rnM6FeGAWoS5RkYFxgYz9xtrPQ/Utd0st5hgZqkzLbShwfBIHzp4EZcTinv5bhI0ve3N07ekeMhdFtPeQkGoNSbuNCFIFAVYGtB41y7c8u+ROX8vi5LBTik5HrY3p52u60u91yOIGqrJT129mGtj8Q2VMaOPPBDZ61lhtXb217W1m5b5KT1VjSSGQ51Adohqp4gmhpTnjA7h3N3xundH9dgVBvEK6EWeS2mjAppLIs9Iy1D6WVC4rWuWJvhPKfnD44sy09bw6DZbncSfnanbcg1VbebPUWa8cq/m6WyLRiqM4lJw4ZM9lHbHVRvO29j9wwG5u7vpWsVFkCuYkbgaMNKnhTxrxrXF521v31R7QkeK02xJ9zuAXimnhWeaEMc2hZX00LaqArpFchi97b5X/ALgN9q/6R8g6DfTV/d/Mq7P/ALe2VixZ2lYytX/Pjj29OCzVy33rh4mCgFDjqnsu2uwrS463bV1EzSfEgmXTSgBoWRvbma1JzxpLzvP6sXu3m27ys7lLWI9SKVbVv5vIyqsqgp4go58ABjNrHPeR8i3dmWehQGmSfXWr3Ea97fca0Bq6aNSaC6/X3qMsK32gEs8keZzIezAAHrUL29tW22S2gLi80kLOypNMC3PU9QacBXKmMdN3nv8AvF5JdSW0TbXqty8Ae4trcxwVooihkjEIZiZCUDOJKesgZ3678mcZqR302XxfdqR7ixXvybni2431mvDW8FODW2mwMht+PgspZ39321Z2YjtnE7Z3ifRLZ7kJXiVlWOaKOP1eOqNcxxyOQ5Y04797XtVng3HZGiS5lDFraaR/SAcj1ZGYn97j1D6mIIphbXW+ObTkEO8o6b5Cj4RJT/6Katw9RYsCN8zvJtrEksVKYSFYhaqQFlRfvdVAPTN1HuVrtbWElztp3nV6g1wKAGgoIwM8wcmNfKlMTtsv9nvd2TdTZbmnbpUaBHa6GJBOfW11V8x+ZGGqKCuVMahybaaqhNor13i203fFr9WWzLx2xFXi3Ov2EccC19rBcJh120RfaPirtHajciWN/LA6y21W1zObi3gvIId5icfmoQImX90AZjP4gKo4FGUZnG67h3Pbo+jcT2U9121LF1DBPRJ4Za06wcnSwooAGoSo35qksAMRHAvkq1xr5L5R8oLt76z8ha1d2NTmCby3utzLDQZdDT13IKHHkFipDblElXwepK08UaTPJDHhrbd9oNz2/a9tJBH07aiKbVYkijXV6naIzOFdz8fplC1PTCkmmN7d7hnte87zu43khluSSVneVp5XCnSiSi2diqCvTo8bMPy5CyqGwrtOZtyDZaefke7+V9a3IKcVDXTcnbd6kUFjs/1B9es9S7yC5OlufxkrpPNVhm8su4jHj10GyDbYnj2+320i1KkhFVqkjTrDP0QrAVDFUcjkvPEq77jbdZurvb7ykd6pHUkaaJFAIISQKZjKrUFAZIs9JrlpOW3/AJS4lptNt+Occ43y/dcms0JYYbtjlc2212tKz+5dubviD6KGqJG8V8YorLQxQlQ8rsCTfW3am7324W+5X13ZxbdFJrKi1UStkKBLjrVZaczGDqrQUpjKX/fvb1ltc+0bftl/PvsiaUeS7aeOFtRBZ7RoFDMygaVDhVUqeozVGJzUtNqOC6kTbPkdvnUFu3Y0/CuKy0OT2OL1mX8SXZbiGw09WitwSl2iQN7MTrlhkdMXcQud4aS3W3GzFdMks4MPUI5rIoJcCmmrAVI8KE2VjPbQbFbL1NyHedXa3srR0uGthIAPmHSZCEOoE6DkoIGeNFr1ORf06lFHudfFUr4Gzh0ccuqu29nLGBJcu3kXYivWJQeXtFQ7HBfv1SCaygnaTpT6nzTUxZI14fDX+Z5Go8ssSLf+pTWKI00NFFJNK6JJX8mFCI+dRRvPCuv3W717wwSal5vyPemuGHbvVnoK8kMV6wG2kENPztSY9tVb7nUBQMnoJbG2uqTGcREGoLVo3HIBTWvM4cXdL2yIi6TzCtP5g9P8QMmocMuBNDXAbGp+dXS7Y4bY2MgEDWrYpcY3sMkUZib3/wAdDXsWLwkXxGJWVQuGywJ6W3mFu5jjvIkUMSDqlB9lKMCtPYcddxrOonNizytkRS3mUjjrz06XrzA4AYhv6DxalJCjcf2AlsL+VJYtUNPAY2dihiavVu12eyWfzWSNwyuAuexHU5b7dZPXHcQ6CukUDEU8tQ/WMQG27ZEAMtvdGTXqOrRWvgxWQV8vAYKm10WlWNdn8cSchq0K7X2msa6ehJWJmWNQLFiLaQXhF7haZIVDsyjxx36U21xc1aO+WEyZUBoBTPjVSPtGHY760swYrjbmuAgJyFSeXgwPGvwtlnQnFlaX4b2c1RZOK7HWwwzQVr9iXi7yWa6QBpn39qtDx+anVrJPKQqNNLNNBjyVe/URP/LLYu9tdiUk5N1wgP8ADk7EimdPHnlg5ZO0ZhGJLQWyafUrwdSlc66emgBPJs6itVXhilbnh/w1N+Te0x5EZVkrmHXaXQ7HXe5da2ZfyYjWNaEusAdg0iKIQrFFP2qLqz3DvB1WC66EhA1HVLGwpSmnUy6h9tOfPFHf7V2OEkurWSaNgAgEUDRVNa6mVCFY5/ERWgpXIYYvo9FGZfY+RdvXq1tpJtLes2up3V/S7i4zV5oL1WSrrWtX4wGj91v5JyuABjPQ/P3YKKNuhkmdToaOZFdB4Gp05GtMscmzWCr0492u4IFlEjxyxXHQkegowaNJHpSnpBC1HDjVncbQGnKs/wAgcqv1YWkaXWT6e3HDTV4vesQ1op9NRBlXAELebGVV/wCADBeggv42Cnb7VKcHLEiv8Q1nI/rOHZI7JlLPuN4YT+AwEgc6r+QpJHEerl7sWJLPGfkJUgrfMm1tQxay3/WKz2NYNnHr6ypJWxp+UXqFZzQbwiENaVG8vFldQGBqZY912mX5mXZ4RKZQ0bqJQpbhpDwgtGCKktLWOgocyMXMVv253XEtjH3LcaWjZJoHMUcjmlAyxXMkcMjA5CKNo3z1DgQTV/jjnnG20H9K3terxK3tp6kFiWlBqre18p0aWzsaNq3HbmliT+Q7M0yMQDGzJ3L57l2fdILhrqEndkhrJpk6ixCpoqkegZ+qgUcakVJxXHtPeNmkji267j/pElwyqhiWGQnj+YNTOWpkCzsdNACVAOLFt5ePattlHY2D7DYVl/qa6KnZ/PU3XmaH/tyjHO6PsrT+6JXiqRyQeAMnkjJnqNYQ39xDHIsSxIT/ADHA0stK6ywyj8PWApI+LMDEvcLvb7aRo3me5kVc46lmVh+FYnqJPH8v1Z/Bi7Vk0ti1rI343tfaAikp3NXFK9gG9WnW7Yepbh/JFHWW1SvZg8sIg9zy9sxl6x4rnQxS4R3oKqajI5qRQgUkGaeFKHPF4s9re9JxaS0DGhFCSw+Jcwc4zlJ419NMMNrqmjq2Kljk9GrTsVLBeLjdWHa7cPZvKIYrTWIQmppWmjAmEK+8U7sx8FwtldCQK0Np1JlehEhOk+NKEVPhiLuVuUR4bi/WFCtdMMZaRRyqc9NeBIzzpzxGVeYJxrXx2NBBr73JZPGPZT1kepNJJctN7d3YbjkRt8hs2EYFAKwJdpG9pPIKVnvtUm53csd00qbcQCASAopxVVACnOubAnzpTFbHvS7THHdWKx/1TVRiqMHIPNjIWfPiSpXPhhtvr0m2qVmua5r14mWKlb09dIdzW1UdY1rk17bbKaNa2nsrJNEbBAkxG65Vgw6Z2+2trG5aS1f5eFhSjj8tnGXwJpB94OeGt1uZ7+2RXgjuLgNX0jVIqHOokk1MprXgQPLEZtKjLTq6mGLT6/Tz65nva6rSrznZxJFX/HlozzGOGOWBEJjeRHk8k8R3kXE21nSW6e5fqTXkb0R8tC5Zll4n2A+GGruGZbOK3jMcNlItXhp6pBX4QeAzoc/DAXrdPVXdNXXWWWkalXSvsIpTo62r0jVjYcVN3ZlNyG3K84Y1lL5cYxjuOtFe6inmedBoz0tmzEHkmSMONK04AhsDe6rVobVrdpS9AHLH08x+YFZhwpp1KtMj4Yk10E8UsXLrldhf1IGt4/NsrlNlRbLvLDaXWR25Z9dU2ty74flTqucOqgYB6H5kJCNssdXSn9UmmMu4OQ9TGtGooy1OAtM+Qefb5oW/ql4q9WH0ohaOONgc+UlI1qT+YaBmqKVqTI2dvZ12njjXUa+tE3v6v2Ip7LXBFcM1olInnMnvU/dSSC4rRtAkbv3XIMaC2Sa5ylmKNyYAUplwpUYlz38ltY6Ft4wAr8KknWOZ1EHT+Eg0PHyw8sanf3hTn01GC9Kvv1/wH2us2lyrbn/Fj1BGveGG9Vsy2KgacFmirtIcMwPRRXVkqsl08ywjMOUkpTnqJYilK+/Dd1BuDxpNZpASSKRh4tYJyFKKDxP2YTvQNReeXZVdbTt1djQ0v4FzaGnbtztDFPZsUY5YrEU6aVLixtIwhjd8pGSDnp2FFmiQ2SSSIQzkqBSmqiGhII1KSa+rOlBTDN1cPHJLHcNbJOjoiiSQoSdJMmdGUlSKAALlmTlhyv4TWWrVNhxqeKvrLde0dzyjTaia/RrNDBZepJc9yevbtN4RlkZ0K+Sqiuvl1HUXEQMk6zKnUp6UZyDQc9KgDnTM864fm+SnlCQzWmlYwaS3UEOpc6kFmOo1BAAANBhvTt6N662/wf6qkVmaFK9YbW3Pqq9l6rVrsVfUU7qRvUNYK8mXMrSsUVAenrm33Qy9GN5I2aPWJNKKD/q6joPdX34jW1ztAiW60iQNJpCqkslB5NCJK5jiBQjD/jelrUorc9+T5DqX59ZDY2O32Mc015GW1ZuVOO6uzsYHhrV3rKzgxlYmjXEgLd+ou5bpOulIksCqzURFl0oUII1FVIDU4+BplnTEnadvCazcx7moaDUWaOrI9RkrkF1HHOtQOJwvoNbyW3zG/wAj32h1lvUwfnUNfxk8w1misnWQGtW1EO53kFKzsLNwMyyJr6cSF7LrhioJDdzLsy7MNv26eZJpDqeYW7ymta1hi1qUQcDLIXFfTTOof2yx3d99O8btDby2EQIiiNxHF1F4apJtDM7f/JXS1fVWikHU7HHIP6dsqus13BII9jrthWs67kfOb8zUWnluy1xU2Umw0/lDXaSQJJW84fKrlwSSooDuQiuFe6O5TSLIjo0FuKnQMtYRJAKkZgkNTypjWDaoltpX26PaojJC1VuLgkKrmhoXkjJI5aRp99cSsEWtO30ssO94hq70NOtAJuM6STlEOxMlMJ/TP6nst5DRry6xKrxi5CYgLTKRHJGZHDMjXBWfq293OkjllE0wiMbMa6hHoVkfPgwPjTD4ijF3bRW9zt8EioEMkdsLlJQBToCV3cDxrGVX7Dgm345UkstsKtnlEjj84WWv7fhnFaG0hqUKsVO80bbapOkc8vtFo7E4sKsHkVMjEdSYN0njhEd3FH8rIKIYlu7t0bxqY1Wo8yB45ZYauthtpJDLaS3AvI2BcSSw2aMBQUprLUKgLmTwqPV6sVe3y+58eymjuNl8XUeMNrbNivuNryyhveQxbW5JmCrC2mEGykl0t221mGzJLYlZYfDzOR1Ni2W37gV5YTucu6HSjokDwI4RSA79RtIHIpHQV9WnKuIs+73vZ06xXTbOm1MGljla4FxJGzsKxq0IErZVNZWbhSuYxzhz/wDun47/AF2Wtr+P/GXJtbQM8ev2U3C4bN5o3t/kEW7e2ry2Nolxk/8AcHhNDGw/meXfrc9v/TlYrBWnm3G1nZqlFu2oOWQAWi/wHUOJrnjyvuf6nwS37xQwbTdQhaB2s9BNSTmXSrNnlIM6UWuWOY+Q/LvJ99lYdnBpdbDWXV0aOvWClQgorFJ2dDJbluWoo3MaTTeUixkqCAxB9Ite37CzJkRBJcM2ppH0lmIAGeemmQNAM2AY5548q3Lu3d91Y2zyiDbAFVYYZCIwEJOVVLeokhqt8JKigxTV5Mpy+z20mxmLKslgz2FsPHGoiiVJvfhhLe2SM+HZT4jAwBbR20UVKRpGa5EVWp86Jiva4uJ5ddxIXYcSZFNPYNVD7/HDKbmNL+Ctr4YhnBcyo0jhftXJiCTI5/VWbP6dNspqSg+8kffp/TliM2kHTHpWImtB4+OVf1UxadFyDhc9OWbk++5Hq7Mdn2Kml4jxPW3ntU5oU96efbbXdairTYtlQognY+Pl9eqW/l3xJAu129tLGVqzzzPGFapyCpDKSKUNdQ40pzxq9k2/s2eEz903+4Qyh6LDaWsUzMmkHWZZ7m3RDWo0lXNBXnQWrScm/ty1exgn3ek+a+VVUAebXnf8M4hDZ9sH267S6+jtdhDVznLRTox6z17F9TriHo7bc7JZTH8ZjubnT7CzxIB5GP3Y2uzz/Qbar5Lm+s+7NwiANUN3Z2KnzKxJKz+3qrjZKG3/ALA+SVZLG103zb8b3QZnfW1tzNyaq5j7xinsENsySSYx/OgiUfqOsFd239wm3uEtLnYt0HAyPCbcL5sgapHsrj1SxvP7O91t2e+sO59imoaRpN8yDTwY66k/xBR54ikh/wDj+eKwTe/uLjZXQxM8GgeUp5q7IhRGrhfBWXMn3eLnt5YIkGX+4dSumDtkgjOryKKniPhqR5A+/FeIv7RZNZWXvFUUelisLZ8KgBRTKvGopyzxSru3/tM0t+Ofiif3AWnqSK9a5Zs/HNKKQEkmSSvtdNvD7qRsFVTH4dvL1J60Nvb/AFavrZod3PbwiIzVRekLlw9Eig18ag+7GUuNx/t+2m6Sftwd3yOmYYy7dGNQYnV+bbyHVwGSkcOdcducIn5P8t8J1++4Nwf5G5nW0sU1PQXPm7kfCuM6QtDJ/Nh0m61EfH13FBYpfGaKOkUQDAmQg9eJb9/S+0d/MO/3222klz/M/psFzJMGHAyxv11Q5j1NMpIzMfA4+pu3Lnub6i9pQbn29t2/bgiOI7aTe7mzhtw3/wAieMQs8dOAjttNQR1RnTlrnHDP7wfiXkMHO7/HdzxuWKb+m6nbcC/oe80NaBhIyUadPjb7MGnOox5zxgP9WJ69Y2Duj6S91WbduWt5DMUjPUhu+ok1Dx1dZUDf/gyxHHhj547l7P8A7h+wt5i7uksrq1uB+TBPt6QTQpGQfy0WHqMRnxcA+eOifjf5+/ux3Olo6hPgHl/NOTVhLH/3bepbTjNe4spM1cW4LuoqatZK0WVDJKoKZ7Z79eddzdjfSXb7trmTe7G02lR/IUrMU8Sul2lB4/EhArQccev9o/UX+4C/2uPb17U3e+3iOpFzIstoklTT8xZ4QjnPMrIAfDmF97uP/kJs/n7jYcd4t8Y8Y1lZrex2HIb3CNboKUQlJFi9tt1trtu1dYsFVVDuyr9qdVtnZf23yMlpBcXW7bnJ8EcaXjzFSQPSixoAlSfVUgEnPFpeX/8Ad913uHtNu2TbI01SPLLYRwLx9Us00r6WpQUyBAyFcYVyf5O+Tt1bpJyL+8ngVdHsKJY+J1eWWo6E0frNKNDwmL344yxClJWVhjGevQNr7X7R29X/AKZ2VeOx4NPJApI8zJcV+0AjhTHnG798/UC/uIk3X6nbTA9dLLYpdMUPP1W1ksclP3llZTxBxlfOvk3l9eaxBrP7qPkfn9yGURQPrjzrR626X8Ar0JthtakxVncqvnXRmI7DuOtXsvauwMFMvau2bfAV9WtbZ2U58VVCf/iy9mPPO6u799tlKWXf2+bveVA0ol7ChB4ESSzKGqaZBD5AnIjof7Zf7kPlmvNyiPinJNoTM1VdhzPbDV7O9NCI2mEEPI7MOylrQLIGeR0SP9GPQbl9Sfpd2ZIu0XF3b20lK9K1i6qqaZaujkrHhpGo8fZiNs30U+tn1FiO9ixvJZDkGvZjDK61+JPmChMYA1FyAtOdM8XLlP8AZ/T4DxVeU81+XeMSVF1SbSROFa+XkercGQRy0tVyvdbHivHeUbKtJIivDqpr0gd8AEK5FbtP1c/8g3J9p2fZb5bjWVU3LiF8qHXJbos00MRXNXm6IPIE1XGi3/8At5TtPZhvvdHcFqLUR6mNpH8xAKEgxQ3k01rDdTBwQY7UT0IarUUnFi/tZ3v9rPGKFq3z/hO5+Q/lWLdzJxTjqcd3fNJtzSKRtr20/GqZ1nFqewE6FJHu2rmGwVQqM9VP1W2r6nbxdrB21uMW2dqm3Anl6scJEnMGYobjQK8Y4lr78Wn0Q3r6K9vWbz9xbTc7132twflYjBJdiWOuTRWylbdWpx6sj5gkGlDj6F7CP++b5Fsa6Pie5+Nf7deF14jXp8cMlDk/JqNTzaNpd1HptFc1q7FlYMa8QhWNhl3LZc/PHy30P7SZ5N8tL/uLf5DqM7p0o3bhRerKHPP1NrJH2Y+rZG/uR7vaJ9gudj7Q7bjNEgiEdzdRxnMsywQmPM0DInTBNdVaVxI0f7O+Ib+RNj84fIfyB/cBySGWO/73J+R3dTxKkIYv+qNTjevuTww0/cmAaSW0PsXso/hNbdfWXddqiNv9P9t2zYtqeqDoRxyTkmhrLIV1agAQPy2Wp4g0Itbf6D9v7nMLr6nbrundO/KQ+m7mkS2SgoRFaIyoFqfxSCgyoeGOqKey0/DdRquL8U0uvrQUKUqaXjPFKMVPX1K83Zpfbo1fY1urFfyEmwtRxCTybuzDyPk00W577evuW7zsbgsTLPcEmZmNDpQhtbHMEIjGgzNB6R7hbPte02EOzbXbgWax0it7dF6SUrnpUIEQUzZ+mlQQNTVJiuQ8yo6rTR7Tlm/12j1tgxVdfRtbaXj6W7dqG1WhoR3trHXi2P5t2JEhX8e4pyxSsx+4ztu2e9u75rfbIbia5C6mpEJmCCjGRhHp9A46i8YArV9Q0mLuu/21hYC/3u9toIWOlSZOmrSVoIupLQF5D6U6YkIbIqag4odWLm1iO9FtOZcsg5HcrR62rxf4ponQarjdQCP8qNOQ8r49c5VtJ45JXq2Nwo0mudywqLYAJ60k8OyxAG2sLF7FfU9xuLJLJcMM9fRhkFuiqaFbcNcufS0rxD0nEpN3BuTqNwv7yO+Lei221Gijt4iPhN1PEZbhzmGnVbSNQSYkk+IahxLi9HTJBBJr751omTdXtOmwk3xENaZUXbch2e3s7Dc8ps1rPjLJK8jQV5XAhrqpI6zG7b+25MZFmirQJ1CiRqAKgJbxxqkcIpxEaAFa6q1rjZ7XsUO1RiDosI2cOY+o8hr+/LNIzyXXmzuQpNABljSuTtsdtE+q4UNVW2Ahvz7rZ72NLGm1DPaNZdXSo656cuw5Jdj8YklmkSKk0hlb3lURdZu3t9u29f6hvkdx00DCJI/ik4kvrOpI44wdTIF1SGoQg54vWuN8vm+U7cW36quDJK9aIuVE0Ah5JH5SV0ximsEZYtkvF6GgjeetsuY7G7TTY1tvIutrVdC09OFEl09PTRom1lWaX3EllexZjdGPkyjBFT1rm9qJ4bWG0J/LYM7zBTw1OGCiozoqjSDQ1IJM1GnVmbq3EkpPq9KKtedAykgA5A1NaahkcUPU7LQ6Sxut1uIojq4KkXtV5rctZ7u5sg+1XWotevFLbUGO3GpkljCBVZseZSxn2+7urZLW3Zxc9QVAC0EdR6j+YSKV8x5YAzvDK080bC1AyY0rlwy9tOXDFv4Dx6Tj61vkTmNZpeTSflz8S4y9mGbU6SvMjQVnvU6bGZbSMA85MzmWUt5dlVEZ3zdCAdh2WgsoaLLK2ckr0z0kEKUr/DUEAV44YsNtm3ST+o37UYuaxjJVpwoD6sxzJOHuw2W0g1daeAJyDb7bZ7K9skrzFdpHViSpNYWhVoJDLBHLWiaNy7RpGH8grE9BtVqOvquQyJ0/TTTnzrUgnPhl5ZYb3C8je4e1gyiU09h8uX/DDTZyxXtTOsRsa2zsrMNOsZEay955pfyNhYguWs26/wCJ5Kkkob3WVeygY6einNvKoJLLq1ZgUPHy4D3VwzFbvMRGG0xjjQ0I/X7cZxyizDYQ1Kn4oow3IvfuLXP9Php5qUVll9mK5Y2M8tmqAQiEsIlLfVhZ7dFdJ055GesiEouVVPiK+QPPh9mHbhrOFmjWmhfjY/jGVBkfGhwotXZNq3VHgt2Lc1fXaynLTEJ9sL4/lTXpb9q3+FDG8sog840d3YnxLEFBc24uOiFlW3BLO5oc6cKGq5mhzBzoRQgYKGI3DC4dldiKAZjIHIgg1HuPlmDi31aCxTwwT2rMlaGBGaxFXgoxuJbX5EUdGq7YRq6h/CRh5FDjAGAKlbl3iLkEVYg1JJPgSTmTThXgMuAxYrbBTr1HWRmooEHsAGWXGnE1JzJwpspJ7lqe5dtTVqVKI16cEEjR90pBmgWCKRhYklTPhF285PTHfqHHNL6RBGxduLVpnnwyyGJMVtaxKHmdQCOBHDDChrmuaaTbbGtXoK8E7WNeY1kmmoGaUU4LskJkpjZoJA0gCjvhkZgD09ctou1gtHeZqU6opoVuOo5e7kcxiPBKVjrOlITyGdR4Yao7U9QI1oipWv3oo71trUM4qV0Nh7e1SQN5TlUsTeThSYzOWOQgAekFzPPouZaBY6rX4WfgoNPGvvxM6FpbQm4t0AkIoa+B/QY0WGyLmr4nq31yR6/jejptQlva2nU2cVnwsTzzPLQs1XmrPM59iaZTYYfxE9j1BkYpPJcatbscqAU00oPM1pWteHAYqFhijiDKPzK+OVK/p5YrOx/I1MkN6WO1PZN3YpDto58xJ+REIdPBUgj8VllNlcStKw9uFS/8XZpdmY7iqs6p6FYrnQkFupq5+lemR/qNcqYdupZRGURWMB4EU+6uWM4scTRLUFxVa3HsN+bsqT7G9+PPZrKa1av7dgiST8O7WjdEMYHnMB/D1ctut2kbwKQESAqAtAE0gktU14CpNeIFAK0x1tt+33GmWQvUvqI06jkCSFUUJNBQZ8c+FcN6t5rHyhvOGpJpa2s4xwjXcqtWtlsr1ja7Tf7yztatLX1xTkppodRqKmnsTyyztYltTSxCBUiD9dJa2Nv21BvAkuJL+5vJbeNY1CwrHEkb9VnapaR+qg0LQR0cPUstInzF+3dEuyxQQJstpt8FwzsxM8r3LuEEaAhUjiEMgdnDGVnjMelUfUttd/pdJrotzVq6aahNGkkUJlsy7W0YVa8lavC7t525DkJEjB5PdLHABIi7ftV5uc4s5HdJK0qxBQUpUtlkOXtyxY7jewbVZveR5gipWlXNchp868eIoBlhoaW0FDTJv/bba8tnNk1pAlbVcdls+O6ijhjVGkf/ALZihSp7hRTakY4ZFbHV2JtvjvJ221T/AE+0jqSa6pivpNB+8xqaDgOVMVCW1+1qFuyz7jONSmo0oDmAMvDjXnXFrau+0h8bqxxayKSnUlnqUdbNs1jn9tEXTRW2WXWx3XjWfzZmKVyvfsc1NtMbWfqRmlT6dQqK8qgUrz5+eHikjw0cjqKuZ5jwxWrXJdhpUvvxOpFrmnoSazX7vdW595taWpuGfXWmkq66Oujy3vxfZCTN7MaytITiIq11bwWVxMq7rK5iILaUAUEgcKniDXMCrcMs8VM0W6adFj0zIo9RNdQY+GfCmft54rzVL2vgp/iGSab8WNpZL4Owmu1LEnjZ1esouaEpvWK8sTpM8MUUanywjKFV1JrKQyamaOMswTS1FFFABJIbLyBzPlh4f1C3WJVUMdHrJXmSanliqbLiuli5/reTyQhtlUpLo0qtK1anqbFfatsqjVvxbliGC7XS5KhCMW/iBbsMTIt53IbHJs1u5jtmn6pbLUSRSmqmQNAcuFMuJwC7VtR39N/u06t98v0VqfSgBJ1aRQFszxBHljdA+73VKpr5WnmnnXLbPa3JZkhvWdrY2MWKTsfyZ69acTlWb+ZOuWkwSDkmWC3unvZCzPq0tnUnLP78+OLoM80ItrRQkQ4ctPmPdliZcTLJYjcJBQaaSrVsTqKNunJHSWGxJSopFP7JeMP4ZkB/6k+2SgOI0rloq0AuSpbLJStRSvHOtOeCi6NxpdqsgbT6uOoc/Z7ueNF2M8muqwQrCka1BTrIojPh/wBXDFFCzyQSM8dS3aPtuWIfMpAI+lXDZGadwzZmMGjHKlTwpTOviefswbOCzImbUIz4f8cZfzGtNq9RDYMlmeXVbgmLZfgNrXs12isXrMscJszKikvGi/zsv5eqkg9Wu0Swz3brEyLG8XwsDVaGnGvlXnxwxKvShXrHNFNae2v6ccOdskUumi2A2CTxWNaJrogYSWpJm8JDHJNh5BFJWP8A7Y+3LenTFJIZhCulaSaRT2c64mhOpGeIOWHdB4LFKRknkN6HaWauw16WZa8jVoUjcR00bzMKwQTKfJT5sseMgknqHeRSiV+oPTp1Z8K1GY/Thh1JAiadIanj/liI3deCjsoZp4qCLDbtSvXso1eSSK/FRvV0V1itM9pYa7rIfJvM5OQScS7SJ3tzESw1qPPh4e8+eAkKOyuUXUpqOP2YVqS0pf6lVe3Y/mSLfYU4TVSCME2YDDYeOOOG5ACs6yAeRWPx7jI6M2ssQizqSvPiRyr+nuwKzqC+R9Jx6vyNtPbr0p6+z3UvINtqeK62HSVL2xnsvt5bft2Z9TRHvDXQLJ7s9mZoIKgi+7yIwxR7StxbNNblYFhhmmLyv00CQsFYCQ5O7FhoCgV9+UC+3eK1Mc0iP0554YVEY6p1zqWUyBf5UKhTqnaqBtIpni4tDPBftanaxwxbbWW4a5pSJHO83uzVnrzRrHHHIzWY5owcd/InywB4mqlsjcQLdQElGAGsDUhP8Lmqkn2eeLFrhVZolNFHA+4njw5Yqm/43TF47yhr4GtT2Y0t0feYRxoP5v8ALMftrH7dhO8YIHlk9SbS6uNHyty56Sg04A1pz5YfikCsADUU4njityzF1m0Ij9jZR+3bhrCIe7FZEUXnOvuJMU/KhchyrZ7ZBB9JNokkTfMSEG3AzpxH6eymBvgrws0bHVXjiHjSWtq45VerM2x2EtR5oI3/ADrANqeCq5msQzTRsgjRnVcL5fuGNErIbkvECE6eqhpxrT7MwfbjOJ1Fco5BZsqj9mGzazWxr4PVPi1U1bkUrv7k7wmfzLFnERhldyviEAHmSME9CZLzXrL8K0JA5cuH6UxIjjjiRokUCNhmKnP78UvYceiimp7bX6lrh1FmGm9NrpuXJ9R+elnVQ0GlmQQ1Kd5I3lY+TQxxdgQxXqdZXQZZbK5ekcoL/ujUylCchmSv2mhOAmYW/TkhRS60UVqaKG1aePDUAfdlhGhU2UWttxa2tUszDXywm1H2k9yHkex5DLVR7gCLITbJEgUEkZGB0zcyWzXEfUL5uV08RnCkOrIV4JWlciTief8AbR9eOhOerx9TO5B98h+7BfzNfZsa+06xaopJAHSC2mVvh/8AqplikNqKWb3ZSyrKHhWSUkLgACXGJo2bp6SGp48B4Z5cMV91EGi6rOSUqQxHD20p7MsF0+zuvDckjkK19Y9me3DYarFDsbkgWldSL3cx2tjBBXROyCSQ9kIwOpEkKV0S51U1FTkDTLyqPDh44r9TGMyrC7Bhp1DhXjw4/acMeR2DNNpLl3XwVW1Otj0EK0q6a6vbhr1Ui1cVtXqqf6kkTlUm9w2XcnLEjPUm0SSKJzHQ6mJYsKmpzNKDIczlTFboCShZAySUqP8AP/DlhvtKhStrngvyCKuqWdOX1125W12ynWCK7WvXIVgg2N809f4l1CJG2Axbu4djaKHizlHGp6FRQjwBHsP7MOxPNKWSUCO7iNEkepBHiKGvOnHEZBVnnt155NCyPqZalvWCHZQuXt+y1K5aACqXobOleeWOs/vRiV3yMBfEpLvpW3y9nNTr5MKA5DMCpzFCADQ18+WHLizlmkEt/AriJtauCa14ZgGh4+GAt2ENiM6ixYrxCSsyUL7JK96xUsFqVdxBJJF+RBKCv4p8EkiAyvYdJbvSq3KKzaSNQrlqy1Z+GVDwr78JdxRrDriqCM6fb4YhddeobGTbSaehYks0eYbOeea1rtjFE1uOnX2F6rq0Al9uloP6eqJ4xL4yK0eXL46vbyCeKSOO4KiCWyUeigJUMVGrjRzqJJBBoa5ACmV2mUMGuYdRdLsgtKAyo2hSdKkZ8FKlq6SKqQSa6jpNrQ5Q1yx/RqlLYccSprtdOto7KS7PVqzzLSmimpwWa+vMtmzHXmLSSCO15/x4Iyt5E23xRxSzSPFcgswalBU6aqo9NSAK+FBxyONFYT2108zJGgeJtKOtRkP4iSfeak88SbbXa6jbxXVNg8fj1VKtr4WisXNjWMi2LUtus7yeynnFIgeFZJgZY8eTDI6ZZLaSwFu4/wBwzEuxyDAigB9hzrXw88T4nufmfmInJtz9vnTh+rxw4WVtxfvcjHIL1C7F+Jao7GrarUdlenoeFWfV2ilYwyQWHj9qzCfHxQkE46hySnbo0gSFHajKC6l6BlIDqCcnQ5o3I54dhs7e5ke6Z5BFrV2CMVJ0kVjNOKN+IHiPDCHK9tqIaOmE2up3afINx/2x7O3oR7HQT3dv+TsNdrr4sV5a2v8AzNhJYWn5K1WR4/bynuR9StjtruY3MsEssRs4OuxjleN2CgKXBUgsVChpV4GtaVrVvebqytlgtLy3hntL6XpKskKTIuokhJFdWB1V0Q+DAIWTUrY5q+U/grV6yLY8m+M5YdbUksOu64pfEcmqrPWlga/HTlE01+BLEV78f8WQJ7rY9hsKAPT+1fqHc3ghse6lE05XVHOq0dj+EPQ+mOlD1DlxBFanHiXdv0h2i2lmvu0ZTbW0jr1rRn6kShT+Z0wRXVIarJFG1CANBApjnXc/H1yWFNTLsNTHdnuyVoqWzXe6U+7NDGsNemqWbDoBEHQumY19vK4Pfr0Kz7ogYtdCK6eNFqXQx3CAeLM2kD3nnxx5nuv00uegLF7q16zSaQLqKe3J58dT6eHJT7OYyy98c8cn29mrZ4Nx/evHJbintJyzcyySGCeKxYazXta2WOZ4fffyYFct9cDrW2ndO7xbeZIdwntdVKA28HA8B+W7Nnxz9OXHGAvfppaSTGM7XYXlAATHdScQf3ZI1WnsqfLDTdfGnx7QnCy/H/4UtuQxkVtnpNhFSjid5JLqJaNb8r8tEVIIo2DjBLK2R1Ise7d/u4m07kJBGuqrRvFqP7tRnlxJyHhin3LsDt6wljafaXguJTQqskTKB+8rSL0yeXTzc8QKEYaR/HHGIFmOnlt6OxZewiG3BdoSa+w9nFeUT66OvHU8qkhVkXK+RH+Mpe6tzZuvcoJYlHFTqr45uWY+0nEJeytrhjMFhNJBNLJSkiFGWn8ChFU+QUA8aZ1w/t/G/IbtKSLWfJF/8S2qq0VTn0tWa14x3RRaetf3Kusd+BGUISrpGAWGfu6jRdz7Ok5lvdsRmQ1JktVAHL4whIofAE50xOn7E3+5tvl7DdpBC4ppW96Lt+7SNpWLdSlVAIIAOquIr/7me3p/mi/vef2XhSilueC/W2UU0UlZlS1Z/qH9daGhHF5xqxjDGONmJyCoknurbZ9Jt4rFYtWSlCvPgpBhqeGVT/p54r4+wd7s1eXcJNxYRrmYnjmalQBX0SsBWmZoK0FanEJLqKlStO8O3+TqxmmpmzaanoK1SS17BkT8Szd4bRk9qCu38to2yykff9zDqxa/nnkQSx7U4K1RS0+oLzBVbh4zmCc1r7sVkmwR2Vuzr/XI5dfrbpQBqkA0Be2RqEU4OBx88QA4/WN2zZbm/wAgaN7tqXYTRmpSNGwkvj7sf41Xk2u90wxBzMvsBGVgFUY6nNudwyKF27ap3UUIR2DDwqPl3p5DUfvxVQbPYLKZl3Te7OvEOi9JjzrouV1EeJx7Y8d5Q9I62l/cfyuxp7DPitsdbyN6zQWxIuAlXbbaeZQqKpyCgH/H0sG52Ec5vJ+2rcbkMwY5YtZI/d1pF4nhyw7c7d3ALU2Vj3pfHaz8QkFwUAJ5sss1Bww90vw/8taxKlnQfPOoqJboxWKMkVy1Uk/HCGRc/lpHNUWKVB5E48fU+nUS87r7Nvi1ruexTuyvQqUWQVpnUIxHjxy5ccWG29i/UjZpVutj7tgj6ketJOrKlV4EgyjJqn8NGpXlXBF+OPnSezFYqf3ATbqNp5DIanyPylZJHx7tswU6ewkkkjR0Kt7ahfH7gO46IdxdhQQC3bt8w1HoJsYgtDzLFdNfGtTiKe0fqrJMLle6DdqXIk07nOWJ4n09TVwI+EgAcBXFj1PH/kulTL6rYOLN2N677M8k+SrE2xKj/qjcF+PaOki4zGGRVI74II6qb287alm0TxqYY/wJbWY0V5akEVa88zi+stu72t4CbIyxzstOq024yh6H4hr+YWvLJaZYb7N/7g692E8afj0dtKYjk9zaTFrHvIpe29bY6rUQvKsTFQW8/bjyB1JtX7B6RW9S7+X8olGkeTRySkfbmcR7wfV2G6Q7KbZZej+KZ3LHz68cedPAUpjPuTcW/ua3k3516bSVY/FIWi1fIeOway37OR+RBrWtSwhlRj5tGiA/UZ6vdt3X6a2UYgt452rnUwyl6eBdaH7csZPd9r+te5P1LmWCNa0KpNbolafEUNRXkTxpgkfx18/LFRNiXgW3KqGiobKHjOzuRxRyGSJZEXVGW1G/kWA82GDg9OHubsQu6Qf1OKuRKG4j99C/309nhhtOzPq38uGnO1zpT4WW1fLzKRcfa1cMY+J/OKXY69irxSvQ2DpFcqVP6ZLralOVg0s39DSSJ2hi945jroGBGMdS23zsd4es8100yiupy5ckfvPQknLixxBHa31OhmVZLfb4tvdwKUg6VPEIWUgDwoMMNt8B3bcrzx8x4tHbMU0k9aHUbjWxlYgpMkERisOFcH+PwRM4+h6lWn1CtlGhLOfpVoCHR2PlppUnyB4V8MQd0+k088nzEO4WOvmDE9uPsZjisV/gX5RntRDQnX7IWVaJZNfybVxSzRLGpsoYvzAVSvHgSBsFT3K9urOXv/tOED58zQGlfXBJx40GlWGfmKHPFLH9Ke+XnEe1m3nnc6UEdxGGkJ/CutlAJFeJHtxa9Fw75O1nIW+P9nx35Xltar8VrGm13M5I9dTTYL51JItnSrTaiol+NFMbuxXwB+3OD1U7hu3bh23/AMgguNsjhYmrva+s04ghwGJ92eNPs3bPfKbqe07jbd7nu7cCsaXo6aV5ao0dV/5S/wDp54um64FynXWa42us+V+LOtmC3Xs2vkM3aFT2fci2VyWe/Vse3IpEZiCxlvAkkEePVDZdy7ReoyWM+1XMZUgD5YpWtKDIjzrnQHGs3Tsju7a5o49yst/sWV1dGa8WVQRnI5VlIBUU0rQAihK8sV7d1+f8ko2I9/8AKfyBZrx2q9KHV7bllndyRUIVawrQ07NaibAkc5jEYR4/EhkbPVpY3O1WlwrbbttoJShOtIdAr/rq5VfE51OQpjObpZ9y7lZNDvG77kLVpaGOWUTAjjnGAoc+RI8eWLBx741vbHWi1p+a2r7Xi1WnPb12mmmpWI/CL3Z6q7GHYQX6sCFEc/jyp6q3jlTW7h3XHZSgXW3RiKPNwsrhXB5GiUbM1pmpPHGl2fsO4vrRZtt3SVpnZI4ne2gDxSal9aMGDxlVrRlIblWhIM8nHvl/UNb2zcq4fyk7Glejs3tnxurtLdhK0y1ZINpfrtNO08bCNfFpJCA4B7DPVTJvHaW4iO1+SvLfoyBkCzac2z1KCBUVrypkcaaHtf6hbbLNePuu238kqMJZJoKyOsbFKSTIdZai0qXLaefDELT1MPNXejoKmsr3qCtUsy0LXyDt6UmtjliikaGta2860KrRN5xj3m9sxfagGR1YzbydjiNxusjywyiq9RLONw5FAGkEI1mgpWnPM4prbtx+65PlNphggulqkhSTcJ4XjrnRWmYW4Jr6SzZ1bnid3fLLXHUjt7paujrsLENexPDNDFNRWwiV/wAKSRLkUtS1ExyrHAP1yOksdtXcJWhsnMx6mtq/vZ1J4ZjwGXljKblf3m3JHeboi2sAj0REDIr+6eOXnx88VaH5T1G2aYwc6iis16rXIqV5ESK5apySSww1rhpJFBOGbyUsyggYznHVlN27ewaTcWbPAWpqTMivMipqPYONMVkfdG3XtVivoldR8Dr8XkpI4188WrXWtpuNfsbU9wUUNlKlGMW3FzYwj/rYrpmSJKtWv5WPbVi7h5WHmwXHUO4+TspUii1uStTpy0mpFDTicq+NMXVlHuF5bSXkoSJEOkagPUtNWoZcDWmKVfrbxYbT1KGx2xVKsluaR9cuogK2ZHNcyu09kQrKwKmqpQ9vMgd+rO0ksG9U0kceeVa6veeH24zV3FdkCW2haRR8VAumviMq/wCGJmHZbjUxWVnkSc3pI0NO1Q2EMF4S+UkB/qnvh1gE2CHm8WVsEg46iCCyuZFMYVCDkwmBK+dOZpyxdRX99aRNHOmpGGYPOmf6+GJKblI/CitX9bFPBFdeTZ2rbWIzRh8a8cEkMyiJ/OYVmxD5uXZFyD7gISPbVEpAmcykelSagmvMGorSudK0+zDD7q3y5llgQRgkMaaSg5n004niSczmcxXDNN/x+Gt70nHnt2TZmZJKfKLtC2sHstYr++luKeu89RUdVkJw+SVAySXXsr15BGZlVlXNDCHFa+IpTKmWGo7raxbdV7ZpAx+JJijleNKEkHOprTy5YkH5Vwit5tFsN9pLDJLBLYtQUR+NNEogrxz26kdwn37MwMjTQksAnl4jGY7bdvMkoQRW8yVFfSVY+5tIXworZceOJqbnsMEDPG1zZtTjLpb/AOOINI3tYA8uGDWN/X3E0NKvsau0nhLWo6VjT6K48cktQV5ql6lFa1dhFdFz5xupsTthcZA6X+nC0jEsqzQhuavMCM61GpSvlny++Qt+lzMkCi1uJh+EpAurI5VjIcf8tDyrmcZJc+O+T6Pew8v4zpYr88N2PYRcfoUHkWjP7E0siw01sXvdhhMDHxSQTI5wFPgT1rrTuPabyyG07hPIisunqyN8VeWSxDzyXlxxi77s3f7TdB3DtFpG5BYmKMEaRStc5JDTgPiHHhTEjp/kinYNG7vL2/h32r5lq942gsLDJDPKk7w7YrFfgintulEr+NDMUb8kMD5FlIGXt+WjwW7QnbJ7aSIzcWUKNcbAkkaQ5Jk8VIxXQ91xGKGW7667jbXkcwgGSEBiJ46ClDIgAjAp6wcdScd1XBNhSq7jTbPV7aDZpcm2+4pWtlHyXjsAvytFqdua86bKWzSqBHRFkgrzxhgMgv15Xud3ve1N8verJD0WXQhp0ZDpA6iKcvV8QJqcwMe07Ue27uzE+2rBcLK7anoevGjMW6TNWo0V0kDLLhjM9V8j8wbcsnEtXdv1dXsNybE+5R49bSo1pohBbp1XFGbZ3LIj83hS3Z8mVHky6gHWz7FsrWKvvMyJ1YYq6W0uWb4jqrQVNOVBmFoCcY6LuffPnTBs8Uphinm1O1OkVTJRECONDQ1JJBqammFhY5VJR2Vjaz1ot7uGhtU6Q1detqaOsMduxKLFSSNreySvIiSLG0YmZjhR/wAXUZjtsVzFBZIfkbbJmMmvWxyHCnEEivDLxpg+huk9tLcX1Y9wuhqijBoNNfH46VAP5lGrwBGeKpQ1NqlPM9vcWdlvrcduWSza1qHWeLymdamtrNHKlU13gYrD4gEsUUkDyNncX0U8AjhgRLBTQAE/FXjWta8OfuxVWdjd2UzSTzvJuT5vXMqKU0iuVMq8OeND4/rZNtZmme/bhH9IsTuYaSvUoaijGkk+u2VeOWO2musYDofF1haeTKHDdUW4XotIdSopLPQV5yHIPnlUCg8MsafatvmvptVWUOtBnSixeqQZUPqrnz5DFWPK+b8wkbj02s4/p9La1taWhurNHU147UDTGOncm2VgC3r6ll8zNDRQ2S7D/wBrAxb/ACWy7bCL2N2kvhMdca9StQDUAU0EnlX0nzxR/wBS3nc5lsFjittrMVI5n+FyT+MyaZABx9A1Cnhi1wUNlq6tnU1dvttro456VHZWdftqj3rO315sNCuoF2CaSnxmssRjsNG7XLAIMeI+71ZuIrjReXUMUW46SVLJIyCOvwTBMvmWJ9BYdOgNRXFnbpeQLLtltPcSWIcRuVKgPKRqDRliD8qACGoS2rT5nF54pBDd0e51cUFOpV0VikOQ1eU6zXf1CeS9A7axkPJkie5tIr1eVjNWttMIYsRKVA6q90Wa1uoZZWLz3Nem0L1RFjJZ1IhqVcqdLqygDjUVxf7LBFcWlxb28Kx29o1JBNHCzMZKLGG+ZCqdDA1ClhrqQK4nNhrbC3oZal7QCzfWSeKJE0bTL/To1haSeSts60hqyzN7kCsjmWAskpA7dMQ3cMcRcpKFSuf5h4morpVlPHkx8zWoE69srhHQrcWxaQfCVhHAUOWpacOS08BShxGbPVay2m43d7lWz2d5qcK3dJLTg1IsUKr0pacKywUzmFJMZJVlaQB/QHp1L7cIjFB8qEtanTL6nOakH0liGrmKU51xDn27absz3pvDLfuBWL0oKqQfiUDTmK18vPCbcZ+P9ICtbjuj5FvvO/ihc3W0uRW5rsMskZ/qGrjsQUP6PiWB7U8kcSe2PFPLA6Rb3drvUklxPbbeqgGVIY1MYU0XKT46n06UBfOuYBOOfb+3rBFngtre83lnZujJJI4csPXmnwHnqf0ZU4kYmI569aUniPxDDNHFqyl5Rw2TfXHDNWsQNrd1Wa1XZpZJmjQTJJO32K0rMMCLKGlj6e8bqYyz0FJ2jJHING6goWGZAJHMYnW8qKC3buyxsIkJP+2SUcSWKupKvQkjUQGypwAxWrXyhV0SUdluJ63HZLFSxe2GrsSbKlcd5pnjjqVePTw1FW5NBWMcSvGqIACDlw3Vjb9rtevJaWgeXT6Q4bUGFAcpB6mGfEmvLFbP3cLG3iu72ltFISzRnWsrNmPyYy2hBlwC+fPGMW/7gdxXllOl1lqancLy7A29psakNtZHgFisymRmj10hIzHIxkXHbC5HW1t/p9aOgW4ZFcLkdK5DiOXHLHnF79StyCtNAkjQORUa2pmaGufPnjIeRfKXIN5yAcit2eO1ZKdiKXUUXuPsIKElcx+U1YuWnlto6KVml7x4xF2JPWn23t+y2+x6ClnlmqZGoNTcqEmtB/CtF50xid17l3HcdwF4FWNYDSNSxCp5qBQFvM1NK4jd38ub/cQf0/Ycqlm14eOwtalHIuZ4S5hSKQNEsflJIwKnt4+vr07Y9t7PZTG4toVjlPE0oT+z38cHed27tewm2u5S8ZFCATT7ag/YaeXHEZo+RbHbWFpQclq6cKYi7cg5THo9VH7bB438mM80k0JX7WAZlI7HqVfnbrJep8vLJX/tw9Yn2iop9uD2hb/cp2tY720tImUA/M3HRUj+E0b7RQ+eNX/pfxLZpVI9rzr5I+VebWjds3dB8O8an3es1VZH86xtcn5alee9Yk8i0xrUTHE3c+ROesI+9d1Ldyybbt237XsI+GTcJmilc15Q270j4cWkavhj1WPtn6Yrt8S3277z3B3Ux1vFs9mskEEZy0tcXkYkaXx6cIjHjmMWvgfFdEt0WNT/AGafNvyjcsoYoanObW01+ghhBQrdR+N8Q4/A9ouigiR2jCs3cnB6zvcO+btcrS4712PZwDX/AGsMUkpNCNLNcXT5UJNVQNUDgMsa3s7t3tjayP6X9N+6e4Z2Omm5TSxQaahgyrbWyDWCAKM5TSWyrQ43m/uflXX6+Gjq/wD44eDUKcbwov5/G33X3RHsptxJXsO7dvIvIxP1JHXm0Nj25cztJdfU2/aVq1CSrFWvEqrFv/h9PlWuPWLruDuyyg+U276L7RDCDwkt+tQ0pm3TVuAGTGvnizaPef3BWKx8P/j5+MlEqSfismo45o44FCkSCevfWaZpCgwgfxPftnqv3Db+wIZdL/UTdgy5NWWVix8SUIX7ABTFptW8/UuaAa/pBsRiYVUhYLcAeXUqeNeJriToci/uVi2ENXX/ANivxZo453jWzPtoOJ1IpFiP810tg0qkC4H8axP4+uD0M22/TwQM1x37u0pUVHTaUj7AGLeyuHbfe/qmLtRb/S3Y4ELZ9V4ASP8AVUAe0ow8jidVfmyPaW72t+Iv7TeIb2eWdXTmfJ+K7Ta0PaiaYCtT41pNVKYikZIBWeSTGT36isnZnykcE27913Nv8Q6EcqBuWpjM8gAoaZFMzyGLGWTvwXEsttsHY+23hAGi8uIZZ0qATpSzij1LXgrq58RXhIWE/u6SCSSDkH9uPFordeBvc498Tby3HEiFkklTYbjjIryo6gs/lJJEc5UA9QlH0lkk0PB3Fc3K/hnv0Bb2KJiwHHgONcFEPrwsYmt73tiytyKF7XaZmp5FpLdFOVOdKUyxReVfBnNvkmOhP80fNOv5RxmEPHNU4p8Yce0FvUykH8d4t0urv7CnqixUs8cb9n/gHWg2fvrYe1HMPZ+ytZ3j/wDUnvJJlPmYiwqfJhim3b6V9497otx9RO4W3La460ggsIIBGP3UnKHoDnpBGZrzxB6P+yf+3jY37NabdfJkVuvFW9/juw3nFdffpzinHcmdyujjsXqttXzDJDGY/EEqWAJ6lbp9bfqBZQLJDb7WYzmssUF1MrVPNi+lefEHELZf7X/pdfyut9PvUc4yNu89pFMnm6CPU3/ITH/FXGlRf2h/2waCC5DPw+3sZZMgT8h+StnLIazFyRSh1Q1cDyt4Dxcq2G7Y6yz/AFm+qO4TK8F5HDDWumCxqfPX1dQ0/wCmhrSmVcbi1/tq+i22Qst5txuJCKB5tzkLnMH+VGIUU5fFrbw051A6/wDt8+M+PTarecQ0Gy1cGpLGF6/IqfKry1ZiUMjaPc6HZSbCKv8A8aJIthcZjY+gIfUvui/WWw3q4guOqaHXbPEpqKadccgRX55jmOWLG0+jPY2wtFuXb9rPCLb1V+YWYqK8RbtFK86eIDq4z0VaoxssFLfbNUlocvivzwlq9eB+N7dqxNWErWZJqze5rozKy/bKEeORTgL1iz/T9ufU23SIzMTq6yhq1zNOAPGhrWlM8bxYt5vqRQ7vEQoFVSB+mRxADGnRAFKo4yNaiuKpByK3rr1Vr2z5DQ2kV2epttBFs4L6T0/YtSQbvju9iqRTyzRtGWandq1nePCqnmUZ7p9rtLpGS1t4JLIQ/lu8aRSJLUVhnjIKSRlcxJEzeqlaDFUN+l2yVZb69vFvUn0TW6S9aKRKH8+CVvVFKDT8qZQCKgeqjmo/JH9zvx98bxXK+y5RyLb7lYWkq6GOwd5tXazCogSzaTx1+vOHMh92YlP4TGjJg2Xb/wBJu5N+cPZWdtbWbU1T/BHQkVFFoSB4cK4zPdf117D7SiYX+4XlxuYNRBoMkznOiklAtuPLW1fDHy++X/7jfkT5Yjt6nZXrGv4dNZitQcdUgpKaalaz7G2cNflQ5bAwgJ7Dt19P9ofTXtzs8pcWsSSbuFoZwvGvHR4L9ufPHw99Sfrl3p9RYpNrup3g7ZZ6pat6RQHIyH/qsPGtMgKVBxztJOoOSU+0AE4PiB4jAHkSQP8AAdehBZSKj76fq4Y8SeWPV+GgPLhXyrj6q/8Axn/DWq3u15b84b7XVNpDxG1/2nwqpdr66zr05FsKcdvdb949j7sTWtDq568dbyUBJbRmDKYsj5Q/uh75utt2+37D22V4Zb2M3Ny8ZZZOip0pBqUFlWaYHUR6qLStCcfdv9ln002zd9zv/qXvMMc39Pk+XsUkRXiM7AySzMHFAbeEosZ5SyA5nLHTnyXW/vJ+T/lXacf4LZ0PxJ8NaDeapY/kfYa3Ty7zf146taxsbcRtm5v+RQSWXeOSvXSvTnACyyMhLdeVdpj6K9q9ow7nvy3O8d3XcB12qtN8vE2r0q1NMMZXiGkZnBNUTXpp7x34P7ju8PqBc7R2k9vsH08trmEteusBln/LrI5ibVLcAEsghSKNDQBiF9WNw+L/AIR+OvjW9u+dco2sXy3zfYpAs3yT8kVKF7c6TXU6U0Uen4Rx72JNJwrVSlvIR1lLGBPYWUR4RsV3X9Qe5+5LSLt7Z4/6NsSt6La1M8azkN/+MXJPUlelCS1MyCRU43Haf0e7K7X3G67t3yX+u91SLSTcdxEMpQUoPlLdV0QLmVWMVKVKaiMW7jnH+F8Q20n/AGT8ccH+OZ9tq5IZbnBeI6mhyW80cfhLGt8wXb2k/PDkn3PTILCFfuFduG677uVmy7xul/uMan4Lq6kkgGkUyowVwOAJBOVM8X229s9r7HcGXZdqsdrlepMltaQwXJBNQSwTUleIVSBQjhi2xDQ68V9pyyVdJsVj8KXEqlyVNxth4QgPDtqcOx3d+xL5e8larTmigRlkeQhgFqkhvrs6Nrja4hPx3FIzGg8XiaixLkFDNTPhnTFneTx2aobyQQmRdESxFhJIa1KhgDJXn6CY6Vq1Kg1ibaz2KTUt7NPx3WJal2R46livAYKiusck++2P48sKfkPJ7cbz+/YldCqJGxBEyCC3ScNajrXh9KynWaNx0oAOs/D4VpHTizZHDEvWYD5nVBagVZSIiSvixJ6Q/wBTMZCeCKcjTdv8n8Yp1fwNDXNmcRxzV6Y1W1jq7xat6ClPdbVe/NzPmMFORvuZIJaUXiS6gAjq4tu1d1vJxNd/ymGlmGhZI2FWWOoPy1sJTlXWJmrTLLFPed37Rt4MMZLSga1j6ckZkj+B5HRgbq+jjLKRpT5cEEBSQ1ZHgui59e5HPy75L2uv5NurNj8XR04OOUbnG+GVI/8AqK+642+01Gvu0uVfhx+xb2cUdYKpjgjVyjK67pu2wWVkdm7Xt2htNFZnNw0V1MwPrhkpI4ktyf5NsWkBcFycwBE2XYe4d0ul3bvO6jvL9HKwxxxRxW9sANMMsSPErG5kWvzF0AhVG6ShQDXXglGlRvizfgqvUzfsWblkmCoSqbCzP/Ubtsta2ceQvj3UyMoVcnBwCJLPcQuqdUsAmhVUVXOiKFHoANCdIBoDUjM49Gke2tLSS5eYoFFSzMSB5nU2fgK1zyoeBc8U5pomvR6mkeW171mf3uR2OR6O7xBr2vaYJJUhO6i8dhTNunFCBRVo5jjwJJVmkbxsF7FCbu8+VNuRRFhlWbTmCS5j9KuFqKNRuNQPhWosN9tdwb5e0aT0kGksTQv4VVZPUY/NfRWnEmrWjjsw1e12DbTWzV7r359xTbXauKpVlmp3cGKC5UrWJ61Jbca+3Evj7jpgHH3Gq3IrMifKMhVEVGDE5PmwNK0pn5HwOLeBbiEuqCQk1JKACgIoRWlc6cK54e/I/LdHfq7HeF9rFr0NWy9mxVcXNzs9iZIYoalCuzQpsEtuyQwkTyjy8iBnADbdjummjs7MRNcyPWoBEca8SJRxrU1y5HjgTuSRWhub9JhbrkCK+7Pj5Yx7R6bnPJdnS5DzrfMlakyX9fxWq12GjWfx8hJuzesyWt9arJGEUH24vcWQRRKC3WkvrnZtqiex7fgDTvHpe5lprYH0n5egAEZPtNCMzQYgWVnuFy0V7vU6JpUkQR5W8dOCs5qbiTn1QVXwGNa/rEeyM0mrR97Saw1a28M0VLVyzSR2lmGws1lUflVEhVY/CUGcf+2SscmM1HtRtUFveNHBKqflqeGkkNQHiWJFc6nKmLGTc5bi5Me3sjSk+rTxAApX3E09+C0deujrT8qlWlLX5DuXS22npw0JtVXTX159XXrhZCNjbktVQvsyl5JS58yE8epnz43OY7Yqujw2wyJpqOo5huES/wAZqGIIpXPEYWQtS9xOxeZmrn40GWWIBthb2j7iREVJJnGutVLDxS7OKlsZcH32E0CVoLNV4fdVUT8dhjuO5J7KXqQ6RMsNAagAA+41+3geOQOFt57UQym5p1q58cQlE17Vz+jvSp66PXXVoIKVgXLVy9DP/wBM1vXxxO2sl8IPNnmKEVwJTHhj1b3MckEPzSsWd11aeHTirSiyZCXlkoHjXLEJbiGaR7YoqlZKJSYORlX+UBVPaxOLiIknuw2PCxagpj8KOOSWOKFa9YYWMyxe1W9h5QvigJeWMFiuAcU8kLrbaDmjmpFeOJlpcBXCTmtDlw+zLliQ2NhIaS+zUj2Vr8qQ3Me/cvSmE+2072EiSKFGjb7lAz5ZOe/VaSCejK2ZWo/Vl5ccWlqZXldjGOjXjXniuS7aWLZ2CmuqujVovZnzJ517lq9SntWiY1Z19vWR+yCQGWSXtjp2OGEWmsuTKOBHIfp9mHZtVyyxqoaPz55/rw03Oy2NilrbFeVP6jtb9hI44Xjc16NYLE8sqgtKV2EypGojiRn+ue/T1rbKzzF80A4f8Ofl5e7D8sj6hHWkYPl/hhvauW6VexBNXZ4EijpOleA+5SFu48O2s7Bl8Jq/sVQwWFQfcYqD2z09aw2zsDI9HVq+ymYPuP6ZYS7uF6fpp0qU9+L5q3/qNeSWzTuyW9hZqVpZLLxSB0CojxSSReHttZQ4kVciOPADBs9Q59NvJpRo+noCgNypwpTlTFSpJUas/wDDDLkXs3r8M0iVxBp9150KnvWZFv7WrQs66rQhngtGCCjrmls2mHmPKRIzKew6lbYzxRSE6ZLt4W1CgokbUDTJTmQoGdcgMR9xJrGGJW2V6A1Preg/KPlz5HCfK6z3BEovy14KQ121eKpLLXjv3bNAx3ddtGSvDPAlN4PeDFIhKxyD6dDYzRKk0xjWRpUK5j+XyqOWRHOozxI6T6o3d2HTeoaM0V65EMeIBB5UOMeURcQ2/NuTKbEku7u6DYbiwutl3G3lSjQh0lTX0rUlgWIWkldYq0K+IQMzkqC7daFervkNjssjUit4ZI0GSqGkYyu1BQaiQSzfEaAVoAMKqbbsc19vyqDNdPE78SWWJBDEKkmiorUVRRRUmlSTiU2t7a7Hd8RjSCtHx9P6zsrVCaxWr3KdU16FAWn2iCSWdzYkl9mqmFQrKHl8mww2cdjbbTdxHV84lE1KCSfVXjwoMq8zkKYrbv547vFcaUYLEzaGpStUIelepWjEZKVp54iTsNpsqO/3VjYauDWySXdNFskSzROs1S3FpVZ1vS/dcV6liWSZoYAiBx3kAidpTWltZ3lvaWqyvIrLIysBTqaR6svKmVSKcQCSMAkzvb3F1NJG1oJH0hNcTAaiKa5MzQ86DwHDE/tOSajX62xv+QbuBKnnotTx/QK16jb2uwvw16GjuSJcaDb39lfq0/OCiysshfxkCqT1HsbG5muk261h67lJ5ZHf4YkjPH8uqUUcy2mnuwF5fWNjbreXtwlpA06xAEapJXnIMKgSaXJr6V0gnOpBxVeH7KzNyPYUoqEmu27wT7Tb6yaNNtdpU5d3a01WZJalez7N2xcgmZYWlEFaF/NnYP2tN8shBbxyLMstuJDHE4AUySBFd650yVwORNB4DDWzbv8AOTv1reWC+eJZniDBzGpZ0XqPwDt0yQnIEnlids8yrfixT0qNSlRg3UWirbzaexr+OVtzJPZr32mvVZJb1ihUlnEci1atmSS4Y4Y42+9hCsdkEt1HaXc3Tn6PWZQrSMq1pQJTRnx1sw0LV/hXD+4dxQW1u0ttE7sJOl62CJqoCPXwJz/lDOTgtDjQuJ8Dprrruy2dV25BPR0jtPejmC1Z9oZ6+vrauvKiuZ1pv+Va9wGxG8pTC+IAqdz3cNKkEIH9PQT5RlWdtIULqZaq+k19amjDOmeHrC1ljUzXjh7xxWlKAVzyX8PEZHgcsWyRqdZ6dKukex2FZzAisTWksNF4BLtmSNnyktxVWuI1H2qM/r1SrrWR3DkW5z9/jXkScsXRaZToPxkZH/hiL1r+zO9q9NNMtQVtgyib+Z+TNG0V3ae0I5YRFNdnGUP8xkTPoOpTKarBb56hQeweo+WdPbhiNZFVnmHqByPv8vHFpubevVho1KiRpCtWi0ntky372z22ztSUb9n8pwop6+pVdkUdwShx1AS0N2rzMSh1+inJRQaftBODdxHKqrkrJWnn4/pxxmfyJJtthp9aJ1EUNy9FJcoJGP6dOIq01mtUcq2aYsS1kEilQZ3hYenbq52xo7aaXQoEvSGlgBUeY8+P2eWG2iFxp6v/ANmodQ/e9vP3Yq3Gtls32tPVhKEte+16GeARTRLCtZQteRbHumP2YYogq4HoPqejvLWFladerrBrnwrzJ/TLE9nVUOkUIGX2eePWdjudJud3NqpVFMbh1Ms+D7T1FpWUjQzFndoTajWbufJkYEEdupRt4JbWPq+msdf9RqPt9mIsDGQEuavWn340DaUb3KdfR2ulsrRvJDVkk01uNfxrftrYFqlBaT/9iXw2DlO/dQPr1RW862U0guKsun0n93OmXspUKeWCkWTUmmoXUQac8sZ3SvbSPYS6GaJ5fZGxNmd3adwsGylq6uT2/ZaG3EFkeN0JDFD+7q9uLaySEX8TnV1Mx7hl+nsyxHhlummMQ+HpE18TU5/ZljVNNvWlv6zaa67IbUNa5qq8OurTttIIteFGvxaEaQwC5ZtOHKvK0ft/zRk9UV5assLWsoWgFWDA6QSB+E+nP+EeZBOOS5brMWUKhFCRl6a8DSlQKCgNQPDEhyjk22v7KPZXPy7N2PayiW1ZoMln3ddMlhoLUkYjsTwS26gEzQxoHWPAYHHTm37ZFbW7dBk009KKWorahU6SaDLwA88N3E0k2hYQChepPiNJ9uG1Tbm7WseI9wQ2ZKtgRqkgkMFiSpCWKSyq3uOwy6/xkZ9cjpu8sikrRRmpUgV92dPtw5BckogevVI4eOZ/4YQ2FGps5Kcw92C9TlZKt2J0R0hAJiiZh/NmWGw5QREGbDemMdNQM0cZhkTVGxz/AIvM0z8sSpHcLXhU5ivl4YqM2rSCWavOqQLfe1Z162LVmP8AFljQTXoo1AbCwWkLZxnJI6tkvJJfzK6lhHScnmeJJy/ThyxUdFIl0qKSZUzxErrTVsPG0K/mPWhBsQKPbMsjLJE8YkzIyLKA7kjGB0T3BdRqNUrUDlwxKjow0tmaYZmpat2POnDTjrx2ZZ71KwrQxXIPeCJDUvRMbNNfJ3KMqufORcjHSRS22l0kV9T0CkUopGZ9pIyoeWHDbSuUNvxrSnjlWuKBq9vZ2PIN5xrY+MVpS1vZxWZK6VJHkgghiFW4Yovy4VrMFDosZI9R5dzotztYYbC33G1H5Oqorx86+ZNcUu2XU095c2M6/nAc/Ef5UxJW0j/HsWYo4UsVESneqRsjCzUTxcW5K0kLyzWq5Q4liZYpoAhz7gYdR40V4EP42rnXyPnz+7Fl1ZYbgxyemPx8PMf4HEMlhHYbzW/hx0IGgtTifzr0TM9VoaUtkyRmyjWZpo5mK+ILy/xenTvykyxMkiu89aBlzZRqFfKmVBWowMUtsJOmXAiNTnkCaVpyxF2bMtHV2Nw1SN/JjPr1FwrLBbrhVtS3lkjvwhl/mIHEhaN1R8jOOpcIZbs2NZM6Vr+zhXly54jSrb9Bb1un0YSS4B+IE0FeeXl4YiNnv6GvgobWTZSWK20aC40taxdDTRICUUzrXaSeKfzZfJPIPGcHscdPWtneSXL2qrRkJB1U488ieXj44bvJLGCBLsganFQePs/Q4Prax2NvZbEWJ9tSnmu3BPLAadejdEgWXQvGxrJQsUfdhkrIoKSeR8ivYdHuU4ihSJkWKWoVFAHqj/72Va1p6uQHLDW3QMsbFSzxCQitakCh4Z+OKfyDkO74zb0eop8dv7Gfe29mV3Et2nDNTn/Dmtp7qy0JRLPakqrDDD4kiR1byVQT1ebPZ7ZuUV1c3F3GkcEanSAaNVgpGRyABLE1ByoM8sV+9XW7wXVnZ2e3yXBu2ZGl6ywmP0M0bAsCG1OqpppwavLDCylitUj5NrVv2K24mk2tHY7BZLkOusPYkprQ2FVITJUhpV7Mk0lgIrGUfbnDMJEV1bzTNtdwVW4gGnSpHrUjUWqTQk/DSpFKeWKj+nXCW8e52yyvbTkyB5OKMxIKLpoCqEaQStcqE40jR37mknO4kjbcU69yFdtaqVVtC9NcWNIA8Mde3MtmS5XRahqMssmfbCdw3VPdxRX7LbU0XDfAc/SK8jWnjXVUDM8cWFsXs3LynXagHWkYGpif3h4+ynLF/TZ0rLpruTUNhq9vZvJJPpY55tbFbtQ2dlLQpeR83eJa9j7XkCSp5/8AtgDx6oxbH1yW8gk2+npmYcDlm4yFBxI5D7cSFnERjfR/utWcK8fCi1J9R4Dzpis02NWzuUpSyRrDvIaT6u9HUSxeuzSieazqYNhPVg/p16C8VV2khexNUmVPORVXqwktHmihWZoyDA7axmy6VNNQ46h7KUZDlnhm23SLqSKqsk0M6I3JSWIqR/CVyHmH8sBY38/IfyJjZNM132GnlpiGNVgTXTyV9XNJVlT3KrVvBZk8XHhIc5JVW6q5Lf5CVECBkYRuHzqwKipNMjXOozHKnLF6hXcIXlL5hpBTjXMivCoyoMqcAc6DEXb1kmysXSY7ib1tTSP/AHBPYkn1E0tar7MesnjbZexLvHSIOT4iZg8eXOOr6G4W2ggHUjNuZq9MgAiuZzoSVqfhNV4gADGcmtdc00tP96YgNXMAZZCtAaClQAaZVwz2Yn5QsFPlNHW3LlLZzNFZtQwP7lWlRpwQ6C1fvW0tVtrZlWaSH8Vynkx7E4BOyWLapTJs7uiNF6lViNJJ/nIuaNEOFGU509zdyBuRMO6RRuVcleorSBgASY5APWZaAk6SKAVxyvLw/Ubbk1iThVjX3OI7VL+z1O90N+7JqoYNZLG+w1O4mu6+SSjtthsrDoq+8hV4iZE8BkesJvk1ttSf+QLLb7sjLHJFKF6p1AkOmj4kCqtDpAGviajHjJ7V23dNxnm7Smhk2KQGWG5iMjxFQwXp6nWgmeRiip1DQoCU4nFWj4tt9Nfn5NuKc1u9UKx3GWxr3h1bVllkfR6urMf+qtpBKjyWAPFmdvHsB1YPvO3bhAm22bUhcVGRGsZDWzchUHLyzFTip/oW4bJcHct6jU3ZGZEgQRiP1G3iUggylCHlJrm1F4YiaU77HkNFrdWZKeupzbeSeCOlVp+9NL+ZDPa2H2m7NSchpEEhWLt7mD4qZs6PbbW3QYfNyyhRmSaAUIA4KDyy/wBPPDNmEut2C3kCm0it+pSOjR6mJKsr0qSFIBz+KvgMarNKkGuksXNfqLtFYrM0Fe1e0s9y0ZaCusth5KjxhlJ8irnyWPy+4DPWVimnl3ARRzzictQtolGXmSx+2nuxs5dps0sPmJksyFBYK0iuo5kkEElRxIrkAaUxiqc55Jc5BY4zrdp8S1NNtYlUS7mSTWJFSEUXv17Ox1sckV5LFdXWmCkYX28MgTGd2dl2mHbV3O9j3Y38RJpGDIpJqA2kkEUYgtmfAZnLytty3/ct6faNquu3E2m4UMrSHpOFR1LxqyjMyAVgU+FTWmF+Rcbmh2VneVOUaK/eu0Kcmupy7m7Z1OurUGjS/DpKkNBalr8v3CkryqPB1UJhAMhtW7xzWSWc1tcxxxs3VkMNGcsPT1CXJBGVACo41FeL29drz/1G43mK9sri6mRXt0a4JREg/mxxehU1nMNrYnVXgKYz1vkLmc3L4tB/9z3cSDa+FzQ06rxTla/cRyneK09KaWRIi7qrQrGW9poyTnrSf+P7LFspv33GPow1ErnJqnP4T6hQECmdaVrjz+TuTuK57kG0Q7JPLcTx6oI00lgPNkrEeZq7LQEAjnheX5Jj0nJYNDy3hVubYqIZdpDrZ+M8jfXVjEzGbZrZE3hKzEu7O8MgAI8OgTt2S82w7hsu4Ils2SGVZrfWQc6BTUjwpWpzrnht+6U23f12Xe9nme7WOsiwvaXKqCKV1kNxP8C4mtluK0AozXOAH/t+9NraFiRdPU/O1+tuuJ3iSloNiNjZjqlD5Rez7jhkH74tna9QvBb7mq7ooLAB5QjuDSmqVCoJrx1AUBpiRuRa2SG4uNj','2016-05-09',1);
/*!40000 ALTER TABLE `news_news` ENABLE KEYS */;
UNLOCK TABLES;

--
-- Table structure for table `news_newscategory`
--

DROP TABLE IF EXISTS `news_newscategory`;
/*!40101 SET @saved_cs_client     = @@character_set_client */;
/*!40101 SET character_set_client = utf8 */;
CREATE TABLE `news_newscategory` (
  `id` int(11) NOT NULL AUTO_INCREMENT,
  `category` varchar(20) NOT NULL,
  PRIMARY KEY (`id`),
  UNIQUE KEY `category` (`category`)
) ENGINE=InnoDB AUTO_INCREMENT=3 DEFAULT CHARSET=utf8;
/*!40101 SET character_set_client = @saved_cs_client */;

--
-- Dumping data for table `news_newscategory`
--

LOCK TABLES `news_newscategory` WRITE;
/*!40000 ALTER TABLE `news_newscategory` DISABLE KEYS */;
INSERT INTO `news_newscategory` VALUES (1,'companynews'),(2,'importinfo');
/*!40000 ALTER TABLE `news_newscategory` ENABLE KEYS */;
UNLOCK TABLES;

--
-- Table structure for table `production_processdetail`
--

DROP TABLE IF EXISTS `production_processdetail`;
/*!40101 SET @saved_cs_client     = @@character_set_client */;
/*!40101 SET character_set_client = utf8 */;
CREATE TABLE `production_processdetail` (
  `id` int(11) NOT NULL AUTO_INCREMENT,
  `sub_materiel_belong_id` int(11) NOT NULL,
  `processname_id` int(11) NOT NULL,
  `process_id` int(11) NOT NULL,
  `work_hour` int(11) NOT NULL,
  `productionworkgroup_id` int(11) DEFAULT NULL,
  `plan_startdate` date DEFAULT NULL,
  `plan_enddate` date DEFAULT NULL,
  `complete_process_date` date DEFAULT NULL,
  `check_user_id` int(11) DEFAULT NULL,
  `check_date` date DEFAULT NULL,
  `check_content` varchar(500) DEFAULT NULL,
  PRIMARY KEY (`id`),
  UNIQUE KEY `sub_materiel_belong_id` (`sub_materiel_belong_id`,`process_id`),
  KEY `production_processdetail_4defe6e3` (`sub_materiel_belong_id`),
  KEY `production_processdetail_23fc7d8f` (`processname_id`),
  KEY `production_processdetail_54249354` (`productionworkgroup_id`),
  KEY `production_processdetail_4b54c584` (`check_user_id`),
  CONSTRAINT `processname_id_refs_id_d1d382a5` FOREIGN KEY (`processname_id`) REFERENCES `techdata_processingname` (`id`),
  CONSTRAINT `check_user_id_refs_id_479b2900` FOREIGN KEY (`check_user_id`) REFERENCES `auth_user` (`id`),
  CONSTRAINT `productionworkgroup_id_refs_id_9da9e230` FOREIGN KEY (`productionworkgroup_id`) REFERENCES `production_productionworkgroup` (`id`),
  CONSTRAINT `sub_materiel_belong_id_refs_id_9fe90d16` FOREIGN KEY (`sub_materiel_belong_id`) REFERENCES `production_submateriel` (`id`)
) ENGINE=InnoDB AUTO_INCREMENT=217 DEFAULT CHARSET=utf8;
/*!40101 SET character_set_client = @saved_cs_client */;

--
-- Dumping data for table `production_processdetail`
--

LOCK TABLES `production_processdetail` WRITE;
/*!40000 ALTER TABLE `production_processdetail` DISABLE KEYS */;
/*!40000 ALTER TABLE `production_processdetail` ENABLE KEYS */;
UNLOCK TABLES;

--
-- Table structure for table `production_productionplan`
--

DROP TABLE IF EXISTS `production_productionplan`;
/*!40101 SET @saved_cs_client     = @@character_set_client */;
/*!40101 SET character_set_client = utf8 */;
CREATE TABLE `production_productionplan` (
  `id` int(11) NOT NULL AUTO_INCREMENT,
  `order_id` int(11) NOT NULL,
  `plan_id` varchar(50) NOT NULL,
  `status` int(11) NOT NULL,
  `plan_date` date NOT NULL,
  PRIMARY KEY (`id`),
  KEY `production_productionplan_8337030b` (`order_id`),
  CONSTRAINT `order_id_refs_id_3ae5d44` FOREIGN KEY (`order_id`) REFERENCES `const_workorder` (`id`)
) ENGINE=InnoDB AUTO_INCREMENT=5 DEFAULT CHARSET=utf8;
/*!40101 SET character_set_client = @saved_cs_client */;

--
-- Dumping data for table `production_productionplan`
--

LOCK TABLES `production_productionplan` WRITE;
/*!40000 ALTER TABLE `production_productionplan` DISABLE KEYS */;
/*!40000 ALTER TABLE `production_productionplan` ENABLE KEYS */;
UNLOCK TABLES;

--
-- Table structure for table `production_productionuser`
--

DROP TABLE IF EXISTS `production_productionuser`;
/*!40101 SET @saved_cs_client     = @@character_set_client */;
/*!40101 SET character_set_client = utf8 */;
CREATE TABLE `production_productionuser` (
  `id` int(11) NOT NULL AUTO_INCREMENT,
  `production_user_id_id` int(11) NOT NULL,
  `production_work_group_id` int(11) DEFAULT NULL,
  PRIMARY KEY (`id`),
  UNIQUE KEY `production_user_id_id` (`production_user_id_id`),
  KEY `production_productionuser_76c073e` (`production_work_group_id`),
  CONSTRAINT `production_work_group_id_refs_id_bddc1af1` FOREIGN KEY (`production_work_group_id`) REFERENCES `production_productionworkgroup` (`id`),
  CONSTRAINT `production_user_id_id_refs_id_43b07ab2` FOREIGN KEY (`production_user_id_id`) REFERENCES `users_userinfo` (`id`)
) ENGINE=InnoDB AUTO_INCREMENT=6 DEFAULT CHARSET=utf8;
/*!40101 SET character_set_client = @saved_cs_client */;

--
-- Dumping data for table `production_productionuser`
--

LOCK TABLES `production_productionuser` WRITE;
/*!40000 ALTER TABLE `production_productionuser` DISABLE KEYS */;
INSERT INTO `production_productionuser` VALUES (5,11,NULL);
/*!40000 ALTER TABLE `production_productionuser` ENABLE KEYS */;
UNLOCK TABLES;

--
-- Table structure for table `production_productionworkgroup`
--

DROP TABLE IF EXISTS `production_productionworkgroup`;
/*!40101 SET @saved_cs_client     = @@character_set_client */;
/*!40101 SET character_set_client = utf8 */;
CREATE TABLE `production_productionworkgroup` (
  `id` int(11) NOT NULL AUTO_INCREMENT,
  `name` varchar(20) NOT NULL,
  `processname_id` int(11) NOT NULL,
  PRIMARY KEY (`id`),
  KEY `production_productionworkgroup_23fc7d8f` (`processname_id`),
  CONSTRAINT `processname_id_refs_id_2e38d3d2` FOREIGN KEY (`processname_id`) REFERENCES `techdata_processingname` (`id`)
) ENGINE=InnoDB AUTO_INCREMENT=62 DEFAULT CHARSET=utf8;
/*!40101 SET character_set_client = @saved_cs_client */;

--
-- Dumping data for table `production_productionworkgroup`
--

LOCK TABLES `production_productionworkgroup` WRITE;
/*!40000 ALTER TABLE `production_productionworkgroup` DISABLE KEYS */;
INSERT INTO `production_productionworkgroup` VALUES (45,'101',35),(46,'110',37),(47,'188',37),(48,'103',34),(49,'113',41),(50,'111',32),(51,'m',28),(52,'109',39),(53,'108',13),(54,'106',13),(55,'j',36),(56,'z',26),(57,'h',27),(58,'l',30),(59,'r',23),(60,'182',38),(61,'123',40);
/*!40000 ALTER TABLE `production_productionworkgroup` ENABLE KEYS */;
UNLOCK TABLES;

--
-- Table structure for table `production_submateriel`
--

DROP TABLE IF EXISTS `production_submateriel`;
/*!40101 SET @saved_cs_client     = @@character_set_client */;
/*!40101 SET character_set_client = utf8 */;
CREATE TABLE `production_submateriel` (
  `id` int(11) NOT NULL AUTO_INCREMENT,
  `materiel_belong_id` int(11) NOT NULL,
  `sub_order_id` int(11) NOT NULL,
  `complete_plandate` date DEFAULT NULL,
  `complete_date` date DEFAULT NULL,
  PRIMARY KEY (`id`),
  KEY `production_submateriel_a1064124` (`materiel_belong_id`),
  KEY `production_submateriel_cde770c2` (`sub_order_id`),
  CONSTRAINT `sub_order_id_refs_id_142abfd1` FOREIGN KEY (`sub_order_id`) REFERENCES `const_subworkorder` (`id`),
  CONSTRAINT `materiel_belong_id_refs_id_4fec26a1` FOREIGN KEY (`materiel_belong_id`) REFERENCES `const_materiel` (`id`)
) ENGINE=InnoDB AUTO_INCREMENT=299 DEFAULT CHARSET=utf8;
/*!40101 SET character_set_client = @saved_cs_client */;

--
-- Dumping data for table `production_submateriel`
--

LOCK TABLES `production_submateriel` WRITE;
/*!40000 ALTER TABLE `production_submateriel` DISABLE KEYS */;
/*!40000 ALTER TABLE `production_submateriel` ENABLE KEYS */;
UNLOCK TABLES;

--
-- Table structure for table `production_synthesizefileliststatus`
--

DROP TABLE IF EXISTS `production_synthesizefileliststatus`;
/*!40101 SET @saved_cs_client     = @@character_set_client */;
/*!40101 SET character_set_client = utf8 */;
CREATE TABLE `production_synthesizefileliststatus` (
  `id` int(11) NOT NULL AUTO_INCREMENT,
  `sub_order_id` int(11) NOT NULL,
  `sketch` tinyint(1) NOT NULL,
  `pressure_test` tinyint(1) NOT NULL,
  `craph` tinyint(1) NOT NULL,
  `product` tinyint(1) NOT NULL,
  `encasement_graph` tinyint(1) NOT NULL,
  `mark` tinyint(1) NOT NULL,
  `encasement_list` tinyint(1) NOT NULL,
  `coating_detail` tinyint(1) NOT NULL,
  PRIMARY KEY (`id`),
  KEY `production_synthesizefileliststatus_cde770c2` (`sub_order_id`),
  CONSTRAINT `sub_order_id_refs_id_4464a9e7` FOREIGN KEY (`sub_order_id`) REFERENCES `const_subworkorder` (`id`)
) ENGINE=InnoDB AUTO_INCREMENT=6 DEFAULT CHARSET=utf8;
/*!40101 SET character_set_client = @saved_cs_client */;

--
-- Dumping data for table `production_synthesizefileliststatus`
--

LOCK TABLES `production_synthesizefileliststatus` WRITE;
/*!40000 ALTER TABLE `production_synthesizefileliststatus` DISABLE KEYS */;
/*!40000 ALTER TABLE `production_synthesizefileliststatus` ENABLE KEYS */;
UNLOCK TABLES;

--
-- Table structure for table `purchasing_arrivalinspection`
--

DROP TABLE IF EXISTS `purchasing_arrivalinspection`;
/*!40101 SET @saved_cs_client     = @@character_set_client */;
/*!40101 SET character_set_client = utf8 */;
CREATE TABLE `purchasing_arrivalinspection` (
  `id` int(11) NOT NULL AUTO_INCREMENT,
  `material_confirm` tinyint(1) NOT NULL,
  `soft_confirm` tinyint(1) NOT NULL,
  `inspect_confirm` tinyint(1) NOT NULL,
  `bidform_id` int(11) NOT NULL,
  `material_id` int(11) NOT NULL,
  `check_pass` tinyint(1) NOT NULL,
  PRIMARY KEY (`id`),
  KEY `purchasing_arrivalinspection_cc9bb040` (`bidform_id`),
  KEY `purchasing_arrivalinspection_fab9ba43` (`material_id`),
  CONSTRAINT `material_id_refs_materiel_ptr_id_66b39073` FOREIGN KEY (`material_id`) REFERENCES `purchasing_materielcopy` (`materiel_ptr_id`),
  CONSTRAINT `bidform_id_refs_id_c1f3105f` FOREIGN KEY (`bidform_id`) REFERENCES `purchasing_bidform` (`id`)
) ENGINE=InnoDB AUTO_INCREMENT=31 DEFAULT CHARSET=utf8;
/*!40101 SET character_set_client = @saved_cs_client */;

--
-- Dumping data for table `purchasing_arrivalinspection`
--

LOCK TABLES `purchasing_arrivalinspection` WRITE;
/*!40000 ALTER TABLE `purchasing_arrivalinspection` DISABLE KEYS */;
INSERT INTO `purchasing_arrivalinspection` VALUES (21,0,0,0,96,252,0),(22,0,0,0,96,981,0),(23,1,1,1,98,986,1),(24,1,1,1,98,985,1),(25,1,1,1,98,984,1),(26,1,1,1,98,983,1),(27,0,0,0,98,986,0),(28,0,0,0,98,985,0),(29,0,0,0,98,984,0),(30,0,0,0,98,983,0);
/*!40000 ALTER TABLE `purchasing_arrivalinspection` ENABLE KEYS */;
UNLOCK TABLES;

--
-- Table structure for table `purchasing_bidacceptance`
--

DROP TABLE IF EXISTS `purchasing_bidacceptance`;
/*!40101 SET @saved_cs_client     = @@character_set_client */;
/*!40101 SET character_set_client = utf8 */;
CREATE TABLE `purchasing_bidacceptance` (
  `id` int(11) NOT NULL AUTO_INCREMENT,
  `bid_id` int(11) NOT NULL,
  `document_id` varchar(50) DEFAULT NULL,
  `apply_company` varchar(40) DEFAULT NULL,
  `apply_content` varchar(40) DEFAULT NULL,
  `amount` varchar(40) DEFAULT NULL,
  `accept_date` datetime DEFAULT NULL,
  `accept_money` varchar(40) DEFAULT NULL,
  `accept_supplier_id` int(11) DEFAULT NULL,
  `contact_people` varchar(40) DEFAULT NULL,
  `contact_tel` varchar(40) DEFAULT NULL,
  PRIMARY KEY (`id`),
  UNIQUE KEY `bid_id` (`bid_id`),
  KEY `purchasing_bidacceptance_3e42ca68` (`accept_supplier_id`),
  CONSTRAINT `accept_supplier_id_refs_id_91bf55e` FOREIGN KEY (`accept_supplier_id`) REFERENCES `purchasing_supplier` (`id`),
  CONSTRAINT `bid_id_refs_id_3169385e` FOREIGN KEY (`bid_id`) REFERENCES `purchasing_bidform` (`id`)
) ENGINE=InnoDB AUTO_INCREMENT=4 DEFAULT CHARSET=utf8;
/*!40101 SET character_set_client = @saved_cs_client */;

--
-- Dumping data for table `purchasing_bidacceptance`
--

LOCK TABLES `purchasing_bidacceptance` WRITE;
/*!40000 ALTER TABLE `purchasing_bidacceptance` DISABLE KEYS */;
INSERT INTO `purchasing_bidacceptance` VALUES (1,96,'2432','胜多负少','3','33','2016-05-09 16:00:00','454',6,'3','34'),(2,97,'12454','煤化工分公司','烤红薯炉子','12','2016-05-11 16:00:00','45',7,'胡骏','110'),(3,98,'1','1','1','1','2016-05-15 16:00:00','1',6,'','');
/*!40000 ALTER TABLE `purchasing_bidacceptance` ENABLE KEYS */;
UNLOCK TABLES;

--
-- Table structure for table `purchasing_bidapply`
--

DROP TABLE IF EXISTS `purchasing_bidapply`;
/*!40101 SET @saved_cs_client     = @@character_set_client */;
/*!40101 SET character_set_client = utf8 */;
CREATE TABLE `purchasing_bidapply` (
  `id` int(11) NOT NULL AUTO_INCREMENT,
  `apply_id` varchar(50) DEFAULT NULL,
  `apply_company` varchar(40) DEFAULT NULL,
  `demand_company` varchar(40) DEFAULT NULL,
  `amount` int(11) NOT NULL,
  `work_order` varchar(100) DEFAULT NULL,
  `bid_project` varchar(40) DEFAULT NULL,
  `bid_date` datetime DEFAULT NULL,
  `special_model` varchar(40) DEFAULT NULL,
  `core_part` tinyint(1) NOT NULL,
  `bid_id` int(11) NOT NULL,
  `project_category` varchar(40) DEFAULT NULL,
  `bid_datetime` datetime DEFAULT NULL,
  `bid_delivery_date` datetime DEFAULT NULL,
  `place` varchar(40) DEFAULT NULL,
  `implement_class_id` int(11) NOT NULL,
  `status_id` int(11) NOT NULL,
  PRIMARY KEY (`id`),
  UNIQUE KEY `purchasing_bidapply_bid_id_4aa1a88943ff8c21_uniq` (`bid_id`),
  UNIQUE KEY `apply_id` (`apply_id`),
  KEY `purchasing_bidapply_f7cc7026` (`bid_id`),
  KEY `purchasing_bidapply_832ab2e7` (`implement_class_id`),
  KEY `purchasing_bidapply_44224078` (`status_id`),
  CONSTRAINT `bid_id_refs_id_34b8ca24` FOREIGN KEY (`bid_id`) REFERENCES `purchasing_bidform` (`id`),
  CONSTRAINT `implement_class_id_refs_id_26c2ff84` FOREIGN KEY (`implement_class_id`) REFERENCES `const_implementclasschoices` (`id`),
  CONSTRAINT `status_id_refs_id_6a1fafb4` FOREIGN KEY (`status_id`) REFERENCES `purchasing_commentstatus` (`id`)
) ENGINE=InnoDB AUTO_INCREMENT=9 DEFAULT CHARSET=utf8;
/*!40101 SET character_set_client = @saved_cs_client */;

--
-- Dumping data for table `purchasing_bidapply`
--

LOCK TABLES `purchasing_bidapply` WRITE;
/*!40000 ALTER TABLE `purchasing_bidapply` DISABLE KEYS */;
INSERT INTO `purchasing_bidapply` VALUES (5,'3333','煤化工分公司','煤化工分公司5',12,'20150001,20150002','华鲁、图克项目等','2016-05-06 16:00:00','s2d',0,96,' 标准紧固件采购','2016-05-09 16:00:00','2016-05-09 16:00:00','大连',1,4);
/*!40000 ALTER TABLE `purchasing_bidapply` ENABLE KEYS */;
UNLOCK TABLES;

--
-- Table structure for table `purchasing_bidcomment`
--

DROP TABLE IF EXISTS `purchasing_bidcomment`;
/*!40101 SET @saved_cs_client     = @@character_set_client */;
/*!40101 SET character_set_client = utf8 */;
CREATE TABLE `purchasing_bidcomment` (
  `id` int(11) NOT NULL AUTO_INCREMENT,
  `user_id` int(11) NOT NULL,
  `comment` varchar(400) NOT NULL,
  `bid_id` int(11) NOT NULL,
  `submit_date` date DEFAULT NULL,
  `user_title` int(11) NOT NULL,
  PRIMARY KEY (`id`),
  KEY `purchasing_bidcomment_fbfc09f1` (`user_id`),
  KEY `purchasing_bidcomment_f7cc7026` (`bid_id`),
  CONSTRAINT `bid_id_refs_id_5e976b59` FOREIGN KEY (`bid_id`) REFERENCES `purchasing_bidform` (`id`),
  CONSTRAINT `user_id_refs_id_1d92c046` FOREIGN KEY (`user_id`) REFERENCES `auth_user` (`id`)
) ENGINE=InnoDB AUTO_INCREMENT=64 DEFAULT CHARSET=utf8;
/*!40101 SET character_set_client = @saved_cs_client */;

--
-- Dumping data for table `purchasing_bidcomment`
--

LOCK TABLES `purchasing_bidcomment` WRITE;
/*!40000 ALTER TABLE `purchasing_bidcomment` DISABLE KEYS */;
INSERT INTO `purchasing_bidcomment` VALUES (62,1,'同意',96,'2016-05-17',1),(63,1,'我也同意',96,'2016-05-17',2);
/*!40000 ALTER TABLE `purchasing_bidcomment` ENABLE KEYS */;
UNLOCK TABLES;

--
-- Table structure for table `purchasing_bidform`
--

DROP TABLE IF EXISTS `purchasing_bidform`;
/*!40101 SET @saved_cs_client     = @@character_set_client */;
/*!40101 SET character_set_client = utf8 */;
CREATE TABLE `purchasing_bidform` (
  `id` int(11) NOT NULL AUTO_INCREMENT,
  `bid_id` varchar(20) NOT NULL,
  `create_time` datetime DEFAULT NULL,
  `establishment_time` datetime DEFAULT NULL,
  `audit_time` datetime DEFAULT NULL,
  `approved_time` datetime DEFAULT NULL,
  `bid_status_id` int(11) NOT NULL,
  `contract_id` varchar(50) NOT NULL,
  `contract_amount` int(11) NOT NULL,
  `billing_amount` int(11) NOT NULL,
  `order_form_id` int(11) DEFAULT NULL,
  `bid_mod` int(11) NOT NULL,
  PRIMARY KEY (`id`),
  UNIQUE KEY `bid_id` (`bid_id`),
  KEY `purchasing_bidform_3f9d6ba0` (`bid_status_id`),
  KEY `purchasing_bidform_15f3512f` (`order_form_id`),
  CONSTRAINT `bid_status_id_refs_id_586140eb` FOREIGN KEY (`bid_status_id`) REFERENCES `const_bidformstatus` (`id`),
  CONSTRAINT `order_form_id_refs_id_6969dbc2` FOREIGN KEY (`order_form_id`) REFERENCES `purchasing_orderform` (`id`)
) ENGINE=InnoDB AUTO_INCREMENT=99 DEFAULT CHARSET=utf8;
/*!40101 SET character_set_client = @saved_cs_client */;

--
-- Dumping data for table `purchasing_bidform`
--

LOCK TABLES `purchasing_bidform` WRITE;
/*!40000 ALTER TABLE `purchasing_bidform` DISABLE KEYS */;
INSERT INTO `purchasing_bidform` VALUES (96,'201600000',NULL,NULL,NULL,NULL,21,'2272233d-45b3-49f0-9bad-28d2ab22cd04',0,0,101,0),(97,'201600097',NULL,NULL,NULL,NULL,15,'02004140-e242-4186-ba53-8d901ba675bc',0,0,111,1),(98,'201600098',NULL,NULL,NULL,NULL,15,'25a2f6c0-698e-43c6-8f11-0ba330f6f444',0,0,130,1);
/*!40000 ALTER TABLE `purchasing_bidform` ENABLE KEYS */;
UNLOCK TABLES;

--
-- Table structure for table `purchasing_commentstatus`
--

DROP TABLE IF EXISTS `purchasing_commentstatus`;
/*!40101 SET @saved_cs_client     = @@character_set_client */;
/*!40101 SET character_set_client = utf8 */;
CREATE TABLE `purchasing_commentstatus` (
  `id` int(11) NOT NULL AUTO_INCREMENT,
  `form_type` int(11) DEFAULT NULL,
  `status` int(11) NOT NULL,
  `next_status_id` int(11) DEFAULT NULL,
  PRIMARY KEY (`id`),
  UNIQUE KEY `status` (`status`),
  KEY `purchasing_commentstatus_5b57cfb9` (`next_status_id`),
  CONSTRAINT `next_status_id_refs_id_5f24f38b` FOREIGN KEY (`next_status_id`) REFERENCES `purchasing_commentstatus` (`id`)
) ENGINE=InnoDB AUTO_INCREMENT=28 DEFAULT CHARSET=utf8;
/*!40101 SET character_set_client = @saved_cs_client */;

--
-- Dumping data for table `purchasing_commentstatus`
--

LOCK TABLES `purchasing_commentstatus` WRITE;
/*!40000 ALTER TABLE `purchasing_commentstatus` DISABLE KEYS */;
INSERT INTO `purchasing_commentstatus` VALUES (1,1,10,2),(2,1,20,3),(3,1,30,4),(4,1,40,5),(5,1,50,6),(6,1,60,7),(7,1,70,8),(8,NULL,200,NULL),(9,2,80,10),(10,2,90,11),(11,2,100,12),(12,2,110,13),(13,2,120,14),(14,2,130,8),(15,3,140,16),(16,3,150,17),(17,3,160,18),(18,3,170,19),(19,3,180,20),(20,3,190,8),(21,4,350,27),(22,4,340,21),(23,4,330,22),(24,4,320,23),(25,4,310,24),(26,4,300,25),(27,4,360,NULL);
/*!40000 ALTER TABLE `purchasing_commentstatus` ENABLE KEYS */;
UNLOCK TABLES;

--
-- Table structure for table `purchasing_contractdetail`
--

DROP TABLE IF EXISTS `purchasing_contractdetail`;
/*!40101 SET @saved_cs_client     = @@character_set_client */;
/*!40101 SET character_set_client = utf8 */;
CREATE TABLE `purchasing_contractdetail` (
  `id` int(11) NOT NULL AUTO_INCREMENT,
  `user_id` int(11) NOT NULL,
  `submit_date` date DEFAULT NULL,
  `amount` int(11) NOT NULL,
  `bidform_id` int(11) NOT NULL,
  PRIMARY KEY (`id`),
  KEY `purchasing_contractdetail_fbfc09f1` (`user_id`),
  KEY `purchasing_contractdetail_cc9bb040` (`bidform_id`),
  CONSTRAINT `bidform_id_refs_id_21811b84` FOREIGN KEY (`bidform_id`) REFERENCES `purchasing_bidform` (`id`),
  CONSTRAINT `user_id_refs_id_76a0dbe5` FOREIGN KEY (`user_id`) REFERENCES `auth_user` (`id`)
) ENGINE=InnoDB AUTO_INCREMENT=16 DEFAULT CHARSET=utf8;
/*!40101 SET character_set_client = @saved_cs_client */;

--
-- Dumping data for table `purchasing_contractdetail`
--

LOCK TABLES `purchasing_contractdetail` WRITE;
/*!40000 ALTER TABLE `purchasing_contractdetail` DISABLE KEYS */;
/*!40000 ALTER TABLE `purchasing_contractdetail` ENABLE KEYS */;
UNLOCK TABLES;

--
-- Table structure for table `purchasing_mainmaterielexecutedetail`
--

DROP TABLE IF EXISTS `purchasing_mainmaterielexecutedetail`;
/*!40101 SET @saved_cs_client     = @@character_set_client */;
/*!40101 SET character_set_client = utf8 */;
CREATE TABLE `purchasing_mainmaterielexecutedetail` (
  `id` int(11) NOT NULL AUTO_INCREMENT,
  `materiel_execute_id` int(11) DEFAULT NULL,
  `materiel_name` varchar(50) NOT NULL,
  `materiel_texture_id` int(11) NOT NULL,
  `quality_class` varchar(20) NOT NULL,
  `specification` varchar(100) NOT NULL,
  `quantity` int(11) NOT NULL,
  `purchase_weight` double NOT NULL,
  `recheck` tinyint(1) NOT NULL,
  `crack_rank` varchar(20) NOT NULL,
  `delivery_status` varchar(50) NOT NULL,
  `execute_standard` varchar(100) NOT NULL,
  `remark` varchar(200) DEFAULT NULL,
  PRIMARY KEY (`id`),
  KEY `purchasing_mainmaterielexecutedetail_6a3d5b89` (`materiel_execute_id`),
  KEY `purchasing_mainmaterielexecutedetail_be2808f5` (`materiel_texture_id`),
  CONSTRAINT `materiel_execute_id_refs_id_6f9244e1` FOREIGN KEY (`materiel_execute_id`) REFERENCES `purchasing_materielexecute` (`id`),
  CONSTRAINT `materiel_texture_id_refs_id_2bcd4e09` FOREIGN KEY (`materiel_texture_id`) REFERENCES `const_materiel` (`id`)
) ENGINE=InnoDB DEFAULT CHARSET=utf8;
/*!40101 SET character_set_client = @saved_cs_client */;

--
-- Dumping data for table `purchasing_mainmaterielexecutedetail`
--

LOCK TABLES `purchasing_mainmaterielexecutedetail` WRITE;
/*!40000 ALTER TABLE `purchasing_mainmaterielexecutedetail` DISABLE KEYS */;
/*!40000 ALTER TABLE `purchasing_mainmaterielexecutedetail` ENABLE KEYS */;
UNLOCK TABLES;

--
-- Table structure for table `purchasing_materialsubapply`
--

DROP TABLE IF EXISTS `purchasing_materialsubapply`;
/*!40101 SET @saved_cs_client     = @@character_set_client */;
/*!40101 SET character_set_client = utf8 */;
CREATE TABLE `purchasing_materialsubapply` (
  `id` int(11) NOT NULL AUTO_INCREMENT,
  `receipts_code` varchar(100) DEFAULT NULL,
  `pic_code` varchar(100) DEFAULT NULL,
  `work_order` varchar(50) DEFAULT NULL,
  `reasons` varchar(1000) DEFAULT NULL,
  `proposer_id` int(11) NOT NULL,
  `status_id` int(11) NOT NULL,
  `production_name` varchar(50) DEFAULT NULL,
  PRIMARY KEY (`id`),
  UNIQUE KEY `receipts_code` (`receipts_code`),
  KEY `purchasing_materialsubapply_dd8682b4` (`proposer_id`),
  KEY `purchasing_materialsubapply_44224078` (`status_id`),
  CONSTRAINT `proposer_id_refs_id_258f64fb` FOREIGN KEY (`proposer_id`) REFERENCES `auth_user` (`id`),
  CONSTRAINT `status_id_refs_id_368942c2` FOREIGN KEY (`status_id`) REFERENCES `purchasing_commentstatus` (`id`)
) ENGINE=InnoDB AUTO_INCREMENT=30 DEFAULT CHARSET=utf8;
/*!40101 SET character_set_client = @saved_cs_client */;

--
-- Dumping data for table `purchasing_materialsubapply`
--

LOCK TABLES `purchasing_materialsubapply` WRITE;
/*!40000 ALTER TABLE `purchasing_materialsubapply` DISABLE KEYS */;
INSERT INTO `purchasing_materialsubapply` VALUES (28,'9876545678','890iop2','23123','1',1,26,'4234234234');
/*!40000 ALTER TABLE `purchasing_materialsubapply` ENABLE KEYS */;
UNLOCK TABLES;

--
-- Table structure for table `purchasing_materialsubapplyitems`
--

DROP TABLE IF EXISTS `purchasing_materialsubapplyitems`;
/*!40101 SET @saved_cs_client     = @@character_set_client */;
/*!40101 SET character_set_client = utf8 */;
CREATE TABLE `purchasing_materialsubapplyitems` (
  `id` int(11) NOT NULL AUTO_INCREMENT,
  `mat_pic_code` varchar(100) NOT NULL,
  `pic_ticket_code` varchar(100) NOT NULL,
  `old_name` varchar(100) NOT NULL,
  `old_standard` varchar(100) NOT NULL,
  `old_size` varchar(100) NOT NULL,
  `new_name` varchar(100) NOT NULL,
  `new_standard` varchar(100) NOT NULL,
  `new_size` varchar(100) NOT NULL,
  `sub_apply_id` int(11) NOT NULL,
  PRIMARY KEY (`id`),
  KEY `purchasing_materialsubapplyitems_175d1fe` (`sub_apply_id`),
  CONSTRAINT `sub_apply_id_refs_id_ee14ffce` FOREIGN KEY (`sub_apply_id`) REFERENCES `purchasing_materialsubapply` (`id`)
) ENGINE=InnoDB AUTO_INCREMENT=9 DEFAULT CHARSET=utf8;
/*!40101 SET character_set_client = @saved_cs_client */;

--
-- Dumping data for table `purchasing_materialsubapplyitems`
--

LOCK TABLES `purchasing_materialsubapplyitems` WRITE;
/*!40000 ALTER TABLE `purchasing_materialsubapplyitems` DISABLE KEYS */;
INSERT INTO `purchasing_materialsubapplyitems` VALUES (6,'123','123','123','123','123','123','123ww','2342',28),(7,'asdas','asdas','dasdasd','zxczxcasd','asdas','asdas','zxczxcz','xczxczxc',28);
/*!40000 ALTER TABLE `purchasing_materialsubapplyitems` ENABLE KEYS */;
UNLOCK TABLES;

--
-- Table structure for table `purchasing_materielcopy`
--

DROP TABLE IF EXISTS `purchasing_materielcopy`;
/*!40101 SET @saved_cs_client     = @@character_set_client */;
/*!40101 SET character_set_client = utf8 */;
CREATE TABLE `purchasing_materielcopy` (
  `materiel_ptr_id` int(11) NOT NULL,
  `relate_material_id` int(11) DEFAULT NULL,
  `orgin_materiel_id` int(11) DEFAULT NULL,
  `work_order` varchar(100) DEFAULT NULL,
  `sub_workorder_id` int(11) DEFAULT NULL,
  `inventory_type_id` int(11) DEFAULT NULL,
  `batch_number` varchar(50) DEFAULT NULL,
  `quality_number` varchar(50) DEFAULT NULL,
  `delivery_time` varchar(50) DEFAULT NULL,
  `material_classify` varchar(50) DEFAULT NULL,
  PRIMARY KEY (`materiel_ptr_id`),
  KEY `purchasing_materielcopy_dfccd59e` (`relate_material_id`),
  KEY `purchasing_materielcopy_9d9c25f` (`orgin_materiel_id`),
  KEY `purchasing_materielcopy_4d48b9f5` (`sub_workorder_id`),
  KEY `purchasing_materielcopy_52a0ecc1` (`inventory_type_id`),
  CONSTRAINT `inventory_type_id_refs_id_98655fe6` FOREIGN KEY (`inventory_type_id`) REFERENCES `const_inventorytype` (`id`),
  CONSTRAINT `materiel_ptr_id_refs_id_ef4e90bc` FOREIGN KEY (`materiel_ptr_id`) REFERENCES `const_materiel` (`id`),
  CONSTRAINT `orgin_materiel_id_refs_id_ef4e90bc` FOREIGN KEY (`orgin_materiel_id`) REFERENCES `const_materiel` (`id`),
  CONSTRAINT `relate_material_id_refs_materiel_ptr_id_5108b20d` FOREIGN KEY (`relate_material_id`) REFERENCES `purchasing_materielcopy` (`materiel_ptr_id`),
  CONSTRAINT `sub_workorder_id_refs_id_4b6afd54` FOREIGN KEY (`sub_workorder_id`) REFERENCES `const_subworkorder` (`id`)
) ENGINE=InnoDB DEFAULT CHARSET=utf8;
/*!40101 SET character_set_client = @saved_cs_client */;

--
-- Dumping data for table `purchasing_materielcopy`
--

LOCK TABLES `purchasing_materielcopy` WRITE;
/*!40000 ALTER TABLE `purchasing_materielcopy` DISABLE KEYS */;
INSERT INTO `purchasing_materielcopy` VALUES (1737,NULL,NULL,'03015007B',47,16,NULL,NULL,NULL,NULL),(1738,NULL,NULL,'03015007B',47,16,NULL,NULL,NULL,NULL),(1739,NULL,NULL,'03015007B',47,16,NULL,NULL,NULL,NULL),(1740,NULL,NULL,'03015007B',47,16,NULL,NULL,NULL,NULL),(1741,NULL,NULL,'03015007B',47,16,NULL,NULL,NULL,NULL),(1742,NULL,NULL,'03015007B',47,16,NULL,NULL,NULL,NULL),(1743,NULL,NULL,'03015007B',47,16,NULL,NULL,NULL,NULL),(1744,NULL,NULL,'03015007B',47,16,NULL,NULL,NULL,NULL),(1745,NULL,NULL,'03015007B',47,16,NULL,NULL,NULL,NULL),(1746,NULL,NULL,'03015007B',47,16,NULL,NULL,NULL,NULL),(1747,NULL,NULL,'03015007B',47,16,NULL,NULL,NULL,NULL),(1748,NULL,NULL,'03015007B',47,16,NULL,NULL,NULL,NULL),(1749,NULL,NULL,'03015007B',47,16,NULL,NULL,NULL,NULL),(1750,NULL,NULL,'03015007B',47,16,NULL,NULL,NULL,NULL),(1751,NULL,NULL,'03015007B',47,16,NULL,NULL,NULL,NULL),(1752,NULL,NULL,'03015007B',47,16,NULL,NULL,NULL,NULL),(1753,NULL,NULL,'03015007B',47,16,NULL,NULL,NULL,NULL),(1754,NULL,NULL,'03015007B',47,16,NULL,NULL,NULL,NULL),(1755,NULL,NULL,'03015007B',47,16,NULL,NULL,NULL,NULL),(1756,NULL,NULL,'03015007B',47,16,NULL,NULL,NULL,NULL),(1757,NULL,NULL,'03015007B',47,16,NULL,NULL,NULL,NULL),(1758,NULL,NULL,'03015007B',47,16,NULL,NULL,NULL,NULL),(1759,NULL,NULL,'03015007B',47,16,NULL,NULL,NULL,NULL),(1760,NULL,NULL,'03015007B',47,16,NULL,NULL,NULL,NULL),(1761,NULL,NULL,'03015007B',47,16,NULL,NULL,NULL,NULL),(1762,NULL,NULL,'03015007B',47,16,NULL,NULL,NULL,NULL),(1763,NULL,NULL,'03015007B',47,16,NULL,NULL,NULL,NULL),(1764,NULL,NULL,'03015007B',47,16,NULL,NULL,NULL,NULL),(1765,NULL,NULL,'03015007B',47,16,NULL,NULL,NULL,NULL),(1766,NULL,NULL,'03015007B',48,16,NULL,NULL,NULL,NULL),(1767,NULL,NULL,'03015007B',48,16,NULL,NULL,NULL,NULL),(1768,NULL,NULL,'03015007B',48,16,NULL,NULL,NULL,NULL),(1769,NULL,NULL,'03015007B',48,16,NULL,NULL,NULL,NULL),(1770,NULL,NULL,'03015007B',48,16,NULL,NULL,NULL,NULL),(1771,NULL,NULL,'03015007B',48,16,NULL,NULL,NULL,NULL),(1772,NULL,NULL,'03015007B',48,16,NULL,NULL,NULL,NULL),(1773,NULL,NULL,'03015007B',48,16,NULL,NULL,NULL,NULL),(1774,NULL,NULL,'03015007B',48,16,NULL,NULL,NULL,NULL),(1775,NULL,NULL,'03015007B',48,16,NULL,NULL,NULL,NULL),(1776,NULL,NULL,'03015007B',48,16,NULL,NULL,NULL,NULL),(1777,NULL,NULL,'03015007B',48,16,NULL,NULL,NULL,NULL),(1778,NULL,NULL,'03015007B',48,16,NULL,NULL,NULL,NULL),(1779,NULL,NULL,'03015007B',48,16,NULL,NULL,NULL,NULL),(1780,NULL,NULL,'03015007B',48,16,NULL,NULL,NULL,NULL),(1781,NULL,NULL,'03015007B',48,16,NULL,NULL,NULL,NULL),(1782,NULL,NULL,'03015007B',48,16,NULL,NULL,NULL,NULL),(1783,NULL,NULL,'03015007B',48,16,NULL,NULL,NULL,NULL),(1784,NULL,NULL,'03015007B',48,16,NULL,NULL,NULL,NULL),(1785,NULL,NULL,'03015007B',48,16,NULL,NULL,NULL,NULL),(1786,NULL,NULL,'03015007B',48,16,NULL,NULL,NULL,NULL),(1787,NULL,NULL,'03015007B',48,16,NULL,NULL,NULL,NULL),(1788,NULL,NULL,'03015007B',48,16,NULL,NULL,NULL,NULL),(1789,NULL,NULL,'03015007B',48,16,NULL,NULL,NULL,NULL),(1790,NULL,NULL,'03015007B',48,16,NULL,NULL,NULL,NULL),(1791,NULL,NULL,'03015007B',48,16,NULL,NULL,NULL,NULL),(1792,NULL,NULL,'03015007B',48,16,NULL,NULL,NULL,NULL),(1793,NULL,NULL,'03015007B',48,16,NULL,NULL,NULL,NULL),(1794,NULL,NULL,'03015007B',48,16,NULL,NULL,NULL,NULL),(1795,NULL,NULL,'03015007B',47,15,NULL,NULL,NULL,NULL),(1796,NULL,NULL,'03015007B',47,15,NULL,NULL,NULL,NULL),(1797,NULL,NULL,'03015007B',47,15,NULL,NULL,NULL,NULL),(1798,NULL,NULL,'03015007B',47,15,NULL,NULL,NULL,NULL),(1799,NULL,NULL,'03015007B',47,15,NULL,NULL,NULL,NULL),(1800,NULL,NULL,'03015007B',47,15,NULL,NULL,NULL,NULL),(1801,NULL,NULL,'03015007B',47,15,NULL,NULL,NULL,NULL),(1802,NULL,NULL,'03015007B',47,15,NULL,NULL,NULL,NULL),(1803,NULL,NULL,'03015007B',47,15,NULL,NULL,NULL,NULL),(1804,NULL,NULL,'03015007B',47,15,NULL,NULL,NULL,NULL),(1805,NULL,NULL,'03015007B',47,15,NULL,NULL,NULL,NULL),(1806,NULL,NULL,'03015007B',47,15,NULL,NULL,NULL,NULL),(1807,NULL,NULL,'03015007B',47,15,NULL,NULL,NULL,NULL),(1808,NULL,NULL,'03015007B',47,15,NULL,NULL,NULL,NULL),(1809,NULL,NULL,'03015007B',47,15,NULL,NULL,NULL,NULL),(1810,NULL,NULL,'03015007B',47,15,NULL,NULL,NULL,NULL),(1811,NULL,NULL,'03015007B',47,15,NULL,NULL,NULL,NULL),(1812,NULL,NULL,'03015007B',48,15,NULL,NULL,NULL,NULL),(1813,NULL,NULL,'03015007B',48,15,NULL,NULL,NULL,NULL),(1814,NULL,NULL,'03015007B',48,15,NULL,NULL,NULL,NULL),(1815,NULL,NULL,'03015007B',48,15,NULL,NULL,NULL,NULL),(1816,NULL,NULL,'03015007B',48,15,NULL,NULL,NULL,NULL),(1817,NULL,NULL,'03015007B',48,15,NULL,NULL,NULL,NULL),(1818,NULL,NULL,'03015007B',48,15,NULL,NULL,NULL,NULL),(1819,NULL,NULL,'03015007B',48,15,NULL,NULL,NULL,NULL),(1820,NULL,NULL,'03015007B',48,15,NULL,NULL,NULL,NULL),(1821,NULL,NULL,'03015007B',48,15,NULL,NULL,NULL,NULL),(1822,NULL,NULL,'03015007B',48,15,NULL,NULL,NULL,NULL),(1823,NULL,NULL,'03015007B',48,15,NULL,NULL,NULL,NULL),(1824,NULL,NULL,'03015007B',48,15,NULL,NULL,NULL,NULL),(1825,NULL,NULL,'03015007B',48,15,NULL,NULL,NULL,NULL),(1826,NULL,NULL,'03015007B',48,15,NULL,NULL,NULL,NULL),(1827,NULL,NULL,'03015007B',48,15,NULL,NULL,NULL,NULL),(1828,NULL,NULL,'03015007B',48,15,NULL,NULL,NULL,NULL),(1829,NULL,NULL,'03015007B',47,18,NULL,NULL,NULL,NULL),(1830,NULL,NULL,'03015007B',47,18,NULL,NULL,NULL,NULL),(1831,NULL,NULL,'03015007B',48,18,NULL,NULL,NULL,NULL),(1832,NULL,NULL,'03015007B',48,18,NULL,NULL,NULL,NULL),(1833,NULL,NULL,'03015007B',47,20,NULL,NULL,NULL,NULL),(1834,NULL,NULL,'03015007B',47,20,NULL,NULL,NULL,NULL),(1835,NULL,NULL,'03015007B',47,20,NULL,NULL,NULL,NULL),(1836,NULL,NULL,'03015007B',48,20,NULL,NULL,NULL,NULL),(1837,NULL,NULL,'03015007B',48,20,NULL,NULL,NULL,NULL),(1838,NULL,NULL,'03015007B',48,20,NULL,NULL,NULL,NULL),(1839,NULL,NULL,'03015007B',47,14,NULL,NULL,NULL,NULL),(1840,NULL,NULL,'03015007B',47,14,NULL,NULL,NULL,NULL),(1841,NULL,NULL,'03015007B',47,14,NULL,NULL,NULL,NULL),(1842,NULL,NULL,'03015007B',47,14,NULL,NULL,NULL,NULL),(1843,NULL,NULL,'03015007B',47,14,NULL,NULL,NULL,NULL),(1844,NULL,NULL,'03015007B',47,14,NULL,NULL,NULL,NULL),(1845,NULL,NULL,'03015007B',47,14,NULL,NULL,NULL,NULL),(1846,NULL,NULL,'03015007B',47,14,NULL,NULL,NULL,NULL),(1847,NULL,NULL,'03015007B',47,14,NULL,NULL,NULL,NULL),(1848,NULL,NULL,'03015007B',47,14,NULL,NULL,NULL,NULL),(1849,NULL,NULL,'03015007B',47,14,NULL,NULL,NULL,NULL),(1850,NULL,NULL,'03015007B',47,14,NULL,NULL,NULL,NULL),(1851,NULL,NULL,'03015007B',47,14,NULL,NULL,NULL,NULL),(1852,NULL,NULL,'03015007B',47,14,NULL,NULL,NULL,NULL),(1853,NULL,NULL,'03015007B',47,14,NULL,NULL,NULL,NULL),(1854,NULL,NULL,'03015007B',47,14,NULL,NULL,NULL,NULL),(1855,NULL,NULL,'03015007B',47,14,NULL,NULL,NULL,NULL),(1856,NULL,NULL,'03015007B',47,14,NULL,NULL,NULL,NULL),(1857,NULL,NULL,'03015007B',47,14,NULL,NULL,NULL,NULL),(1858,NULL,NULL,'03015007B',47,14,NULL,NULL,NULL,NULL),(1859,NULL,NULL,'03015007B',47,14,NULL,NULL,NULL,NULL),(1860,NULL,NULL,'03015007B',47,14,NULL,NULL,NULL,NULL),(1861,NULL,NULL,'03015007B',47,14,NULL,NULL,NULL,NULL),(1862,NULL,NULL,'03015007B',47,14,NULL,NULL,NULL,NULL),(1863,NULL,NULL,'03015007B',48,14,NULL,NULL,NULL,NULL),(1864,NULL,NULL,'03015007B',48,14,NULL,NULL,NULL,NULL),(1865,NULL,NULL,'03015007B',48,14,NULL,NULL,NULL,NULL),(1866,NULL,NULL,'03015007B',48,14,NULL,NULL,NULL,NULL),(1867,NULL,NULL,'03015007B',48,14,NULL,NULL,NULL,NULL),(1868,NULL,NULL,'03015007B',48,14,NULL,NULL,NULL,NULL),(1869,NULL,NULL,'03015007B',48,14,NULL,NULL,NULL,NULL),(1870,NULL,NULL,'03015007B',48,14,NULL,NULL,NULL,NULL),(1871,NULL,NULL,'03015007B',48,14,NULL,NULL,NULL,NULL),(1872,NULL,NULL,'03015007B',48,14,NULL,NULL,NULL,NULL),(1873,NULL,NULL,'03015007B',48,14,NULL,NULL,NULL,NULL),(1874,NULL,NULL,'03015007B',48,14,NULL,NULL,NULL,NULL),(1875,NULL,NULL,'03015007B',48,14,NULL,NULL,NULL,NULL),(1876,NULL,NULL,'03015007B',48,14,NULL,NULL,NULL,NULL),(1877,NULL,NULL,'03015007B',48,14,NULL,NULL,NULL,NULL),(1878,NULL,NULL,'03015007B',48,14,NULL,NULL,NULL,NULL),(1879,NULL,NULL,'03015007B',48,14,NULL,NULL,NULL,NULL),(1880,NULL,NULL,'03015007B',48,14,NULL,NULL,NULL,NULL),(1881,NULL,NULL,'03015007B',48,14,NULL,NULL,NULL,NULL),(1882,NULL,NULL,'03015007B',48,14,NULL,NULL,NULL,NULL),(1883,NULL,NULL,'03015007B',48,14,NULL,NULL,NULL,NULL),(1884,NULL,NULL,'03015007B',48,14,NULL,NULL,NULL,NULL),(1885,NULL,NULL,'03015007B',48,14,NULL,NULL,NULL,NULL),(1886,NULL,NULL,'03015007B',48,14,NULL,NULL,NULL,NULL),(1887,NULL,NULL,'03015007B',47,19,NULL,NULL,NULL,NULL),(1888,NULL,NULL,'03015007B',47,19,NULL,NULL,NULL,NULL),(1889,NULL,NULL,'03015007B',47,19,NULL,NULL,NULL,NULL),(1890,NULL,NULL,'03015007B',47,19,NULL,NULL,NULL,NULL),(1891,NULL,NULL,'03015007B',48,19,NULL,NULL,NULL,NULL),(1892,NULL,NULL,'03015007B',48,19,NULL,NULL,NULL,NULL),(1893,NULL,NULL,'03015007B',48,19,NULL,NULL,NULL,NULL),(1894,NULL,NULL,'03015007B',48,19,NULL,NULL,NULL,NULL);
/*!40000 ALTER TABLE `purchasing_materielcopy` ENABLE KEYS */;
UNLOCK TABLES;

--
-- Table structure for table `purchasing_materielexecute`
--

DROP TABLE IF EXISTS `purchasing_materielexecute`;
/*!40101 SET @saved_cs_client     = @@character_set_client */;
/*!40101 SET character_set_client = utf8 */;
CREATE TABLE `purchasing_materielexecute` (
  `id` int(11) NOT NULL AUTO_INCREMENT,
  `document_number` varchar(100) DEFAULT NULL,
  `document_lister_id` int(11) NOT NULL,
  `date` date NOT NULL,
  `materiel_choice` varchar(20) NOT NULL,
  `is_save` tinyint(1) NOT NULL,
  `tech_feedback` varchar(100) DEFAULT NULL,
  `tech_requirement` varchar(5000) DEFAULT NULL,
  PRIMARY KEY (`id`),
  UNIQUE KEY `document_number` (`document_number`),
  KEY `purchasing_materielexecute_d4189e78` (`document_lister_id`),
  CONSTRAINT `document_lister_id_refs_id_3a4f6d29` FOREIGN KEY (`document_lister_id`) REFERENCES `auth_user` (`id`)
) ENGINE=InnoDB AUTO_INCREMENT=29 DEFAULT CHARSET=utf8;
/*!40101 SET character_set_client = @saved_cs_client */;

--
-- Dumping data for table `purchasing_materielexecute`
--

LOCK TABLES `purchasing_materielexecute` WRITE;
/*!40000 ALTER TABLE `purchasing_materielexecute` DISABLE KEYS */;
INSERT INTO `purchasing_materielexecute` VALUES (19,'213',2,'2016-01-19','main_materiel',1,NULL,NULL),(20,'321',2,'2015-11-08','support_materiel',0,NULL,NULL),(21,'1234',2,'2016-05-05','main_materiel',1,'飞飞飞','123\n324\n678\n456'),(25,'435643643',2,'2016-05-12','main_materiel',1,NULL,'234234234'),(26,'452345235',2,'2016-01-21','main_materiel',0,NULL,NULL),(27,'3464574645',2,'2016-01-21','main_materiel',0,NULL,NULL),(28,'03014001-主10',2,'2016-01-23','main_materiel',1,NULL,'说明： 1.△表示一般受压件,△△表示主要受压件。\n            2.F表示回厂复验。\n技术要求：\n（1）每张钢板都应附带材质证明书原件。\n（2）15CrMoR钢板必须由舞钢提供。Q345R钢板由武钢、首钢、包钢、太钢、舞钢提供。\n（3）序号1、序号2、序号3和序号4的15CrMoR钢板还应满足以下条件：\n     ①钢板应采用电炉或氧气转炉加真空精炼的镇静钢；钢板中非金属夹杂物应按GB/T10561-2005进行检验：A、B、C、D及DS类夹杂物均不大于1.5级，A+C类夹杂物不大于2.5级，B+D+DS类夹杂物不大于2.5级，且总和不大于4.5级；钢板的晶粒度要求不低于5级，按GB/T6394-2002中的规定检测。\n     ②15CrMoR钢板按炉批号复验化学成分：P，S含量（wt%）分别≤0.015%和≤0.010%；逐张复验力学性能和冷弯性能（包括模拟焊后热处理的-其中夏比V型缺口冲击试验，断后伸长率A以及冷弯为Min.PWHT和Max.PWHT两种工况），其中钢板冲击试验的温度为0℃，取样位置为t/2和t/4处，冲击功及其他要求按GB713-2014中的规定，以上结果都应符合GB713-2014中的规定。逐张复验高温拉伸性能（包括Max.PWHT模拟焊后热处理后的），试验温度为480℃，试验温度下的屈服强度不低于GB713-2014中规定的数值。\n     ③制造厂应对15CrMoR钢板逐张进行100%超声检测（100%扫查）及测厚检查，超声检测按JB/T4730.3-2005中Ⅰ级合格。');
/*!40000 ALTER TABLE `purchasing_materielexecute` ENABLE KEYS */;
UNLOCK TABLES;

--
-- Table structure for table `purchasing_materielexecutedetail`
--

DROP TABLE IF EXISTS `purchasing_materielexecutedetail`;
/*!40101 SET @saved_cs_client     = @@character_set_client */;
/*!40101 SET character_set_client = utf8 */;
CREATE TABLE `purchasing_materielexecutedetail` (
  `id` int(11) NOT NULL AUTO_INCREMENT,
  `materiel_execute_id` int(11) DEFAULT NULL,
  `materiel_id` int(11) NOT NULL,
  `quota` varchar(50) DEFAULT NULL,
  `part` varchar(50) DEFAULT NULL,
  `oddments` varchar(50) DEFAULT NULL,
  `remark` varchar(200) DEFAULT NULL,
  `batch_number` varchar(50) DEFAULT NULL,
  PRIMARY KEY (`id`),
  KEY `purchasing_materielexecutedetail_6a3d5b89` (`materiel_execute_id`),
  KEY `purchasing_materielexecutedetail_845e42b9` (`materiel_id`),
  CONSTRAINT `materiel_id_refs_materiel_ptr_id_b59780b1` FOREIGN KEY (`materiel_id`) REFERENCES `purchasing_materielcopy` (`materiel_ptr_id`),
  CONSTRAINT `materiel_execute_id_refs_id_aaeaf10` FOREIGN KEY (`materiel_execute_id`) REFERENCES `purchasing_materielexecute` (`id`)
) ENGINE=InnoDB AUTO_INCREMENT=24 DEFAULT CHARSET=utf8;
/*!40101 SET character_set_client = @saved_cs_client */;

--
-- Dumping data for table `purchasing_materielexecutedetail`
--

LOCK TABLES `purchasing_materielexecutedetail` WRITE;
/*!40000 ALTER TABLE `purchasing_materielexecutedetail` DISABLE KEYS */;
INSERT INTO `purchasing_materielexecutedetail` VALUES (22,26,252,'123','1232','213','123','123'),(23,26,981,'','','','2','');
/*!40000 ALTER TABLE `purchasing_materielexecutedetail` ENABLE KEYS */;
UNLOCK TABLES;

--
-- Table structure for table `purchasing_materielformconnection`
--

DROP TABLE IF EXISTS `purchasing_materielformconnection`;
/*!40101 SET @saved_cs_client     = @@character_set_client */;
/*!40101 SET character_set_client = utf8 */;
CREATE TABLE `purchasing_materielformconnection` (
  `id` int(11) NOT NULL AUTO_INCREMENT,
  `materiel_id` int(11) NOT NULL,
  `order_form_id` int(11) DEFAULT NULL,
  `bid_form_id` int(11) DEFAULT NULL,
  `count` varchar(20) DEFAULT NULL,
  `purchasing` varchar(20) DEFAULT NULL,
  PRIMARY KEY (`id`),
  UNIQUE KEY `materiel_id` (`materiel_id`),
  KEY `purchasing_materielformconnection_15f3512f` (`order_form_id`),
  KEY `purchasing_materielformconnection_b6a283fa` (`bid_form_id`),
  CONSTRAINT `materiel_id_refs_materiel_ptr_id_5e9ad44` FOREIGN KEY (`materiel_id`) REFERENCES `purchasing_materielcopy` (`materiel_ptr_id`),
  CONSTRAINT `bid_form_id_refs_id_5359efb0` FOREIGN KEY (`bid_form_id`) REFERENCES `purchasing_bidform` (`id`),
  CONSTRAINT `order_form_id_refs_id_590440ad` FOREIGN KEY (`order_form_id`) REFERENCES `purchasing_orderform` (`id`)
) ENGINE=InnoDB AUTO_INCREMENT=107 DEFAULT CHARSET=utf8;
/*!40101 SET character_set_client = @saved_cs_client */;

--
-- Dumping data for table `purchasing_materielformconnection`
--

LOCK TABLES `purchasing_materielformconnection` WRITE;
/*!40000 ALTER TABLE `purchasing_materielformconnection` DISABLE KEYS */;
INSERT INTO `purchasing_materielformconnection` VALUES (97,981,101,NULL,NULL,NULL),(98,986,130,NULL,'',NULL),(99,985,130,NULL,'',NULL),(100,984,130,NULL,'',NULL),(101,983,130,NULL,'',NULL),(102,987,NULL,NULL,'1',NULL);
/*!40000 ALTER TABLE `purchasing_materielformconnection` ENABLE KEYS */;
UNLOCK TABLES;

--
-- Table structure for table `purchasing_materielorderformconnction`
--

DROP TABLE IF EXISTS `purchasing_materielorderformconnction`;
/*!40101 SET @saved_cs_client     = @@character_set_client */;
/*!40101 SET character_set_client = utf8 */;
CREATE TABLE `purchasing_materielorderformconnction` (
  `id` int(11) NOT NULL AUTO_INCREMENT,
  `materiel_id` int(11) NOT NULL,
  `order_form_id` int(11) NOT NULL,
  PRIMARY KEY (`id`),
  UNIQUE KEY `materiel_id` (`materiel_id`),
  KEY `purchasing_materielorderformconnction_15f3512f` (`order_form_id`),
  CONSTRAINT `materiel_id_refs_id_9ca33e34` FOREIGN KEY (`materiel_id`) REFERENCES `const_materiel` (`id`),
  CONSTRAINT `order_form_id_refs_id_234ea01a` FOREIGN KEY (`order_form_id`) REFERENCES `purchasing_orderform` (`id`)
) ENGINE=InnoDB DEFAULT CHARSET=utf8;
/*!40101 SET character_set_client = @saved_cs_client */;

--
-- Dumping data for table `purchasing_materielorderformconnction`
--

LOCK TABLES `purchasing_materielorderformconnction` WRITE;
/*!40000 ALTER TABLE `purchasing_materielorderformconnction` DISABLE KEYS */;
/*!40000 ALTER TABLE `purchasing_materielorderformconnction` ENABLE KEYS */;
UNLOCK TABLES;

--
-- Table structure for table `purchasing_materielpurchasingstatus`
--

DROP TABLE IF EXISTS `purchasing_materielpurchasingstatus`;
/*!40101 SET @saved_cs_client     = @@character_set_client */;
/*!40101 SET character_set_client = utf8 */;
CREATE TABLE `purchasing_materielpurchasingstatus` (
  `id` int(11) NOT NULL AUTO_INCREMENT,
  `materiel_id` int(11) NOT NULL,
  `add_to_detail` tinyint(1) NOT NULL,
  PRIMARY KEY (`id`),
  UNIQUE KEY `materiel_id` (`materiel_id`),
  CONSTRAINT `materiel_id_refs_materiel_ptr_id_a3f63b32` FOREIGN KEY (`materiel_id`) REFERENCES `purchasing_materielcopy` (`materiel_ptr_id`)
) ENGINE=InnoDB AUTO_INCREMENT=85 DEFAULT CHARSET=utf8;
/*!40101 SET character_set_client = @saved_cs_client */;

--
-- Dumping data for table `purchasing_materielpurchasingstatus`
--

LOCK TABLES `purchasing_materielpurchasingstatus` WRITE;
/*!40000 ALTER TABLE `purchasing_materielpurchasingstatus` DISABLE KEYS */;
INSERT INTO `purchasing_materielpurchasingstatus` VALUES (5,1,1),(6,2,1),(7,3,1),(8,17,1),(9,27,1),(13,243,1),(16,250,1),(61,986,1),(62,985,1),(63,984,1),(64,983,1),(65,246,1),(66,987,1),(67,1840,1),(68,1841,1),(69,1842,1),(70,1843,1),(71,1845,1),(72,1844,1),(73,1846,1),(74,1833,1),(75,1834,1),(76,1835,1),(77,1795,1),(78,1796,1),(79,1797,1),(80,1798,1),(81,1799,1),(82,1800,1),(83,1863,1),(84,1829,1);
/*!40000 ALTER TABLE `purchasing_materielpurchasingstatus` ENABLE KEYS */;
UNLOCK TABLES;

--
-- Table structure for table `purchasing_orderform`
--

DROP TABLE IF EXISTS `purchasing_orderform`;
/*!40101 SET @saved_cs_client     = @@character_set_client */;
/*!40101 SET character_set_client = utf8 */;
CREATE TABLE `purchasing_orderform` (
  `id` int(11) NOT NULL AUTO_INCREMENT,
  `order_id` varchar(20) NOT NULL,
  `create_time` datetime DEFAULT NULL,
  `establishment_time` datetime DEFAULT NULL,
  `order_status_id` int(11) NOT NULL,
  `establishment_user_id` int(11) DEFAULT NULL,
  `chief_id` int(11) DEFAULT NULL,
  `approve_user_id` int(11) DEFAULT NULL,
  `tech_requirement` varchar(5000) DEFAULT NULL,
  `order_mod` int(11) NOT NULL,
  `work_order` varchar(100) DEFAULT NULL,
  `number` varchar(100) DEFAULT NULL,
  `revised_id` varchar(100) DEFAULT NULL,
  `audit_time` datetime DEFAULT NULL,
  `approved_time` datetime DEFAULT NULL,
  PRIMARY KEY (`id`),
  UNIQUE KEY `order_id` (`order_id`),
  KEY `purchasing_orderform_824256b3` (`order_status_id`),
  KEY `purchasing_orderform_7e44abb7` (`establishment_user_id`),
  KEY `purchasing_orderform_bdf7e382` (`chief_id`),
  KEY `purchasing_orderform_9de1602b` (`approve_user_id`),
  CONSTRAINT `approve_user_id_refs_id_ab0b6a11` FOREIGN KEY (`approve_user_id`) REFERENCES `auth_user` (`id`),
  CONSTRAINT `chief_id_refs_id_ab0b6a11` FOREIGN KEY (`chief_id`) REFERENCES `auth_user` (`id`),
  CONSTRAINT `establishment_user_id_refs_id_ab0b6a11` FOREIGN KEY (`establishment_user_id`) REFERENCES `auth_user` (`id`),
  CONSTRAINT `order_status_id_refs_id_f25bd4a1` FOREIGN KEY (`order_status_id`) REFERENCES `const_orderformstatus` (`id`)
) ENGINE=InnoDB AUTO_INCREMENT=133 DEFAULT CHARSET=utf8;
/*!40101 SET character_set_client = @saved_cs_client */;

--
-- Dumping data for table `purchasing_orderform`
--

LOCK TABLES `purchasing_orderform` WRITE;
/*!40000 ALTER TABLE `purchasing_orderform` DISABLE KEYS */;
INSERT INTO `purchasing_orderform` VALUES (16,'11','2015-10-07 16:00:00','2015-10-07 16:00:00',2,NULL,NULL,NULL,NULL,0,NULL,NULL,NULL,NULL,NULL),(90,'201500017','2015-11-02 15:17:30','2016-01-18 10:34:14',2,NULL,NULL,NULL,NULL,0,NULL,NULL,NULL,NULL,NULL),(96,'201500096','2015-11-03 10:04:08',NULL,2,NULL,NULL,NULL,NULL,0,NULL,NULL,NULL,NULL,NULL),(98,'201500098','2015-11-07 15:07:12',NULL,1,NULL,NULL,NULL,'    你好。\n我们是哥俩。\n    \n',0,NULL,NULL,NULL,NULL,NULL),(101,'201500101','2015-11-09 09:18:34','2016-05-11 17:34:59',4,1,1,1,'<p>1sdfsadfg</p>\r\n<p>2dsgsdgd</p>\r\n3dfhgdsfh\r\n4dfsgdsfg',0,'10000,234234,20150001,20150002','03015007-主材04','3453451','2016-05-11 17:35:12','2016-05-11 17:35:13'),(102,'201500102','2015-11-14 14:45:21','2015-12-22 15:05:29',1,NULL,NULL,NULL,NULL,0,NULL,NULL,NULL,NULL,NULL),(104,'201500103','2015-12-02 15:08:15','2015-12-22 09:58:35',2,NULL,NULL,NULL,NULL,0,NULL,NULL,NULL,NULL,NULL),(109,'201500109','2016-01-19 18:58:22','2016-01-20 14:08:01',2,NULL,NULL,NULL,'123\n456\n435\n4564\n45',0,NULL,NULL,NULL,NULL,NULL),(111,'201500110','2016-01-19 20:50:09','2016-05-14 20:30:43',2,1,1,1,'好好哦啊好哦啊好好好好',1,'18','3123','234234','2016-05-11 19:10:16','2016-05-11 19:10:52'),(112,'201500112','2016-01-22 13:09:16','2016-01-22 14:04:38',2,NULL,NULL,NULL,'说明： 1.△表示一般受压件,△△表示主要受压件。\n            2.F表示回厂复验。\n技术要求：\n（1）每张钢板都应附带材质证明书原件。\n（2）15CrMoR钢板必须由舞钢提供。Q345R钢板由武钢、首钢、包钢、太钢、舞钢提供。\n（3）序号1、序号2、序号3和序号4的15CrMoR钢板还应满足以下条件：\n     ①钢板应采用电炉或氧气转炉加真空精炼的镇静钢；钢板中非金属夹杂物应按GB/T10561-2005进行检验：A、B、C、D及DS类夹杂物均不大于1.5级，A+C类夹杂物不大于2.5级，B+D+DS类夹杂物不大于2.5级，且总和不大于4.5级；钢板的晶粒度要求不低于5级，按GB/T6394-2002中的规定检测。\n     ②15CrMoR钢板按炉批号复验化学成分：P，S含量（wt%）分别≤0.015%和≤0.010%；逐张复验力学性能和冷弯性能（包括模拟焊后热处理的-其中夏比V型缺口冲击试验，断后伸长率A以及冷弯为Min.PWHT和Max.PWHT两种工况），其中钢板冲击试验的温度为0℃，取样位置为t/2和t/4处，冲击功及其他要求按GB713-2014中的规定，以上结果都应符合GB713-2014中的规定。逐张复验高温拉伸性能（包括Max.PWHT模拟焊后热处理后的），试验温度为480℃，试验温度下的屈服强度不低于GB713-2014中规定的数值。\n     ③制造厂应对15CrMoR钢板逐张进行100%超声检测（100%扫查）及测厚检查，超声检测按JB/T4730.3-2005中Ⅰ级合格。',0,NULL,NULL,NULL,NULL,NULL),(114,'201500114','2016-05-05 12:50:11',NULL,1,NULL,NULL,NULL,NULL,0,NULL,NULL,NULL,NULL,NULL),(115,'201500115','2016-05-05 12:50:18',NULL,1,NULL,NULL,NULL,NULL,1,NULL,NULL,NULL,NULL,NULL),(116,'201500116','2016-05-07 02:42:59','2016-05-14 07:31:37',2,2,NULL,NULL,NULL,1,'','None','None',NULL,NULL),(117,'201500117','2016-05-09 01:32:25',NULL,1,NULL,NULL,NULL,NULL,0,NULL,NULL,NULL,NULL,NULL),(119,'201500119','2016-05-09 01:57:43',NULL,1,NULL,NULL,NULL,NULL,0,NULL,NULL,NULL,NULL,NULL),(130,'201500120','2016-05-14 19:29:26','2016-05-14 21:02:53',4,1,1,1,NULL,2,'011012','4562464563','hjdsb098789','2016-05-14 21:16:00','2016-05-14 21:16:12'),(132,'201500131','2016-05-18 14:36:12','2016-05-18 14:56:35',2,1,NULL,NULL,'',1,'18','None','None',NULL,NULL);
/*!40000 ALTER TABLE `purchasing_orderform` ENABLE KEYS */;
UNLOCK TABLES;

--
-- Table structure for table `purchasing_processfollowinginfo`
--

DROP TABLE IF EXISTS `purchasing_processfollowinginfo`;
/*!40101 SET @saved_cs_client     = @@character_set_client */;
/*!40101 SET character_set_client = utf8 */;
CREATE TABLE `purchasing_processfollowinginfo` (
  `id` int(11) NOT NULL AUTO_INCREMENT,
  `bidform_id` int(11) NOT NULL,
  `following_date` date NOT NULL,
  `following_method` varchar(20) NOT NULL,
  `following_feedback` varchar(500) NOT NULL,
  `file_obj` varchar(100) NOT NULL,
  `executor_id` int(11) NOT NULL,
  `inform_tech` tinyint(1) NOT NULL,
  PRIMARY KEY (`id`),
  KEY `purchasing_processfollowinginfo_cc9bb040` (`bidform_id`),
  KEY `purchasing_processfollowinginfo_2a44f929` (`executor_id`),
  CONSTRAINT `bidform_id_refs_id_d2fdc6ff` FOREIGN KEY (`bidform_id`) REFERENCES `purchasing_bidform` (`id`),
  CONSTRAINT `executor_id_refs_id_3d593ea0` FOREIGN KEY (`executor_id`) REFERENCES `auth_user` (`id`)
) ENGINE=InnoDB AUTO_INCREMENT=15 DEFAULT CHARSET=utf8;
/*!40101 SET character_set_client = @saved_cs_client */;

--
-- Dumping data for table `purchasing_processfollowinginfo`
--

LOCK TABLES `purchasing_processfollowinginfo` WRITE;
/*!40000 ALTER TABLE `purchasing_processfollowinginfo` DISABLE KEYS */;
/*!40000 ALTER TABLE `purchasing_processfollowinginfo` ENABLE KEYS */;
UNLOCK TABLES;

--
-- Table structure for table `purchasing_program`
--

DROP TABLE IF EXISTS `purchasing_program`;
/*!40101 SET @saved_cs_client     = @@character_set_client */;
/*!40101 SET character_set_client = utf8 */;
CREATE TABLE `purchasing_program` (
  `id` int(11) NOT NULL AUTO_INCREMENT,
  `execute_id` int(11) NOT NULL,
  `program` varchar(100) DEFAULT NULL,
  `graph` varchar(100) DEFAULT NULL,
  `upload_date` datetime DEFAULT NULL,
  PRIMARY KEY (`id`),
  KEY `purchasing_program_9f7dfc0e` (`execute_id`),
  CONSTRAINT `execute_id_refs_id_985f83d5` FOREIGN KEY (`execute_id`) REFERENCES `purchasing_materielexecute` (`id`)
) ENGINE=InnoDB DEFAULT CHARSET=utf8;
/*!40101 SET character_set_client = @saved_cs_client */;

--
-- Dumping data for table `purchasing_program`
--

LOCK TABLES `purchasing_program` WRITE;
/*!40000 ALTER TABLE `purchasing_program` DISABLE KEYS */;
/*!40000 ALTER TABLE `purchasing_program` ENABLE KEYS */;
UNLOCK TABLES;

--
-- Table structure for table `purchasing_qualitypricecard`
--

DROP TABLE IF EXISTS `purchasing_qualitypricecard`;
/*!40101 SET @saved_cs_client     = @@character_set_client */;
/*!40101 SET character_set_client = utf8 */;
CREATE TABLE `purchasing_qualitypricecard` (
  `id` int(11) NOT NULL AUTO_INCREMENT,
  `bid_id` int(11) NOT NULL,
  `apply_id` varchar(20) NOT NULL,
  `apply_company` varchar(40) DEFAULT NULL,
  `demand_company` varchar(40) DEFAULT NULL,
  `work_order` varchar(50) DEFAULT NULL,
  `amount` int(11) DEFAULT NULL,
  `unit` varchar(40) DEFAULT NULL,
  `content` varchar(40) DEFAULT NULL,
  `material` varchar(40) DEFAULT NULL,
  `delivery_period` varchar(40) DEFAULT NULL,
  `status_id` int(11) NOT NULL,
  PRIMARY KEY (`id`),
  UNIQUE KEY `apply_id` (`apply_id`),
  UNIQUE KEY `purchasing_qualitypricecard_bid_id_70339ce51cc1cb90_uniq` (`bid_id`),
  KEY `purchasing_qualitypricecard_f7cc7026` (`bid_id`),
  KEY `purchasing_qualitypricecard_44224078` (`status_id`),
  CONSTRAINT `bid_id_refs_id_e5e5edb5` FOREIGN KEY (`bid_id`) REFERENCES `purchasing_bidform` (`id`),
  CONSTRAINT `status_id_refs_id_ffabe6e5` FOREIGN KEY (`status_id`) REFERENCES `purchasing_commentstatus` (`id`)
) ENGINE=InnoDB AUTO_INCREMENT=3 DEFAULT CHARSET=utf8;
/*!40101 SET character_set_client = @saved_cs_client */;

--
-- Dumping data for table `purchasing_qualitypricecard`
--

LOCK TABLES `purchasing_qualitypricecard` WRITE;
/*!40000 ALTER TABLE `purchasing_qualitypricecard` DISABLE KEYS */;
INSERT INTO `purchasing_qualitypricecard` VALUES (1,97,'123414','煤化工分公司','煤化工分公司','123123123',32,'件','法蓝','yrtyqwe','15天',8),(2,98,'','煤化工分公司',NULL,'011012',1,'1','1','1','1',8);
/*!40000 ALTER TABLE `purchasing_qualitypricecard` ENABLE KEYS */;
UNLOCK TABLES;

--
-- Table structure for table `purchasing_quotingprice`
--

DROP TABLE IF EXISTS `purchasing_quotingprice`;
/*!40101 SET @saved_cs_client     = @@character_set_client */;
/*!40101 SET character_set_client = utf8 */;
CREATE TABLE `purchasing_quotingprice` (
  `id` int(11) NOT NULL AUTO_INCREMENT,
  `nameorspacification` varchar(50) DEFAULT NULL,
  `material_mark` varchar(50) DEFAULT NULL,
  `per_fee` varchar(50) DEFAULT NULL,
  `unit` varchar(50) DEFAULT NULL,
  `the_supplier_id` int(11) NOT NULL,
  `inventory_type_id` int(11) NOT NULL,
  PRIMARY KEY (`id`),
  KEY `purchasing_quotingprice_461bac2c` (`the_supplier_id`),
  KEY `purchasing_quotingprice_52a0ecc1` (`inventory_type_id`),
  CONSTRAINT `inventory_type_id_refs_id_d3ca9576` FOREIGN KEY (`inventory_type_id`) REFERENCES `const_inventorytype` (`id`),
  CONSTRAINT `the_supplier_id_refs_id_d4854b83` FOREIGN KEY (`the_supplier_id`) REFERENCES `purchasing_supplier` (`id`)
) ENGINE=InnoDB AUTO_INCREMENT=27 DEFAULT CHARSET=utf8;
/*!40101 SET character_set_client = @saved_cs_client */;

--
-- Dumping data for table `purchasing_quotingprice`
--

LOCK TABLES `purchasing_quotingprice` WRITE;
/*!40000 ALTER TABLE `purchasing_quotingprice` DISABLE KEYS */;
INSERT INTO `purchasing_quotingprice` VALUES (1,'hoho','092183','123',NULL,8,14),(2,'hoho','092183','123',NULL,8,14),(3,'hoho','092183','123',NULL,8,14),(4,'hoho','092183','123',NULL,8,14),(5,'hoho','092183','123','个',8,14),(16,'hoho','092183','123','kg',6,20),(17,'hoho','092183','123','个',6,20),(19,'hoho','092183','123',NULL,6,20),(20,'jsdhfljshflww','092183','123','kg',6,20),(25,'sdf','afd','asdf','adsf',7,16),(26,'12','12','12','12',8,14);
/*!40000 ALTER TABLE `purchasing_quotingprice` ENABLE KEYS */;
UNLOCK TABLES;

--
-- Table structure for table `purchasing_statuschange`
--

DROP TABLE IF EXISTS `purchasing_statuschange`;
/*!40101 SET @saved_cs_client     = @@character_set_client */;
/*!40101 SET character_set_client = utf8 */;
CREATE TABLE `purchasing_statuschange` (
  `id` int(11) NOT NULL AUTO_INCREMENT,
  `bidform_id` int(11) NOT NULL,
  `original_status_id` int(11) NOT NULL,
  `new_status_id` int(11) NOT NULL,
  `change_user_id` int(11) NOT NULL,
  `change_time` datetime NOT NULL,
  `normal_change` tinyint(1) NOT NULL,
  PRIMARY KEY (`id`),
  KEY `purchasing_statuschange_cc9bb040` (`bidform_id`),
  KEY `purchasing_statuschange_df3bcdd9` (`original_status_id`),
  KEY `purchasing_statuschange_4073a577` (`new_status_id`),
  KEY `purchasing_statuschange_f8a316f3` (`change_user_id`),
  CONSTRAINT `bidform_id_refs_id_377da8bd` FOREIGN KEY (`bidform_id`) REFERENCES `purchasing_bidform` (`id`),
  CONSTRAINT `change_user_id_refs_id_bbb2fdaa` FOREIGN KEY (`change_user_id`) REFERENCES `auth_user` (`id`),
  CONSTRAINT `new_status_id_refs_id_c288f653` FOREIGN KEY (`new_status_id`) REFERENCES `const_bidformstatus` (`id`),
  CONSTRAINT `original_status_id_refs_id_c288f653` FOREIGN KEY (`original_status_id`) REFERENCES `const_bidformstatus` (`id`)
) ENGINE=InnoDB AUTO_INCREMENT=132 DEFAULT CHARSET=utf8;
/*!40101 SET character_set_client = @saved_cs_client */;

--
-- Dumping data for table `purchasing_statuschange`
--

LOCK TABLES `purchasing_statuschange` WRITE;
/*!40000 ALTER TABLE `purchasing_statuschange` DISABLE KEYS */;
INSERT INTO `purchasing_statuschange` VALUES (101,96,22,21,1,'2016-05-06 18:57:23',1),(102,96,21,24,1,'2016-05-07 14:39:07',1),(103,96,21,24,1,'2016-05-07 14:52:07',1),(104,96,24,29,1,'2016-05-10 15:41:34',1),(105,96,24,29,1,'2016-05-10 16:30:32',1),(106,96,29,30,1,'2016-05-10 19:36:17',1),(107,96,29,30,1,'2016-05-10 19:48:05',1),(108,96,30,16,1,'2016-05-10 19:55:28',1),(109,97,22,21,1,'2016-05-11 19:21:55',1),(110,97,21,24,1,'2016-05-11 19:22:01',1),(111,96,22,21,1,'2016-05-11 19:47:47',1),(112,96,21,24,1,'2016-05-11 19:47:53',1),(113,97,24,29,1,'2016-05-12 10:27:05',1),(114,97,29,30,1,'2016-05-12 14:27:11',1),(115,97,30,16,1,'2016-05-12 14:27:14',1),(116,97,16,15,1,'2016-05-12 14:27:19',1),(117,97,16,15,1,'2016-05-12 15:24:30',1),(118,96,24,29,1,'2016-05-12 15:35:55',1),(119,96,29,30,1,'2016-05-12 15:35:59',1),(120,96,30,16,1,'2016-05-12 15:36:02',1),(121,96,16,15,1,'2016-05-12 15:36:08',1),(122,98,22,21,1,'2016-05-16 09:50:11',1),(123,98,21,24,1,'2016-05-16 09:50:25',1),(124,98,24,29,1,'2016-05-16 09:51:43',1),(125,98,29,30,1,'2016-05-16 09:51:55',1),(126,98,30,16,1,'2016-05-16 09:52:01',1),(127,98,16,15,1,'2016-05-16 09:52:06',1),(128,98,16,15,1,'2016-05-16 09:54:04',1),(129,96,22,21,1,'2016-05-16 20:44:43',1),(130,96,21,24,1,'2016-05-16 20:44:50',1),(131,96,22,21,1,'2016-05-21 14:44:44',1);
/*!40000 ALTER TABLE `purchasing_statuschange` ENABLE KEYS */;
UNLOCK TABLES;

--
-- Table structure for table `purchasing_statuschangereason`
--

DROP TABLE IF EXISTS `purchasing_statuschangereason`;
/*!40101 SET @saved_cs_client     = @@character_set_client */;
/*!40101 SET character_set_client = utf8 */;
CREATE TABLE `purchasing_statuschangereason` (
  `id` int(11) NOT NULL AUTO_INCREMENT,
  `status_change_id` int(11) NOT NULL,
  `reason` varchar(1000) DEFAULT NULL,
  PRIMARY KEY (`id`),
  UNIQUE KEY `status_change_id` (`status_change_id`),
  CONSTRAINT `status_change_id_refs_id_c8b57e67` FOREIGN KEY (`status_change_id`) REFERENCES `purchasing_statuschange` (`id`)
) ENGINE=InnoDB AUTO_INCREMENT=21 DEFAULT CHARSET=utf8;
/*!40101 SET character_set_client = @saved_cs_client */;

--
-- Dumping data for table `purchasing_statuschangereason`
--

LOCK TABLES `purchasing_statuschangereason` WRITE;
/*!40000 ALTER TABLE `purchasing_statuschangereason` DISABLE KEYS */;
/*!40000 ALTER TABLE `purchasing_statuschangereason` ENABLE KEYS */;
UNLOCK TABLES;

--
-- Table structure for table `purchasing_subapplycomment`
--

DROP TABLE IF EXISTS `purchasing_subapplycomment`;
/*!40101 SET @saved_cs_client     = @@character_set_client */;
/*!40101 SET character_set_client = utf8 */;
CREATE TABLE `purchasing_subapplycomment` (
  `id` int(11) NOT NULL AUTO_INCREMENT,
  `user_id` int(11) NOT NULL,
  `comment` varchar(400) NOT NULL,
  `submit_date` date DEFAULT NULL,
  `subapply_id` int(11) NOT NULL,
  `user_title` int(11) NOT NULL,
  PRIMARY KEY (`id`),
  KEY `purchasing_subapplycomment_fbfc09f1` (`user_id`),
  KEY `purchasing_subapplycomment_d5ed1236` (`subapply_id`),
  CONSTRAINT `subapply_id_refs_id_89afdfe` FOREIGN KEY (`subapply_id`) REFERENCES `purchasing_materialsubapply` (`id`),
  CONSTRAINT `user_id_refs_id_6d45ab9a` FOREIGN KEY (`user_id`) REFERENCES `auth_user` (`id`)
) ENGINE=InnoDB AUTO_INCREMENT=6 DEFAULT CHARSET=utf8;
/*!40101 SET character_set_client = @saved_cs_client */;

--
-- Dumping data for table `purchasing_subapplycomment`
--

LOCK TABLES `purchasing_subapplycomment` WRITE;
/*!40000 ALTER TABLE `purchasing_subapplycomment` DISABLE KEYS */;
INSERT INTO `purchasing_subapplycomment` VALUES (1,1,'sgsadgdfsdf','2016-05-18',28,17),(2,1,'agress','2016-05-18',28,18),(3,1,'忽然开口','2016-05-18',28,19),(4,1,'负担和法国','2016-05-18',28,20),(5,1,'水电费水电费','2016-05-18',28,21);
/*!40000 ALTER TABLE `purchasing_subapplycomment` ENABLE KEYS */;
UNLOCK TABLES;

--
-- Table structure for table `purchasing_supplier`
--

DROP TABLE IF EXISTS `purchasing_supplier`;
/*!40101 SET @saved_cs_client     = @@character_set_client */;
/*!40101 SET character_set_client = utf8 */;
CREATE TABLE `purchasing_supplier` (
  `id` int(11) NOT NULL AUTO_INCREMENT,
  `supplier_id` varchar(20) NOT NULL,
  `supplier_name` varchar(50) NOT NULL,
  PRIMARY KEY (`id`),
  UNIQUE KEY `supplier_id` (`supplier_id`)
) ENGINE=InnoDB AUTO_INCREMENT=9 DEFAULT CHARSET=utf8;
/*!40101 SET character_set_client = @saved_cs_client */;

--
-- Dumping data for table `purchasing_supplier`
--

LOCK TABLES `purchasing_supplier` WRITE;
/*!40000 ALTER TABLE `purchasing_supplier` DISABLE KEYS */;
INSERT INTO `purchasing_supplier` VALUES (6,'12312','抚顺市某械制造有限公司'),(7,'24534','太原市某械制造有限公司'),(8,'54231','胡骏红薯店');
/*!40000 ALTER TABLE `purchasing_supplier` ENABLE KEYS */;
UNLOCK TABLES;

--
-- Table structure for table `purchasing_suppliercheck`
--

DROP TABLE IF EXISTS `purchasing_suppliercheck`;
/*!40101 SET @saved_cs_client     = @@character_set_client */;
/*!40101 SET character_set_client = utf8 */;
CREATE TABLE `purchasing_suppliercheck` (
  `id` int(11) NOT NULL AUTO_INCREMENT,
  `bid_id` int(11) NOT NULL,
  `apply_company` varchar(40) DEFAULT NULL,
  `apply_date` datetime DEFAULT NULL,
  `bid_project` varchar(40) DEFAULT NULL,
  `price_estimate` varchar(40) DEFAULT NULL,
  `base_situation` varchar(100) DEFAULT NULL,
  `status_id` int(11) NOT NULL,
  PRIMARY KEY (`id`),
  UNIQUE KEY `purchasing_suppliercheck_bid_id_5f80b0821e2c2d63_uniq` (`bid_id`),
  KEY `purchasing_suppliercheck_f7cc7026` (`bid_id`),
  KEY `purchasing_suppliercheck_44224078` (`status_id`),
  CONSTRAINT `bid_id_refs_id_58b1a5ee` FOREIGN KEY (`bid_id`) REFERENCES `purchasing_bidform` (`id`),
  CONSTRAINT `status_id_refs_id_b436917e` FOREIGN KEY (`status_id`) REFERENCES `purchasing_commentstatus` (`id`)
) ENGINE=InnoDB AUTO_INCREMENT=2 DEFAULT CHARSET=utf8;
/*!40101 SET character_set_client = @saved_cs_client */;

--
-- Dumping data for table `purchasing_suppliercheck`
--

LOCK TABLES `purchasing_suppliercheck` WRITE;
/*!40000 ALTER TABLE `purchasing_suppliercheck` DISABLE KEYS */;
INSERT INTO `purchasing_suppliercheck` VALUES (1,96,'大工','2016-05-08 16:00:00','华鲁、图克项目等','10万','fssfas 闪电',9);
/*!40000 ALTER TABLE `purchasing_suppliercheck` ENABLE KEYS */;
UNLOCK TABLES;

--
-- Table structure for table `purchasing_supplierfile`
--

DROP TABLE IF EXISTS `purchasing_supplierfile`;
/*!40101 SET @saved_cs_client     = @@character_set_client */;
/*!40101 SET character_set_client = utf8 */;
CREATE TABLE `purchasing_supplierfile` (
  `id` int(11) NOT NULL AUTO_INCREMENT,
  `project_id` int(11) NOT NULL,
  `name` varchar(100) NOT NULL,
  `file_obj` varchar(100) NOT NULL,
  `upload_time` datetime DEFAULT NULL,
  `file_size` varchar(50) DEFAULT NULL,
  `file_type` varchar(50) DEFAULT NULL,
  PRIMARY KEY (`id`),
  KEY `purchasing_supplierfile_b6620684` (`project_id`),
  CONSTRAINT `project_id_refs_id_d2dc90f` FOREIGN KEY (`project_id`) REFERENCES `purchasing_supplier` (`id`)
) ENGINE=InnoDB AUTO_INCREMENT=22 DEFAULT CHARSET=utf8;
/*!40101 SET character_set_client = @saved_cs_client */;

--
-- Dumping data for table `purchasing_supplierfile`
--

LOCK TABLES `purchasing_supplierfile` WRITE;
/*!40000 ALTER TABLE `purchasing_supplierfile` DISABLE KEYS */;
INSERT INTO `purchasing_supplierfile` VALUES (16,6,'QMR7.5-2供方综合保证能力评定申请表.doc','tmp/process_file/2016/01/22/QMR7.5-2供方综合保证能力评定申请表.doc','2016-01-22 15:03:41','31kb',NULL),(17,6,'供方调查表——样表.doc','tmp/process_file/2016/01/22/供方调查表样表.doc','2016-01-22 15:04:03','133kb',NULL),(18,7,'QMR7.5-3供方综合保证能力评定表.doc','tmp/process_file/2016/01/22/QMR7.5-3供方综合保证能力评定表.doc','2016-01-22 15:05:09','51kb',NULL),(19,7,'合格供方年度考核表——样表.xls','tmp/process_file/2016/01/22/合格供方年度考核表样表.xls','2016-01-22 15:05:39','40kb',NULL),(20,6,'tryin.txt','tmp/process_file/2016/03/16/tryin.txt','2016-03-15 17:36:31','3kb',NULL),(21,7,'软件开发流程.docx','tmp/process_file/2016/03/15/软件开发流程.docx','2016-03-15 10:14:19','14kb',NULL);
/*!40000 ALTER TABLE `purchasing_supplierfile` ENABLE KEYS */;
UNLOCK TABLES;

--
-- Table structure for table `purchasing_supplierselect`
--

DROP TABLE IF EXISTS `purchasing_supplierselect`;
/*!40101 SET @saved_cs_client     = @@character_set_client */;
/*!40101 SET character_set_client = utf8 */;
CREATE TABLE `purchasing_supplierselect` (
  `id` int(11) NOT NULL AUTO_INCREMENT,
  `bidform_id` int(11) NOT NULL,
  `supplier_id` int(11) NOT NULL,
  `A` tinyint(1) NOT NULL,
  `B` tinyint(1) NOT NULL,
  `C` int(11) DEFAULT NULL,
  `D` tinyint(1) NOT NULL,
  `E` tinyint(1) NOT NULL,
  `F` tinyint(1) NOT NULL,
  `G` tinyint(1) NOT NULL,
  `sphere` varchar(40) DEFAULT NULL,
  `price` varchar(40) DEFAULT NULL,
  `ability_situation` varchar(200) DEFAULT NULL,
  `delivery_payment` varchar(40) DEFAULT NULL,
  `supplier_code` varchar(40) DEFAULT NULL,
  PRIMARY KEY (`id`),
  UNIQUE KEY `bidform_id` (`bidform_id`,`supplier_id`),
  KEY `purchasing_supplierselect_cc9bb040` (`bidform_id`),
  KEY `purchasing_supplierselect_6ad0ca34` (`supplier_id`),
  CONSTRAINT `bidform_id_refs_id_57dbfcb1` FOREIGN KEY (`bidform_id`) REFERENCES `purchasing_bidform` (`id`),
  CONSTRAINT `supplier_id_refs_id_f421c04f` FOREIGN KEY (`supplier_id`) REFERENCES `purchasing_supplier` (`id`)
) ENGINE=InnoDB AUTO_INCREMENT=17 DEFAULT CHARSET=utf8;
/*!40101 SET character_set_client = @saved_cs_client */;

--
-- Dumping data for table `purchasing_supplierselect`
--

LOCK TABLES `purchasing_supplierselect` WRITE;
/*!40000 ALTER TABLE `purchasing_supplierselect` DISABLE KEYS */;
INSERT INTO `purchasing_supplierselect` VALUES (11,96,6,1,1,1,0,0,0,0,'434',NULL,NULL,NULL,'353'),(12,96,7,1,1,0,0,1,1,0,'标准件','','','','2342342'),(13,97,6,0,0,NULL,0,0,0,0,'','30万2','厂家能满足质量要求，是太重合格供应商','货到验收合格付总货款90%，留10%为质保金','12312'),(14,97,7,0,0,NULL,0,0,0,0,'','20元','厂家能满足质量要求，是太重合格供应商','货到验收合格付总货款90%，留10%为质保金','24534'),(15,98,6,0,0,NULL,0,0,0,0,NULL,'','','','12312'),(16,98,7,0,0,NULL,0,0,0,0,NULL,'','','','24534');
/*!40000 ALTER TABLE `purchasing_supplierselect` ENABLE KEYS */;
UNLOCK TABLES;

--
-- Table structure for table `purchasing_supportmaterielexecutedetail`
--

DROP TABLE IF EXISTS `purchasing_supportmaterielexecutedetail`;
/*!40101 SET @saved_cs_client     = @@character_set_client */;
/*!40101 SET character_set_client = utf8 */;
CREATE TABLE `purchasing_supportmaterielexecutedetail` (
  `id` int(11) NOT NULL AUTO_INCREMENT,
  `materiel_execute_id` int(11) DEFAULT NULL,
  `materiel_texture_id` int(11) NOT NULL,
  `texture_number` varchar(100) NOT NULL,
  `specification` varchar(100) NOT NULL,
  `quantity` int(11) NOT NULL,
  `delivery_status` varchar(50) NOT NULL,
  `press` varchar(50) NOT NULL,
  `crack_rank` varchar(20) NOT NULL,
  `recheck` tinyint(1) NOT NULL,
  `quota` varchar(50) DEFAULT NULL,
  `part` varchar(50) DEFAULT NULL,
  `oddments` varchar(50) DEFAULT NULL,
  `remark` varchar(200) DEFAULT NULL,
  PRIMARY KEY (`id`),
  KEY `purchasing_supportmaterielexecutedetail_6a3d5b89` (`materiel_execute_id`),
  KEY `purchasing_supportmaterielexecutedetail_be2808f5` (`materiel_texture_id`),
  CONSTRAINT `materiel_execute_id_refs_id_70ce84e6` FOREIGN KEY (`materiel_execute_id`) REFERENCES `purchasing_materielexecute` (`id`),
  CONSTRAINT `materiel_texture_id_refs_id_2159faa4` FOREIGN KEY (`materiel_texture_id`) REFERENCES `const_materiel` (`id`)
) ENGINE=InnoDB DEFAULT CHARSET=utf8;
/*!40101 SET character_set_client = @saved_cs_client */;

--
-- Dumping data for table `purchasing_supportmaterielexecutedetail`
--

LOCK TABLES `purchasing_supportmaterielexecutedetail` WRITE;
/*!40000 ALTER TABLE `purchasing_supportmaterielexecutedetail` DISABLE KEYS */;
/*!40000 ALTER TABLE `purchasing_supportmaterielexecutedetail` ENABLE KEYS */;
UNLOCK TABLES;

--
-- Table structure for table `sell_bidfile`
--

DROP TABLE IF EXISTS `sell_bidfile`;
/*!40101 SET @saved_cs_client     = @@character_set_client */;
/*!40101 SET character_set_client = utf8 */;
CREATE TABLE `sell_bidfile` (
  `id` int(11) NOT NULL AUTO_INCREMENT,
  `recv_group_id` int(11) DEFAULT NULL,
  `file_obj` varchar(100) NOT NULL,
  `name` varchar(100) NOT NULL,
  `upload_date` datetime DEFAULT NULL,
  `file_size` varchar(50) DEFAULT NULL,
  `is_approval` int(11) NOT NULL,
  `file_type` tinyint(1) NOT NULL,
  PRIMARY KEY (`id`),
  KEY `sell_bidfile_5aad4b92` (`recv_group_id`),
  CONSTRAINT `recv_group_id_refs_id_15c8b628` FOREIGN KEY (`recv_group_id`) REFERENCES `users_group` (`id`)
) ENGINE=InnoDB AUTO_INCREMENT=14 DEFAULT CHARSET=utf8;
/*!40101 SET character_set_client = @saved_cs_client */;

--
-- Dumping data for table `sell_bidfile`
--

LOCK TABLES `sell_bidfile` WRITE;
/*!40000 ALTER TABLE `sell_bidfile` DISABLE KEYS */;
INSERT INTO `sell_bidfile` VALUES (1,1,'tmp/bid_file/2016/05/11/合同范本.doc','合同范本.doc','2016-05-11 07:56:51','36kb',-1,0),(2,15,'tmp/bid_file/2016/05/11/对外付款编码申请表样.xls','对外付款编码申请表样.xls','2016-05-11 07:57:00','16kb',-1,0),(3,2,'tmp/bid_file/2016/05/11/材料入库单B.doc','材料入库单B.doc','2016-05-11 07:57:10','61kb',-1,0),(4,1,'tmp/bid_file/2016/05/11/文件清单.doc','文件清单.doc','2016-05-11 07:57:25','24kb',1,1),(5,15,'tmp/bid_file/2016/05/12/QMR7.5-2供方综合保证能力评定申请表.doc','QMR7.5-2供方综合保证能力评定申请表.doc','2016-05-12 10:33:53','31kb',0,1),(6,2,'tmp/bid_file/2016/05/12/采购单.doc','采购单.doc','2016-05-12 10:34:01','24kb',0,1),(7,1,'tmp/bid_file/2016/05/12/续_标_申_请_表.doc','续 标 申 请 表.doc','2016-05-12 10:34:55','16kb',0,1),(8,1,'tmp/bid_file/2016/05/12/webappsstore.sqlite-shm','webappsstore.sqlite-shm','2016-05-12 10:49:30','32kb',-1,0),(9,15,'tmp/bid_file/2016/05/21/xulstore.json','xulstore.json','2016-05-21 10:35:29','0kb',-1,0),(10,2,'tmp/bid_file/2016/05/21/question','question','2016-05-21 10:35:52','0kb',-1,0),(11,1,'tmp/bid_file/2016/05/21/03015007B.xlsx','03015007B.xlsx','2016-05-21 10:36:14','16kb',0,1),(12,15,'tmp/bid_file/2016/05/21/先投件文件.tif','先投件文件.tif','2016-05-21 10:36:29','144kb',0,1),(13,2,'tmp/bid_file/2016/05/21/question_1','question','2016-05-21 10:36:43','0kb',0,1);
/*!40000 ALTER TABLE `sell_bidfile` ENABLE KEYS */;
UNLOCK TABLES;

--
-- Table structure for table `sell_product`
--

DROP TABLE IF EXISTS `sell_product`;
/*!40101 SET @saved_cs_client     = @@character_set_client */;
/*!40101 SET character_set_client = utf8 */;
CREATE TABLE `sell_product` (
  `id` int(11) NOT NULL AUTO_INCREMENT,
  `name` varchar(50) NOT NULL,
  `manufacture_file_down_id` int(11) DEFAULT NULL,
  `techdata_file_down_id` int(11) DEFAULT NULL,
  `purchasing_file_down_id` int(11) DEFAULT NULL,
  `manufacture_file_up_id` int(11) DEFAULT NULL,
  `techdata_file_up_id` int(11) DEFAULT NULL,
  `purchasing_file_up_id` int(11) DEFAULT NULL,
  `is_approval` int(11) NOT NULL,
  `is_finish` tinyint(1) NOT NULL,
  PRIMARY KEY (`id`),
  UNIQUE KEY `manufacture_file_down_id` (`manufacture_file_down_id`),
  UNIQUE KEY `techdata_file_down_id` (`techdata_file_down_id`),
  UNIQUE KEY `purchasing_file_down_id` (`purchasing_file_down_id`),
  UNIQUE KEY `manufacture_file_up_id` (`manufacture_file_up_id`),
  UNIQUE KEY `techdata_file_up_id` (`techdata_file_up_id`),
  UNIQUE KEY `purchasing_file_up_id` (`purchasing_file_up_id`),
  CONSTRAINT `manufacture_file_down_id_refs_id_92610701` FOREIGN KEY (`manufacture_file_down_id`) REFERENCES `sell_bidfile` (`id`),
  CONSTRAINT `manufacture_file_up_id_refs_id_92610701` FOREIGN KEY (`manufacture_file_up_id`) REFERENCES `sell_bidfile` (`id`),
  CONSTRAINT `purchasing_file_down_id_refs_id_92610701` FOREIGN KEY (`purchasing_file_down_id`) REFERENCES `sell_bidfile` (`id`),
  CONSTRAINT `purchasing_file_up_id_refs_id_92610701` FOREIGN KEY (`purchasing_file_up_id`) REFERENCES `sell_bidfile` (`id`),
  CONSTRAINT `techdata_file_down_id_refs_id_92610701` FOREIGN KEY (`techdata_file_down_id`) REFERENCES `sell_bidfile` (`id`),
  CONSTRAINT `techdata_file_up_id_refs_id_92610701` FOREIGN KEY (`techdata_file_up_id`) REFERENCES `sell_bidfile` (`id`)
) ENGINE=InnoDB AUTO_INCREMENT=6 DEFAULT CHARSET=utf8;
/*!40101 SET character_set_client = @saved_cs_client */;

--
-- Dumping data for table `sell_product`
--

LOCK TABLES `sell_product` WRITE;
/*!40000 ALTER TABLE `sell_product` DISABLE KEYS */;
INSERT INTO `sell_product` VALUES (3,'中高压氮气储罐',1,2,3,7,5,6,0,0),(4,'机车厂',8,9,10,11,12,13,0,0),(5,'Chousan',NULL,NULL,NULL,NULL,NULL,NULL,-1,0);
/*!40000 ALTER TABLE `sell_product` ENABLE KEYS */;
UNLOCK TABLES;

--
-- Table structure for table `south_migrationhistory`
--

DROP TABLE IF EXISTS `south_migrationhistory`;
/*!40101 SET @saved_cs_client     = @@character_set_client */;
/*!40101 SET character_set_client = utf8 */;
CREATE TABLE `south_migrationhistory` (
  `id` int(11) NOT NULL AUTO_INCREMENT,
  `app_name` varchar(255) NOT NULL,
  `migration` varchar(255) NOT NULL,
  `applied` datetime NOT NULL,
  PRIMARY KEY (`id`)
) ENGINE=InnoDB AUTO_INCREMENT=93 DEFAULT CHARSET=utf8;
/*!40101 SET character_set_client = @saved_cs_client */;

--
-- Dumping data for table `south_migrationhistory`
--

LOCK TABLES `south_migrationhistory` WRITE;
/*!40000 ALTER TABLE `south_migrationhistory` DISABLE KEYS */;
INSERT INTO `south_migrationhistory` VALUES (1,'storage','0001_initial','2015-11-17 08:27:40'),(31,'techdata','0001_initial','2016-01-15 14:01:51'),(34,'const','0001_initial','2016-01-18 07:40:17'),(36,'purchasing','0001_initial','2016-01-18 08:47:00'),(40,'production','0001_initial','2016-05-05 03:37:20'),(76,'sell','0001_initial','2016-05-16 10:18:11'),(92,'const','0002_auto__add_field_subworkorder_is_finish','2016-05-20 09:19:48');
/*!40000 ALTER TABLE `south_migrationhistory` ENABLE KEYS */;
UNLOCK TABLES;

--
-- Table structure for table `storage_auxiliarytoolapplycard`
--

DROP TABLE IF EXISTS `storage_auxiliarytoolapplycard`;
/*!40101 SET @saved_cs_client     = @@character_set_client */;
/*!40101 SET character_set_client = utf8 */;
CREATE TABLE `storage_auxiliarytoolapplycard` (
  `id` int(11) NOT NULL AUTO_INCREMENT,
  `create_time` date NOT NULL,
  `department` varchar(50) DEFAULT NULL,
  `applycard_code` varchar(20) DEFAULT NULL,
  `apply_storelist_id` int(11) DEFAULT NULL,
  `apply_count` int(11) NOT NULL,
  `storelist_id` int(11) DEFAULT NULL,
  `actual_count` int(11) DEFAULT NULL,
  `status` int(11) NOT NULL,
  `applicant_id` int(11) unsigned DEFAULT NULL,
  `auditor_id` int(11) DEFAULT NULL,
  `keeper_id` int(11) DEFAULT NULL,
  `remark` longtext,
  PRIMARY KEY (`id`),
  KEY `storage_auxiliarytoolapplycard_c80b1d53` (`apply_storelist_id`),
  KEY `storage_auxiliarytoolapplycard_23391998` (`storelist_id`),
  KEY `storage_auxiliarytoolapplycard_3e1f6ffd` (`applicant_id`),
  KEY `storage_auxiliarytoolapplycard_50ccb7fb` (`auditor_id`),
  KEY `storage_auxiliarytoolapplycard_fdefcd50` (`keeper_id`),
  CONSTRAINT `actual_storelist_id_refs_id_379c3ff0` FOREIGN KEY (`storelist_id`) REFERENCES `storage_auxiliarytoolstorelist` (`id`),
  CONSTRAINT `apply_storelist_id_refs_id_379c3ff0` FOREIGN KEY (`apply_storelist_id`) REFERENCES `storage_auxiliarytoolstorelist` (`id`),
  CONSTRAINT `auditor_id_refs_id_d1bf11a0` FOREIGN KEY (`auditor_id`) REFERENCES `auth_user` (`id`),
  CONSTRAINT `keeper_id_refs_id_d1bf11a0` FOREIGN KEY (`keeper_id`) REFERENCES `auth_user` (`id`)
) ENGINE=InnoDB AUTO_INCREMENT=3 DEFAULT CHARSET=utf8;
/*!40101 SET character_set_client = @saved_cs_client */;

--
-- Dumping data for table `storage_auxiliarytoolapplycard`
--

LOCK TABLES `storage_auxiliarytoolapplycard` WRITE;
/*!40000 ALTER TABLE `storage_auxiliarytoolapplycard` DISABLE KEYS */;
INSERT INTO `storage_auxiliarytoolapplycard` VALUES (1,'2016-05-13','dsad','sasdaf',1,11,2,10,3,2,1,2,''),(2,'2016-05-16','的噶及大纲后','dad31313',2,10,2,5,3,2,3,2,'');
/*!40000 ALTER TABLE `storage_auxiliarytoolapplycard` ENABLE KEYS */;
UNLOCK TABLES;

--
-- Table structure for table `storage_auxiliarytoolentry`
--

DROP TABLE IF EXISTS `storage_auxiliarytoolentry`;
/*!40101 SET @saved_cs_client     = @@character_set_client */;
/*!40101 SET character_set_client = utf8 */;
CREATE TABLE `storage_auxiliarytoolentry` (
  `id` int(11) NOT NULL AUTO_INCREMENT,
  `create_time` date NOT NULL,
  `purchaser_id` int(11) DEFAULT NULL,
  `inspector_id` int(11) DEFAULT NULL,
  `keeper_id` int(11) DEFAULT NULL,
  `entry_code` varchar(20) DEFAULT NULL,
  `entry_status` int(11) NOT NULL,
  PRIMARY KEY (`id`),
  UNIQUE KEY `entry_code` (`entry_code`),
  KEY `storage_auxiliarytoolentry_1e9fb4b8` (`purchaser_id`),
  KEY `storage_auxiliarytoolentry_90828abe` (`inspector_id`),
  KEY `storage_auxiliarytoolentry_fdefcd50` (`keeper_id`),
  CONSTRAINT `keeper_id_refs_id_9b31ca16` FOREIGN KEY (`keeper_id`) REFERENCES `auth_user` (`id`),
  CONSTRAINT `inspector_id_refs_id_9b31ca16` FOREIGN KEY (`inspector_id`) REFERENCES `auth_user` (`id`),
  CONSTRAINT `purchaser_id_refs_id_9b31ca16` FOREIGN KEY (`purchaser_id`) REFERENCES `auth_user` (`id`)
) ENGINE=InnoDB AUTO_INCREMENT=3 DEFAULT CHARSET=utf8;
/*!40101 SET character_set_client = @saved_cs_client */;

--
-- Dumping data for table `storage_auxiliarytoolentry`
--

LOCK TABLES `storage_auxiliarytoolentry` WRITE;
/*!40000 ALTER TABLE `storage_auxiliarytoolentry` DISABLE KEYS */;
INSERT INTO `storage_auxiliarytoolentry` VALUES (1,'2016-05-12',1,2,2,'F31893798',-2),(2,'2016-05-11',2,74,NULL,'FFFFFFF',2);
/*!40000 ALTER TABLE `storage_auxiliarytoolentry` ENABLE KEYS */;
UNLOCK TABLES;

--
-- Table structure for table `storage_auxiliarytoolentryitems`
--

DROP TABLE IF EXISTS `storage_auxiliarytoolentryitems`;
/*!40101 SET @saved_cs_client     = @@character_set_client */;
/*!40101 SET character_set_client = utf8 */;
CREATE TABLE `storage_auxiliarytoolentryitems` (
  `id` int(11) NOT NULL AUTO_INCREMENT,
  `name` varchar(50) NOT NULL,
  `specification` varchar(50) NOT NULL,
  `count` double NOT NULL,
  `unit` varchar(50) NOT NULL,
  `factory` varchar(100) DEFAULT NULL,
  `supplier` varchar(100) DEFAULT NULL,
  `remark` varchar(100) DEFAULT NULL,
  `entry_id` int(11) NOT NULL,
  PRIMARY KEY (`id`),
  KEY `storage_auxiliarytoolentryitems_38a62041` (`entry_id`),
  CONSTRAINT `entry_id_refs_id_e473d8a6` FOREIGN KEY (`entry_id`) REFERENCES `storage_auxiliarytoolentry` (`id`)
) ENGINE=InnoDB AUTO_INCREMENT=3 DEFAULT CHARSET=utf8;
/*!40101 SET character_set_client = @saved_cs_client */;

--
-- Dumping data for table `storage_auxiliarytoolentryitems`
--

LOCK TABLES `storage_auxiliarytoolentryitems` WRITE;
/*!40000 ALTER TABLE `storage_auxiliarytoolentryitems` DISABLE KEYS */;
INSERT INTO `storage_auxiliarytoolentryitems` VALUES (1,'斜探头','5P9*9K4',100,'件','北京凯天诚信科技有限公司','朗凯科达','46546',2),(2,'削平器刀片','25*2',80,'个','江苏吴江市通达胀管器厂','江苏吴江市通达胀管器厂','发顺丰',1);
/*!40000 ALTER TABLE `storage_auxiliarytoolentryitems` ENABLE KEYS */;
UNLOCK TABLES;

--
-- Table structure for table `storage_auxiliarytoolstorelist`
--

DROP TABLE IF EXISTS `storage_auxiliarytoolstorelist`;
/*!40101 SET @saved_cs_client     = @@character_set_client */;
/*!40101 SET character_set_client = utf8 */;
CREATE TABLE `storage_auxiliarytoolstorelist` (
  `id` int(11) NOT NULL AUTO_INCREMENT,
  `entry_item_id` int(11) NOT NULL,
  `count` double DEFAULT NULL,
  `item_status` int(11) NOT NULL,
  PRIMARY KEY (`id`),
  KEY `storage_auxiliarytoolstorelist_29aa6134` (`entry_item_id`),
  CONSTRAINT `entry_item_id_refs_id_e222f7a7` FOREIGN KEY (`entry_item_id`) REFERENCES `storage_auxiliarytoolentryitems` (`id`)
) ENGINE=InnoDB AUTO_INCREMENT=4 DEFAULT CHARSET=utf8;
/*!40101 SET character_set_client = @saved_cs_client */;

--
-- Dumping data for table `storage_auxiliarytoolstorelist`
--

LOCK TABLES `storage_auxiliarytoolstorelist` WRITE;
/*!40000 ALTER TABLE `storage_auxiliarytoolstorelist` DISABLE KEYS */;
INSERT INTO `storage_auxiliarytoolstorelist` VALUES (1,1,60,0),(2,2,4,0),(3,1,100,0);
/*!40000 ALTER TABLE `storage_auxiliarytoolstorelist` ENABLE KEYS */;
UNLOCK TABLES;

--
-- Table structure for table `storage_barsteelmaterialrefunditems`
--

DROP TABLE IF EXISTS `storage_barsteelmaterialrefunditems`;
/*!40101 SET @saved_cs_client     = @@character_set_client */;
/*!40101 SET character_set_client = utf8 */;
CREATE TABLE `storage_barsteelmaterialrefunditems` (
  `id` int(11) NOT NULL AUTO_INCREMENT,
  `applyitem_id` int(11) NOT NULL,
  `name` varchar(20) NOT NULL,
  `card_info_id` int(11) NOT NULL,
  `status` varchar(20) NOT NULL,
  `specification` varchar(50) DEFAULT NULL,
  `count` int(11) NOT NULL,
  `weight` double DEFAULT NULL,
  `length` double DEFAULT NULL,
  `remark` varchar(100) DEFAULT NULL,
  PRIMARY KEY (`id`),
  KEY `storage_barsteelmaterialrefunditems_166bd2a8` (`applyitem_id`),
  KEY `storage_barsteelmaterialrefunditems_cc0a081c` (`card_info_id`),
  CONSTRAINT `card_info_id_refs_id_49ad1410` FOREIGN KEY (`card_info_id`) REFERENCES `storage_steelmaterialrefundcard` (`id`),
  CONSTRAINT `applyitem_id_refs_id_5231607a` FOREIGN KEY (`applyitem_id`) REFERENCES `storage_steelmaterialapplycarditems` (`id`)
) ENGINE=InnoDB AUTO_INCREMENT=2 DEFAULT CHARSET=utf8;
/*!40101 SET character_set_client = @saved_cs_client */;

--
-- Dumping data for table `storage_barsteelmaterialrefunditems`
--

LOCK TABLES `storage_barsteelmaterialrefunditems` WRITE;
/*!40000 ALTER TABLE `storage_barsteelmaterialrefunditems` DISABLE KEYS */;
/*!40000 ALTER TABLE `storage_barsteelmaterialrefunditems` ENABLE KEYS */;
UNLOCK TABLES;

--
-- Table structure for table `storage_boardsteelmaterialrefunditems`
--

DROP TABLE IF EXISTS `storage_boardsteelmaterialrefunditems`;
/*!40101 SET @saved_cs_client     = @@character_set_client */;
/*!40101 SET character_set_client = utf8 */;
CREATE TABLE `storage_boardsteelmaterialrefunditems` (
  `id` int(11) NOT NULL AUTO_INCREMENT,
  `applyitem_id` int(11) NOT NULL,
  `name` varchar(20) NOT NULL,
  `card_info_id` int(11) NOT NULL,
  `status` varchar(20) NOT NULL,
  `specification` varchar(50) DEFAULT NULL,
  `count` int(11) NOT NULL,
  `weight` double DEFAULT NULL,
  `graph` varchar(100) DEFAULT NULL,
  `remark` varchar(100) DEFAULT NULL,
  PRIMARY KEY (`id`),
  UNIQUE KEY `card_info_id` (`card_info_id`),
  KEY `storage_boardsteelmaterialrefunditems_166bd2a8` (`applyitem_id`),
  CONSTRAINT `card_info_id_refs_id_afed32db` FOREIGN KEY (`card_info_id`) REFERENCES `storage_steelmaterialrefundcard` (`id`),
  CONSTRAINT `applyitem_id_refs_id_5d65ade9` FOREIGN KEY (`applyitem_id`) REFERENCES `storage_steelmaterialapplycarditems` (`id`)
) ENGINE=InnoDB AUTO_INCREMENT=3 DEFAULT CHARSET=utf8;
/*!40101 SET character_set_client = @saved_cs_client */;

--
-- Dumping data for table `storage_boardsteelmaterialrefunditems`
--

LOCK TABLES `storage_boardsteelmaterialrefunditems` WRITE;
/*!40000 ALTER TABLE `storage_boardsteelmaterialrefunditems` DISABLE KEYS */;
/*!40000 ALTER TABLE `storage_boardsteelmaterialrefunditems` ENABLE KEYS */;
UNLOCK TABLES;

--
-- Table structure for table `storage_cardstatusstoprecord`
--

DROP TABLE IF EXISTS `storage_cardstatusstoprecord`;
/*!40101 SET @saved_cs_client     = @@character_set_client */;
/*!40101 SET character_set_client = utf8 */;
CREATE TABLE `storage_cardstatusstoprecord` (
  `id` int(11) NOT NULL AUTO_INCREMENT,
  `user_id` int(11) NOT NULL,
  `create_time` date DEFAULT NULL,
  `card_type` varchar(20) NOT NULL,
  `card_id` int(11) NOT NULL,
  `remark` longtext NOT NULL,
  PRIMARY KEY (`id`),
  KEY `storage_cardstatusstoprecord_fbfc09f1` (`user_id`),
  CONSTRAINT `user_id_refs_id_f7dfd59d` FOREIGN KEY (`user_id`) REFERENCES `auth_user` (`id`)
) ENGINE=InnoDB AUTO_INCREMENT=5 DEFAULT CHARSET=utf8;
/*!40101 SET character_set_client = @saved_cs_client */;

--
-- Dumping data for table `storage_cardstatusstoprecord`
--

LOCK TABLES `storage_cardstatusstoprecord` WRITE;
/*!40000 ALTER TABLE `storage_cardstatusstoprecord` DISABLE KEYS */;
INSERT INTO `storage_cardstatusstoprecord` VALUES (1,2,'2016-05-19','weldrefund',1,'退库材料不符合要求'),(2,2,'2016-05-19','weldrefund',1,'我不喜欢退库'),(3,2,'2016-05-19','weldrefund',2,'大大'),(4,2,'2016-05-19','weldrefund',2,'我这次填了哟');
/*!40000 ALTER TABLE `storage_cardstatusstoprecord` ENABLE KEYS */;
UNLOCK TABLES;

--
-- Table structure for table `storage_outsideapplycard`
--

DROP TABLE IF EXISTS `storage_outsideapplycard`;
/*!40101 SET @saved_cs_client     = @@character_set_client */;
/*!40101 SET character_set_client = utf8 */;
CREATE TABLE `storage_outsideapplycard` (
  `id` int(11) NOT NULL AUTO_INCREMENT,
  `applicant_id` int(11) DEFAULT NULL,
  `auditor_id` int(11) DEFAULT NULL,
  `inspector_id` int(11) DEFAULT NULL,
  `keeper_id` int(11) DEFAULT NULL,
  `status` int(11) NOT NULL,
  `change_code` varchar(50) DEFAULT NULL,
  `sample_report` varchar(50) DEFAULT NULL,
  `applycard_code` varchar(20) NOT NULL,
  `work_order_id` int(11) NOT NULL,
  `create_time` date NOT NULL,
  `department` varchar(20) DEFAULT NULL,
  `submateriel_id` int(11) DEFAULT NULL,
  PRIMARY KEY (`id`),
  KEY `storage_outsideapplycard_3e1f6ffd` (`applicant_id`),
  KEY `storage_outsideapplycard_50ccb7fb` (`auditor_id`),
  KEY `storage_outsideapplycard_90828abe` (`inspector_id`),
  KEY `storage_outsideapplycard_fdefcd50` (`keeper_id`),
  KEY `storage_outsideapplycard_c1fa5358` (`work_order_id`),
  KEY `storage_outsideapplycard_f0887366` (`submateriel_id`),
  CONSTRAINT `submateriel_id_refs_id_1e7a8351` FOREIGN KEY (`submateriel_id`) REFERENCES `production_submateriel` (`id`),
  CONSTRAINT `applicant_id_refs_id_8e97b447` FOREIGN KEY (`applicant_id`) REFERENCES `auth_user` (`id`),
  CONSTRAINT `auditor_id_refs_id_8e97b447` FOREIGN KEY (`auditor_id`) REFERENCES `auth_user` (`id`),
  CONSTRAINT `inspector_id_refs_id_8e97b447` FOREIGN KEY (`inspector_id`) REFERENCES `auth_user` (`id`),
  CONSTRAINT `keeper_id_refs_id_8e97b447` FOREIGN KEY (`keeper_id`) REFERENCES `auth_user` (`id`),
  CONSTRAINT `work_order_id_refs_id_5fd5244d` FOREIGN KEY (`work_order_id`) REFERENCES `const_subworkorder` (`id`)
) ENGINE=InnoDB AUTO_INCREMENT=10 DEFAULT CHARSET=utf8;
/*!40101 SET character_set_client = @saved_cs_client */;

--
-- Dumping data for table `storage_outsideapplycard`
--

LOCK TABLES `storage_outsideapplycard` WRITE;
/*!40000 ALTER TABLE `storage_outsideapplycard` DISABLE KEYS */;
/*!40000 ALTER TABLE `storage_outsideapplycard` ENABLE KEYS */;
UNLOCK TABLES;

--
-- Table structure for table `storage_outsideapplycarditems`
--

DROP TABLE IF EXISTS `storage_outsideapplycarditems`;
/*!40101 SET @saved_cs_client     = @@character_set_client */;
/*!40101 SET character_set_client = utf8 */;
CREATE TABLE `storage_outsideapplycarditems` (
  `id` int(11) NOT NULL AUTO_INCREMENT,
  `apply_card_id` int(11) NOT NULL,
  `storelist_id` int(11) DEFAULT NULL,
  `schematic_index` varchar(50) DEFAULT NULL,
  `specification` varchar(50) DEFAULT NULL,
  `material_mark` varchar(50) DEFAULT NULL,
  `material_code` varchar(20) DEFAULT NULL,
  `unit` varchar(20) DEFAULT NULL,
  `count` int(11) NOT NULL,
  `remark` varchar(50) DEFAULT NULL,
  PRIMARY KEY (`id`),
  KEY `storage_outsideapplycarditem_cbe0d421` (`apply_card_id`),
  KEY `storage_outsideapplycarditem_6225bde` (`storelist_id`),
  CONSTRAINT `applycard_id_refs_id_c3c92834` FOREIGN KEY (`apply_card_id`) REFERENCES `storage_outsideapplycard` (`id`),
  CONSTRAINT `storelist_id_refs_id_a500ad37` FOREIGN KEY (`storelist_id`) REFERENCES `storage_outsidestoragelist` (`id`)
) ENGINE=InnoDB AUTO_INCREMENT=8 DEFAULT CHARSET=utf8;
/*!40101 SET character_set_client = @saved_cs_client */;

--
-- Dumping data for table `storage_outsideapplycarditems`
--

LOCK TABLES `storage_outsideapplycarditems` WRITE;
/*!40000 ALTER TABLE `storage_outsideapplycarditems` DISABLE KEYS */;
/*!40000 ALTER TABLE `storage_outsideapplycarditems` ENABLE KEYS */;
UNLOCK TABLES;

--
-- Table structure for table `storage_outsiderefundcard`
--

DROP TABLE IF EXISTS `storage_outsiderefundcard`;
/*!40101 SET @saved_cs_client     = @@character_set_client */;
/*!40101 SET character_set_client = utf8 */;
CREATE TABLE `storage_outsiderefundcard` (
  `id` int(11) NOT NULL AUTO_INCREMENT,
  `refunder_id` int(11) DEFAULT NULL,
  `keeper_id` int(11) DEFAULT NULL,
  `status` int(11) NOT NULL,
  `applycard_id` int(11) NOT NULL,
  `refundcard_code` varchar(20) NOT NULL,
  `work_order_id` int(11) NOT NULL,
  `create_time` date NOT NULL,
  PRIMARY KEY (`id`),
  KEY `storage_outsiderefundcard_3277489f` (`refunder_id`),
  KEY `storage_outsiderefundcard_fdefcd50` (`keeper_id`),
  KEY `storage_outsiderefundcard_cbe0d421` (`applycard_id`),
  KEY `storage_outsiderefundcard_c1fa5358` (`work_order_id`),
  CONSTRAINT `work_order_id_refs_id_ad601d52` FOREIGN KEY (`work_order_id`) REFERENCES `const_subworkorder` (`id`),
  CONSTRAINT `applycard_id_refs_id_2faa6248` FOREIGN KEY (`applycard_id`) REFERENCES `storage_outsideapplycard` (`id`),
  CONSTRAINT `keeper_id_refs_id_572370e6` FOREIGN KEY (`keeper_id`) REFERENCES `auth_user` (`id`),
  CONSTRAINT `refunder_id_refs_id_572370e6` FOREIGN KEY (`refunder_id`) REFERENCES `auth_user` (`id`)
) ENGINE=InnoDB AUTO_INCREMENT=4 DEFAULT CHARSET=utf8;
/*!40101 SET character_set_client = @saved_cs_client */;

--
-- Dumping data for table `storage_outsiderefundcard`
--

LOCK TABLES `storage_outsiderefundcard` WRITE;
/*!40000 ALTER TABLE `storage_outsiderefundcard` DISABLE KEYS */;
/*!40000 ALTER TABLE `storage_outsiderefundcard` ENABLE KEYS */;
UNLOCK TABLES;

--
-- Table structure for table `storage_outsiderefundcarditems`
--

DROP TABLE IF EXISTS `storage_outsiderefundcarditems`;
/*!40101 SET @saved_cs_client     = @@character_set_client */;
/*!40101 SET character_set_client = utf8 */;
CREATE TABLE `storage_outsiderefundcarditems` (
  `id` int(11) NOT NULL AUTO_INCREMENT,
  `refundcard_id` int(11) NOT NULL,
  `applyitem_id` int(11) NOT NULL,
  `count` int(11) NOT NULL,
  `remark` varchar(50) DEFAULT NULL,
  PRIMARY KEY (`id`),
  KEY `storage_outsiderefundcarditems_4a298e96` (`refundcard_id`),
  KEY `storage_outsiderefundcarditems_166bd2a8` (`applyitem_id`),
  CONSTRAINT `applyitem_id_refs_id_a962eef4` FOREIGN KEY (`applyitem_id`) REFERENCES `storage_outsideapplycarditems` (`id`),
  CONSTRAINT `refundcard_id_refs_id_c6cd680e` FOREIGN KEY (`refundcard_id`) REFERENCES `storage_outsiderefundcard` (`id`)
) ENGINE=InnoDB AUTO_INCREMENT=2 DEFAULT CHARSET=utf8;
/*!40101 SET character_set_client = @saved_cs_client */;

--
-- Dumping data for table `storage_outsiderefundcarditems`
--

LOCK TABLES `storage_outsiderefundcarditems` WRITE;
/*!40000 ALTER TABLE `storage_outsiderefundcarditems` DISABLE KEYS */;
/*!40000 ALTER TABLE `storage_outsiderefundcarditems` ENABLE KEYS */;
UNLOCK TABLES;

--
-- Table structure for table `storage_outsidestandardentry`
--

DROP TABLE IF EXISTS `storage_outsidestandardentry`;
/*!40101 SET @saved_cs_client     = @@character_set_client */;
/*!40101 SET character_set_client = utf8 */;
CREATE TABLE `storage_outsidestandardentry` (
  `id` int(11) NOT NULL AUTO_INCREMENT,
  `purchaser_id` int(11) DEFAULT NULL,
  `inspector_id` int(11) DEFAULT NULL,
  `keeper_id` int(11) DEFAULT NULL,
  `entry_status` int(11) NOT NULL,
  `bidform_code` varchar(20) DEFAULT NULL,
  `inspection_record` varchar(20) DEFAULT NULL,
  `entry_code` varchar(20) DEFAULT NULL,
  `change_code` varchar(20) DEFAULT NULL,
  `material_source` varchar(20) DEFAULT NULL,
  `create_time` date DEFAULT NULL,
  `remark` varchar(20) DEFAULT NULL,
  `outsidebuy_type` int(11) NOT NULL,
  `sample_report` varchar(20) DEFAULT NULL,
  PRIMARY KEY (`id`),
  KEY `storage_outsidestandardentry_1e9fb4b8` (`purchaser_id`),
  KEY `storage_outsidestandardentry_90828abe` (`inspector_id`),
  KEY `storage_outsidestandardentry_fdefcd50` (`keeper_id`),
  CONSTRAINT `inspector_id_refs_id_737425b8` FOREIGN KEY (`inspector_id`) REFERENCES `auth_user` (`id`),
  CONSTRAINT `keeper_id_refs_id_737425b8` FOREIGN KEY (`keeper_id`) REFERENCES `auth_user` (`id`),
  CONSTRAINT `purchaser_id_refs_id_737425b8` FOREIGN KEY (`purchaser_id`) REFERENCES `auth_user` (`id`)
) ENGINE=InnoDB AUTO_INCREMENT=12 DEFAULT CHARSET=utf8;
/*!40101 SET character_set_client = @saved_cs_client */;

--
-- Dumping data for table `storage_outsidestandardentry`
--

LOCK TABLES `storage_outsidestandardentry` WRITE;
/*!40000 ALTER TABLE `storage_outsidestandardentry` DISABLE KEYS */;
INSERT INTO `storage_outsidestandardentry` VALUES (9,2,3,NULL,2,'dadad','dada','2321','dda121`2','fsafsd','2016-05-13','3213',0,'dad'),(10,1,NULL,NULL,0,'201600097','','20160514174417','','太原市某械制造有限公司','2016-05-14','',1,''),(11,3,74,2,3,'231','dada','fdsfds','fsf','dad','2016-05-18','ddada',1,'sdada');
/*!40000 ALTER TABLE `storage_outsidestandardentry` ENABLE KEYS */;
UNLOCK TABLES;

--
-- Table structure for table `storage_outsidestandarditems`
--

DROP TABLE IF EXISTS `storage_outsidestandarditems`;
/*!40101 SET @saved_cs_client     = @@character_set_client */;
/*!40101 SET character_set_client = utf8 */;
CREATE TABLE `storage_outsidestandarditems` (
  `id` int(11) NOT NULL AUTO_INCREMENT,
  `entry_id` int(11) NOT NULL,
  `materiel_id` int(11) DEFAULT NULL,
  `schematic_index` varchar(50) DEFAULT NULL,
  `specification` varchar(50) DEFAULT NULL,
  `material_mark` varchar(50) DEFAULT NULL,
  `batch_number` varchar(50) DEFAULT NULL,
  `material_code` varchar(20) DEFAULT NULL,
  `unit` varchar(20) DEFAULT NULL,
  `count` int(11) NOT NULL,
  `weight` double DEFAULT NULL,
  `heatnum` varchar(20) DEFAULT NULL,
  `remark` varchar(20) DEFAULT NULL,
  `factory` varchar(20) DEFAULT NULL,
  `ticket_number` varchar(20) DEFAULT NULL,
  `work_order_id` int(11) NOT NULL,
  PRIMARY KEY (`id`),
  KEY `storage_outsidestandarditem_38a62041` (`entry_id`),
  KEY `storage_outsidestandarditem_845e42b9` (`materiel_id`),
  KEY `storage_outsidestandarditem_c1fa5358` (`work_order_id`),
  CONSTRAINT `work_order_id_refs_id_7ee75b24` FOREIGN KEY (`work_order_id`) REFERENCES `const_subworkorder` (`id`),
  CONSTRAINT `entry_id_refs_id_57768a8b` FOREIGN KEY (`entry_id`) REFERENCES `storage_outsidestandardentry` (`id`)
) ENGINE=InnoDB AUTO_INCREMENT=21 DEFAULT CHARSET=utf8;
/*!40101 SET character_set_client = @saved_cs_client */;

--
-- Dumping data for table `storage_outsidestandarditems`
--

LOCK TABLES `storage_outsidestandarditems` WRITE;
/*!40000 ALTER TABLE `storage_outsidestandarditems` DISABLE KEYS */;
/*!40000 ALTER TABLE `storage_outsidestandarditems` ENABLE KEYS */;
UNLOCK TABLES;

--
-- Table structure for table `storage_outsidestoragelist`
--

DROP TABLE IF EXISTS `storage_outsidestoragelist`;
/*!40101 SET @saved_cs_client     = @@character_set_client */;
/*!40101 SET character_set_client = utf8 */;
CREATE TABLE `storage_outsidestoragelist` (
  `id` int(11) NOT NULL AUTO_INCREMENT,
  `entry_item_id` int(11) NOT NULL,
  `count` int(11) NOT NULL,
  `outsidebuy_type` int(11) NOT NULL,
  PRIMARY KEY (`id`),
  UNIQUE KEY `entry_item_id` (`entry_item_id`),
  CONSTRAINT `entry_item_id_refs_id_f5b76583` FOREIGN KEY (`entry_item_id`) REFERENCES `storage_outsidestandarditems` (`id`)
) ENGINE=InnoDB AUTO_INCREMENT=18 DEFAULT CHARSET=utf8;
/*!40101 SET character_set_client = @saved_cs_client */;

--
-- Dumping data for table `storage_outsidestoragelist`
--

LOCK TABLES `storage_outsidestoragelist` WRITE;
/*!40000 ALTER TABLE `storage_outsidestoragelist` DISABLE KEYS */;
/*!40000 ALTER TABLE `storage_outsidestoragelist` ENABLE KEYS */;
UNLOCK TABLES;

--
-- Table structure for table `storage_steelmaterialapplycard`
--

DROP TABLE IF EXISTS `storage_steelmaterialapplycard`;
/*!40101 SET @saved_cs_client     = @@character_set_client */;
/*!40101 SET character_set_client = utf8 */;
CREATE TABLE `storage_steelmaterialapplycard` (
  `id` int(11) NOT NULL AUTO_INCREMENT,
  `department` varchar(50) NOT NULL,
  `create_time` date NOT NULL,
  `applycard_code` varchar(20) NOT NULL,
  `applicant_id` int(11) DEFAULT NULL,
  `auditor_id` int(11) DEFAULT NULL,
  `inspector_id` int(11) DEFAULT NULL,
  `keeper_id` int(11) DEFAULT NULL,
  `remark` varchar(100) DEFAULT NULL,
  `status` int(11) NOT NULL,
  PRIMARY KEY (`id`),
  KEY `storage_steelmaterialapplycard_3e1f6ffd` (`applicant_id`),
  KEY `storage_steelmaterialapplycard_50ccb7fb` (`auditor_id`),
  KEY `storage_steelmaterialapplycard_90828abe` (`inspector_id`),
  KEY `storage_steelmaterialapplycard_fdefcd50` (`keeper_id`),
  CONSTRAINT `keeper_id_refs_id_1e1125d4` FOREIGN KEY (`keeper_id`) REFERENCES `auth_user` (`id`),
  CONSTRAINT `applicant_id_refs_id_1e1125d4` FOREIGN KEY (`applicant_id`) REFERENCES `auth_user` (`id`),
  CONSTRAINT `auditor_id_refs_id_1e1125d4` FOREIGN KEY (`auditor_id`) REFERENCES `auth_user` (`id`),
  CONSTRAINT `inspector_id_refs_id_1e1125d4` FOREIGN KEY (`inspector_id`) REFERENCES `auth_user` (`id`)
) ENGINE=InnoDB AUTO_INCREMENT=10 DEFAULT CHARSET=utf8;
/*!40101 SET character_set_client = @saved_cs_client */;

--
-- Dumping data for table `storage_steelmaterialapplycard`
--

LOCK TABLES `storage_steelmaterialapplycard` WRITE;
/*!40000 ALTER TABLE `storage_steelmaterialapplycard` DISABLE KEYS */;
INSERT INTO `storage_steelmaterialapplycard` VALUES (1,'焊接三组','2016-05-13','H312321',2,2,3,2,'',4),(2,'','2016-05-20','G201605200001',2,NULL,NULL,NULL,NULL,0),(6,'','2016-05-20','G201605200002',1,NULL,NULL,NULL,NULL,0),(7,'','2016-05-20','G201605200003',1,NULL,NULL,NULL,NULL,0),(8,'11','2016-05-21','G201605210001',NULL,NULL,NULL,NULL,'22',0),(9,'','2016-05-21','G201605210002',NULL,NULL,NULL,NULL,NULL,0);
/*!40000 ALTER TABLE `storage_steelmaterialapplycard` ENABLE KEYS */;
UNLOCK TABLES;

--
-- Table structure for table `storage_steelmaterialapplycarditems`
--

DROP TABLE IF EXISTS `storage_steelmaterialapplycarditems`;
/*!40101 SET @saved_cs_client     = @@character_set_client */;
/*!40101 SET character_set_client = utf8 */;
CREATE TABLE `storage_steelmaterialapplycarditems` (
  `id` int(11) NOT NULL AUTO_INCREMENT,
  `storelist_id` int(11) DEFAULT NULL,
  `apply_card_id` int(11) NOT NULL,
  `count` int(11) NOT NULL,
  `material_mark` varchar(20) DEFAULT NULL,
  `material_code` varchar(20) NOT NULL,
  `component` varchar(100) DEFAULT NULL,
  `work_order_id` int(11) NOT NULL,
  `specification` varchar(50) NOT NULL,
  `submateriel_id` int(11) DEFAULT NULL,
  PRIMARY KEY (`id`),
  KEY `storage_steelmaterialapplycarditems_6225bde` (`storelist_id`),
  KEY `storage_steelmaterialapplycarditems_6784c69d` (`apply_card_id`),
  KEY `storage_steelmaterialapplycarditems_c1fa5358` (`work_order_id`),
  KEY `storage_steelmaterialapplycarditems_f0887366` (`submateriel_id`),
  CONSTRAINT `apply_card_id_refs_id_e9ff4536` FOREIGN KEY (`apply_card_id`) REFERENCES `storage_steelmaterialapplycard` (`id`),
  CONSTRAINT `storelist_id_refs_id_404c3d1b` FOREIGN KEY (`storelist_id`) REFERENCES `storage_steelmaterialstorelist` (`id`),
  CONSTRAINT `submateriel_id_refs_id_499bfce1` FOREIGN KEY (`submateriel_id`) REFERENCES `production_submateriel` (`id`)
) ENGINE=InnoDB AUTO_INCREMENT=13 DEFAULT CHARSET=utf8;
/*!40101 SET character_set_client = @saved_cs_client */;

--
-- Dumping data for table `storage_steelmaterialapplycarditems`
--

LOCK TABLES `storage_steelmaterialapplycarditems` WRITE;
/*!40000 ALTER TABLE `storage_steelmaterialapplycarditems` DISABLE KEYS */;
/*!40000 ALTER TABLE `storage_steelmaterialapplycarditems` ENABLE KEYS */;
UNLOCK TABLES;

--
-- Table structure for table `storage_steelmaterialentry`
--

DROP TABLE IF EXISTS `storage_steelmaterialentry`;
/*!40101 SET @saved_cs_client     = @@character_set_client */;
/*!40101 SET character_set_client = utf8 */;
CREATE TABLE `storage_steelmaterialentry` (
  `id` int(11) NOT NULL AUTO_INCREMENT,
  `material_source` varchar(20) NOT NULL,
  `entry_code` varchar(20) NOT NULL,
  `purchaser_id` int(11) DEFAULT NULL,
  `inspector_id` int(11) DEFAULT NULL,
  `keeper_id` int(11) DEFAULT NULL,
  `create_time` date DEFAULT NULL,
  `entry_status` int(11) NOT NULL,
  `steel_type` int(11) NOT NULL,
  `remark` varchar(100) NOT NULL,
  PRIMARY KEY (`id`),
  KEY `storage_steelmaterialentry_1e9fb4b8` (`purchaser_id`),
  KEY `storage_steelmaterialentry_90828abe` (`inspector_id`),
  KEY `storage_steelmaterialentry_fdefcd50` (`keeper_id`),
  CONSTRAINT `keeper_id_refs_id_6ed6351e` FOREIGN KEY (`keeper_id`) REFERENCES `auth_user` (`id`),
  CONSTRAINT `inspector_id_refs_id_6ed6351e` FOREIGN KEY (`inspector_id`) REFERENCES `auth_user` (`id`),
  CONSTRAINT `purchaser_id_refs_id_6ed6351e` FOREIGN KEY (`purchaser_id`) REFERENCES `auth_user` (`id`)
) ENGINE=InnoDB AUTO_INCREMENT=2 DEFAULT CHARSET=utf8;
/*!40101 SET character_set_client = @saved_cs_client */;

--
-- Dumping data for table `storage_steelmaterialentry`
--

LOCK TABLES `storage_steelmaterialentry` WRITE;
/*!40000 ALTER TABLE `storage_steelmaterialentry` DISABLE KEYS */;
INSERT INTO `storage_steelmaterialentry` VALUES (1,'fdsf','d32131',2,1,2,'2016-05-13',3,0,'');
/*!40000 ALTER TABLE `storage_steelmaterialentry` ENABLE KEYS */;
UNLOCK TABLES;

--
-- Table structure for table `storage_steelmaterialentryitems`
--

DROP TABLE IF EXISTS `storage_steelmaterialentryitems`;
/*!40101 SET @saved_cs_client     = @@character_set_client */;
/*!40101 SET character_set_client = utf8 */;
CREATE TABLE `storage_steelmaterialentryitems` (
  `id` int(11) NOT NULL AUTO_INCREMENT,
  `specification` varchar(20) NOT NULL,
  `batch_number` varchar(20) DEFAULT NULL,
  `material_mark` varchar(20) DEFAULT NULL,
  `material_code` varchar(20) NOT NULL,
  `weight` double NOT NULL,
  `unit` varchar(20) DEFAULT NULL,
  `count` int(11) NOT NULL,
  `length` double DEFAULT NULL,
  `entry_id` int(11) NOT NULL,
  `schematic_index` varchar(50) NOT NULL,
  `material_id` int(11) DEFAULT NULL,
  PRIMARY KEY (`id`),
  KEY `storage_steelmaterialentryitems_38a62041` (`entry_id`),
  KEY `storage_steelmaterialentryitems_fab9ba43` (`material_id`),
  CONSTRAINT `entry_id_refs_id_9c08edd6` FOREIGN KEY (`entry_id`) REFERENCES `storage_steelmaterialentry` (`id`)
) ENGINE=InnoDB AUTO_INCREMENT=3 DEFAULT CHARSET=utf8;
/*!40101 SET character_set_client = @saved_cs_client */;

--
-- Dumping data for table `storage_steelmaterialentryitems`
--

LOCK TABLES `storage_steelmaterialentryitems` WRITE;
/*!40000 ALTER TABLE `storage_steelmaterialentryitems` DISABLE KEYS */;
INSERT INTO `storage_steelmaterialentryitems` VALUES (1,'f2132','da32131','d2313','s3142432',100.7,'dada1231',2,NULL,1,'d31321',1),(2,'ada','dfs','fdsf','saS',220.5,'',20,NULL,1,'DADA',1);
/*!40000 ALTER TABLE `storage_steelmaterialentryitems` ENABLE KEYS */;
UNLOCK TABLES;

--
-- Table structure for table `storage_steelmaterialentryitems_work_order`
--

DROP TABLE IF EXISTS `storage_steelmaterialentryitems_work_order`;
/*!40101 SET @saved_cs_client     = @@character_set_client */;
/*!40101 SET character_set_client = utf8 */;
CREATE TABLE `storage_steelmaterialentryitems_work_order` (
  `id` int(11) NOT NULL AUTO_INCREMENT,
  `steelmaterialentryitems_id` int(11) NOT NULL,
  `subworkorder_id` int(11) NOT NULL,
  PRIMARY KEY (`id`),
  UNIQUE KEY `steelmaterialentryitems_id` (`steelmaterialentryitems_id`,`subworkorder_id`),
  KEY `storage_steelmaterialentryitems_work_order_5c84fbe9` (`steelmaterialentryitems_id`),
  KEY `storage_steelmaterialentryitems_work_order_495b7af` (`subworkorder_id`),
  CONSTRAINT `steelmaterialentryitems_id_refs_id_9fbe2705` FOREIGN KEY (`steelmaterialentryitems_id`) REFERENCES `storage_steelmaterialentryitems` (`id`)
) ENGINE=InnoDB AUTO_INCREMENT=6 DEFAULT CHARSET=utf8;
/*!40101 SET character_set_client = @saved_cs_client */;

--
-- Dumping data for table `storage_steelmaterialentryitems_work_order`
--

LOCK TABLES `storage_steelmaterialentryitems_work_order` WRITE;
/*!40000 ALTER TABLE `storage_steelmaterialentryitems_work_order` DISABLE KEYS */;
/*!40000 ALTER TABLE `storage_steelmaterialentryitems_work_order` ENABLE KEYS */;
UNLOCK TABLES;

--
-- Table structure for table `storage_steelmaterialrefundcard`
--

DROP TABLE IF EXISTS `storage_steelmaterialrefundcard`;
/*!40101 SET @saved_cs_client     = @@character_set_client */;
/*!40101 SET character_set_client = utf8 */;
CREATE TABLE `storage_steelmaterialrefundcard` (
  `id` int(11) NOT NULL AUTO_INCREMENT,
  `work_order_id` int(11) NOT NULL,
  `create_time` date NOT NULL,
  `refund_code` varchar(20) NOT NULL,
  `refunder_id` int(11) DEFAULT NULL,
  `inspector_id` int(11) DEFAULT NULL,
  `keeper_id` int(11) DEFAULT NULL,
  `status` int(11) NOT NULL,
  `steel_type` int(11) NOT NULL,
  `applycard_id` int(11) DEFAULT NULL,
  PRIMARY KEY (`id`),
  KEY `storage_steelmaterialrefundcard_c1fa5358` (`work_order_id`),
  KEY `storage_steelmaterialrefundcard_3277489f` (`refunder_id`),
  KEY `storage_steelmaterialrefundcard_90828abe` (`inspector_id`),
  KEY `storage_steelmaterialrefundcard_fdefcd50` (`keeper_id`),
  KEY `storage_steelmaterialrefundcard_cbe0d421` (`applycard_id`),
  CONSTRAINT `keeper_id_refs_id_20ffb393` FOREIGN KEY (`keeper_id`) REFERENCES `auth_user` (`id`),
  CONSTRAINT `applycard_id_refs_id_b7e713ac` FOREIGN KEY (`applycard_id`) REFERENCES `storage_steelmaterialapplycard` (`id`),
  CONSTRAINT `inspector_id_refs_id_20ffb393` FOREIGN KEY (`inspector_id`) REFERENCES `auth_user` (`id`),
  CONSTRAINT `refunder_id_refs_id_20ffb393` FOREIGN KEY (`refunder_id`) REFERENCES `auth_user` (`id`)
) ENGINE=InnoDB AUTO_INCREMENT=3 DEFAULT CHARSET=utf8;
/*!40101 SET character_set_client = @saved_cs_client */;

--
-- Dumping data for table `storage_steelmaterialrefundcard`
--

LOCK TABLES `storage_steelmaterialrefundcard` WRITE;
/*!40000 ALTER TABLE `storage_steelmaterialrefundcard` DISABLE KEYS */;
/*!40000 ALTER TABLE `storage_steelmaterialrefundcard` ENABLE KEYS */;
UNLOCK TABLES;

--
-- Table structure for table `storage_steelmaterialstorelist`
--

DROP TABLE IF EXISTS `storage_steelmaterialstorelist`;
/*!40101 SET @saved_cs_client     = @@character_set_client */;
/*!40101 SET character_set_client = utf8 */;
CREATE TABLE `storage_steelmaterialstorelist` (
  `id` int(11) NOT NULL AUTO_INCREMENT,
  `entry_item_id` int(11) NOT NULL,
  `specification` varchar(50) NOT NULL,
  `steel_type` int(11) NOT NULL,
  `length` double DEFAULT NULL,
  `count` int(11) NOT NULL,
  `weight` double DEFAULT NULL,
  `return_time` int(11) NOT NULL,
  `store_room_id` int(11) DEFAULT NULL,
  `refund` int(11) DEFAULT NULL,
  PRIMARY KEY (`id`),
  KEY `storage_steelmaterialstorelist_29aa6134` (`entry_item_id`),
  KEY `storage_steelmaterialstorelist_c56b755` (`store_room_id`),
  CONSTRAINT `entry_item_id_refs_id_f888de57` FOREIGN KEY (`entry_item_id`) REFERENCES `storage_steelmaterialentryitems` (`id`),
  CONSTRAINT `store_room_id_refs_id_bfb5753d` FOREIGN KEY (`store_room_id`) REFERENCES `storage_storeroom` (`id`)
) ENGINE=InnoDB AUTO_INCREMENT=5 DEFAULT CHARSET=utf8;
/*!40101 SET character_set_client = @saved_cs_client */;

--
-- Dumping data for table `storage_steelmaterialstorelist`
--

LOCK TABLES `storage_steelmaterialstorelist` WRITE;
/*!40000 ALTER TABLE `storage_steelmaterialstorelist` DISABLE KEYS */;
INSERT INTO `storage_steelmaterialstorelist` VALUES (1,1,'2*20*10',0,10,1,100,0,7,NULL),(2,2,'FDSF',0,NULL,2,10,0,2,NULL),(3,2,'12*20*30',0,30,1,10,1,4,1),(4,1,'大大',0,10,33,10,1,7,2);
/*!40000 ALTER TABLE `storage_steelmaterialstorelist` ENABLE KEYS */;
UNLOCK TABLES;

--
-- Table structure for table `storage_storeroom`
--

DROP TABLE IF EXISTS `storage_storeroom`;
/*!40101 SET @saved_cs_client     = @@character_set_client */;
/*!40101 SET character_set_client = utf8 */;
CREATE TABLE `storage_storeroom` (
  `id` int(11) NOT NULL AUTO_INCREMENT,
  `name` varchar(20) NOT NULL,
  `position` varchar(50) NOT NULL,
  `material_type` int(11) NOT NULL,
  PRIMARY KEY (`id`)
) ENGINE=InnoDB AUTO_INCREMENT=8 DEFAULT CHARSET=utf8;
/*!40101 SET character_set_client = @saved_cs_client */;

--
-- Dumping data for table `storage_storeroom`
--

LOCK TABLES `storage_storeroom` WRITE;
/*!40000 ALTER TABLE `storage_storeroom` DISABLE KEYS */;
INSERT INTO `storage_storeroom` VALUES (1,'焊材库','一楼A区',0),(2,'钢材库','二楼B区',1),(3,'外购件','研教楼',0),(4,'华本长板1区','薄板混放区 ',1),(6,'薄板混放区 ','钢材库',3),(7,'Q245R厚板2区','Q245R厚板2区',1);
/*!40000 ALTER TABLE `storage_storeroom` ENABLE KEYS */;
UNLOCK TABLES;

--
-- Table structure for table `storage_weldingmaterialapplycard`
--

DROP TABLE IF EXISTS `storage_weldingmaterialapplycard`;
/*!40101 SET @saved_cs_client     = @@character_set_client */;
/*!40101 SET character_set_client = utf8 */;
CREATE TABLE `storage_weldingmaterialapplycard` (
  `id` int(11) NOT NULL AUTO_INCREMENT,
  `department` varchar(20) DEFAULT NULL,
  `applycard_code` varchar(20) NOT NULL,
  `create_time` date NOT NULL,
  `work_order_id` int(11) NOT NULL,
  `weld_bead_number` varchar(20) DEFAULT NULL,
  `material_mark` varchar(50) NOT NULL,
  `model_number` varchar(50) NOT NULL,
  `specification` varchar(20) NOT NULL,
  `apply_weight` double DEFAULT NULL,
  `apply_count` double DEFAULT NULL,
  `material_code` varchar(20) DEFAULT NULL,
  `actual_weight` double DEFAULT NULL,
  `actual_count` double DEFAULT NULL,
  `applicant_id` int(11) DEFAULT NULL,
  `auditor_id` int(11) DEFAULT NULL,
  `inspector_id` int(11) DEFAULT NULL,
  `keeper_id` int(11) DEFAULT NULL,
  `status` int(11) NOT NULL,
  `remark` varchar(100) DEFAULT NULL,
  `storelist_id` int(11) DEFAULT NULL,
  PRIMARY KEY (`id`),
  UNIQUE KEY `applycard_code` (`applycard_code`),
  KEY `storage_weldingmaterialapplycard_914271fc` (`work_order_id`),
  KEY `storage_weldingmaterialapplycard_3e1f6ffd` (`applicant_id`),
  KEY `storage_weldingmaterialapplycard_50ccb7fb` (`auditor_id`),
  KEY `storage_weldingmaterialapplycard_90828abe` (`inspector_id`),
  KEY `storage_weldingmaterialapplycard_fdefcd50` (`keeper_id`),
  KEY `storage_weldingmaterialapplycard_6225bde` (`storelist_id`),
  CONSTRAINT `applicant_id_refs_id_9bf802cd` FOREIGN KEY (`applicant_id`) REFERENCES `auth_user` (`id`),
  CONSTRAINT `auditor_id_refs_id_9bf802cd` FOREIGN KEY (`auditor_id`) REFERENCES `auth_user` (`id`),
  CONSTRAINT `inspector_id_refs_id_9bf802cd` FOREIGN KEY (`inspector_id`) REFERENCES `auth_user` (`id`),
  CONSTRAINT `keeper_id_refs_id_9bf802cd` FOREIGN KEY (`keeper_id`) REFERENCES `auth_user` (`id`),
  CONSTRAINT `storelist_id_refs_id_a698aeea` FOREIGN KEY (`storelist_id`) REFERENCES `storage_weldstorelist` (`id`),
  CONSTRAINT `workorder_id_refs_id_6d4d93df` FOREIGN KEY (`work_order_id`) REFERENCES `const_subworkorder` (`id`)
) ENGINE=InnoDB AUTO_INCREMENT=7 DEFAULT CHARSET=utf8;
/*!40101 SET character_set_client = @saved_cs_client */;

--
-- Dumping data for table `storage_weldingmaterialapplycard`
--

LOCK TABLES `storage_weldingmaterialapplycard` WRITE;
/*!40000 ALTER TABLE `storage_weldingmaterialapplycard` DISABLE KEYS */;
/*!40000 ALTER TABLE `storage_weldingmaterialapplycard` ENABLE KEYS */;
UNLOCK TABLES;

--
-- Table structure for table `storage_weldingmaterialbakerecord`
--

DROP TABLE IF EXISTS `storage_weldingmaterialbakerecord`;
/*!40101 SET @saved_cs_client     = @@character_set_client */;
/*!40101 SET character_set_client = utf8 */;
CREATE TABLE `storage_weldingmaterialbakerecord` (
  `id` int(11) NOT NULL AUTO_INCREMENT,
  `date` date DEFAULT NULL,
  `index` varchar(50) NOT NULL,
  `standardnum` varchar(50) NOT NULL,
  `size` varchar(50) NOT NULL,
  `classnum` varchar(50) NOT NULL,
  `heatnum` varchar(50) NOT NULL,
  `codedmark` varchar(50) NOT NULL,
  `quantity` double NOT NULL,
  `intoheattime` datetime DEFAULT NULL,
  `bakingtemp` double NOT NULL,
  `timefortemp` datetime DEFAULT NULL,
  `tempfalltime` datetime DEFAULT NULL,
  `timeforremainheat` datetime DEFAULT NULL,
  `keepheattemp` double NOT NULL,
  `usetime` datetime DEFAULT NULL,
  `storeMan_id` int(11) NOT NULL,
  `weldengineer_id` int(11) DEFAULT NULL,
  `remark` varchar(1000) NOT NULL,
  PRIMARY KEY (`id`),
  UNIQUE KEY `index` (`index`),
  KEY `storage_weldingmaterialbakerecord_804bfa15` (`storeMan_id`),
  KEY `storage_weldingmaterialbakerecord_9c9878b3` (`weldengineer_id`),
  CONSTRAINT `weldengineer_id_refs_id_c4d874fc` FOREIGN KEY (`weldengineer_id`) REFERENCES `auth_user` (`id`),
  CONSTRAINT `storeMan_id_refs_id_c4d874fc` FOREIGN KEY (`storeMan_id`) REFERENCES `auth_user` (`id`)
) ENGINE=InnoDB AUTO_INCREMENT=2 DEFAULT CHARSET=utf8;
/*!40101 SET character_set_client = @saved_cs_client */;

--
-- Dumping data for table `storage_weldingmaterialbakerecord`
--

LOCK TABLES `storage_weldingmaterialbakerecord` WRITE;
/*!40000 ALTER TABLE `storage_weldingmaterialbakerecord` DISABLE KEYS */;
INSERT INTO `storage_weldingmaterialbakerecord` VALUES (1,'2016-05-19','g2001','dada','dadadad','dad23143213','撒大大dsada','dadadad',0,'2016-05-19 03:11:00',0,'2016-05-19 05:13:00','2016-05-19 01:09:00','1899-12-30 20:59:00',0,'2016-05-19 02:13:00',2,2,'dadada');
/*!40000 ALTER TABLE `storage_weldingmaterialbakerecord` ENABLE KEYS */;
UNLOCK TABLES;

--
-- Table structure for table `storage_weldingmaterialhumiturerecord`
--

DROP TABLE IF EXISTS `storage_weldingmaterialhumiturerecord`;
/*!40101 SET @saved_cs_client     = @@character_set_client */;
/*!40101 SET character_set_client = utf8 */;
CREATE TABLE `storage_weldingmaterialhumiturerecord` (
  `id` int(11) NOT NULL AUTO_INCREMENT,
  `storeMan_id` int(11) NOT NULL,
  `actualTemperature1` double NOT NULL,
  `actualHumidity1` double NOT NULL,
  `actualTemperature2` double NOT NULL,
  `actualHumidity2` double NOT NULL,
  `remark` varchar(1000) NOT NULL,
  `date` date NOT NULL,
  PRIMARY KEY (`id`),
  KEY `storage_weldingmaterialhumiturerecord_804bfa15` (`storeMan_id`),
  CONSTRAINT `storeMan_id_refs_id_e319f22a` FOREIGN KEY (`storeMan_id`) REFERENCES `auth_user` (`id`)
) ENGINE=InnoDB AUTO_INCREMENT=3 DEFAULT CHARSET=utf8;
/*!40101 SET character_set_client = @saved_cs_client */;

--
-- Dumping data for table `storage_weldingmaterialhumiturerecord`
--

LOCK TABLES `storage_weldingmaterialhumiturerecord` WRITE;
/*!40000 ALTER TABLE `storage_weldingmaterialhumiturerecord` DISABLE KEYS */;
INSERT INTO `storage_weldingmaterialhumiturerecord` VALUES (1,2,13,14,15,16,'ok','2016-05-17'),(2,2,11,11,11,11,'11','2016-05-18');
/*!40000 ALTER TABLE `storage_weldingmaterialhumiturerecord` ENABLE KEYS */;
UNLOCK TABLES;

--
-- Table structure for table `storage_weldmaterialentry`
--

DROP TABLE IF EXISTS `storage_weldmaterialentry`;
/*!40101 SET @saved_cs_client     = @@character_set_client */;
/*!40101 SET character_set_client = utf8 */;
CREATE TABLE `storage_weldmaterialentry` (
  `id` int(11) NOT NULL AUTO_INCREMENT,
  `create_time` date DEFAULT NULL,
  `purchaser_id` int(11) DEFAULT NULL,
  `inspector_id` int(11) DEFAULT NULL,
  `keeper_id` int(11) DEFAULT NULL,
  `entry_code` varchar(20) DEFAULT NULL,
  `entry_status` int(11) NOT NULL,
  PRIMARY KEY (`id`),
  UNIQUE KEY `entry_code` (`entry_code`),
  KEY `storage_weldmaterialentry_1e9fb4b8` (`purchaser_id`),
  KEY `storage_weldmaterialentry_90828abe` (`inspector_id`),
  KEY `storage_weldmaterialentry_fdefcd50` (`keeper_id`),
  CONSTRAINT `inspector_id_refs_id_7be29402` FOREIGN KEY (`inspector_id`) REFERENCES `auth_user` (`id`),
  CONSTRAINT `keeper_id_refs_id_7be29402` FOREIGN KEY (`keeper_id`) REFERENCES `auth_user` (`id`),
  CONSTRAINT `purchaser_id_refs_id_7be29402` FOREIGN KEY (`purchaser_id`) REFERENCES `auth_user` (`id`)
) ENGINE=InnoDB AUTO_INCREMENT=27 DEFAULT CHARSET=utf8;
/*!40101 SET character_set_client = @saved_cs_client */;

--
-- Dumping data for table `storage_weldmaterialentry`
--

LOCK TABLES `storage_weldmaterialentry` WRITE;
/*!40000 ALTER TABLE `storage_weldmaterialentry` DISABLE KEYS */;
INSERT INTO `storage_weldmaterialentry` VALUES (10,'2016-05-12',3,1,2,'H1112',3),(11,'2016-05-13',3,74,NULL,'H54534',2),(16,'2016-05-16',1,NULL,NULL,'20160516223720',1),(17,'2016-05-18',NULL,NULL,NULL,'20160518-1',0),(26,'2016-05-18',NULL,NULL,NULL,'20160518-2',0);
/*!40000 ALTER TABLE `storage_weldmaterialentry` ENABLE KEYS */;
UNLOCK TABLES;

--
-- Table structure for table `storage_weldmaterialentryitems`
--

DROP TABLE IF EXISTS `storage_weldmaterialentryitems`;
/*!40101 SET @saved_cs_client     = @@character_set_client */;
/*!40101 SET character_set_client = utf8 */;
CREATE TABLE `storage_weldmaterialentryitems` (
  `id` int(11) NOT NULL AUTO_INCREMENT,
  `material_id` int(11) DEFAULT NULL,
  `remark` varchar(100) NOT NULL,
  `production_date` date DEFAULT NULL,
  `factory` varchar(100) NOT NULL,
  `price` double DEFAULT NULL,
  `total_weight` double NOT NULL,
  `single_weight` double NOT NULL,
  `count` double NOT NULL,
  `entry_id` int(11) NOT NULL,
  `material_charge_number` varchar(20) NOT NULL,
  `material_code` varchar(20) NOT NULL,
  `material_mark` varchar(50) NOT NULL,
  `model_number` varchar(50) NOT NULL,
  `specification` varchar(20) NOT NULL,
  PRIMARY KEY (`id`),
  KEY `storage_weldmaterialentryitems_fab9ba43` (`material_id`),
  KEY `storage_weldmaterialentryitems_38a62041` (`entry_id`),
  CONSTRAINT `material_id_refs_materiel_ptr_id_f848ccc0` FOREIGN KEY (`material_id`) REFERENCES `purchasing_materielcopy` (`materiel_ptr_id`),
  CONSTRAINT `entry_id_refs_id_c650a8f6` FOREIGN KEY (`entry_id`) REFERENCES `storage_weldmaterialentry` (`id`)
) ENGINE=InnoDB AUTO_INCREMENT=12 DEFAULT CHARSET=utf8;
/*!40101 SET character_set_client = @saved_cs_client */;

--
-- Dumping data for table `storage_weldmaterialentryitems`
--

LOCK TABLES `storage_weldmaterialentryitems` WRITE;
/*!40000 ALTER TABLE `storage_weldmaterialentryitems` DISABLE KEYS */;
INSERT INTO `storage_weldmaterialentryitems` VALUES (6,3,'','2016-05-13','fdfsd',NULL,100,20,5,11,'gfdgf','dasda','dad','232ds','fdsfgd'),(7,5,'dadad','2016-05-14','dada',22,24.2,12.1,2,11,'dad','dada','dad','dada','44324法术封锁'),(8,986,'12',NULL,'hahaha',NULL,203,0,0,16,'','1','SJ101','',''),(9,985,'',NULL,'',NULL,113,0,0,16,'','432','J507RH','','∮4.0'),(10,984,'123',NULL,'',NULL,156,0,0,17,'','1','H08mn2siA','','∮4.0'),(11,983,'',NULL,'',NULL,43,0,0,26,'','1','H08mn2siA','','∮1.2');
/*!40000 ALTER TABLE `storage_weldmaterialentryitems` ENABLE KEYS */;
UNLOCK TABLES;

--
-- Table structure for table `storage_weldrefund`
--

DROP TABLE IF EXISTS `storage_weldrefund`;
/*!40101 SET @saved_cs_client     = @@character_set_client */;
/*!40101 SET character_set_client = utf8 */;
CREATE TABLE `storage_weldrefund` (
  `id` int(11) NOT NULL AUTO_INCREMENT,
  `department` varchar(20) NOT NULL,
  `refund_code` varchar(20) NOT NULL,
  `create_time` date DEFAULT NULL,
  `apply_card_id` int(11) NOT NULL,
  `refund_weight` double DEFAULT NULL,
  `refund_count` double DEFAULT NULL,
  `refund_status` varchar(20) NOT NULL,
  `status` int(11) NOT NULL,
  `refunder_id` int(11) DEFAULT NULL,
  `keeper_id` int(11) DEFAULT NULL,
  PRIMARY KEY (`id`),
  UNIQUE KEY `apply_card_id` (`apply_card_id`),
  KEY `storage_weldrefund_3277489f` (`refunder_id`),
  KEY `storage_weldrefund_fdefcd50` (`keeper_id`),
  CONSTRAINT `apply_card_id_refs_id_5402622e` FOREIGN KEY (`apply_card_id`) REFERENCES `storage_weldingmaterialapplycard` (`id`),
  CONSTRAINT `keeper_id_refs_id_6d8f7dee` FOREIGN KEY (`keeper_id`) REFERENCES `auth_user` (`id`),
  CONSTRAINT `refunder_id_refs_id_6d8f7dee` FOREIGN KEY (`refunder_id`) REFERENCES `auth_user` (`id`)
) ENGINE=InnoDB AUTO_INCREMENT=3 DEFAULT CHARSET=utf8;
/*!40101 SET character_set_client = @saved_cs_client */;

--
-- Dumping data for table `storage_weldrefund`
--

LOCK TABLES `storage_weldrefund` WRITE;
/*!40000 ALTER TABLE `storage_weldrefund` DISABLE KEYS */;
/*!40000 ALTER TABLE `storage_weldrefund` ENABLE KEYS */;
UNLOCK TABLES;

--
-- Table structure for table `storage_weldstorelist`
--

DROP TABLE IF EXISTS `storage_weldstorelist`;
/*!40101 SET @saved_cs_client     = @@character_set_client */;
/*!40101 SET character_set_client = utf8 */;
CREATE TABLE `storage_weldstorelist` (
  `id` int(11) NOT NULL AUTO_INCREMENT,
  `deadline` date DEFAULT NULL,
  `count` double NOT NULL,
  `entry_item_id` int(11) NOT NULL,
  `item_status` int(11) NOT NULL,
  PRIMARY KEY (`id`),
  KEY `storage_weldstorelist_29aa6134` (`entry_item_id`),
  CONSTRAINT `entry_item_id_refs_id_2f88803e` FOREIGN KEY (`entry_item_id`) REFERENCES `storage_weldmaterialentryitems` (`id`)
) ENGINE=InnoDB AUTO_INCREMENT=9 DEFAULT CHARSET=utf8;
/*!40101 SET character_set_client = @saved_cs_client */;

--
-- Dumping data for table `storage_weldstorelist`
--

LOCK TABLES `storage_weldstorelist` WRITE;
/*!40000 ALTER TABLE `storage_weldstorelist` DISABLE KEYS */;
INSERT INTO `storage_weldstorelist` VALUES (6,'2018-05-13',60,6,0),(7,'2016-05-14',5.51,7,2);
/*!40000 ALTER TABLE `storage_weldstorelist` ENABLE KEYS */;
UNLOCK TABLES;

--
-- Table structure for table `storage_weldstorethread`
--

DROP TABLE IF EXISTS `storage_weldstorethread`;
/*!40101 SET @saved_cs_client     = @@character_set_client */;
/*!40101 SET character_set_client = utf8 */;
CREATE TABLE `storage_weldstorethread` (
  `id` int(11) NOT NULL AUTO_INCREMENT,
  `specification` varchar(50) NOT NULL,
  `count` double NOT NULL,
  `type` varchar(20) NOT NULL,
  PRIMARY KEY (`id`)
) ENGINE=InnoDB DEFAULT CHARSET=utf8;
/*!40101 SET character_set_client = @saved_cs_client */;

--
-- Dumping data for table `storage_weldstorethread`
--

LOCK TABLES `storage_weldstorethread` WRITE;
/*!40000 ALTER TABLE `storage_weldstorethread` DISABLE KEYS */;
/*!40000 ALTER TABLE `storage_weldstorethread` ENABLE KEYS */;
UNLOCK TABLES;

--
-- Table structure for table `techdata_auxiliaryitem`
--

DROP TABLE IF EXISTS `techdata_auxiliaryitem`;
/*!40101 SET @saved_cs_client     = @@character_set_client */;
/*!40101 SET character_set_client = utf8 */;
CREATE TABLE `techdata_auxiliaryitem` (
  `id` int(11) NOT NULL AUTO_INCREMENT,
  `materiel_belong_id` int(11) NOT NULL,
  `quota_coeficient` varchar(100) DEFAULT NULL,
  `quota` double DEFAULT NULL,
  `stardard` varchar(100) DEFAULT NULL,
  `remark` varchar(100) DEFAULT NULL,
  `materiel_categories` varchar(100) DEFAULT NULL,
  PRIMARY KEY (`id`),
  UNIQUE KEY `materiel_belong_id` (`materiel_belong_id`),
  CONSTRAINT `materiel_belong_id_refs_id_ca513db2` FOREIGN KEY (`materiel_belong_id`) REFERENCES `const_materiel` (`id`)
) ENGINE=InnoDB AUTO_INCREMENT=187 DEFAULT CHARSET=utf8;
/*!40101 SET character_set_client = @saved_cs_client */;

--
-- Dumping data for table `techdata_auxiliaryitem`
--

LOCK TABLES `techdata_auxiliaryitem` WRITE;
/*!40000 ALTER TABLE `techdata_auxiliaryitem` DISABLE KEYS */;
INSERT INTO `techdata_auxiliaryitem` VALUES (163,1659,'1',1,'','','数板'),(164,1661,NULL,NULL,NULL,'△△',NULL),(165,1663,NULL,NULL,NULL,'△△',NULL),(166,1670,NULL,NULL,NULL,'△△',NULL),(167,1679,NULL,NULL,NULL,'△',NULL),(168,1680,NULL,NULL,NULL,'',NULL),(169,1686,NULL,NULL,NULL,'',NULL),(170,1687,NULL,NULL,NULL,'',NULL),(171,1688,NULL,NULL,NULL,'',NULL),(172,1689,NULL,NULL,NULL,'△',NULL),(173,1690,NULL,NULL,NULL,'',NULL),(174,1691,NULL,NULL,NULL,'',NULL),(175,1692,NULL,NULL,NULL,'',NULL),(176,1696,NULL,NULL,NULL,'△',NULL),(177,1706,NULL,NULL,NULL,'△',NULL),(178,1707,NULL,NULL,NULL,'',NULL),(179,1708,NULL,NULL,NULL,'',NULL),(180,1711,NULL,NULL,NULL,'',NULL),(181,1712,NULL,NULL,NULL,'',NULL),(182,1713,NULL,NULL,NULL,'',NULL),(183,1714,NULL,NULL,NULL,'△',NULL),(184,1716,NULL,NULL,NULL,'',NULL),(185,1717,NULL,NULL,NULL,'',NULL),(186,1718,NULL,NULL,NULL,'△',NULL);
/*!40000 ALTER TABLE `techdata_auxiliaryitem` ENABLE KEYS */;
UNLOCK TABLES;

--
-- Table structure for table `techdata_auxiliarymark`
--

DROP TABLE IF EXISTS `techdata_auxiliarymark`;
/*!40101 SET @saved_cs_client     = @@character_set_client */;
/*!40101 SET character_set_client = utf8 */;
CREATE TABLE `techdata_auxiliarymark` (
  `id` int(11) NOT NULL AUTO_INCREMENT,
  `order_id` int(11) NOT NULL,
  `writer_id` int(11) DEFAULT NULL,
  `write_date` date DEFAULT NULL,
  `reviewer_id` int(11) DEFAULT NULL,
  `review_date` date DEFAULT NULL,
  PRIMARY KEY (`id`),
  UNIQUE KEY `order_id` (`order_id`),
  KEY `techdata_auxiliarymark_62351b1d` (`writer_id`),
  KEY `techdata_auxiliarymark_d0f17e2b` (`reviewer_id`),
  CONSTRAINT `reviewer_id_refs_id_b36b1804` FOREIGN KEY (`reviewer_id`) REFERENCES `auth_user` (`id`),
  CONSTRAINT `order_id_refs_id_d6b01e1b` FOREIGN KEY (`order_id`) REFERENCES `const_workorder` (`id`),
  CONSTRAINT `writer_id_refs_id_b36b1804` FOREIGN KEY (`writer_id`) REFERENCES `auth_user` (`id`)
) ENGINE=InnoDB AUTO_INCREMENT=14 DEFAULT CHARSET=utf8;
/*!40101 SET character_set_client = @saved_cs_client */;

--
-- Dumping data for table `techdata_auxiliarymark`
--

LOCK TABLES `techdata_auxiliarymark` WRITE;
/*!40000 ALTER TABLE `techdata_auxiliarymark` DISABLE KEYS */;
INSERT INTO `techdata_auxiliarymark` VALUES (13,31,1,'2016-05-21',1,'2016-05-21');
/*!40000 ALTER TABLE `techdata_auxiliarymark` ENABLE KEYS */;
UNLOCK TABLES;

--
-- Table structure for table `techdata_boxoutboughtmark`
--

DROP TABLE IF EXISTS `techdata_boxoutboughtmark`;
/*!40101 SET @saved_cs_client     = @@character_set_client */;
/*!40101 SET character_set_client = utf8 */;
CREATE TABLE `techdata_boxoutboughtmark` (
  `id` int(11) NOT NULL AUTO_INCREMENT,
  `order_id` int(11) NOT NULL,
  `writer_id` int(11) DEFAULT NULL,
  `write_date` date DEFAULT NULL,
  `reviewer_id` int(11) DEFAULT NULL,
  `review_date` date DEFAULT NULL,
  PRIMARY KEY (`id`),
  UNIQUE KEY `order_id` (`order_id`),
  KEY `techdata_boxoutboughtmark_62351b1d` (`writer_id`),
  KEY `techdata_boxoutboughtmark_d0f17e2b` (`reviewer_id`),
  CONSTRAINT `order_id_refs_id_d621fa24` FOREIGN KEY (`order_id`) REFERENCES `const_workorder` (`id`),
  CONSTRAINT `reviewer_id_refs_id_a252018d` FOREIGN KEY (`reviewer_id`) REFERENCES `auth_user` (`id`),
  CONSTRAINT `writer_id_refs_id_a252018d` FOREIGN KEY (`writer_id`) REFERENCES `auth_user` (`id`)
) ENGINE=InnoDB AUTO_INCREMENT=6 DEFAULT CHARSET=utf8;
/*!40101 SET character_set_client = @saved_cs_client */;

--
-- Dumping data for table `techdata_boxoutboughtmark`
--

LOCK TABLES `techdata_boxoutboughtmark` WRITE;
/*!40000 ALTER TABLE `techdata_boxoutboughtmark` DISABLE KEYS */;
/*!40000 ALTER TABLE `techdata_boxoutboughtmark` ENABLE KEYS */;
UNLOCK TABLES;

--
-- Table structure for table `techdata_circulationname`
--

DROP TABLE IF EXISTS `techdata_circulationname`;
/*!40101 SET @saved_cs_client     = @@character_set_client */;
/*!40101 SET character_set_client = utf8 */;
CREATE TABLE `techdata_circulationname` (
  `id` int(11) NOT NULL AUTO_INCREMENT,
  `name` varchar(10) NOT NULL,
  `full_name` varchar(10) DEFAULT NULL,
  PRIMARY KEY (`id`)
) ENGINE=InnoDB AUTO_INCREMENT=8 DEFAULT CHARSET=utf8;
/*!40101 SET character_set_client = @saved_cs_client */;

--
-- Dumping data for table `techdata_circulationname`
--

LOCK TABLES `techdata_circulationname` WRITE;
/*!40000 ALTER TABLE `techdata_circulationname` DISABLE KEYS */;
INSERT INTO `techdata_circulationname` VALUES (1,'0',''),(2,'2',''),(3,'4',''),(4,'3',''),(5,'5',''),(6,'6',''),(7,'7','');
/*!40000 ALTER TABLE `techdata_circulationname` ENABLE KEYS */;
UNLOCK TABLES;

--
-- Table structure for table `techdata_circulationroute`
--

DROP TABLE IF EXISTS `techdata_circulationroute`;
/*!40101 SET @saved_cs_client     = @@character_set_client */;
/*!40101 SET character_set_client = utf8 */;
CREATE TABLE `techdata_circulationroute` (
  `id` int(11) NOT NULL AUTO_INCREMENT,
  `materiel_belong_id` int(11) NOT NULL,
  `L1_id` int(11) DEFAULT NULL,
  `L2_id` int(11) DEFAULT NULL,
  `L3_id` int(11) DEFAULT NULL,
  `L4_id` int(11) DEFAULT NULL,
  `L5_id` int(11) DEFAULT NULL,
  `L6_id` int(11) DEFAULT NULL,
  `L7_id` int(11) DEFAULT NULL,
  `L8_id` int(11) DEFAULT NULL,
  `L9_id` int(11) DEFAULT NULL,
  `L10_id` int(11) DEFAULT NULL,
  PRIMARY KEY (`id`),
  UNIQUE KEY `materiel_belong_id` (`materiel_belong_id`),
  KEY `techdata_circulationroute_1e5f52ff` (`L1_id`),
  KEY `techdata_circulationroute_d09bb124` (`L2_id`),
  KEY `techdata_circulationroute_3c5e1401` (`L3_id`),
  KEY `techdata_circulationroute_b287f79a` (`L4_id`),
  KEY `techdata_circulationroute_842a616b` (`L5_id`),
  KEY `techdata_circulationroute_e381c208` (`L6_id`),
  KEY `techdata_circulationroute_106adb2d` (`L7_id`),
  KEY `techdata_circulationroute_b286347e` (`L8_id`),
  KEY `techdata_circulationroute_95504a67` (`L9_id`),
  KEY `techdata_circulationroute_a0344230` (`L10_id`),
  CONSTRAINT `L10_id_refs_id_7fc7a356` FOREIGN KEY (`L10_id`) REFERENCES `techdata_circulationname` (`id`),
  CONSTRAINT `L1_id_refs_id_7fc7a356` FOREIGN KEY (`L1_id`) REFERENCES `techdata_circulationname` (`id`),
  CONSTRAINT `L2_id_refs_id_7fc7a356` FOREIGN KEY (`L2_id`) REFERENCES `techdata_circulationname` (`id`),
  CONSTRAINT `L3_id_refs_id_7fc7a356` FOREIGN KEY (`L3_id`) REFERENCES `techdata_circulationname` (`id`),
  CONSTRAINT `L4_id_refs_id_7fc7a356` FOREIGN KEY (`L4_id`) REFERENCES `techdata_circulationname` (`id`),
  CONSTRAINT `L5_id_refs_id_7fc7a356` FOREIGN KEY (`L5_id`) REFERENCES `techdata_circulationname` (`id`),
  CONSTRAINT `L6_id_refs_id_7fc7a356` FOREIGN KEY (`L6_id`) REFERENCES `techdata_circulationname` (`id`),
  CONSTRAINT `L7_id_refs_id_7fc7a356` FOREIGN KEY (`L7_id`) REFERENCES `techdata_circulationname` (`id`),
  CONSTRAINT `L8_id_refs_id_7fc7a356` FOREIGN KEY (`L8_id`) REFERENCES `techdata_circulationname` (`id`),
  CONSTRAINT `L9_id_refs_id_7fc7a356` FOREIGN KEY (`L9_id`) REFERENCES `techdata_circulationname` (`id`),
  CONSTRAINT `materiel_belong_id_refs_id_ae2312ae` FOREIGN KEY (`materiel_belong_id`) REFERENCES `const_materiel` (`id`)
) ENGINE=InnoDB AUTO_INCREMENT=1249 DEFAULT CHARSET=utf8;
/*!40101 SET character_set_client = @saved_cs_client */;

--
-- Dumping data for table `techdata_circulationroute`
--

LOCK TABLES `techdata_circulationroute` WRITE;
/*!40000 ALTER TABLE `techdata_circulationroute` DISABLE KEYS */;
INSERT INTO `techdata_circulationroute` VALUES (4,6,NULL,NULL,NULL,NULL,NULL,NULL,NULL,NULL,NULL,NULL),(5,7,NULL,NULL,NULL,NULL,NULL,NULL,NULL,NULL,NULL,NULL),(6,8,NULL,NULL,NULL,NULL,NULL,NULL,NULL,NULL,NULL,NULL),(7,9,NULL,NULL,NULL,NULL,NULL,NULL,NULL,NULL,NULL,NULL),(8,10,NULL,NULL,NULL,NULL,NULL,NULL,NULL,NULL,NULL,NULL),(9,11,NULL,NULL,NULL,NULL,NULL,NULL,NULL,NULL,NULL,NULL),(10,12,NULL,NULL,NULL,NULL,NULL,NULL,NULL,NULL,NULL,NULL),(224,239,NULL,NULL,NULL,NULL,NULL,NULL,NULL,NULL,NULL,NULL),(225,245,NULL,NULL,NULL,NULL,NULL,NULL,NULL,NULL,NULL,NULL),(226,247,NULL,NULL,NULL,NULL,NULL,NULL,NULL,NULL,NULL,NULL),(227,250,NULL,NULL,NULL,NULL,NULL,NULL,NULL,NULL,NULL,NULL),(228,252,NULL,NULL,NULL,NULL,NULL,NULL,NULL,NULL,NULL,NULL),(1170,1658,1,4,3,NULL,NULL,NULL,NULL,NULL,NULL,NULL),(1171,1659,1,NULL,NULL,NULL,NULL,NULL,NULL,NULL,NULL,NULL),(1172,1660,1,3,NULL,NULL,NULL,NULL,NULL,NULL,NULL,NULL),(1173,1661,1,7,1,NULL,NULL,NULL,NULL,NULL,NULL,NULL),(1174,1662,1,3,NULL,NULL,NULL,NULL,NULL,NULL,NULL,NULL),(1175,1663,1,2,1,NULL,NULL,NULL,NULL,NULL,NULL,NULL),(1176,1664,6,2,1,NULL,NULL,NULL,NULL,NULL,NULL,NULL),(1177,1665,6,2,1,NULL,NULL,NULL,NULL,NULL,NULL,NULL),(1178,1666,6,2,1,NULL,NULL,NULL,NULL,NULL,NULL,NULL),(1179,1667,5,3,NULL,NULL,NULL,NULL,NULL,NULL,NULL,NULL),(1180,1668,5,3,NULL,NULL,NULL,NULL,NULL,NULL,NULL,NULL),(1181,1669,5,3,NULL,NULL,NULL,NULL,NULL,NULL,NULL,NULL),(1182,1670,1,7,1,NULL,NULL,NULL,NULL,NULL,NULL,NULL),(1183,1671,6,2,1,NULL,NULL,NULL,NULL,NULL,NULL,NULL),(1184,1672,6,2,1,NULL,NULL,NULL,NULL,NULL,NULL,NULL),(1185,1673,1,NULL,NULL,NULL,NULL,NULL,NULL,NULL,NULL,NULL),(1186,1674,6,2,1,NULL,NULL,NULL,NULL,NULL,NULL,NULL),(1187,1675,6,2,1,NULL,NULL,NULL,NULL,NULL,NULL,NULL),(1188,1676,6,2,1,NULL,NULL,NULL,NULL,NULL,NULL,NULL),(1189,1677,6,2,1,NULL,NULL,NULL,NULL,NULL,NULL,NULL),(1190,1678,5,1,NULL,NULL,NULL,NULL,NULL,NULL,NULL,NULL),(1191,1679,1,NULL,NULL,NULL,NULL,NULL,NULL,NULL,NULL,NULL),(1192,1680,1,NULL,NULL,NULL,NULL,NULL,NULL,NULL,NULL,NULL),(1193,1681,6,2,1,NULL,NULL,NULL,NULL,NULL,NULL,NULL),(1194,1682,6,2,1,NULL,NULL,NULL,NULL,NULL,NULL,NULL),(1195,1683,5,3,NULL,NULL,NULL,NULL,NULL,NULL,NULL,NULL),(1196,1684,5,3,NULL,NULL,NULL,NULL,NULL,NULL,NULL,NULL),(1197,1685,5,3,NULL,NULL,NULL,NULL,NULL,NULL,NULL,NULL),(1198,1686,1,NULL,NULL,NULL,NULL,NULL,NULL,NULL,NULL,NULL),(1199,1687,1,NULL,NULL,NULL,NULL,NULL,NULL,NULL,NULL,NULL),(1200,1688,1,NULL,NULL,NULL,NULL,NULL,NULL,NULL,NULL,NULL),(1201,1689,1,NULL,NULL,NULL,NULL,NULL,NULL,NULL,NULL,NULL),(1202,1690,1,NULL,NULL,NULL,NULL,NULL,NULL,NULL,NULL,NULL),(1203,1691,1,NULL,NULL,NULL,NULL,NULL,NULL,NULL,NULL,NULL),(1204,1692,1,3,NULL,NULL,NULL,NULL,NULL,NULL,NULL,NULL),(1205,1693,3,NULL,NULL,NULL,NULL,NULL,NULL,NULL,NULL,NULL),(1206,1694,3,NULL,NULL,NULL,NULL,NULL,NULL,NULL,NULL,NULL),(1207,1695,1,3,NULL,NULL,NULL,NULL,NULL,NULL,NULL,NULL),(1208,1696,1,NULL,NULL,NULL,NULL,NULL,NULL,NULL,NULL,NULL),(1209,1697,5,3,NULL,NULL,NULL,NULL,NULL,NULL,NULL,NULL),(1210,1698,5,3,NULL,NULL,NULL,NULL,NULL,NULL,NULL,NULL),(1211,1699,1,3,NULL,NULL,NULL,NULL,NULL,NULL,NULL,NULL),(1212,1700,6,2,3,NULL,NULL,NULL,NULL,NULL,NULL,NULL),(1213,1701,5,3,NULL,NULL,NULL,NULL,NULL,NULL,NULL,NULL),(1214,1702,6,2,1,NULL,NULL,NULL,NULL,NULL,NULL,NULL),(1215,1703,5,3,NULL,NULL,NULL,NULL,NULL,NULL,NULL,NULL),(1216,1704,5,3,NULL,NULL,NULL,NULL,NULL,NULL,NULL,NULL),(1217,1705,6,2,1,NULL,NULL,NULL,NULL,NULL,NULL,NULL),(1218,1706,1,NULL,NULL,NULL,NULL,NULL,NULL,NULL,NULL,NULL),(1219,1707,1,NULL,NULL,NULL,NULL,NULL,NULL,NULL,NULL,NULL),(1220,1708,1,2,3,NULL,NULL,NULL,NULL,NULL,NULL,NULL),(1221,1709,5,3,NULL,NULL,NULL,NULL,NULL,NULL,NULL,NULL),(1222,1710,5,3,NULL,NULL,NULL,NULL,NULL,NULL,NULL,NULL),(1223,1711,1,2,1,NULL,NULL,NULL,NULL,NULL,NULL,NULL),(1224,1712,1,NULL,NULL,NULL,NULL,NULL,NULL,NULL,NULL,NULL),(1225,1713,1,NULL,NULL,NULL,NULL,NULL,NULL,NULL,NULL,NULL),(1226,1714,1,NULL,NULL,NULL,NULL,NULL,NULL,NULL,NULL,NULL),(1227,1715,1,NULL,NULL,NULL,NULL,NULL,NULL,NULL,NULL,NULL),(1228,1716,1,NULL,NULL,NULL,NULL,NULL,NULL,NULL,NULL,NULL),(1229,1717,1,NULL,NULL,NULL,NULL,NULL,NULL,NULL,NULL,NULL),(1230,1718,1,NULL,NULL,NULL,NULL,NULL,NULL,NULL,NULL,NULL),(1231,1719,3,NULL,NULL,NULL,NULL,NULL,NULL,NULL,NULL,NULL),(1232,1720,5,3,NULL,NULL,NULL,NULL,NULL,NULL,NULL,NULL),(1233,1721,5,3,NULL,NULL,NULL,NULL,NULL,NULL,NULL,NULL),(1234,1722,5,3,NULL,NULL,NULL,NULL,NULL,NULL,NULL,NULL),(1235,1723,5,3,NULL,NULL,NULL,NULL,NULL,NULL,NULL,NULL),(1236,1724,5,3,NULL,NULL,NULL,NULL,NULL,NULL,NULL,NULL),(1237,1725,5,3,NULL,NULL,NULL,NULL,NULL,NULL,NULL,NULL),(1238,1726,5,3,NULL,NULL,NULL,NULL,NULL,NULL,NULL,NULL),(1239,1727,5,3,NULL,NULL,NULL,NULL,NULL,NULL,NULL,NULL),(1240,1728,5,3,NULL,NULL,NULL,NULL,NULL,NULL,NULL,NULL),(1241,1729,5,3,NULL,NULL,NULL,NULL,NULL,NULL,NULL,NULL),(1242,1730,5,3,NULL,NULL,NULL,NULL,NULL,NULL,NULL,NULL),(1243,1731,5,3,NULL,NULL,NULL,NULL,NULL,NULL,NULL,NULL),(1244,1732,3,NULL,NULL,NULL,NULL,NULL,NULL,NULL,NULL,NULL),(1245,1733,5,3,NULL,NULL,NULL,NULL,NULL,NULL,NULL,NULL),(1246,1734,5,3,NULL,NULL,NULL,NULL,NULL,NULL,NULL,NULL),(1247,1735,5,3,NULL,NULL,NULL,NULL,NULL,NULL,NULL,NULL),(1248,1736,6,2,1,NULL,NULL,NULL,NULL,NULL,NULL,NULL);
/*!40000 ALTER TABLE `techdata_circulationroute` ENABLE KEYS */;
UNLOCK TABLES;

--
-- Table structure for table `techdata_connectorientation`
--

DROP TABLE IF EXISTS `techdata_connectorientation`;
/*!40101 SET @saved_cs_client     = @@character_set_client */;
/*!40101 SET character_set_client = utf8 */;
CREATE TABLE `techdata_connectorientation` (
  `id` int(11) NOT NULL AUTO_INCREMENT,
  `order_id` int(11) NOT NULL,
  `name` varchar(100) NOT NULL,
  `file_obj` varchar(100) NOT NULL,
  `upload_date` datetime DEFAULT NULL,
  `file_size` varchar(50) DEFAULT NULL,
  `file_type` varchar(50) DEFAULT NULL,
  PRIMARY KEY (`id`),
  KEY `techdata_connectorientation_8337030b` (`order_id`),
  CONSTRAINT `order_id_refs_id_17327585` FOREIGN KEY (`order_id`) REFERENCES `const_workorder` (`id`)
) ENGINE=InnoDB AUTO_INCREMENT=9 DEFAULT CHARSET=utf8;
/*!40101 SET character_set_client = @saved_cs_client */;

--
-- Dumping data for table `techdata_connectorientation`
--

LOCK TABLES `techdata_connectorientation` WRITE;
/*!40000 ALTER TABLE `techdata_connectorientation` DISABLE KEYS */;
/*!40000 ALTER TABLE `techdata_connectorientation` ENABLE KEYS */;
UNLOCK TABLES;

--
-- Table structure for table `techdata_cooperantitem`
--

DROP TABLE IF EXISTS `techdata_cooperantitem`;
/*!40101 SET @saved_cs_client     = @@character_set_client */;
/*!40101 SET character_set_client = utf8 */;
CREATE TABLE `techdata_cooperantitem` (
  `id` int(11) NOT NULL AUTO_INCREMENT,
  `materiel_belong_id` int(11) NOT NULL,
  `remark` varchar(100) DEFAULT NULL,
  PRIMARY KEY (`id`),
  UNIQUE KEY `materiel_belong_id` (`materiel_belong_id`)
) ENGINE=InnoDB AUTO_INCREMENT=19 DEFAULT CHARSET=utf8;
/*!40101 SET character_set_client = @saved_cs_client */;

--
-- Dumping data for table `techdata_cooperantitem`
--

LOCK TABLES `techdata_cooperantitem` WRITE;
/*!40000 ALTER TABLE `techdata_cooperantitem` DISABLE KEYS */;
INSERT INTO `techdata_cooperantitem` VALUES (16,1708,'机加工'),(17,1711,'机加工');
/*!40000 ALTER TABLE `techdata_cooperantitem` ENABLE KEYS */;
UNLOCK TABLES;

--
-- Table structure for table `techdata_cooperantmark`
--

DROP TABLE IF EXISTS `techdata_cooperantmark`;
/*!40101 SET @saved_cs_client     = @@character_set_client */;
/*!40101 SET character_set_client = utf8 */;
CREATE TABLE `techdata_cooperantmark` (
  `id` int(11) NOT NULL AUTO_INCREMENT,
  `order_id` int(11) NOT NULL,
  `writer_id` int(11) DEFAULT NULL,
  `write_date` date DEFAULT NULL,
  `reviewer_id` int(11) DEFAULT NULL,
  `review_date` date DEFAULT NULL,
  PRIMARY KEY (`id`),
  UNIQUE KEY `order_id` (`order_id`),
  KEY `techdata_cooperantmark_62351b1d` (`writer_id`),
  KEY `techdata_cooperantmark_d0f17e2b` (`reviewer_id`),
  CONSTRAINT `reviewer_id_refs_id_6b0ac921` FOREIGN KEY (`reviewer_id`) REFERENCES `auth_user` (`id`),
  CONSTRAINT `writer_id_refs_id_6b0ac921` FOREIGN KEY (`writer_id`) REFERENCES `auth_user` (`id`)
) ENGINE=InnoDB AUTO_INCREMENT=7 DEFAULT CHARSET=utf8;
/*!40101 SET character_set_client = @saved_cs_client */;

--
-- Dumping data for table `techdata_cooperantmark`
--

LOCK TABLES `techdata_cooperantmark` WRITE;
/*!40000 ALTER TABLE `techdata_cooperantmark` DISABLE KEYS */;
INSERT INTO `techdata_cooperantmark` VALUES (6,31,1,'2016-05-21',1,'2016-05-21');
/*!40000 ALTER TABLE `techdata_cooperantmark` ENABLE KEYS */;
UNLOCK TABLES;

--
-- Table structure for table `techdata_designbommark`
--

DROP TABLE IF EXISTS `techdata_designbommark`;
/*!40101 SET @saved_cs_client     = @@character_set_client */;
/*!40101 SET character_set_client = utf8 */;
CREATE TABLE `techdata_designbommark` (
  `id` int(11) NOT NULL AUTO_INCREMENT,
  `order_id` int(11) NOT NULL,
  `writer_id` int(11) DEFAULT NULL,
  `write_date` date DEFAULT NULL,
  `reviewer_id` int(11) DEFAULT NULL,
  `review_date` date DEFAULT NULL,
  PRIMARY KEY (`id`),
  UNIQUE KEY `order_id` (`order_id`),
  KEY `techdata_designbommark_62351b1d` (`writer_id`),
  KEY `techdata_designbommark_d0f17e2b` (`reviewer_id`),
  CONSTRAINT `order_id_refs_id_f59d1af` FOREIGN KEY (`order_id`) REFERENCES `const_workorder` (`id`),
  CONSTRAINT `reviewer_id_refs_id_bf6c0d80` FOREIGN KEY (`reviewer_id`) REFERENCES `auth_user` (`id`),
  CONSTRAINT `writer_id_refs_id_bf6c0d80` FOREIGN KEY (`writer_id`) REFERENCES `auth_user` (`id`)
) ENGINE=InnoDB AUTO_INCREMENT=25 DEFAULT CHARSET=utf8;
/*!40101 SET character_set_client = @saved_cs_client */;

--
-- Dumping data for table `techdata_designbommark`
--

LOCK TABLES `techdata_designbommark` WRITE;
/*!40000 ALTER TABLE `techdata_designbommark` DISABLE KEYS */;
INSERT INTO `techdata_designbommark` VALUES (24,31,NULL,NULL,NULL,NULL);
/*!40000 ALTER TABLE `techdata_designbommark` ENABLE KEYS */;
UNLOCK TABLES;

--
-- Table structure for table `techdata_firstfeedingitem`
--

DROP TABLE IF EXISTS `techdata_firstfeedingitem`;
/*!40101 SET @saved_cs_client     = @@character_set_client */;
/*!40101 SET character_set_client = utf8 */;
CREATE TABLE `techdata_firstfeedingitem` (
  `id` int(11) NOT NULL AUTO_INCREMENT,
  `materiel_belong_id` int(11) NOT NULL,
  `remark` varchar(100) DEFAULT NULL,
  PRIMARY KEY (`id`),
  UNIQUE KEY `materiel_belong_id` (`materiel_belong_id`)
) ENGINE=InnoDB AUTO_INCREMENT=105 DEFAULT CHARSET=utf8;
/*!40101 SET character_set_client = @saved_cs_client */;

--
-- Dumping data for table `techdata_firstfeedingitem`
--

LOCK TABLES `techdata_firstfeedingitem` WRITE;
/*!40000 ALTER TABLE `techdata_firstfeedingitem` DISABLE KEYS */;
INSERT INTO `techdata_firstfeedingitem` VALUES (88,1661,'△△'),(89,1664,'△'),(90,1665,'△'),(91,1666,'△'),(92,1670,'△△'),(93,1671,'△'),(94,1672,'△'),(95,1674,'△'),(96,1675,'△'),(97,1676,'△'),(98,1677,'△'),(99,1681,'△'),(100,1682,'△'),(101,1700,'△△'),(102,1702,'△△'),(103,1705,'△△'),(104,1736,'△');
/*!40000 ALTER TABLE `techdata_firstfeedingitem` ENABLE KEYS */;
UNLOCK TABLES;

--
-- Table structure for table `techdata_firstfeedingmark`
--

DROP TABLE IF EXISTS `techdata_firstfeedingmark`;
/*!40101 SET @saved_cs_client     = @@character_set_client */;
/*!40101 SET character_set_client = utf8 */;
CREATE TABLE `techdata_firstfeedingmark` (
  `id` int(11) NOT NULL AUTO_INCREMENT,
  `order_id` int(11) NOT NULL,
  `writer_id` int(11) DEFAULT NULL,
  `write_date` date DEFAULT NULL,
  `reviewer_id` int(11) DEFAULT NULL,
  `review_date` date DEFAULT NULL,
  PRIMARY KEY (`id`),
  UNIQUE KEY `order_id` (`order_id`),
  KEY `techdata_firstfeedingmark_62351b1d` (`writer_id`),
  KEY `techdata_firstfeedingmark_d0f17e2b` (`reviewer_id`),
  CONSTRAINT `reviewer_id_refs_id_d7f1cbf` FOREIGN KEY (`reviewer_id`) REFERENCES `auth_user` (`id`),
  CONSTRAINT `writer_id_refs_id_d7f1cbf` FOREIGN KEY (`writer_id`) REFERENCES `auth_user` (`id`)
) ENGINE=InnoDB AUTO_INCREMENT=14 DEFAULT CHARSET=utf8;
/*!40101 SET character_set_client = @saved_cs_client */;

--
-- Dumping data for table `techdata_firstfeedingmark`
--

LOCK TABLES `techdata_firstfeedingmark` WRITE;
/*!40000 ALTER TABLE `techdata_firstfeedingmark` DISABLE KEYS */;
INSERT INTO `techdata_firstfeedingmark` VALUES (13,31,1,'2016-05-21',1,'2016-05-21');
/*!40000 ALTER TABLE `techdata_firstfeedingmark` ENABLE KEYS */;
UNLOCK TABLES;

--
-- Table structure for table `techdata_heattreatmentarrangement`
--

DROP TABLE IF EXISTS `techdata_heattreatmentarrangement`;
/*!40101 SET @saved_cs_client     = @@character_set_client */;
/*!40101 SET character_set_client = utf8 */;
CREATE TABLE `techdata_heattreatmentarrangement` (
  `id` int(11) NOT NULL AUTO_INCREMENT,
  `file_index` varchar(100) DEFAULT NULL,
  `card_belong_id` int(11) NOT NULL,
  `writer_id` int(11) DEFAULT NULL,
  `write_date` date DEFAULT NULL,
  `reviewer_id` int(11) DEFAULT NULL,
  `review_date` date DEFAULT NULL,
  `file_obj` varchar(100) NOT NULL,
  PRIMARY KEY (`id`),
  UNIQUE KEY `card_belong_id` (`card_belong_id`),
  KEY `techdata_heattreatmentarrangement_62351b1d` (`writer_id`),
  KEY `techdata_heattreatmentarrangement_d0f17e2b` (`reviewer_id`),
  CONSTRAINT `card_belong_id_refs_id_1ac42362` FOREIGN KEY (`card_belong_id`) REFERENCES `techdata_heattreatmenttechcard` (`id`),
  CONSTRAINT `reviewer_id_refs_id_757db708` FOREIGN KEY (`reviewer_id`) REFERENCES `auth_user` (`id`),
  CONSTRAINT `writer_id_refs_id_757db708` FOREIGN KEY (`writer_id`) REFERENCES `auth_user` (`id`)
) ENGINE=InnoDB DEFAULT CHARSET=utf8;
/*!40101 SET character_set_client = @saved_cs_client */;

--
-- Dumping data for table `techdata_heattreatmentarrangement`
--

LOCK TABLES `techdata_heattreatmentarrangement` WRITE;
/*!40000 ALTER TABLE `techdata_heattreatmentarrangement` DISABLE KEYS */;
/*!40000 ALTER TABLE `techdata_heattreatmentarrangement` ENABLE KEYS */;
UNLOCK TABLES;

--
-- Table structure for table `techdata_heattreatmentmateriel`
--

DROP TABLE IF EXISTS `techdata_heattreatmentmateriel`;
/*!40101 SET @saved_cs_client     = @@character_set_client */;
/*!40101 SET character_set_client = utf8 */;
CREATE TABLE `techdata_heattreatmentmateriel` (
  `id` int(11) NOT NULL AUTO_INCREMENT,
  `materiel_id` int(11) NOT NULL,
  `max_heattreat_thin` varchar(20) DEFAULT NULL,
  `heat_test` varchar(100) DEFAULT NULL,
  `operator_id` int(11) DEFAULT NULL,
  `test_result` varchar(100) DEFAULT NULL,
  `card_belong_id` int(11) DEFAULT NULL,
  PRIMARY KEY (`id`),
  KEY `techdata_heattreatmentmateriel_845e42b9` (`materiel_id`),
  KEY `techdata_heattreatmentmateriel_4198106c` (`operator_id`),
  KEY `techdata_heattreatmentmateriel_e6e72e3f` (`card_belong_id`),
  CONSTRAINT `card_belong_id_refs_id_404615b8` FOREIGN KEY (`card_belong_id`) REFERENCES `techdata_heattreatmenttechcard` (`id`),
  CONSTRAINT `operator_id_refs_id_91dd2022` FOREIGN KEY (`operator_id`) REFERENCES `auth_user` (`id`)
) ENGINE=InnoDB AUTO_INCREMENT=5 DEFAULT CHARSET=utf8;
/*!40101 SET character_set_client = @saved_cs_client */;

--
-- Dumping data for table `techdata_heattreatmentmateriel`
--

LOCK TABLES `techdata_heattreatmentmateriel` WRITE;
/*!40000 ALTER TABLE `techdata_heattreatmentmateriel` DISABLE KEYS */;
/*!40000 ALTER TABLE `techdata_heattreatmentmateriel` ENABLE KEYS */;
UNLOCK TABLES;

--
-- Table structure for table `techdata_heattreatmenttechcard`
--

DROP TABLE IF EXISTS `techdata_heattreatmenttechcard`;
/*!40101 SET @saved_cs_client     = @@character_set_client */;
/*!40101 SET character_set_client = utf8 */;
CREATE TABLE `techdata_heattreatmenttechcard` (
  `id` int(11) NOT NULL AUTO_INCREMENT,
  `file_index` varchar(100) DEFAULT NULL,
  `writer_id` int(11) DEFAULT NULL,
  `write_date` date DEFAULT NULL,
  `reviewer_id` int(11) DEFAULT NULL,
  `review_date` date DEFAULT NULL,
  `temperature_start` varchar(20) DEFAULT NULL,
  `temperature_end` varchar(20) DEFAULT NULL,
  `temperature_top` varchar(20) DEFAULT NULL,
  `temperature_up_speed` varchar(20) DEFAULT NULL,
  `temperature_down_speed` varchar(20) DEFAULT NULL,
  `time` varchar(20) DEFAULT NULL,
  PRIMARY KEY (`id`),
  KEY `techdata_heattreatmenttechcard_62351b1d` (`writer_id`),
  KEY `techdata_heattreatmenttechcard_d0f17e2b` (`reviewer_id`),
  CONSTRAINT `reviewer_id_refs_id_a81a2ff1` FOREIGN KEY (`reviewer_id`) REFERENCES `auth_user` (`id`),
  CONSTRAINT `writer_id_refs_id_a81a2ff1` FOREIGN KEY (`writer_id`) REFERENCES `auth_user` (`id`)
) ENGINE=InnoDB AUTO_INCREMENT=20 DEFAULT CHARSET=utf8;
/*!40101 SET character_set_client = @saved_cs_client */;

--
-- Dumping data for table `techdata_heattreatmenttechcard`
--

LOCK TABLES `techdata_heattreatmenttechcard` WRITE;
/*!40000 ALTER TABLE `techdata_heattreatmenttechcard` DISABLE KEYS */;
INSERT INTO `techdata_heattreatmenttechcard` VALUES (19,'000019',1,'2016-01-21',2,'2016-01-21','23','11','12','1','2','20');
/*!40000 ALTER TABLE `techdata_heattreatmenttechcard` ENABLE KEYS */;
UNLOCK TABLES;

--
-- Table structure for table `techdata_nondestructiveinspection`
--

DROP TABLE IF EXISTS `techdata_nondestructiveinspection`;
/*!40101 SET @saved_cs_client     = @@character_set_client */;
/*!40101 SET character_set_client = utf8 */;
CREATE TABLE `techdata_nondestructiveinspection` (
  `id` int(11) NOT NULL AUTO_INCREMENT,
  `name` varchar(20) NOT NULL,
  PRIMARY KEY (`id`)
) ENGINE=InnoDB AUTO_INCREMENT=6 DEFAULT CHARSET=utf8;
/*!40101 SET character_set_client = @saved_cs_client */;

--
-- Dumping data for table `techdata_nondestructiveinspection`
--

LOCK TABLES `techdata_nondestructiveinspection` WRITE;
/*!40000 ALTER TABLE `techdata_nondestructiveinspection` DISABLE KEYS */;
INSERT INTO `techdata_nondestructiveinspection` VALUES (1,'RT'),(2,'UT'),(3,'MT'),(4,'PT'),(5,'VT');
/*!40000 ALTER TABLE `techdata_nondestructiveinspection` ENABLE KEYS */;
UNLOCK TABLES;

--
-- Table structure for table `techdata_outpurchaseditem`
--

DROP TABLE IF EXISTS `techdata_outpurchaseditem`;
/*!40101 SET @saved_cs_client     = @@character_set_client */;
/*!40101 SET character_set_client = utf8 */;
CREATE TABLE `techdata_outpurchaseditem` (
  `id` int(11) NOT NULL AUTO_INCREMENT,
  `materiel_belong_id` int(11) NOT NULL,
  `remark` varchar(100) DEFAULT NULL,
  PRIMARY KEY (`id`),
  UNIQUE KEY `materiel_belong_id` (`materiel_belong_id`)
) ENGINE=InnoDB AUTO_INCREMENT=235 DEFAULT CHARSET=utf8;
/*!40101 SET character_set_client = @saved_cs_client */;

--
-- Dumping data for table `techdata_outpurchaseditem`
--

LOCK TABLES `techdata_outpurchaseditem` WRITE;
/*!40000 ALTER TABLE `techdata_outpurchaseditem` DISABLE KEYS */;
INSERT INTO `techdata_outpurchaseditem` VALUES (206,1667,'△'),(207,1668,'△'),(208,1669,'WG'),(209,1678,'△'),(210,1683,'△'),(211,1684,'△'),(212,1685,'WG'),(213,1697,'WG'),(214,1698,'按图WG'),(215,1701,'WG'),(216,1703,'△△'),(217,1704,'△△'),(218,1709,''),(219,1710,''),(220,1720,'△'),(221,1721,'△'),(222,1722,'WG'),(223,1723,'△'),(224,1724,'△'),(225,1725,'WG'),(226,1726,'WG'),(227,1727,'△△'),(228,1728,'△△'),(229,1729,'△'),(230,1730,'△'),(231,1731,'WG'),(232,1733,'△'),(233,1734,'△'),(234,1735,'WG');
/*!40000 ALTER TABLE `techdata_outpurchaseditem` ENABLE KEYS */;
UNLOCK TABLES;

--
-- Table structure for table `techdata_outpurchasedmark`
--

DROP TABLE IF EXISTS `techdata_outpurchasedmark`;
/*!40101 SET @saved_cs_client     = @@character_set_client */;
/*!40101 SET character_set_client = utf8 */;
CREATE TABLE `techdata_outpurchasedmark` (
  `id` int(11) NOT NULL AUTO_INCREMENT,
  `order_id` int(11) NOT NULL,
  `writer_id` int(11) DEFAULT NULL,
  `write_date` date DEFAULT NULL,
  `reviewer_id` int(11) DEFAULT NULL,
  `review_date` date DEFAULT NULL,
  PRIMARY KEY (`id`),
  UNIQUE KEY `order_id` (`order_id`),
  KEY `techdata_outpurchasedmark_62351b1d` (`writer_id`),
  KEY `techdata_outpurchasedmark_d0f17e2b` (`reviewer_id`),
  CONSTRAINT `reviewer_id_refs_id_57dd179a` FOREIGN KEY (`reviewer_id`) REFERENCES `auth_user` (`id`),
  CONSTRAINT `writer_id_refs_id_57dd179a` FOREIGN KEY (`writer_id`) REFERENCES `auth_user` (`id`)
) ENGINE=InnoDB AUTO_INCREMENT=16 DEFAULT CHARSET=utf8;
/*!40101 SET character_set_client = @saved_cs_client */;

--
-- Dumping data for table `techdata_outpurchasedmark`
--

LOCK TABLES `techdata_outpurchasedmark` WRITE;
/*!40000 ALTER TABLE `techdata_outpurchasedmark` DISABLE KEYS */;
INSERT INTO `techdata_outpurchasedmark` VALUES (15,31,1,'2016-05-21',1,'2016-05-21');
/*!40000 ALTER TABLE `techdata_outpurchasedmark` ENABLE KEYS */;
UNLOCK TABLES;

--
-- Table structure for table `techdata_principalitem`
--

DROP TABLE IF EXISTS `techdata_principalitem`;
/*!40101 SET @saved_cs_client     = @@character_set_client */;
/*!40101 SET character_set_client = utf8 */;
CREATE TABLE `techdata_principalitem` (
  `id` int(11) NOT NULL AUTO_INCREMENT,
  `order_id` int(11) NOT NULL,
  `size` varchar(100) DEFAULT NULL,
  `count` varchar(100) DEFAULT NULL,
  `weight` double DEFAULT NULL,
  `material_id` int(11) DEFAULT NULL,
  `stardard` varchar(100) DEFAULT NULL,
  `status` varchar(100) DEFAULT NULL,
  `remark` varchar(100) DEFAULT NULL,
  PRIMARY KEY (`id`),
  KEY `techdata_principalitem_8337030b` (`order_id`),
  KEY `techdata_principalitem_fab9ba43` (`material_id`)
) ENGINE=InnoDB AUTO_INCREMENT=15 DEFAULT CHARSET=utf8;
/*!40101 SET character_set_client = @saved_cs_client */;

--
-- Dumping data for table `techdata_principalitem`
--

LOCK TABLES `techdata_principalitem` WRITE;
/*!40000 ALTER TABLE `techdata_principalitem` DISABLE KEYS */;
INSERT INTO `techdata_principalitem` VALUES (12,31,'-34×1850-3700','1',1826.9,28,'GB713-2014','正火',''),(13,31,'-46×2390-8490','1',1826.9,28,'GB713-2014','正火',''),(14,31,'-10×1830-4030','1',578.9,28,'GB713-2014','热轧','');
/*!40000 ALTER TABLE `techdata_principalitem` ENABLE KEYS */;
UNLOCK TABLES;

--
-- Table structure for table `techdata_principalmark`
--

DROP TABLE IF EXISTS `techdata_principalmark`;
/*!40101 SET @saved_cs_client     = @@character_set_client */;
/*!40101 SET character_set_client = utf8 */;
CREATE TABLE `techdata_principalmark` (
  `id` int(11) NOT NULL AUTO_INCREMENT,
  `order_id` int(11) NOT NULL,
  `writer_id` int(11) DEFAULT NULL,
  `write_date` date DEFAULT NULL,
  `reviewer_id` int(11) DEFAULT NULL,
  `review_date` date DEFAULT NULL,
  PRIMARY KEY (`id`),
  UNIQUE KEY `order_id` (`order_id`),
  KEY `techdata_principalmark_62351b1d` (`writer_id`),
  KEY `techdata_principalmark_d0f17e2b` (`reviewer_id`),
  CONSTRAINT `reviewer_id_refs_id_7e789f4a` FOREIGN KEY (`reviewer_id`) REFERENCES `auth_user` (`id`),
  CONSTRAINT `writer_id_refs_id_7e789f4a` FOREIGN KEY (`writer_id`) REFERENCES `auth_user` (`id`)
) ENGINE=InnoDB AUTO_INCREMENT=6 DEFAULT CHARSET=utf8;
/*!40101 SET character_set_client = @saved_cs_client */;

--
-- Dumping data for table `techdata_principalmark`
--

LOCK TABLES `techdata_principalmark` WRITE;
/*!40000 ALTER TABLE `techdata_principalmark` DISABLE KEYS */;
INSERT INTO `techdata_principalmark` VALUES (5,31,1,'2016-05-21',1,'2016-05-21');
/*!40000 ALTER TABLE `techdata_principalmark` ENABLE KEYS */;
UNLOCK TABLES;

--
-- Table structure for table `techdata_procedurequalificationindex`
--

DROP TABLE IF EXISTS `techdata_procedurequalificationindex`;
/*!40101 SET @saved_cs_client     = @@character_set_client */;
/*!40101 SET character_set_client = utf8 */;
CREATE TABLE `techdata_procedurequalificationindex` (
  `id` int(11) NOT NULL AUTO_INCREMENT,
  `name` varchar(100) NOT NULL,
  PRIMARY KEY (`id`)
) ENGINE=InnoDB AUTO_INCREMENT=3 DEFAULT CHARSET=utf8;
/*!40101 SET character_set_client = @saved_cs_client */;

--
-- Dumping data for table `techdata_procedurequalificationindex`
--

LOCK TABLES `techdata_procedurequalificationindex` WRITE;
/*!40000 ALTER TABLE `techdata_procedurequalificationindex` DISABLE KEYS */;
INSERT INTO `techdata_procedurequalificationindex` VALUES (1,'RH24-13-09'),(2,'RH24-13-36');
/*!40000 ALTER TABLE `techdata_procedurequalificationindex` ENABLE KEYS */;
UNLOCK TABLES;

--
-- Table structure for table `techdata_processbompagemark`
--

DROP TABLE IF EXISTS `techdata_processbompagemark`;
/*!40101 SET @saved_cs_client     = @@character_set_client */;
/*!40101 SET character_set_client = utf8 */;
CREATE TABLE `techdata_processbompagemark` (
  `id` int(11) NOT NULL AUTO_INCREMENT,
  `order_id` int(11) NOT NULL,
  `writer_id` int(11) DEFAULT NULL,
  `write_date` date DEFAULT NULL,
  `quota_agent_id` int(11) DEFAULT NULL,
  `quota_date` date DEFAULT NULL,
  `proofreader_id` int(11) DEFAULT NULL,
  `proofread_date` date DEFAULT NULL,
  `statistician_id` int(11) DEFAULT NULL,
  `statistic_date` date DEFAULT NULL,
  PRIMARY KEY (`id`),
  UNIQUE KEY `order_id` (`order_id`),
  KEY `techdata_processbompagemark_62351b1d` (`writer_id`),
  KEY `techdata_processbompagemark_cf262e97` (`quota_agent_id`),
  KEY `techdata_processbompagemark_24cab29c` (`proofreader_id`),
  KEY `techdata_processbompagemark_a1a143e6` (`statistician_id`),
  CONSTRAINT `order_id_refs_id_6b8a2df4` FOREIGN KEY (`order_id`) REFERENCES `const_workorder` (`id`),
  CONSTRAINT `proofreader_id_refs_id_d470f523` FOREIGN KEY (`proofreader_id`) REFERENCES `auth_user` (`id`),
  CONSTRAINT `quota_agent_id_refs_id_d470f523` FOREIGN KEY (`quota_agent_id`) REFERENCES `auth_user` (`id`),
  CONSTRAINT `statistician_id_refs_id_d470f523` FOREIGN KEY (`statistician_id`) REFERENCES `auth_user` (`id`),
  CONSTRAINT `writer_id_refs_id_d470f523` FOREIGN KEY (`writer_id`) REFERENCES `auth_user` (`id`)
) ENGINE=InnoDB AUTO_INCREMENT=11 DEFAULT CHARSET=utf8;
/*!40101 SET character_set_client = @saved_cs_client */;

--
-- Dumping data for table `techdata_processbompagemark`
--

LOCK TABLES `techdata_processbompagemark` WRITE;
/*!40000 ALTER TABLE `techdata_processbompagemark` DISABLE KEYS */;
INSERT INTO `techdata_processbompagemark` VALUES (10,31,1,'2016-05-21',1,'2016-05-21',NULL,NULL,1,'2016-05-21');
/*!40000 ALTER TABLE `techdata_processbompagemark` ENABLE KEYS */;
UNLOCK TABLES;

--
-- Table structure for table `techdata_processing`
--

DROP TABLE IF EXISTS `techdata_processing`;
/*!40101 SET @saved_cs_client     = @@character_set_client */;
/*!40101 SET character_set_client = utf8 */;
CREATE TABLE `techdata_processing` (
  `id` int(11) NOT NULL AUTO_INCREMENT,
  `materiel_belong_id` int(11) NOT NULL,
  `GX1_id` int(11) DEFAULT NULL,
  `GX2_id` int(11) DEFAULT NULL,
  `GX3_id` int(11) DEFAULT NULL,
  `GX4_id` int(11) DEFAULT NULL,
  `GX5_id` int(11) DEFAULT NULL,
  `GX6_id` int(11) DEFAULT NULL,
  `GX7_id` int(11) DEFAULT NULL,
  `GX8_id` int(11) DEFAULT NULL,
  `GX9_id` int(11) DEFAULT NULL,
  `GX10_id` int(11) DEFAULT NULL,
  `GX11_id` int(11) DEFAULT NULL,
  `GX12_id` int(11) DEFAULT NULL,
  `GS1` varchar(20) DEFAULT NULL,
  `GS2` varchar(20) DEFAULT NULL,
  `GS3` varchar(20) DEFAULT NULL,
  `GS4` varchar(20) DEFAULT NULL,
  `GS5` varchar(20) DEFAULT NULL,
  `GS6` varchar(20) DEFAULT NULL,
  `GS7` varchar(20) DEFAULT NULL,
  `GS8` varchar(20) DEFAULT NULL,
  `GS9` varchar(20) DEFAULT NULL,
  `GS10` varchar(20) DEFAULT NULL,
  `GS11` varchar(20) DEFAULT NULL,
  `GS12` varchar(20) DEFAULT NULL,
  PRIMARY KEY (`id`),
  UNIQUE KEY `materiel_belong_id` (`materiel_belong_id`),
  KEY `techdata_processing_7139819b` (`GX1_id`),
  KEY `techdata_processing_c14edf02` (`GX2_id`),
  KEY `techdata_processing_b98c6a49` (`GX3_id`),
  KEY `techdata_processing_1c28aa24` (`GX4_id`),
  KEY `techdata_processing_796f207f` (`GX5_id`),
  KEY `techdata_processing_47ec2c6e` (`GX6_id`),
  KEY `techdata_processing_83798c1d` (`GX7_id`),
  KEY `techdata_processing_81cfeec0` (`GX8_id`),
  KEY `techdata_processing_59f145cd` (`GX9_id`),
  KEY `techdata_processing_96471f62` (`GX10_id`),
  KEY `techdata_processing_e6d254c7` (`GX11_id`),
  KEY `techdata_processing_dc207e00` (`GX12_id`),
  CONSTRAINT `GX12_id_refs_id_534b798a` FOREIGN KEY (`GX12_id`) REFERENCES `techdata_processingname` (`id`),
  CONSTRAINT `GX10_id_refs_id_534b798a` FOREIGN KEY (`GX10_id`) REFERENCES `techdata_processingname` (`id`),
  CONSTRAINT `GX11_id_refs_id_534b798a` FOREIGN KEY (`GX11_id`) REFERENCES `techdata_processingname` (`id`),
  CONSTRAINT `GX1_id_refs_id_534b798a` FOREIGN KEY (`GX1_id`) REFERENCES `techdata_processingname` (`id`),
  CONSTRAINT `GX2_id_refs_id_534b798a` FOREIGN KEY (`GX2_id`) REFERENCES `techdata_processingname` (`id`),
  CONSTRAINT `GX3_id_refs_id_534b798a` FOREIGN KEY (`GX3_id`) REFERENCES `techdata_processingname` (`id`),
  CONSTRAINT `GX4_id_refs_id_534b798a` FOREIGN KEY (`GX4_id`) REFERENCES `techdata_processingname` (`id`),
  CONSTRAINT `GX5_id_refs_id_534b798a` FOREIGN KEY (`GX5_id`) REFERENCES `techdata_processingname` (`id`),
  CONSTRAINT `GX6_id_refs_id_534b798a` FOREIGN KEY (`GX6_id`) REFERENCES `techdata_processingname` (`id`),
  CONSTRAINT `GX7_id_refs_id_534b798a` FOREIGN KEY (`GX7_id`) REFERENCES `techdata_processingname` (`id`),
  CONSTRAINT `GX8_id_refs_id_534b798a` FOREIGN KEY (`GX8_id`) REFERENCES `techdata_processingname` (`id`),
  CONSTRAINT `GX9_id_refs_id_534b798a` FOREIGN KEY (`GX9_id`) REFERENCES `techdata_processingname` (`id`)
) ENGINE=InnoDB AUTO_INCREMENT=995 DEFAULT CHARSET=utf8;
/*!40101 SET character_set_client = @saved_cs_client */;

--
-- Dumping data for table `techdata_processing`
--

LOCK TABLES `techdata_processing` WRITE;
/*!40000 ALTER TABLE `techdata_processing` DISABLE KEYS */;
INSERT INTO `techdata_processing` VALUES (95,6,NULL,NULL,NULL,NULL,NULL,NULL,NULL,NULL,NULL,NULL,NULL,NULL,NULL,NULL,NULL,NULL,NULL,NULL,NULL,NULL,NULL,NULL,NULL,NULL),(96,7,NULL,NULL,NULL,NULL,NULL,NULL,NULL,NULL,NULL,NULL,NULL,NULL,NULL,NULL,NULL,NULL,NULL,NULL,NULL,NULL,NULL,NULL,NULL,NULL),(97,8,NULL,NULL,NULL,NULL,NULL,NULL,NULL,NULL,NULL,NULL,NULL,NULL,NULL,NULL,NULL,NULL,NULL,NULL,NULL,NULL,NULL,NULL,NULL,NULL),(98,9,NULL,NULL,NULL,NULL,NULL,NULL,NULL,NULL,NULL,NULL,NULL,NULL,NULL,NULL,NULL,NULL,NULL,NULL,NULL,NULL,NULL,NULL,NULL,NULL),(99,10,NULL,NULL,NULL,NULL,NULL,NULL,NULL,NULL,NULL,NULL,NULL,NULL,NULL,NULL,NULL,NULL,NULL,NULL,NULL,NULL,NULL,NULL,NULL,NULL),(100,11,NULL,NULL,NULL,NULL,NULL,NULL,NULL,NULL,NULL,NULL,NULL,NULL,NULL,NULL,NULL,NULL,NULL,NULL,NULL,NULL,NULL,NULL,NULL,NULL),(101,12,NULL,NULL,NULL,NULL,NULL,NULL,NULL,NULL,NULL,NULL,NULL,NULL,NULL,NULL,NULL,NULL,NULL,NULL,NULL,NULL,NULL,NULL,NULL,NULL),(916,1658,26,27,23,28,NULL,NULL,NULL,NULL,NULL,NULL,NULL,NULL,NULL,NULL,NULL,NULL,NULL,NULL,NULL,NULL,NULL,NULL,NULL,NULL),(917,1659,32,28,39,NULL,NULL,NULL,NULL,NULL,NULL,NULL,NULL,NULL,NULL,NULL,NULL,NULL,NULL,NULL,NULL,NULL,NULL,NULL,NULL,NULL),(918,1660,NULL,NULL,NULL,NULL,NULL,NULL,NULL,NULL,NULL,NULL,NULL,NULL,NULL,NULL,NULL,NULL,NULL,NULL,NULL,NULL,NULL,NULL,NULL,NULL),(919,1661,32,28,NULL,NULL,NULL,NULL,NULL,NULL,NULL,NULL,NULL,NULL,NULL,NULL,NULL,NULL,NULL,NULL,NULL,NULL,NULL,NULL,NULL,NULL),(920,1662,NULL,NULL,NULL,NULL,NULL,NULL,NULL,NULL,NULL,NULL,NULL,NULL,NULL,NULL,NULL,NULL,NULL,NULL,NULL,NULL,NULL,NULL,NULL,NULL),(921,1663,32,28,13,34,28,36,27,30,28,NULL,NULL,NULL,NULL,NULL,NULL,NULL,NULL,NULL,NULL,NULL,NULL,NULL,NULL,NULL),(922,1664,NULL,NULL,NULL,NULL,NULL,NULL,NULL,NULL,NULL,NULL,NULL,NULL,NULL,NULL,NULL,NULL,NULL,NULL,NULL,NULL,NULL,NULL,NULL,NULL),(923,1665,NULL,NULL,NULL,NULL,NULL,NULL,NULL,NULL,NULL,NULL,NULL,NULL,NULL,NULL,NULL,NULL,NULL,NULL,NULL,NULL,NULL,NULL,NULL,NULL),(924,1666,NULL,NULL,NULL,NULL,NULL,NULL,NULL,NULL,NULL,NULL,NULL,NULL,NULL,NULL,NULL,NULL,NULL,NULL,NULL,NULL,NULL,NULL,NULL,NULL),(925,1667,NULL,NULL,NULL,NULL,NULL,NULL,NULL,NULL,NULL,NULL,NULL,NULL,NULL,NULL,NULL,NULL,NULL,NULL,NULL,NULL,NULL,NULL,NULL,NULL),(926,1668,NULL,NULL,NULL,NULL,NULL,NULL,NULL,NULL,NULL,NULL,NULL,NULL,NULL,NULL,NULL,NULL,NULL,NULL,NULL,NULL,NULL,NULL,NULL,NULL),(927,1669,NULL,NULL,NULL,NULL,NULL,NULL,NULL,NULL,NULL,NULL,NULL,NULL,NULL,NULL,NULL,NULL,NULL,NULL,NULL,NULL,NULL,NULL,NULL,NULL),(928,1670,32,28,NULL,NULL,NULL,NULL,NULL,NULL,NULL,NULL,NULL,NULL,NULL,NULL,NULL,NULL,NULL,NULL,NULL,NULL,NULL,NULL,NULL,NULL),(929,1671,NULL,NULL,NULL,NULL,NULL,NULL,NULL,NULL,NULL,NULL,NULL,NULL,NULL,NULL,NULL,NULL,NULL,NULL,NULL,NULL,NULL,NULL,NULL,NULL),(930,1672,NULL,NULL,NULL,NULL,NULL,NULL,NULL,NULL,NULL,NULL,NULL,NULL,NULL,NULL,NULL,NULL,NULL,NULL,NULL,NULL,NULL,NULL,NULL,NULL),(931,1673,NULL,NULL,NULL,NULL,NULL,NULL,NULL,NULL,NULL,NULL,NULL,NULL,NULL,NULL,NULL,NULL,NULL,NULL,NULL,NULL,NULL,NULL,NULL,NULL),(932,1674,NULL,NULL,NULL,NULL,NULL,NULL,NULL,NULL,NULL,NULL,NULL,NULL,NULL,NULL,NULL,NULL,NULL,NULL,NULL,NULL,NULL,NULL,NULL,NULL),(933,1675,NULL,NULL,NULL,NULL,NULL,NULL,NULL,NULL,NULL,NULL,NULL,NULL,NULL,NULL,NULL,NULL,NULL,NULL,NULL,NULL,NULL,NULL,NULL,NULL),(934,1676,NULL,NULL,NULL,NULL,NULL,NULL,NULL,NULL,NULL,NULL,NULL,NULL,NULL,NULL,NULL,NULL,NULL,NULL,NULL,NULL,NULL,NULL,NULL,NULL),(935,1677,NULL,NULL,NULL,NULL,NULL,NULL,NULL,NULL,NULL,NULL,NULL,NULL,NULL,NULL,NULL,NULL,NULL,NULL,NULL,NULL,NULL,NULL,NULL,NULL),(936,1678,NULL,NULL,NULL,NULL,NULL,NULL,NULL,NULL,NULL,NULL,NULL,NULL,NULL,NULL,NULL,NULL,NULL,NULL,NULL,NULL,NULL,NULL,NULL,NULL),(937,1679,38,28,40,28,NULL,NULL,NULL,NULL,NULL,NULL,NULL,NULL,NULL,NULL,NULL,NULL,NULL,NULL,NULL,NULL,NULL,NULL,NULL,NULL),(938,1680,35,37,28,NULL,NULL,NULL,NULL,NULL,NULL,NULL,NULL,NULL,NULL,NULL,NULL,NULL,NULL,NULL,NULL,NULL,NULL,NULL,NULL,NULL),(939,1681,NULL,NULL,NULL,NULL,NULL,NULL,NULL,NULL,NULL,NULL,NULL,NULL,NULL,NULL,NULL,NULL,NULL,NULL,NULL,NULL,NULL,NULL,NULL,NULL),(940,1682,NULL,NULL,NULL,NULL,NULL,NULL,NULL,NULL,NULL,NULL,NULL,NULL,NULL,NULL,NULL,NULL,NULL,NULL,NULL,NULL,NULL,NULL,NULL,NULL),(941,1683,NULL,NULL,NULL,NULL,NULL,NULL,NULL,NULL,NULL,NULL,NULL,NULL,NULL,NULL,NULL,NULL,NULL,NULL,NULL,NULL,NULL,NULL,NULL,NULL),(942,1684,NULL,NULL,NULL,NULL,NULL,NULL,NULL,NULL,NULL,NULL,NULL,NULL,NULL,NULL,NULL,NULL,NULL,NULL,NULL,NULL,NULL,NULL,NULL,NULL),(943,1685,NULL,NULL,NULL,NULL,NULL,NULL,NULL,NULL,NULL,NULL,NULL,NULL,NULL,NULL,NULL,NULL,NULL,NULL,NULL,NULL,NULL,NULL,NULL,NULL),(944,1686,38,28,NULL,NULL,NULL,NULL,NULL,NULL,NULL,NULL,NULL,NULL,NULL,NULL,NULL,NULL,NULL,NULL,NULL,NULL,NULL,NULL,NULL,NULL),(945,1687,32,28,13,34,28,36,27,30,28,NULL,NULL,NULL,NULL,NULL,NULL,NULL,NULL,NULL,NULL,NULL,NULL,NULL,NULL,NULL),(946,1688,38,28,NULL,NULL,NULL,NULL,NULL,NULL,NULL,NULL,NULL,NULL,NULL,NULL,NULL,NULL,NULL,NULL,NULL,NULL,NULL,NULL,NULL,NULL),(947,1689,32,28,13,34,28,36,27,30,28,NULL,NULL,NULL,NULL,NULL,NULL,NULL,NULL,NULL,NULL,NULL,NULL,NULL,NULL,NULL),(948,1690,32,28,NULL,NULL,NULL,NULL,NULL,NULL,NULL,NULL,NULL,NULL,NULL,NULL,NULL,NULL,NULL,NULL,NULL,NULL,NULL,NULL,NULL,NULL),(949,1691,32,28,35,39,NULL,NULL,NULL,NULL,NULL,NULL,NULL,NULL,NULL,NULL,NULL,NULL,NULL,NULL,NULL,NULL,NULL,NULL,NULL,NULL),(950,1692,32,28,39,NULL,NULL,NULL,NULL,NULL,NULL,NULL,NULL,NULL,NULL,NULL,NULL,NULL,NULL,NULL,NULL,NULL,NULL,NULL,NULL,NULL),(951,1693,NULL,NULL,NULL,NULL,NULL,NULL,NULL,NULL,NULL,NULL,NULL,NULL,NULL,NULL,NULL,NULL,NULL,NULL,NULL,NULL,NULL,NULL,NULL,NULL),(952,1694,NULL,NULL,NULL,NULL,NULL,NULL,NULL,NULL,NULL,NULL,NULL,NULL,NULL,NULL,NULL,NULL,NULL,NULL,NULL,NULL,NULL,NULL,NULL,NULL),(953,1695,NULL,NULL,NULL,NULL,NULL,NULL,NULL,NULL,NULL,NULL,NULL,NULL,NULL,NULL,NULL,NULL,NULL,NULL,NULL,NULL,NULL,NULL,NULL,NULL),(954,1696,35,37,28,35,13,NULL,NULL,NULL,NULL,NULL,NULL,NULL,NULL,NULL,NULL,NULL,NULL,NULL,NULL,NULL,NULL,NULL,NULL,NULL),(955,1697,NULL,NULL,NULL,NULL,NULL,NULL,NULL,NULL,NULL,NULL,NULL,NULL,NULL,NULL,NULL,NULL,NULL,NULL,NULL,NULL,NULL,NULL,NULL,NULL),(956,1698,NULL,NULL,NULL,NULL,NULL,NULL,NULL,NULL,NULL,NULL,NULL,NULL,NULL,NULL,NULL,NULL,NULL,NULL,NULL,NULL,NULL,NULL,NULL,NULL),(957,1699,NULL,NULL,NULL,NULL,NULL,NULL,NULL,NULL,NULL,NULL,NULL,NULL,NULL,NULL,NULL,NULL,NULL,NULL,NULL,NULL,NULL,NULL,NULL,NULL),(958,1700,NULL,NULL,NULL,NULL,NULL,NULL,NULL,NULL,NULL,NULL,NULL,NULL,NULL,NULL,NULL,NULL,NULL,NULL,NULL,NULL,NULL,NULL,NULL,NULL),(959,1701,NULL,NULL,NULL,NULL,NULL,NULL,NULL,NULL,NULL,NULL,NULL,NULL,NULL,NULL,NULL,NULL,NULL,NULL,NULL,NULL,NULL,NULL,NULL,NULL),(960,1702,NULL,NULL,NULL,NULL,NULL,NULL,NULL,NULL,NULL,NULL,NULL,NULL,NULL,NULL,NULL,NULL,NULL,NULL,NULL,NULL,NULL,NULL,NULL,NULL),(961,1703,NULL,NULL,NULL,NULL,NULL,NULL,NULL,NULL,NULL,NULL,NULL,NULL,NULL,NULL,NULL,NULL,NULL,NULL,NULL,NULL,NULL,NULL,NULL,NULL),(962,1704,NULL,NULL,NULL,NULL,NULL,NULL,NULL,NULL,NULL,NULL,NULL,NULL,NULL,NULL,NULL,NULL,NULL,NULL,NULL,NULL,NULL,NULL,NULL,NULL),(963,1705,NULL,NULL,NULL,NULL,NULL,NULL,NULL,NULL,NULL,NULL,NULL,NULL,NULL,NULL,NULL,NULL,NULL,NULL,NULL,NULL,NULL,NULL,NULL,NULL),(964,1706,35,13,38,28,NULL,NULL,NULL,NULL,NULL,NULL,NULL,NULL,NULL,NULL,NULL,NULL,NULL,NULL,NULL,NULL,NULL,NULL,NULL,NULL),(965,1707,35,13,38,28,NULL,NULL,NULL,NULL,NULL,NULL,NULL,NULL,NULL,NULL,NULL,NULL,NULL,NULL,NULL,NULL,NULL,NULL,NULL,NULL),(966,1708,35,13,38,28,NULL,NULL,NULL,NULL,NULL,NULL,NULL,NULL,NULL,NULL,NULL,NULL,NULL,NULL,NULL,NULL,NULL,NULL,NULL,NULL),(967,1709,NULL,NULL,NULL,NULL,NULL,NULL,NULL,NULL,NULL,NULL,NULL,NULL,NULL,NULL,NULL,NULL,NULL,NULL,NULL,NULL,NULL,NULL,NULL,NULL),(968,1710,NULL,NULL,NULL,NULL,NULL,NULL,NULL,NULL,NULL,NULL,NULL,NULL,NULL,NULL,NULL,NULL,NULL,NULL,NULL,NULL,NULL,NULL,NULL,NULL),(969,1711,35,13,37,28,NULL,NULL,NULL,NULL,NULL,NULL,NULL,NULL,NULL,NULL,NULL,NULL,NULL,NULL,NULL,NULL,NULL,NULL,NULL,NULL),(970,1712,32,28,NULL,NULL,NULL,NULL,NULL,NULL,NULL,NULL,NULL,NULL,NULL,NULL,NULL,NULL,NULL,NULL,NULL,NULL,NULL,NULL,NULL,NULL),(971,1713,38,28,NULL,NULL,NULL,NULL,NULL,NULL,NULL,NULL,NULL,NULL,NULL,NULL,NULL,NULL,NULL,NULL,NULL,NULL,NULL,NULL,NULL,NULL),(972,1714,32,28,41,28,NULL,NULL,NULL,NULL,NULL,NULL,NULL,NULL,NULL,NULL,NULL,NULL,NULL,NULL,NULL,NULL,NULL,NULL,NULL,NULL),(973,1715,NULL,NULL,NULL,NULL,NULL,NULL,NULL,NULL,NULL,NULL,NULL,NULL,NULL,NULL,NULL,NULL,NULL,NULL,NULL,NULL,NULL,NULL,NULL,NULL),(974,1716,32,28,NULL,NULL,NULL,NULL,NULL,NULL,NULL,NULL,NULL,NULL,NULL,NULL,NULL,NULL,NULL,NULL,NULL,NULL,NULL,NULL,NULL,NULL),(975,1717,38,28,41,28,NULL,NULL,NULL,NULL,NULL,NULL,NULL,NULL,NULL,NULL,NULL,NULL,NULL,NULL,NULL,NULL,NULL,NULL,NULL,NULL),(976,1718,32,28,41,28,35,13,35,41,39,NULL,NULL,NULL,NULL,NULL,NULL,NULL,NULL,NULL,NULL,NULL,NULL,NULL,NULL,NULL),(977,1719,NULL,NULL,NULL,NULL,NULL,NULL,NULL,NULL,NULL,NULL,NULL,NULL,NULL,NULL,NULL,NULL,NULL,NULL,NULL,NULL,NULL,NULL,NULL,NULL),(978,1720,NULL,NULL,NULL,NULL,NULL,NULL,NULL,NULL,NULL,NULL,NULL,NULL,NULL,NULL,NULL,NULL,NULL,NULL,NULL,NULL,NULL,NULL,NULL,NULL),(979,1721,NULL,NULL,NULL,NULL,NULL,NULL,NULL,NULL,NULL,NULL,NULL,NULL,NULL,NULL,NULL,NULL,NULL,NULL,NULL,NULL,NULL,NULL,NULL,NULL),(980,1722,NULL,NULL,NULL,NULL,NULL,NULL,NULL,NULL,NULL,NULL,NULL,NULL,NULL,NULL,NULL,NULL,NULL,NULL,NULL,NULL,NULL,NULL,NULL,NULL),(981,1723,NULL,NULL,NULL,NULL,NULL,NULL,NULL,NULL,NULL,NULL,NULL,NULL,NULL,NULL,NULL,NULL,NULL,NULL,NULL,NULL,NULL,NULL,NULL,NULL),(982,1724,NULL,NULL,NULL,NULL,NULL,NULL,NULL,NULL,NULL,NULL,NULL,NULL,NULL,NULL,NULL,NULL,NULL,NULL,NULL,NULL,NULL,NULL,NULL,NULL),(983,1725,NULL,NULL,NULL,NULL,NULL,NULL,NULL,NULL,NULL,NULL,NULL,NULL,NULL,NULL,NULL,NULL,NULL,NULL,NULL,NULL,NULL,NULL,NULL,NULL),(984,1726,NULL,NULL,NULL,NULL,NULL,NULL,NULL,NULL,NULL,NULL,NULL,NULL,NULL,NULL,NULL,NULL,NULL,NULL,NULL,NULL,NULL,NULL,NULL,NULL),(985,1727,NULL,NULL,NULL,NULL,NULL,NULL,NULL,NULL,NULL,NULL,NULL,NULL,NULL,NULL,NULL,NULL,NULL,NULL,NULL,NULL,NULL,NULL,NULL,NULL),(986,1728,NULL,NULL,NULL,NULL,NULL,NULL,NULL,NULL,NULL,NULL,NULL,NULL,NULL,NULL,NULL,NULL,NULL,NULL,NULL,NULL,NULL,NULL,NULL,NULL),(987,1729,NULL,NULL,NULL,NULL,NULL,NULL,NULL,NULL,NULL,NULL,NULL,NULL,NULL,NULL,NULL,NULL,NULL,NULL,NULL,NULL,NULL,NULL,NULL,NULL),(988,1730,NULL,NULL,NULL,NULL,NULL,NULL,NULL,NULL,NULL,NULL,NULL,NULL,NULL,NULL,NULL,NULL,NULL,NULL,NULL,NULL,NULL,NULL,NULL,NULL),(989,1731,NULL,NULL,NULL,NULL,NULL,NULL,NULL,NULL,NULL,NULL,NULL,NULL,NULL,NULL,NULL,NULL,NULL,NULL,NULL,NULL,NULL,NULL,NULL,NULL),(990,1732,NULL,NULL,NULL,NULL,NULL,NULL,NULL,NULL,NULL,NULL,NULL,NULL,NULL,NULL,NULL,NULL,NULL,NULL,NULL,NULL,NULL,NULL,NULL,NULL),(991,1733,NULL,NULL,NULL,NULL,NULL,NULL,NULL,NULL,NULL,NULL,NULL,NULL,NULL,NULL,NULL,NULL,NULL,NULL,NULL,NULL,NULL,NULL,NULL,NULL),(992,1734,NULL,NULL,NULL,NULL,NULL,NULL,NULL,NULL,NULL,NULL,NULL,NULL,NULL,NULL,NULL,NULL,NULL,NULL,NULL,NULL,NULL,NULL,NULL,NULL),(993,1735,NULL,NULL,NULL,NULL,NULL,NULL,NULL,NULL,NULL,NULL,NULL,NULL,NULL,NULL,NULL,NULL,NULL,NULL,NULL,NULL,NULL,NULL,NULL,NULL),(994,1736,NULL,NULL,NULL,NULL,NULL,NULL,NULL,NULL,NULL,NULL,NULL,NULL,NULL,NULL,NULL,NULL,NULL,NULL,NULL,NULL,NULL,NULL,NULL,NULL);
/*!40000 ALTER TABLE `techdata_processing` ENABLE KEYS */;
UNLOCK TABLES;

--
-- Table structure for table `techdata_processingname`
--

DROP TABLE IF EXISTS `techdata_processingname`;
/*!40101 SET @saved_cs_client     = @@character_set_client */;
/*!40101 SET character_set_client = utf8 */;
CREATE TABLE `techdata_processingname` (
  `id` int(11) NOT NULL AUTO_INCREMENT,
  `name` varchar(10) NOT NULL,
  PRIMARY KEY (`id`)
) ENGINE=InnoDB AUTO_INCREMENT=43 DEFAULT CHARSET=utf8;
/*!40101 SET character_set_client = @saved_cs_client */;

--
-- Dumping data for table `techdata_processingname`
--

LOCK TABLES `techdata_processingname` WRITE;
/*!40000 ALTER TABLE `techdata_processingname` DISABLE KEYS */;
INSERT INTO `techdata_processingname` VALUES (13,'W'),(14,'W1'),(15,'W2'),(16,'W3'),(17,'W4'),(18,'W5'),(19,'W6'),(20,'W25'),(21,'P01'),(22,'P02'),(23,'R'),(24,'R1'),(25,'R2'),(26,'Z'),(27,'H'),(28,'M'),(30,'L'),(31,'Y'),(32,'G'),(33,'G1'),(34,'G2'),(35,'X'),(36,'J'),(37,'D'),(38,'D2'),(39,'K'),(40,'G5'),(41,'G3'),(42,'G4');
/*!40000 ALTER TABLE `techdata_processingname` ENABLE KEYS */;
UNLOCK TABLES;

--
-- Table structure for table `techdata_processreview`
--

DROP TABLE IF EXISTS `techdata_processreview`;
/*!40101 SET @saved_cs_client     = @@character_set_client */;
/*!40101 SET character_set_client = utf8 */;
CREATE TABLE `techdata_processreview` (
  `id` int(11) NOT NULL AUTO_INCREMENT,
  `materiel_id` int(11) NOT NULL,
  `problem_statement` varchar(200) DEFAULT NULL,
  `advice_statement` varchar(200) DEFAULT NULL,
  PRIMARY KEY (`id`),
  KEY `techdata_processreview_845e42b9` (`materiel_id`),
  CONSTRAINT `materiel_id_refs_id_1c79316c` FOREIGN KEY (`materiel_id`) REFERENCES `const_materiel` (`id`)
) ENGINE=InnoDB AUTO_INCREMENT=9 DEFAULT CHARSET=utf8;
/*!40101 SET character_set_client = @saved_cs_client */;

--
-- Dumping data for table `techdata_processreview`
--

LOCK TABLES `techdata_processreview` WRITE;
/*!40000 ALTER TABLE `techdata_processreview` DISABLE KEYS */;
/*!40000 ALTER TABLE `techdata_processreview` ENABLE KEYS */;
UNLOCK TABLES;

--
-- Table structure for table `techdata_program`
--

DROP TABLE IF EXISTS `techdata_program`;
/*!40101 SET @saved_cs_client     = @@character_set_client */;
/*!40101 SET character_set_client = utf8 */;
CREATE TABLE `techdata_program` (
  `id` int(11) NOT NULL AUTO_INCREMENT,
  `name` varchar(100) NOT NULL,
  `file_obj` varchar(100) NOT NULL,
  `upload_date` datetime DEFAULT NULL,
  `file_size` varchar(50) DEFAULT NULL,
  `file_type` varchar(50) DEFAULT NULL,
  `execute_detail_id` int(11) NOT NULL,
  PRIMARY KEY (`id`),
  KEY `techdata_program_96ba4a67` (`execute_detail_id`),
  CONSTRAINT `execute_detail_id_refs_id_b0ab3980` FOREIGN KEY (`execute_detail_id`) REFERENCES `purchasing_materielexecutedetail` (`id`)
) ENGINE=InnoDB AUTO_INCREMENT=16 DEFAULT CHARSET=utf8;
/*!40101 SET character_set_client = @saved_cs_client */;

--
-- Dumping data for table `techdata_program`
--

LOCK TABLES `techdata_program` WRITE;
/*!40000 ALTER TABLE `techdata_program` DISABLE KEYS */;
/*!40000 ALTER TABLE `techdata_program` ENABLE KEYS */;
UNLOCK TABLES;

--
-- Table structure for table `techdata_techplan`
--

DROP TABLE IF EXISTS `techdata_techplan`;
/*!40101 SET @saved_cs_client     = @@character_set_client */;
/*!40101 SET character_set_client = utf8 */;
CREATE TABLE `techdata_techplan` (
  `id` int(11) NOT NULL AUTO_INCREMENT,
  `order_id` int(11) DEFAULT NULL,
  `detail` varchar(100) DEFAULT NULL,
  `sentDepartment_id` int(11) NOT NULL,
  `planCompleteDate` date NOT NULL,
  `month` int(11) NOT NULL,
  `year` int(11) NOT NULL,
  PRIMARY KEY (`id`),
  KEY `techdata_techplan_8337030b` (`order_id`),
  KEY `techdata_techplan_963395e` (`sentDepartment_id`),
  CONSTRAINT `order_id_refs_id_1da8e26a` FOREIGN KEY (`order_id`) REFERENCES `const_workorder` (`id`),
  CONSTRAINT `sentDepartment_id_refs_id_40bda9a1` FOREIGN KEY (`sentDepartment_id`) REFERENCES `users_group` (`id`)
) ENGINE=InnoDB AUTO_INCREMENT=15 DEFAULT CHARSET=utf8;
/*!40101 SET character_set_client = @saved_cs_client */;

--
-- Dumping data for table `techdata_techplan`
--

LOCK TABLES `techdata_techplan` WRITE;
/*!40000 ALTER TABLE `techdata_techplan` DISABLE KEYS */;
/*!40000 ALTER TABLE `techdata_techplan` ENABLE KEYS */;
UNLOCK TABLES;

--
-- Table structure for table `techdata_temp`
--

DROP TABLE IF EXISTS `techdata_temp`;
/*!40101 SET @saved_cs_client     = @@character_set_client */;
/*!40101 SET character_set_client = utf8 */;
CREATE TABLE `techdata_temp` (
  `id` int(11) NOT NULL DEFAULT '0',
  `materiel_belong_id` int(11) NOT NULL,
  `weld_index` varchar(100) DEFAULT NULL,
  `weldseam_type_id` int(11) NOT NULL,
  `weld_position_id` int(11) NOT NULL,
  `weld_method_1_id` int(11) DEFAULT NULL,
  `weld_method_2_id` int(11) DEFAULT NULL,
  `base_metal_1` varchar(100) DEFAULT NULL,
  `base_metal_2` varchar(100) DEFAULT NULL,
  `base_metal_thin_1` varchar(100) DEFAULT NULL,
  `base_metal_thin_2` varchar(100) DEFAULT NULL,
  `length` varchar(100) NOT NULL,
  `weld_material_1_id` int(11) DEFAULT NULL,
  `weld_flux_1_id` int(11) DEFAULT NULL,
  `thin_1` varchar(100) DEFAULT NULL,
  `size_1` varchar(100) DEFAULT NULL,
  `weight_1` double NOT NULL,
  `flux_weight_1` double NOT NULL,
  `weld_material_2_id` int(11) DEFAULT NULL,
  `weld_flux_2_id` int(11) DEFAULT NULL,
  `thin_2` varchar(100) DEFAULT NULL,
  `size_2` varchar(100) DEFAULT NULL,
  `weight_2` double NOT NULL,
  `flux_weight_2` double NOT NULL,
  `remark` varchar(100) DEFAULT NULL,
  `weld_joint_detail_id` int(11) DEFAULT NULL
) ENGINE=InnoDB DEFAULT CHARSET=utf8;
/*!40101 SET character_set_client = @saved_cs_client */;

--
-- Dumping data for table `techdata_temp`
--

LOCK TABLES `techdata_temp` WRITE;
/*!40000 ALTER TABLE `techdata_temp` DISABLE KEYS */;
INSERT INTO `techdata_temp` VALUES (10,1,'A1',1,1,NULL,NULL,'','','','','11',NULL,NULL,'','',0,0,NULL,NULL,'','',0,0,'',NULL),(17,807,'A2',1,1,9,10,'Q345R','Q345R','46','46','9.2',27,NULL,'','4.0',0,0,26,NULL,'','4.0',0,0,'',NULL),(18,807,'A3',1,1,9,10,'Q345R','Q345R','46','46','9.2',27,NULL,'','4.0',0,0,26,NULL,'','4.0',0,0,'',NULL),(19,807,'B1',1,1,9,10,'Q345R','Q345R','46','46','9.2',27,NULL,'','4.0',0,0,26,NULL,'','4.0',0,0,'',NULL),(20,806,'E1',16,1,11,NULL,'Q345R','Q345R','','','2.6',26,NULL,'','1.2',0,0,NULL,NULL,'','',0,0,'',NULL);
/*!40000 ALTER TABLE `techdata_temp` ENABLE KEYS */;
UNLOCK TABLES;

--
-- Table structure for table `techdata_transfercard`
--

DROP TABLE IF EXISTS `techdata_transfercard`;
/*!40101 SET @saved_cs_client     = @@character_set_client */;
/*!40101 SET character_set_client = utf8 */;
CREATE TABLE `techdata_transfercard` (
  `id` int(11) NOT NULL AUTO_INCREMENT,
  `file_index` varchar(100) DEFAULT NULL,
  `materiel_belong_id` int(11) NOT NULL,
  `card_type` varchar(100) NOT NULL,
  `container_type` varchar(100) DEFAULT NULL,
  `parent_name` varchar(100) DEFAULT NULL,
  `weld_test_plate_index` varchar(100) DEFAULT NULL,
  `material_index` varchar(100) DEFAULT NULL,
  `file_obj` varchar(100) DEFAULT NULL,
  `parent_test_plate_index` varchar(100) DEFAULT NULL,
  `tech_requirement` varchar(1000) DEFAULT NULL,
  PRIMARY KEY (`id`),
  KEY `techdata_transfercard_a1064124` (`materiel_belong_id`),
  CONSTRAINT `materiel_belong_id_refs_id_8625b2df` FOREIGN KEY (`materiel_belong_id`) REFERENCES `const_materiel` (`id`)
) ENGINE=InnoDB AUTO_INCREMENT=18 DEFAULT CHARSET=utf8;
/*!40101 SET character_set_client = @saved_cs_client */;

--
-- Dumping data for table `techdata_transfercard`
--

LOCK TABLES `techdata_transfercard` WRITE;
/*!40000 ALTER TABLE `techdata_transfercard` DISABLE KEYS */;
INSERT INTO `techdata_transfercard` VALUES (15,'01',1663,'cylider_transfer_card',' 第Ⅲ类（A1）','壳体','R3041.03S','','tmp/process_file/2016/05/21/无标题_1.png','',''),(16,'01',1661,'cap_transfer_card','第Ⅲ类（A1）','壳体','-------','','tmp/process_file/2016/05/21/无标题2.png','R3041-1.02M',''),(17,'02',1670,'cap_transfer_card','第Ⅲ类（A1）','壳体','-------','','tmp/process_file/2016/05/21/无标题3.png','-------','');
/*!40000 ALTER TABLE `techdata_transfercard` ENABLE KEYS */;
UNLOCK TABLES;

--
-- Table structure for table `techdata_transfercardmark`
--

DROP TABLE IF EXISTS `techdata_transfercardmark`;
/*!40101 SET @saved_cs_client     = @@character_set_client */;
/*!40101 SET character_set_client = utf8 */;
CREATE TABLE `techdata_transfercardmark` (
  `id` int(11) NOT NULL AUTO_INCREMENT,
  `card_id` int(11) NOT NULL,
  `writer_id` int(11) DEFAULT NULL,
  `write_date` date DEFAULT NULL,
  `reviewer_id` int(11) DEFAULT NULL,
  `review_date` date DEFAULT NULL,
  `proofreader_id` int(11) DEFAULT NULL,
  `proofread_date` date DEFAULT NULL,
  `approver_id` int(11) DEFAULT NULL,
  `approve_date` date DEFAULT NULL,
  PRIMARY KEY (`id`),
  UNIQUE KEY `card_id` (`card_id`),
  KEY `techdata_transfercardmark_62351b1d` (`writer_id`),
  KEY `techdata_transfercardmark_d0f17e2b` (`reviewer_id`),
  KEY `techdata_transfercardmark_24cab29c` (`proofreader_id`),
  KEY `techdata_transfercardmark_ca2b68c3` (`approver_id`),
  CONSTRAINT `card_id_refs_id_60f37d72` FOREIGN KEY (`card_id`) REFERENCES `techdata_transfercard` (`id`),
  CONSTRAINT `approver_id_refs_id_92abecbe` FOREIGN KEY (`approver_id`) REFERENCES `auth_user` (`id`),
  CONSTRAINT `proofreader_id_refs_id_92abecbe` FOREIGN KEY (`proofreader_id`) REFERENCES `auth_user` (`id`),
  CONSTRAINT `reviewer_id_refs_id_92abecbe` FOREIGN KEY (`reviewer_id`) REFERENCES `auth_user` (`id`),
  CONSTRAINT `writer_id_refs_id_92abecbe` FOREIGN KEY (`writer_id`) REFERENCES `auth_user` (`id`)
) ENGINE=InnoDB AUTO_INCREMENT=18 DEFAULT CHARSET=utf8;
/*!40101 SET character_set_client = @saved_cs_client */;

--
-- Dumping data for table `techdata_transfercardmark`
--

LOCK TABLES `techdata_transfercardmark` WRITE;
/*!40000 ALTER TABLE `techdata_transfercardmark` DISABLE KEYS */;
INSERT INTO `techdata_transfercardmark` VALUES (15,15,1,'2016-05-21',1,'2016-05-21',1,'2016-05-21',1,'2016-05-21'),(16,16,1,'2016-05-21',1,'2016-05-21',1,'2016-05-21',1,'2016-05-21'),(17,17,NULL,NULL,NULL,NULL,NULL,NULL,NULL,NULL);
/*!40000 ALTER TABLE `techdata_transfercardmark` ENABLE KEYS */;
UNLOCK TABLES;

--
-- Table structure for table `techdata_transfercardprocess`
--

DROP TABLE IF EXISTS `techdata_transfercardprocess`;
/*!40101 SET @saved_cs_client     = @@character_set_client */;
/*!40101 SET character_set_client = utf8 */;
CREATE TABLE `techdata_transfercardprocess` (
  `id` int(11) NOT NULL AUTO_INCREMENT,
  `card_belong_id` int(11) NOT NULL,
  `index` varchar(100) DEFAULT NULL,
  `name` varchar(100) DEFAULT NULL,
  `detail` varchar(1000) DEFAULT NULL,
  PRIMARY KEY (`id`),
  KEY `techdata_transfercardprocess_e6e72e3f` (`card_belong_id`),
  CONSTRAINT `card_belong_id_refs_id_cd640797` FOREIGN KEY (`card_belong_id`) REFERENCES `techdata_transfercard` (`id`)
) ENGINE=InnoDB AUTO_INCREMENT=452 DEFAULT CHARSET=utf8;
/*!40101 SET character_set_client = @saved_cs_client */;

--
-- Dumping data for table `techdata_transfercardprocess`
--

LOCK TABLES `techdata_transfercardprocess` WRITE;
/*!40000 ALTER TABLE `techdata_transfercardprocess` DISABLE KEYS */;
INSERT INTO `techdata_transfercardprocess` VALUES (419,15,'1','预 备','认真核对钢板的材质、规格，并移植材质标记，不许打钢印'),(420,15,'2','切 割','采用数控切割，均分两端下料，1/2下料尺寸：-46×2364-4214(宽度2364两端各含5mm加工余量，长度4214两端各含150mm压头余量)，保证对角线公差不超过2mm'),(421,15,'3','修 磨','割后清除熔渣、毛刺及氧化皮等'),(422,15,'4','划 线','按筒体理论展开长划压头切割线及压制线，并在压头切割线上打样冲'),(423,15,'5','压 头','根据环缝坡口形式确定压弯方向，压制弧度，并用样板检测压制弧度，间隙≤2mm'),(424,15,'6','切 割','封头回厂后确定筒体实际展开长，划出实际压头切割线，用半自动切割机割压头余量，并开对接坡口'),(425,15,'7','修 磨','割后清除熔渣、毛刺及氧化皮等，使其呈现金属光泽，坡口表面不得有裂纹、分层、夹杂等缺陷'),(426,15,'8','探 伤','坡口表面按JB/T4730.4-2005《压力容器无损检测》标准进行100% MT检测，Ⅰ级合格'),(427,15,'9','圈 圆','在中三辊上卷制圆筒，并用样板检测压制弧度，间隙≤2mm'),(428,15,'10','对 接','10.1 纵缝对口错边量b≤2mm，外圆周长允差-3mm≤C≤6mm 10.2 清理坡口两侧表面30mm范围内的氧化物、油污、熔渣、及其它影响焊缝质量的有害杂质'),(429,15,'11','焊 接','筒体纵缝A2、A3的装配点焊与焊接均执行RH09-015007B焊接工艺指导书，并与纵缝焊接试板一同焊接，焊接产品试板执行R05-015007B- -01《压力容器产品试板工艺卡（流转）》'),(430,15,'12','探 伤','对焊接试板进行鉴证。'),(431,15,'13','切 割','将试板从筒体上切割下来，不得伤及筒体，试板交试板库'),(432,15,'14','修 磨','割后清除熔渣、毛刺及氧化皮等'),(433,15,'15','校 圆','用样板检查纵缝处所形成的棱角，E≤3mm；同一断面的最大最小直径差e≤3mm'),(434,15,'16','探 伤','纵缝按JB/T4730-2005《压力容器无损检测》标准进行100% RT检测，Ⅱ级合格，技术等级为AB级；合格后进行≥20%UT检测，Ⅰ级合格，技术等级为B级；焊缝内外表面100%MT检测，Ⅰ级合格'),(435,15,'17','修 磨','使焊缝与母材光滑过渡，焊缝余高不得高于3mm'),(436,15,'18','坡 口','检验合格后按图纸要求机加工出环缝坡口及过渡段（加工坡口前筒体上下端需加工装支撑）。'),(437,15,'19','修 磨','加工后清除毛刺及油污等，坡口表面不得有裂纹、分层、夹杂等缺陷。'),(438,15,'20','探 伤','坡口按JB/T4730-2005《压力容器无损检测》标准执行100% MT检测，I级合格。'),(439,15,'21','入 库','筒体及试板经检验合格后筒体入半成品库。'),(440,16,'1','下  料','1.1  下料前认真核对钢板的材质、规格，热处理状态，并移植材质标记（不许打钢印）          1.2  封头坯料尺寸 -34×D1850'),(441,16,'2','数控切割','切割坯料外圆，切割前预热 120℃，割后清除熔渣，毛刺等，与R3041.05共带一块母材试板'),(442,16,'3','热压','对封头毛坯热压成形（外协）。'),(443,16,'4','热处理','封头进行恢复材料状态的正火热处理，注意与R3041.05同炉热处理，热处理后母材试板进行力学性能试验，实验结果确认合格后，将部分试板回厂，经复验合格后，再按图纸加工好坡口（外协）。剩余试板随封头回厂。'),(444,16,'5','检 查','5.1.封头表面凹凸量  -6～+12mm；5.2. 封头最小壁厚不得小于27.7mm；      5.3.封头主要尺寸允差见下表规定:大口内直径允差：-4～+5；总高度公差：-3～+4；大口外圆周长公差：-12～+15；大小口同心度：≤2mm。'),(445,16,'6','入 库','检验及试板性能合格后入库。'),(446,17,'1','下  料','1.1  下料前认真核对钢板的材质、规格，热处理状态，并移植材质标记（不许打钢印）          1.2  封头坯料尺寸 -34×D1850'),(447,17,'2','数控切割','切割坯料外圆，切割前预热 120℃，割后清除熔渣，毛刺等，与R3041.02共带一块母材试板'),(448,17,'3','热压','对封头毛坯热压成形（外协）。'),(449,17,'4','热处理','封头进行恢复材料状态的正火热处理，注意与R3041.02同炉热处理，热处理后母材试板进行力学性能试验，实验结果确认合格后，将部分试板回厂，经复验合格后，再按图纸加工好坡口（外协）。剩余试板随封头回厂。'),(450,17,'5','检 查','5.1.封头表面凹凸量  -6～+12mm；5.2. 封头最小壁厚不得小于27.7mm；      5.3.封头主要尺寸允差见下表规定:大口内直径允差：-4～+5；总高度公差：-3～+4；大口外圆周长公差：-12～+15；大小口同心度：≤2mm。'),(451,17,'6','入 库','检验及试板性能合格后入库。');
/*!40000 ALTER TABLE `techdata_transfercardprocess` ENABLE KEYS */;
UNLOCK TABLES;

--
-- Table structure for table `techdata_weldcertification`
--

DROP TABLE IF EXISTS `techdata_weldcertification`;
/*!40101 SET @saved_cs_client     = @@character_set_client */;
/*!40101 SET character_set_client = utf8 */;
CREATE TABLE `techdata_weldcertification` (
  `id` int(11) NOT NULL AUTO_INCREMENT,
  `name` varchar(100) NOT NULL,
  `weld_method_id` int(11) NOT NULL,
  PRIMARY KEY (`id`),
  KEY `techdata_weldcertification_a111451d` (`weld_method_id`),
  CONSTRAINT `weld_method_id_refs_id_8466c4ff` FOREIGN KEY (`weld_method_id`) REFERENCES `techdata_weldmethod` (`id`)
) ENGINE=InnoDB AUTO_INCREMENT=6 DEFAULT CHARSET=utf8;
/*!40101 SET character_set_client = @saved_cs_client */;

--
-- Dumping data for table `techdata_weldcertification`
--

LOCK TABLES `techdata_weldcertification` WRITE;
/*!40000 ALTER TABLE `techdata_weldcertification` DISABLE KEYS */;
INSERT INTO `techdata_weldcertification` VALUES (1,'SMAW-Fell-5FG-12/60-Fef3J',9),(2,'GMAW-Fell-3G-14-FefS-11/15',11),(3,'SAW-1G07/09/19',10),(4,'SMAW-FeⅡ-3G-14-FefS-11/15',9),(5,'GTAW-FeⅡ-5G-2/20-FefS-02/11/12',12);
/*!40000 ALTER TABLE `techdata_weldcertification` ENABLE KEYS */;
UNLOCK TABLES;

--
-- Table structure for table `techdata_weldingprocessspecification`
--

DROP TABLE IF EXISTS `techdata_weldingprocessspecification`;
/*!40101 SET @saved_cs_client     = @@character_set_client */;
/*!40101 SET character_set_client = utf8 */;
CREATE TABLE `techdata_weldingprocessspecification` (
  `id` int(11) NOT NULL AUTO_INCREMENT,
  `order_id` int(11) NOT NULL,
  `writer_id` int(11) DEFAULT NULL,
  `write_date` date DEFAULT NULL,
  `reviewer_id` int(11) DEFAULT NULL,
  `review_date` date DEFAULT NULL,
  `approver_id` int(11) DEFAULT NULL,
  `approve_date` date DEFAULT NULL,
  `file_obj` varchar(100) DEFAULT NULL,
  PRIMARY KEY (`id`),
  KEY `techdata_weldingprocessspecification_8337030b` (`order_id`),
  KEY `techdata_weldingprocessspecification_62351b1d` (`writer_id`),
  KEY `techdata_weldingprocessspecification_d0f17e2b` (`reviewer_id`),
  KEY `techdata_weldingprocessspecification_ca2b68c3` (`approver_id`),
  CONSTRAINT `approver_id_refs_id_10b0ccc9` FOREIGN KEY (`approver_id`) REFERENCES `auth_user` (`id`),
  CONSTRAINT `reviewer_id_refs_id_10b0ccc9` FOREIGN KEY (`reviewer_id`) REFERENCES `auth_user` (`id`),
  CONSTRAINT `writer_id_refs_id_10b0ccc9` FOREIGN KEY (`writer_id`) REFERENCES `auth_user` (`id`)
) ENGINE=InnoDB AUTO_INCREMENT=4 DEFAULT CHARSET=utf8;
/*!40101 SET character_set_client = @saved_cs_client */;

--
-- Dumping data for table `techdata_weldingprocessspecification`
--

LOCK TABLES `techdata_weldingprocessspecification` WRITE;
/*!40000 ALTER TABLE `techdata_weldingprocessspecification` DISABLE KEYS */;
INSERT INTO `techdata_weldingprocessspecification` VALUES (3,31,NULL,NULL,NULL,NULL,NULL,NULL,'tmp/process_file/2016/05/21/无标题5.png');
/*!40000 ALTER TABLE `techdata_weldingprocessspecification` ENABLE KEYS */;
UNLOCK TABLES;

--
-- Table structure for table `techdata_weldingstep`
--

DROP TABLE IF EXISTS `techdata_weldingstep`;
/*!40101 SET @saved_cs_client     = @@character_set_client */;
/*!40101 SET character_set_client = utf8 */;
CREATE TABLE `techdata_weldingstep` (
  `id` int(11) NOT NULL AUTO_INCREMENT,
  `layer` varchar(100) DEFAULT NULL,
  `weld_method_id` int(11) DEFAULT NULL,
  `polarity` varchar(100) DEFAULT NULL,
  `electric` varchar(100) DEFAULT NULL,
  `arc_voltage` varchar(100) DEFAULT NULL,
  `weld_speed` varchar(100) DEFAULT NULL,
  `heat_input` varchar(100) DEFAULT NULL,
  `remark` varchar(100) DEFAULT NULL,
  `card_belong_id` int(11) NOT NULL,
  PRIMARY KEY (`id`),
  KEY `techdata_weldingstep_a111451d` (`weld_method_id`),
  KEY `techdata_weldingstep_e6e72e3f` (`card_belong_id`),
  CONSTRAINT `card_belong_id_refs_id_8d99fd4f` FOREIGN KEY (`card_belong_id`) REFERENCES `techdata_weldingworkinstruction` (`id`),
  CONSTRAINT `weld_method_id_refs_id_31a60c67` FOREIGN KEY (`weld_method_id`) REFERENCES `techdata_weldmethod` (`id`)
) ENGINE=InnoDB AUTO_INCREMENT=37 DEFAULT CHARSET=utf8;
/*!40101 SET character_set_client = @saved_cs_client */;

--
-- Dumping data for table `techdata_weldingstep`
--

LOCK TABLES `techdata_weldingstep` WRITE;
/*!40000 ALTER TABLE `techdata_weldingstep` DISABLE KEYS */;
INSERT INTO `techdata_weldingstep` VALUES (19,'定位焊',9,'','','','','','',14),(20,'',NULL,'','','','','','',14),(21,'',NULL,'','','','','','',14),(22,'',NULL,'','','','','','',14),(23,'',NULL,'','','','','','',14),(24,'',NULL,'','','','','','',14),(25,NULL,NULL,NULL,NULL,NULL,NULL,NULL,NULL,15),(26,NULL,NULL,NULL,NULL,NULL,NULL,NULL,NULL,15),(27,NULL,NULL,NULL,NULL,NULL,NULL,NULL,NULL,15),(28,NULL,NULL,NULL,NULL,NULL,NULL,NULL,NULL,15),(29,NULL,NULL,NULL,NULL,NULL,NULL,NULL,NULL,15),(30,NULL,NULL,NULL,NULL,NULL,NULL,NULL,NULL,15),(31,NULL,NULL,NULL,NULL,NULL,NULL,NULL,NULL,16),(32,NULL,NULL,NULL,NULL,NULL,NULL,NULL,NULL,16),(33,NULL,NULL,NULL,NULL,NULL,NULL,NULL,NULL,16),(34,NULL,NULL,NULL,NULL,NULL,NULL,NULL,NULL,16),(35,NULL,NULL,NULL,NULL,NULL,NULL,NULL,NULL,16),(36,NULL,NULL,NULL,NULL,NULL,NULL,NULL,NULL,16);
/*!40000 ALTER TABLE `techdata_weldingstep` ENABLE KEYS */;
UNLOCK TABLES;

--
-- Table structure for table `techdata_weldingworkinstruction`
--

DROP TABLE IF EXISTS `techdata_weldingworkinstruction`;
/*!40101 SET @saved_cs_client     = @@character_set_client */;
/*!40101 SET character_set_client = utf8 */;
CREATE TABLE `techdata_weldingworkinstruction` (
  `id` int(11) NOT NULL AUTO_INCREMENT,
  `detail_id` int(11) NOT NULL,
  `writer_id` int(11) DEFAULT NULL,
  `write_date` date DEFAULT NULL,
  `reviewer_id` int(11) DEFAULT NULL,
  `review_date` date DEFAULT NULL,
  `proofreader_id` int(11) DEFAULT NULL,
  `proofread_date` date DEFAULT NULL,
  `approver_id` int(11) DEFAULT NULL,
  `approve_date` date DEFAULT NULL,
  `file_index` varchar(100) DEFAULT NULL,
  `file_obj` varchar(100) DEFAULT NULL,
  PRIMARY KEY (`id`),
  UNIQUE KEY `detail_id` (`detail_id`),
  KEY `techdata_weldingworkinstruction_62351b1d` (`writer_id`),
  KEY `techdata_weldingworkinstruction_d0f17e2b` (`reviewer_id`),
  KEY `techdata_weldingworkinstruction_24cab29c` (`proofreader_id`),
  KEY `techdata_weldingworkinstruction_ca2b68c3` (`approver_id`),
  CONSTRAINT `approver_id_refs_id_73211a07` FOREIGN KEY (`approver_id`) REFERENCES `auth_user` (`id`),
  CONSTRAINT `detail_id_refs_id_877117fc` FOREIGN KEY (`detail_id`) REFERENCES `techdata_weldjointtechdetail` (`id`),
  CONSTRAINT `proofreader_id_refs_id_73211a07` FOREIGN KEY (`proofreader_id`) REFERENCES `auth_user` (`id`),
  CONSTRAINT `reviewer_id_refs_id_73211a07` FOREIGN KEY (`reviewer_id`) REFERENCES `auth_user` (`id`),
  CONSTRAINT `writer_id_refs_id_73211a07` FOREIGN KEY (`writer_id`) REFERENCES `auth_user` (`id`)
) ENGINE=InnoDB AUTO_INCREMENT=17 DEFAULT CHARSET=utf8;
/*!40101 SET character_set_client = @saved_cs_client */;

--
-- Dumping data for table `techdata_weldingworkinstruction`
--

LOCK TABLES `techdata_weldingworkinstruction` WRITE;
/*!40000 ALTER TABLE `techdata_weldingworkinstruction` DISABLE KEYS */;
INSERT INTO `techdata_weldingworkinstruction` VALUES (14,14,1,'2016-05-21',1,'2016-05-21',1,'2016-05-21',1,'2016-05-21','1','tmp/process_file/2016/05/21/A1A4.png'),(15,15,NULL,NULL,NULL,NULL,NULL,NULL,NULL,NULL,'2',''),(16,16,NULL,NULL,NULL,NULL,NULL,NULL,NULL,NULL,'3','');
/*!40000 ALTER TABLE `techdata_weldingworkinstruction` ENABLE KEYS */;
UNLOCK TABLES;

--
-- Table structure for table `techdata_weldingworkinstructionprocess`
--

DROP TABLE IF EXISTS `techdata_weldingworkinstructionprocess`;
/*!40101 SET @saved_cs_client     = @@character_set_client */;
/*!40101 SET character_set_client = utf8 */;
CREATE TABLE `techdata_weldingworkinstructionprocess` (
  `id` int(11) NOT NULL AUTO_INCREMENT,
  `card_belong_id` int(11) NOT NULL,
  `index` varchar(100) DEFAULT NULL,
  `name` varchar(100) DEFAULT NULL,
  `detail` varchar(1000) DEFAULT NULL,
  PRIMARY KEY (`id`),
  KEY `techdata_weldingworkinstructionprocess_e6e72e3f` (`card_belong_id`),
  CONSTRAINT `card_belong_id_refs_id_fbd257d` FOREIGN KEY (`card_belong_id`) REFERENCES `techdata_weldingworkinstruction` (`id`)
) ENGINE=InnoDB AUTO_INCREMENT=99 DEFAULT CHARSET=utf8;
/*!40101 SET character_set_client = @saved_cs_client */;

--
-- Dumping data for table `techdata_weldingworkinstructionprocess`
--

LOCK TABLES `techdata_weldingworkinstructionprocess` WRITE;
/*!40000 ALTER TABLE `techdata_weldingworkinstructionprocess` DISABLE KEYS */;
INSERT INTO `techdata_weldingworkinstructionprocess` VALUES (60,14,'1','','11'),(61,14,'2','','11'),(62,14,'','',''),(63,14,'','',''),(64,14,'','',''),(65,14,'','',''),(66,14,'','',''),(67,14,'','',''),(68,14,'','',''),(69,14,'','',''),(70,14,'','',''),(71,14,'','',''),(72,14,'','',''),(73,15,NULL,NULL,NULL),(74,15,NULL,NULL,NULL),(75,15,NULL,NULL,NULL),(76,15,NULL,NULL,NULL),(77,15,NULL,NULL,NULL),(78,15,NULL,NULL,NULL),(79,15,NULL,NULL,NULL),(80,15,NULL,NULL,NULL),(81,15,NULL,NULL,NULL),(82,15,NULL,NULL,NULL),(83,15,NULL,NULL,NULL),(84,15,NULL,NULL,NULL),(85,15,NULL,NULL,NULL),(86,16,NULL,NULL,NULL),(87,16,NULL,NULL,NULL),(88,16,NULL,NULL,NULL),(89,16,NULL,NULL,NULL),(90,16,NULL,NULL,NULL),(91,16,NULL,NULL,NULL),(92,16,NULL,NULL,NULL),(93,16,NULL,NULL,NULL),(94,16,NULL,NULL,NULL),(95,16,NULL,NULL,NULL),(96,16,NULL,NULL,NULL),(97,16,NULL,NULL,NULL),(98,16,NULL,NULL,NULL);
/*!40000 ALTER TABLE `techdata_weldingworkinstructionprocess` ENABLE KEYS */;
UNLOCK TABLES;

--
-- Table structure for table `techdata_weldingworkinstructiontest`
--

DROP TABLE IF EXISTS `techdata_weldingworkinstructiontest`;
/*!40101 SET @saved_cs_client     = @@character_set_client */;
/*!40101 SET character_set_client = utf8 */;
CREATE TABLE `techdata_weldingworkinstructiontest` (
  `id` int(11) NOT NULL AUTO_INCREMENT,
  `card_belong_id` int(11) NOT NULL,
  `index` varchar(100) DEFAULT NULL,
  `test_method` varchar(100) DEFAULT NULL,
  PRIMARY KEY (`id`),
  KEY `techdata_weldingworkinstructiontest_e6e72e3f` (`card_belong_id`),
  CONSTRAINT `card_belong_id_refs_id_c13269b1` FOREIGN KEY (`card_belong_id`) REFERENCES `techdata_weldingworkinstruction` (`id`)
) ENGINE=InnoDB AUTO_INCREMENT=16 DEFAULT CHARSET=utf8;
/*!40101 SET character_set_client = @saved_cs_client */;

--
-- Dumping data for table `techdata_weldingworkinstructiontest`
--

LOCK TABLES `techdata_weldingworkinstructiontest` WRITE;
/*!40000 ALTER TABLE `techdata_weldingworkinstructiontest` DISABLE KEYS */;
INSERT INTO `techdata_weldingworkinstructiontest` VALUES (7,14,'1','0'),(8,14,'2','0'),(9,14,'3','0'),(10,15,NULL,NULL),(11,15,NULL,NULL),(12,15,NULL,NULL),(13,16,NULL,NULL),(14,16,NULL,NULL),(15,16,NULL,NULL);
/*!40000 ALTER TABLE `techdata_weldingworkinstructiontest` ENABLE KEYS */;
UNLOCK TABLES;

--
-- Table structure for table `techdata_weldjointtechdetail`
--

DROP TABLE IF EXISTS `techdata_weldjointtechdetail`;
/*!40101 SET @saved_cs_client     = @@character_set_client */;
/*!40101 SET character_set_client = utf8 */;
CREATE TABLE `techdata_weldjointtechdetail` (
  `id` int(11) NOT NULL AUTO_INCREMENT,
  `specification_id` int(11) NOT NULL,
  `joint_index` varchar(100) DEFAULT NULL,
  `bm_texture_1` varchar(100) DEFAULT NULL,
  `bm_specification_1` varchar(100) DEFAULT NULL,
  `bm_texture_2` varchar(100) DEFAULT NULL,
  `bm_specification_2` varchar(100) DEFAULT NULL,
  `weld_position_id` int(11) NOT NULL,
  `weld_method_1_id` int(11) DEFAULT NULL,
  `weld_method_2_id` int(11) DEFAULT NULL,
  `procedureQualification_index` varchar(100) DEFAULT NULL,
  `remark` varchar(100) DEFAULT NULL,
  PRIMARY KEY (`id`),
  KEY `techdata_weldjointtechdetail_58a66d96` (`specification_id`),
  KEY `techdata_weldjointtechdetail_d2fa53d` (`weld_position_id`),
  KEY `techdata_weldjointtechdetail_50188adf` (`weld_method_1_id`),
  KEY `techdata_weldjointtechdetail_2b0c651a` (`weld_method_2_id`),
  CONSTRAINT `weld_method_2_id_refs_id_f051f6a0` FOREIGN KEY (`weld_method_2_id`) REFERENCES `techdata_weldmethod` (`id`),
  CONSTRAINT `specification_id_refs_id_4d92f490` FOREIGN KEY (`specification_id`) REFERENCES `techdata_weldingprocessspecification` (`id`),
  CONSTRAINT `weld_method_1_id_refs_id_f051f6a0` FOREIGN KEY (`weld_method_1_id`) REFERENCES `techdata_weldmethod` (`id`),
  CONSTRAINT `weld_position_id_refs_id_bb352a1c` FOREIGN KEY (`weld_position_id`) REFERENCES `techdata_weldpositiontype` (`id`)
) ENGINE=InnoDB AUTO_INCREMENT=17 DEFAULT CHARSET=utf8;
/*!40101 SET character_set_client = @saved_cs_client */;

--
-- Dumping data for table `techdata_weldjointtechdetail`
--

LOCK TABLES `techdata_weldjointtechdetail` WRITE;
/*!40000 ALTER TABLE `techdata_weldjointtechdetail` DISABLE KEYS */;
INSERT INTO `techdata_weldjointtechdetail` VALUES (14,3,'A2,A3','Q345R','46','Q345R','46',1,9,10,'RH24-13-08',''),(15,3,'B1','Q345R','46','Q345R','46',1,9,10,'RH24-13-08',''),(16,3,'BM1','16Mn','28','Q345R','28',1,12,9,'RH24-13-09   RH24-13-36','');
/*!40000 ALTER TABLE `techdata_weldjointtechdetail` ENABLE KEYS */;
UNLOCK TABLES;

--
-- Table structure for table `techdata_weldjointtechdetail_weld_certification1`
--

DROP TABLE IF EXISTS `techdata_weldjointtechdetail_weld_certification1`;
/*!40101 SET @saved_cs_client     = @@character_set_client */;
/*!40101 SET character_set_client = utf8 */;
CREATE TABLE `techdata_weldjointtechdetail_weld_certification1` (
  `id` int(11) NOT NULL AUTO_INCREMENT,
  `weldjointtechdetail_id` int(11) NOT NULL,
  `weldcertification_id` int(11) NOT NULL,
  PRIMARY KEY (`id`),
  UNIQUE KEY `weldjointtechdetail_id` (`weldjointtechdetail_id`,`weldcertification_id`),
  KEY `techdata_weldjointtechdetail_weld_certification1_86e5e960` (`weldjointtechdetail_id`),
  KEY `techdata_weldjointtechdetail_weld_certification1_aeab56c3` (`weldcertification_id`),
  CONSTRAINT `weldjointtechdetail_id_refs_id_82168b4a` FOREIGN KEY (`weldjointtechdetail_id`) REFERENCES `techdata_weldjointtechdetail` (`id`),
  CONSTRAINT `weldcertification_id_refs_id_f5a556e7` FOREIGN KEY (`weldcertification_id`) REFERENCES `techdata_weldcertification` (`id`)
) ENGINE=InnoDB AUTO_INCREMENT=26 DEFAULT CHARSET=utf8;
/*!40101 SET character_set_client = @saved_cs_client */;

--
-- Dumping data for table `techdata_weldjointtechdetail_weld_certification1`
--

LOCK TABLES `techdata_weldjointtechdetail_weld_certification1` WRITE;
/*!40000 ALTER TABLE `techdata_weldjointtechdetail_weld_certification1` DISABLE KEYS */;
INSERT INTO `techdata_weldjointtechdetail_weld_certification1` VALUES (24,14,1),(23,15,1),(25,16,1);
/*!40000 ALTER TABLE `techdata_weldjointtechdetail_weld_certification1` ENABLE KEYS */;
UNLOCK TABLES;

--
-- Table structure for table `techdata_weldjointtechdetail_weld_certification2`
--

DROP TABLE IF EXISTS `techdata_weldjointtechdetail_weld_certification2`;
/*!40101 SET @saved_cs_client     = @@character_set_client */;
/*!40101 SET character_set_client = utf8 */;
CREATE TABLE `techdata_weldjointtechdetail_weld_certification2` (
  `id` int(11) NOT NULL AUTO_INCREMENT,
  `weldjointtechdetail_id` int(11) NOT NULL,
  `weldcertification_id` int(11) NOT NULL,
  PRIMARY KEY (`id`),
  UNIQUE KEY `weldjointtechdetail_id` (`weldjointtechdetail_id`,`weldcertification_id`),
  KEY `techdata_weldjointtechdetail_weld_certification2_86e5e960` (`weldjointtechdetail_id`),
  KEY `techdata_weldjointtechdetail_weld_certification2_aeab56c3` (`weldcertification_id`),
  CONSTRAINT `weldjointtechdetail_id_refs_id_1ffb7b3f` FOREIGN KEY (`weldjointtechdetail_id`) REFERENCES `techdata_weldjointtechdetail` (`id`),
  CONSTRAINT `weldcertification_id_refs_id_544952dc` FOREIGN KEY (`weldcertification_id`) REFERENCES `techdata_weldcertification` (`id`)
) ENGINE=InnoDB AUTO_INCREMENT=25 DEFAULT CHARSET=utf8;
/*!40101 SET character_set_client = @saved_cs_client */;

--
-- Dumping data for table `techdata_weldjointtechdetail_weld_certification2`
--

LOCK TABLES `techdata_weldjointtechdetail_weld_certification2` WRITE;
/*!40000 ALTER TABLE `techdata_weldjointtechdetail_weld_certification2` DISABLE KEYS */;
INSERT INTO `techdata_weldjointtechdetail_weld_certification2` VALUES (23,14,3),(22,15,3),(24,16,5);
/*!40000 ALTER TABLE `techdata_weldjointtechdetail_weld_certification2` ENABLE KEYS */;
UNLOCK TABLES;

--
-- Table structure for table `techdata_weldlistpagemark`
--

DROP TABLE IF EXISTS `techdata_weldlistpagemark`;
/*!40101 SET @saved_cs_client     = @@character_set_client */;
/*!40101 SET character_set_client = utf8 */;
CREATE TABLE `techdata_weldlistpagemark` (
  `id` int(11) NOT NULL AUTO_INCREMENT,
  `order_id` int(11) NOT NULL,
  `writer_id` int(11) DEFAULT NULL,
  `reviewer_id` int(11) DEFAULT NULL,
  `write_date` date DEFAULT NULL,
  `review_date` date DEFAULT NULL,
  PRIMARY KEY (`id`),
  UNIQUE KEY `order_id` (`order_id`),
  KEY `techdata_weldlistpagemark_62351b1d` (`writer_id`),
  KEY `techdata_weldlistpagemark_d0f17e2b` (`reviewer_id`),
  CONSTRAINT `order_id_refs_id_7b80cb95` FOREIGN KEY (`order_id`) REFERENCES `const_workorder` (`id`),
  CONSTRAINT `reviewer_id_refs_id_593b6d54` FOREIGN KEY (`reviewer_id`) REFERENCES `auth_user` (`id`),
  CONSTRAINT `writer_id_refs_id_593b6d54` FOREIGN KEY (`writer_id`) REFERENCES `auth_user` (`id`)
) ENGINE=InnoDB AUTO_INCREMENT=19 DEFAULT CHARSET=utf8;
/*!40101 SET character_set_client = @saved_cs_client */;

--
-- Dumping data for table `techdata_weldlistpagemark`
--

LOCK TABLES `techdata_weldlistpagemark` WRITE;
/*!40000 ALTER TABLE `techdata_weldlistpagemark` DISABLE KEYS */;
INSERT INTO `techdata_weldlistpagemark` VALUES (18,31,NULL,NULL,NULL,NULL);
/*!40000 ALTER TABLE `techdata_weldlistpagemark` ENABLE KEYS */;
UNLOCK TABLES;

--
-- Table structure for table `techdata_weldmethod`
--

DROP TABLE IF EXISTS `techdata_weldmethod`;
/*!40101 SET @saved_cs_client     = @@character_set_client */;
/*!40101 SET character_set_client = utf8 */;
CREATE TABLE `techdata_weldmethod` (
  `id` int(11) NOT NULL AUTO_INCREMENT,
  `name` varchar(100) NOT NULL,
  PRIMARY KEY (`id`)
) ENGINE=InnoDB AUTO_INCREMENT=13 DEFAULT CHARSET=utf8;
/*!40101 SET character_set_client = @saved_cs_client */;

--
-- Dumping data for table `techdata_weldmethod`
--

LOCK TABLES `techdata_weldmethod` WRITE;
/*!40000 ALTER TABLE `techdata_weldmethod` DISABLE KEYS */;
INSERT INTO `techdata_weldmethod` VALUES (9,'SMAW'),(10,'SAW'),(11,'GMAW'),(12,'GTAW');
/*!40000 ALTER TABLE `techdata_weldmethod` ENABLE KEYS */;
UNLOCK TABLES;

--
-- Table structure for table `techdata_weldpositiontype`
--

DROP TABLE IF EXISTS `techdata_weldpositiontype`;
/*!40101 SET @saved_cs_client     = @@character_set_client */;
/*!40101 SET character_set_client = utf8 */;
CREATE TABLE `techdata_weldpositiontype` (
  `id` int(11) NOT NULL AUTO_INCREMENT,
  `name` varchar(100) NOT NULL,
  PRIMARY KEY (`id`)
) ENGINE=InnoDB AUTO_INCREMENT=6 DEFAULT CHARSET=utf8;
/*!40101 SET character_set_client = @saved_cs_client */;

--
-- Dumping data for table `techdata_weldpositiontype`
--

LOCK TABLES `techdata_weldpositiontype` WRITE;
/*!40000 ALTER TABLE `techdata_weldpositiontype` DISABLE KEYS */;
INSERT INTO `techdata_weldpositiontype` VALUES (1,'FLUSH_WELD'),(2,'HORIZONTAL_WELD'),(3,'OVERHEAD_WELD'),(4,'VERTICAL_WELD'),(5,'WIDE_WELD');
/*!40000 ALTER TABLE `techdata_weldpositiontype` ENABLE KEYS */;
UNLOCK TABLES;

--
-- Table structure for table `techdata_weldquota`
--

DROP TABLE IF EXISTS `techdata_weldquota`;
/*!40101 SET @saved_cs_client     = @@character_set_client */;
/*!40101 SET character_set_client = utf8 */;
CREATE TABLE `techdata_weldquota` (
  `id` int(11) NOT NULL AUTO_INCREMENT,
  `order_id` int(11) DEFAULT NULL,
  `weld_material_id` int(11) NOT NULL,
  `size` varchar(100) DEFAULT NULL,
  `quota` double DEFAULT NULL,
  `remark` varchar(100) DEFAULT NULL,
  `stardard` varchar(100) DEFAULT NULL,
  PRIMARY KEY (`id`),
  KEY `techdata_weldquota_8337030b` (`order_id`),
  KEY `techdata_weldquota_b6104b63` (`weld_material_id`)
) ENGINE=InnoDB AUTO_INCREMENT=57 DEFAULT CHARSET=utf8;
/*!40101 SET character_set_client = @saved_cs_client */;

--
-- Dumping data for table `techdata_weldquota`
--

LOCK TABLES `techdata_weldquota` WRITE;
/*!40000 ALTER TABLE `techdata_weldquota` DISABLE KEYS */;
INSERT INTO `techdata_weldquota` VALUES (38,NULL,2,'1',1,'1','1'),(53,31,26,'1.2',0,NULL,NULL),(54,31,10,'2.4',0,NULL,NULL),(55,31,27,'4.0',0,NULL,NULL),(56,31,26,'4.0',0,NULL,NULL);
/*!40000 ALTER TABLE `techdata_weldquota` ENABLE KEYS */;
UNLOCK TABLES;

--
-- Table structure for table `techdata_weldquotapagemark`
--

DROP TABLE IF EXISTS `techdata_weldquotapagemark`;
/*!40101 SET @saved_cs_client     = @@character_set_client */;
/*!40101 SET character_set_client = utf8 */;
CREATE TABLE `techdata_weldquotapagemark` (
  `id` int(11) NOT NULL AUTO_INCREMENT,
  `order_id` int(11) NOT NULL,
  `writer_id` int(11) DEFAULT NULL,
  `write_date` date DEFAULT NULL,
  `reviewer_id` int(11) DEFAULT NULL,
  `review_date` date DEFAULT NULL,
  PRIMARY KEY (`id`),
  UNIQUE KEY `order_id` (`order_id`),
  KEY `techdata_weldquotapagemark_62351b1d` (`writer_id`),
  KEY `techdata_weldquotapagemark_d0f17e2b` (`reviewer_id`),
  CONSTRAINT `order_id_refs_id_8ac8d708` FOREIGN KEY (`order_id`) REFERENCES `const_workorder` (`id`),
  CONSTRAINT `reviewer_id_refs_id_1d7492d9` FOREIGN KEY (`reviewer_id`) REFERENCES `auth_user` (`id`),
  CONSTRAINT `writer_id_refs_id_1d7492d9` FOREIGN KEY (`writer_id`) REFERENCES `auth_user` (`id`)
) ENGINE=InnoDB AUTO_INCREMENT=15 DEFAULT CHARSET=utf8;
/*!40101 SET character_set_client = @saved_cs_client */;

--
-- Dumping data for table `techdata_weldquotapagemark`
--

LOCK TABLES `techdata_weldquotapagemark` WRITE;
/*!40000 ALTER TABLE `techdata_weldquotapagemark` DISABLE KEYS */;
INSERT INTO `techdata_weldquotapagemark` VALUES (14,31,1,'2016-05-21',1,NULL);
/*!40000 ALTER TABLE `techdata_weldquotapagemark` ENABLE KEYS */;
UNLOCK TABLES;

--
-- Table structure for table `techdata_weldseam`
--

DROP TABLE IF EXISTS `techdata_weldseam`;
/*!40101 SET @saved_cs_client     = @@character_set_client */;
/*!40101 SET character_set_client = utf8 */;
CREATE TABLE `techdata_weldseam` (
  `id` int(11) NOT NULL AUTO_INCREMENT,
  `materiel_belong_id` int(11) NOT NULL,
  `weld_index` varchar(100) DEFAULT NULL,
  `weldseam_type_id` int(11) NOT NULL,
  `weld_position_id` int(11) NOT NULL,
  `weld_method_1_id` int(11) DEFAULT NULL,
  `weld_method_2_id` int(11) DEFAULT NULL,
  `base_metal_1` varchar(100) DEFAULT NULL,
  `base_metal_2` varchar(100) DEFAULT NULL,
  `base_metal_thin_1` varchar(100) DEFAULT NULL,
  `base_metal_thin_2` varchar(100) DEFAULT NULL,
  `length` varchar(100) NOT NULL,
  `weld_material_1_id` int(11) DEFAULT NULL,
  `weld_flux_1_id` int(11) DEFAULT NULL,
  `thin_1` varchar(100) DEFAULT NULL,
  `size_1` varchar(100) DEFAULT NULL,
  `weight_1` double NOT NULL,
  `flux_weight_1` double NOT NULL,
  `weld_material_2_id` int(11) DEFAULT NULL,
  `weld_flux_2_id` int(11) DEFAULT NULL,
  `thin_2` varchar(100) DEFAULT NULL,
  `size_2` varchar(100) DEFAULT NULL,
  `weight_2` double NOT NULL,
  `flux_weight_2` double NOT NULL,
  `remark` varchar(100) DEFAULT NULL,
  `weld_joint_detail_id` int(11) DEFAULT NULL,
  PRIMARY KEY (`id`),
  KEY `techdata_weldseam_a1064124` (`materiel_belong_id`),
  KEY `techdata_weldseam_56ddd674` (`weldseam_type_id`),
  KEY `techdata_weldseam_d2fa53d` (`weld_position_id`),
  KEY `techdata_weldseam_50188adf` (`weld_method_1_id`),
  KEY `techdata_weldseam_2b0c651a` (`weld_method_2_id`),
  KEY `techdata_weldseam_853c755` (`weld_material_1_id`),
  KEY `techdata_weldseam_a25c43e5` (`weld_flux_1_id`),
  KEY `techdata_weldseam_3e9a5164` (`weld_material_2_id`),
  KEY `techdata_weldseam_a11dd67e` (`weld_flux_2_id`),
  KEY `techdata_weldseam_c5d9a66e` (`weld_joint_detail_id`),
  CONSTRAINT `weld_joint_detail_id_refs_id_d8078c9f` FOREIGN KEY (`weld_joint_detail_id`) REFERENCES `techdata_weldjointtechdetail` (`id`) ON DELETE SET NULL,
  CONSTRAINT `materiel_belong_id_refs_id_97882820` FOREIGN KEY (`materiel_belong_id`) REFERENCES `const_materiel` (`id`),
  CONSTRAINT `weldseam_type_id_refs_id_a0ad8457` FOREIGN KEY (`weldseam_type_id`) REFERENCES `techdata_weldseamtype` (`id`),
  CONSTRAINT `weld_flux_1_id_refs_id_7b3b8594` FOREIGN KEY (`weld_flux_1_id`) REFERENCES `const_material` (`id`),
  CONSTRAINT `weld_flux_2_id_refs_id_7b3b8594` FOREIGN KEY (`weld_flux_2_id`) REFERENCES `const_material` (`id`),
  CONSTRAINT `weld_material_1_id_refs_id_7b3b8594` FOREIGN KEY (`weld_material_1_id`) REFERENCES `const_material` (`id`),
  CONSTRAINT `weld_material_2_id_refs_id_7b3b8594` FOREIGN KEY (`weld_material_2_id`) REFERENCES `const_material` (`id`),
  CONSTRAINT `weld_method_1_id_refs_id_3ca337ba` FOREIGN KEY (`weld_method_1_id`) REFERENCES `techdata_weldmethod` (`id`),
  CONSTRAINT `weld_method_2_id_refs_id_3ca337ba` FOREIGN KEY (`weld_method_2_id`) REFERENCES `techdata_weldmethod` (`id`),
  CONSTRAINT `weld_position_id_refs_id_ec87b502` FOREIGN KEY (`weld_position_id`) REFERENCES `techdata_weldpositiontype` (`id`)
) ENGINE=InnoDB AUTO_INCREMENT=29 DEFAULT CHARSET=utf8;
/*!40101 SET character_set_client = @saved_cs_client */;

--
-- Dumping data for table `techdata_weldseam`
--

LOCK TABLES `techdata_weldseam` WRITE;
/*!40000 ALTER TABLE `techdata_weldseam` DISABLE KEYS */;
INSERT INTO `techdata_weldseam` VALUES (24,1663,'A2',1,1,9,10,'Q345R','Q345R','46','46','9.2',27,NULL,'15','4.0',0,0,26,15,'31','4.0',0,0,'',14),(25,1663,'A3',1,1,9,10,'Q345R','Q345R','46','46','9.2',27,NULL,'15','4.0',0,0,26,15,'31','4.0',0,0,'',14),(26,1663,'B1',1,1,9,10,'Q345R','Q345R','46','46','9.2',27,NULL,'15','4.0',0,0,26,15,'31','4.0',0,0,'',15),(27,1687,'',16,1,11,NULL,'Q345R','Q345R','','','0.25',26,NULL,'','1.2',0,0,NULL,NULL,'','',0,0,'',NULL),(28,1699,'BM1',16,1,12,9,'16Mn','Q345R','28','28','1.5',10,NULL,'3','2.4',0,0,27,NULL,'25','4.0',0,0,'',16);
/*!40000 ALTER TABLE `techdata_weldseam` ENABLE KEYS */;
UNLOCK TABLES;

--
-- Table structure for table `techdata_weldseam_groove_inspction`
--

DROP TABLE IF EXISTS `techdata_weldseam_groove_inspction`;
/*!40101 SET @saved_cs_client     = @@character_set_client */;
/*!40101 SET character_set_client = utf8 */;
CREATE TABLE `techdata_weldseam_groove_inspction` (
  `id` int(11) NOT NULL AUTO_INCREMENT,
  `weldseam_id` int(11) NOT NULL,
  `nondestructiveinspection_id` int(11) NOT NULL,
  PRIMARY KEY (`id`),
  UNIQUE KEY `weldseam_id` (`weldseam_id`,`nondestructiveinspection_id`),
  KEY `techdata_weldseam_groove_inspction_ac1edec2` (`weldseam_id`),
  KEY `techdata_weldseam_groove_inspction_5b631385` (`nondestructiveinspection_id`),
  CONSTRAINT `weldseam_id_refs_id_d477bd55` FOREIGN KEY (`weldseam_id`) REFERENCES `techdata_weldseam` (`id`),
  CONSTRAINT `nondestructiveinspection_id_refs_id_fabe7ffa` FOREIGN KEY (`nondestructiveinspection_id`) REFERENCES `techdata_nondestructiveinspection` (`id`)
) ENGINE=InnoDB DEFAULT CHARSET=utf8;
/*!40101 SET character_set_client = @saved_cs_client */;

--
-- Dumping data for table `techdata_weldseam_groove_inspction`
--

LOCK TABLES `techdata_weldseam_groove_inspction` WRITE;
/*!40000 ALTER TABLE `techdata_weldseam_groove_inspction` DISABLE KEYS */;
/*!40000 ALTER TABLE `techdata_weldseam_groove_inspction` ENABLE KEYS */;
UNLOCK TABLES;

--
-- Table structure for table `techdata_weldseam_heat_treatment_inspection`
--

DROP TABLE IF EXISTS `techdata_weldseam_heat_treatment_inspection`;
/*!40101 SET @saved_cs_client     = @@character_set_client */;
/*!40101 SET character_set_client = utf8 */;
CREATE TABLE `techdata_weldseam_heat_treatment_inspection` (
  `id` int(11) NOT NULL AUTO_INCREMENT,
  `weldseam_id` int(11) NOT NULL,
  `nondestructiveinspection_id` int(11) NOT NULL,
  PRIMARY KEY (`id`),
  UNIQUE KEY `weldseam_id` (`weldseam_id`,`nondestructiveinspection_id`),
  KEY `techdata_weldseam_heat_treatment_inspection_ac1edec2` (`weldseam_id`),
  KEY `techdata_weldseam_heat_treatment_inspection_5b631385` (`nondestructiveinspection_id`),
  CONSTRAINT `weldseam_id_refs_id_52c62e3c` FOREIGN KEY (`weldseam_id`) REFERENCES `techdata_weldseam` (`id`),
  CONSTRAINT `nondestructiveinspection_id_refs_id_437e303d` FOREIGN KEY (`nondestructiveinspection_id`) REFERENCES `techdata_nondestructiveinspection` (`id`)
) ENGINE=InnoDB DEFAULT CHARSET=utf8;
/*!40101 SET character_set_client = @saved_cs_client */;

--
-- Dumping data for table `techdata_weldseam_heat_treatment_inspection`
--

LOCK TABLES `techdata_weldseam_heat_treatment_inspection` WRITE;
/*!40000 ALTER TABLE `techdata_weldseam_heat_treatment_inspection` DISABLE KEYS */;
/*!40000 ALTER TABLE `techdata_weldseam_heat_treatment_inspection` ENABLE KEYS */;
UNLOCK TABLES;

--
-- Table structure for table `techdata_weldseam_pressure_test_inspection`
--

DROP TABLE IF EXISTS `techdata_weldseam_pressure_test_inspection`;
/*!40101 SET @saved_cs_client     = @@character_set_client */;
/*!40101 SET character_set_client = utf8 */;
CREATE TABLE `techdata_weldseam_pressure_test_inspection` (
  `id` int(11) NOT NULL AUTO_INCREMENT,
  `weldseam_id` int(11) NOT NULL,
  `nondestructiveinspection_id` int(11) NOT NULL,
  PRIMARY KEY (`id`),
  UNIQUE KEY `weldseam_id` (`weldseam_id`,`nondestructiveinspection_id`),
  KEY `techdata_weldseam_pressure_test_inspection_ac1edec2` (`weldseam_id`),
  KEY `techdata_weldseam_pressure_test_inspection_5b631385` (`nondestructiveinspection_id`),
  CONSTRAINT `weldseam_id_refs_id_3231434` FOREIGN KEY (`weldseam_id`) REFERENCES `techdata_weldseam` (`id`),
  CONSTRAINT `nondestructiveinspection_id_refs_id_97d5e1b3` FOREIGN KEY (`nondestructiveinspection_id`) REFERENCES `techdata_nondestructiveinspection` (`id`)
) ENGINE=InnoDB DEFAULT CHARSET=utf8;
/*!40101 SET character_set_client = @saved_cs_client */;

--
-- Dumping data for table `techdata_weldseam_pressure_test_inspection`
--

LOCK TABLES `techdata_weldseam_pressure_test_inspection` WRITE;
/*!40000 ALTER TABLE `techdata_weldseam_pressure_test_inspection` DISABLE KEYS */;
/*!40000 ALTER TABLE `techdata_weldseam_pressure_test_inspection` ENABLE KEYS */;
UNLOCK TABLES;

--
-- Table structure for table `techdata_weldseam_welded_status_inspection`
--

DROP TABLE IF EXISTS `techdata_weldseam_welded_status_inspection`;
/*!40101 SET @saved_cs_client     = @@character_set_client */;
/*!40101 SET character_set_client = utf8 */;
CREATE TABLE `techdata_weldseam_welded_status_inspection` (
  `id` int(11) NOT NULL AUTO_INCREMENT,
  `weldseam_id` int(11) NOT NULL,
  `nondestructiveinspection_id` int(11) NOT NULL,
  PRIMARY KEY (`id`),
  UNIQUE KEY `weldseam_id` (`weldseam_id`,`nondestructiveinspection_id`),
  KEY `techdata_weldseam_welded_status_inspection_ac1edec2` (`weldseam_id`),
  KEY `techdata_weldseam_welded_status_inspection_5b631385` (`nondestructiveinspection_id`),
  CONSTRAINT `weldseam_id_refs_id_773207e0` FOREIGN KEY (`weldseam_id`) REFERENCES `techdata_weldseam` (`id`),
  CONSTRAINT `nondestructiveinspection_id_refs_id_102c9aa1` FOREIGN KEY (`nondestructiveinspection_id`) REFERENCES `techdata_nondestructiveinspection` (`id`)
) ENGINE=InnoDB DEFAULT CHARSET=utf8;
/*!40101 SET character_set_client = @saved_cs_client */;

--
-- Dumping data for table `techdata_weldseam_welded_status_inspection`
--

LOCK TABLES `techdata_weldseam_welded_status_inspection` WRITE;
/*!40000 ALTER TABLE `techdata_weldseam_welded_status_inspection` DISABLE KEYS */;
/*!40000 ALTER TABLE `techdata_weldseam_welded_status_inspection` ENABLE KEYS */;
UNLOCK TABLES;

--
-- Table structure for table `techdata_weldseamtype`
--

DROP TABLE IF EXISTS `techdata_weldseamtype`;
/*!40101 SET @saved_cs_client     = @@character_set_client */;
/*!40101 SET character_set_client = utf8 */;
CREATE TABLE `techdata_weldseamtype` (
  `id` int(11) NOT NULL AUTO_INCREMENT,
  `name` varchar(100) NOT NULL,
  PRIMARY KEY (`id`)
) ENGINE=InnoDB AUTO_INCREMENT=17 DEFAULT CHARSET=utf8;
/*!40101 SET character_set_client = @saved_cs_client */;

--
-- Dumping data for table `techdata_weldseamtype`
--

LOCK TABLES `techdata_weldseamtype` WRITE;
/*!40000 ALTER TABLE `techdata_weldseamtype` DISABLE KEYS */;
INSERT INTO `techdata_weldseamtype` VALUES (1,'X'),(2,'U'),(15,'△'),(16,'V');
/*!40000 ALTER TABLE `techdata_weldseamtype` ENABLE KEYS */;
UNLOCK TABLES;

--
-- Table structure for table `users_authority`
--

DROP TABLE IF EXISTS `users_authority`;
/*!40101 SET @saved_cs_client     = @@character_set_client */;
/*!40101 SET character_set_client = utf8 */;
CREATE TABLE `users_authority` (
  `id` int(11) NOT NULL AUTO_INCREMENT,
  `authority` varchar(100) NOT NULL,
  `auth_type` int(11) NOT NULL,
  PRIMARY KEY (`id`)
) ENGINE=InnoDB AUTO_INCREMENT=10 DEFAULT CHARSET=utf8;
/*!40101 SET character_set_client = @saved_cs_client */;

--
-- Dumping data for table `users_authority`
--

LOCK TABLES `users_authority` WRITE;
/*!40000 ALTER TABLE `users_authority` DISABLE KEYS */;
INSERT INTO `users_authority` VALUES (1,'pendingOrder',0),(2,'storage_keeper',1),(3,'designBOM',3),(4,'processBOM',3),(6,'transferCardEdit',3),(7,'weldList',3),(8,'techHotDeel',3),(9,'techFileDirectory',3);
/*!40000 ALTER TABLE `users_authority` ENABLE KEYS */;
UNLOCK TABLES;

--
-- Table structure for table `users_group`
--

DROP TABLE IF EXISTS `users_group`;
/*!40101 SET @saved_cs_client     = @@character_set_client */;
/*!40101 SET character_set_client = utf8 */;
CREATE TABLE `users_group` (
  `id` int(11) NOT NULL AUTO_INCREMENT,
  `admin_id` int(11) DEFAULT NULL,
  `name` varchar(100) NOT NULL,
  PRIMARY KEY (`id`),
  KEY `users_group_e972820` (`admin_id`),
  CONSTRAINT `admin_id_refs_id_c5b97b41` FOREIGN KEY (`admin_id`) REFERENCES `auth_user` (`id`)
) ENGINE=InnoDB AUTO_INCREMENT=17 DEFAULT CHARSET=utf8;
/*!40101 SET character_set_client = @saved_cs_client */;

--
-- Dumping data for table `users_group`
--

LOCK TABLES `users_group` WRITE;
/*!40000 ALTER TABLE `users_group` DISABLE KEYS */;
INSERT INTO `users_group` VALUES (1,1,'生产科'),(2,2,'采购科'),(3,2,'外协科'),(4,3,'仓库'),(14,2,'质检科'),(15,NULL,'工艺中心'),(16,NULL,'综合工部');
/*!40000 ALTER TABLE `users_group` ENABLE KEYS */;
UNLOCK TABLES;

--
-- Table structure for table `users_superadmin`
--

DROP TABLE IF EXISTS `users_superadmin`;
/*!40101 SET @saved_cs_client     = @@character_set_client */;
/*!40101 SET character_set_client = utf8 */;
CREATE TABLE `users_superadmin` (
  `id` int(11) NOT NULL AUTO_INCREMENT,
  `admin_id` int(11) NOT NULL,
  PRIMARY KEY (`id`),
  KEY `users_superadmin_e972820` (`admin_id`),
  CONSTRAINT `admin_id_refs_id_472ea805` FOREIGN KEY (`admin_id`) REFERENCES `auth_user` (`id`)
) ENGINE=InnoDB AUTO_INCREMENT=4 DEFAULT CHARSET=utf8;
/*!40101 SET character_set_client = @saved_cs_client */;

--
-- Dumping data for table `users_superadmin`
--

LOCK TABLES `users_superadmin` WRITE;
/*!40000 ALTER TABLE `users_superadmin` DISABLE KEYS */;
INSERT INTO `users_superadmin` VALUES (3,1);
/*!40000 ALTER TABLE `users_superadmin` ENABLE KEYS */;
UNLOCK TABLES;

--
-- Table structure for table `users_title`
--

DROP TABLE IF EXISTS `users_title`;
/*!40101 SET @saved_cs_client     = @@character_set_client */;
/*!40101 SET character_set_client = utf8 */;
CREATE TABLE `users_title` (
  `id` int(11) NOT NULL AUTO_INCREMENT,
  `group_id` int(11) NOT NULL,
  `name` varchar(100) NOT NULL,
  PRIMARY KEY (`id`),
  KEY `users_title_bda51c3c` (`group_id`),
  CONSTRAINT `group_id_refs_id_43fc0cee` FOREIGN KEY (`group_id`) REFERENCES `users_group` (`id`)
) ENGINE=InnoDB AUTO_INCREMENT=19 DEFAULT CHARSET=utf8;
/*!40101 SET character_set_client = @saved_cs_client */;

--
-- Dumping data for table `users_title`
--

LOCK TABLES `users_title` WRITE;
/*!40000 ALTER TABLE `users_title` DISABLE KEYS */;
INSERT INTO `users_title` VALUES (1,1,'科长'),(2,1,'科员'),(5,2,'科长'),(8,4,'库管员'),(9,2,'采购员'),(10,14,'检查员'),(11,1,'车间工人'),(13,15,'工艺中心所长'),(14,15,'工艺中心副所长'),(15,15,'材料定额员'),(16,15,'工艺师'),(17,15,'编程套料工艺员'),(18,15,'工艺统计员');
/*!40000 ALTER TABLE `users_title` ENABLE KEYS */;
UNLOCK TABLES;

--
-- Table structure for table `users_title_authorities`
--

DROP TABLE IF EXISTS `users_title_authorities`;
/*!40101 SET @saved_cs_client     = @@character_set_client */;
/*!40101 SET character_set_client = utf8 */;
CREATE TABLE `users_title_authorities` (
  `id` int(11) NOT NULL AUTO_INCREMENT,
  `title_id` int(11) NOT NULL,
  `authority_id` int(11) NOT NULL,
  PRIMARY KEY (`id`),
  UNIQUE KEY `title_id` (`title_id`,`authority_id`),
  KEY `users_title_authorities_8a3b4cf` (`title_id`),
  KEY `users_title_authorities_6858e55a` (`authority_id`),
  CONSTRAINT `authority_id_refs_id_ec8ab732` FOREIGN KEY (`authority_id`) REFERENCES `users_authority` (`id`),
  CONSTRAINT `title_id_refs_id_c9d8db6d` FOREIGN KEY (`title_id`) REFERENCES `users_title` (`id`)
) ENGINE=InnoDB AUTO_INCREMENT=43 DEFAULT CHARSET=utf8;
/*!40101 SET character_set_client = @saved_cs_client */;

--
-- Dumping data for table `users_title_authorities`
--

LOCK TABLES `users_title_authorities` WRITE;
/*!40000 ALTER TABLE `users_title_authorities` DISABLE KEYS */;
INSERT INTO `users_title_authorities` VALUES (1,5,1),(36,8,1),(37,8,2),(40,16,4),(41,16,6),(42,16,9);
/*!40000 ALTER TABLE `users_title_authorities` ENABLE KEYS */;
UNLOCK TABLES;

--
-- Table structure for table `users_title_users`
--

DROP TABLE IF EXISTS `users_title_users`;
/*!40101 SET @saved_cs_client     = @@character_set_client */;
/*!40101 SET character_set_client = utf8 */;
CREATE TABLE `users_title_users` (
  `id` int(11) NOT NULL AUTO_INCREMENT,
  `title_id` int(11) NOT NULL,
  `user_id` int(11) NOT NULL,
  PRIMARY KEY (`id`),
  UNIQUE KEY `title_id` (`title_id`,`user_id`),
  KEY `users_title_users_8a3b4cf` (`title_id`),
  KEY `users_title_users_fbfc09f1` (`user_id`),
  CONSTRAINT `title_id_refs_id_23284614` FOREIGN KEY (`title_id`) REFERENCES `users_title` (`id`),
  CONSTRAINT `user_id_refs_id_934e6a29` FOREIGN KEY (`user_id`) REFERENCES `auth_user` (`id`)
) ENGINE=InnoDB AUTO_INCREMENT=16 DEFAULT CHARSET=utf8;
/*!40101 SET character_set_client = @saved_cs_client */;

--
-- Dumping data for table `users_title_users`
--

LOCK TABLES `users_title_users` WRITE;
/*!40000 ALTER TABLE `users_title_users` DISABLE KEYS */;
INSERT INTO `users_title_users` VALUES (11,5,1),(13,8,2),(14,8,3),(5,9,1),(4,10,2),(12,10,3),(15,13,3);
/*!40000 ALTER TABLE `users_title_users` ENABLE KEYS */;
UNLOCK TABLES;

--
-- Table structure for table `users_userinfo`
--

DROP TABLE IF EXISTS `users_userinfo`;
/*!40101 SET @saved_cs_client     = @@character_set_client */;
/*!40101 SET character_set_client = utf8 */;
CREATE TABLE `users_userinfo` (
  `id` int(11) NOT NULL AUTO_INCREMENT,
  `user_id` int(11) NOT NULL,
  `name` varchar(20) DEFAULT NULL,
  `phone` varchar(20) DEFAULT NULL,
  `mobile` varchar(20) DEFAULT NULL,
  `sex` int(11) DEFAULT NULL,
  PRIMARY KEY (`id`),
  UNIQUE KEY `user_id` (`user_id`),
  CONSTRAINT `user_id_refs_id_b6660d60` FOREIGN KEY (`user_id`) REFERENCES `auth_user` (`id`)
) ENGINE=InnoDB AUTO_INCREMENT=18 DEFAULT CHARSET=utf8;
/*!40101 SET character_set_client = @saved_cs_client */;

--
-- Dumping data for table `users_userinfo`
--

LOCK TABLES `users_userinfo` WRITE;
/*!40000 ALTER TABLE `users_userinfo` DISABLE KEYS */;
INSERT INTO `users_userinfo` VALUES (10,1,'胡骏','1101','186465126076',0),(11,2,'杰克毛','','',1),(12,3,'郇正杰','','',1),(17,74,'赵云','','',NULL);
/*!40000 ALTER TABLE `users_userinfo` ENABLE KEYS */;
UNLOCK TABLES;
/*!40103 SET TIME_ZONE=@OLD_TIME_ZONE */;

/*!40101 SET SQL_MODE=@OLD_SQL_MODE */;
/*!40014 SET FOREIGN_KEY_CHECKS=@OLD_FOREIGN_KEY_CHECKS */;
/*!40014 SET UNIQUE_CHECKS=@OLD_UNIQUE_CHECKS */;
/*!40101 SET CHARACTER_SET_CLIENT=@OLD_CHARACTER_SET_CLIENT */;
/*!40101 SET CHARACTER_SET_RESULTS=@OLD_CHARACTER_SET_RESULTS */;
/*!40101 SET COLLATION_CONNECTION=@OLD_COLLATION_CONNECTION */;
/*!40111 SET SQL_NOTES=@OLD_SQL_NOTES */;

-- Dump completed on 2016-05-21 21:29:11
